solid OpenSCAD_Model
  facet normal -0.427269 0.904125 -0.000222057
    outer loop
      vertex -13.3233 17.8841 1.4264
      vertex -13.4571 17.8229 9.695
      vertex -13.324 17.8858 9.695
    endloop
  endfacet
  facet normal 0.993998 -0.0492213 -0.0977035
    outer loop
      vertex 14.2482 -16.5 1.4264
      vertex 14.2266 -16.6454 1.2799
      vertex 14.2338 -16.5 1.2799
    endloop
  endfacet
  facet normal -0.146144 0.984443 -0.0975416
    outer loop
      vertex -13.0395 17.9553 1.2799
      vertex -13.0423 17.9694 1.4264
      vertex -12.8968 17.991 1.4264
    endloop
  endfacet
  facet normal -0.243175 -0.969982 -0.000219979
    outer loop
      vertex -13.0426 -17.9712 9.695
      vertex -13.1854 -17.9354 9.695
      vertex -13.0423 -17.9694 1.4264
    endloop
  endfacet
  facet normal 0.830742 -0.0407985 -0.55516
    outer loop
      vertex 14.0304 -16.6261 0.728846
      vertex 13.949 -16.6181 0.606451
      vertex 13.9548 -16.5 0.606451
    endloop
  endfacet
  facet normal -0.998803 0.0489209 -0.00021743
    outer loop
      vertex -14.2482 16.5 1.4264
      vertex -14.25 16.5 9.695
      vertex -14.2428 16.647 9.695
    endloop
  endfacet
  facet normal 0.737411 -0.668386 -0.0973896
    outer loop
      vertex 13.9081 -17.4504 1.4264
      vertex 13.7992 -17.5492 1.2799
      vertex 13.897 -17.4413 1.2799
    endloop
  endfacet
  facet normal -0.243175 -0.969982 0
    outer loop
      vertex -13.1854 -17.9354 9.695
      vertex -13.0426 -17.9712 9.71
      vertex -13.1854 -17.9354 9.71
    endloop
  endfacet
  facet normal -0.243175 -0.969982 -0
    outer loop
      vertex -13.0426 -17.9712 9.71
      vertex -13.1854 -17.9354 9.695
      vertex -13.0426 -17.9712 9.695
    endloop
  endfacet
  facet normal 0.74123 0.671251 0
    outer loop
      vertex 13.9095 17.4516 9.71
      vertex 13.8107 17.5607 9.695
      vertex 13.8107 17.5607 9.71
    endloop
  endfacet
  facet normal 0.74123 0.671251 0
    outer loop
      vertex 13.8107 17.5607 9.695
      vertex 13.9095 17.4516 9.71
      vertex 13.9095 17.4516 9.695
    endloop
  endfacet
  facet normal -0.330496 0.923464 -0.194904
    outer loop
      vertex -13.1724 17.8924 1.13553
      vertex -13.3068 17.8443 1.13553
      vertex -13.1807 17.9199 1.2799
    endloop
  endfacet
  facet normal -0.955933 -0.0469252 -0.289811
    outer loop
      vertex -14.198 -16.6426 1.13553
      vertex -14.205 -16.5 1.13553
      vertex -14.1555 -16.6384 0.994665
    endloop
  endfacet
  facet normal 0.514096 0.857733 -0.000217775
    outer loop
      vertex 13.5824 17.7457 1.4264
      vertex 13.4571 17.8229 9.695
      vertex 13.5834 17.7472 9.695
    endloop
  endfacet
  facet normal 0.146144 -0.984443 -0.0975416
    outer loop
      vertex 13.0423 -17.9694 1.4264
      vertex 12.8968 -17.991 1.4264
      vertex 13.0395 -17.9553 1.2799
    endloop
  endfacet
  facet normal -0.09801 0.005445 -0.995171
    outer loop
      vertex -12.8236 16.5 0.00180626
      vertex -12.9701 16.5 0.0162344
      vertex -12.8232 16.5072 0.00180626
    endloop
  endfacet
  facet normal -0.336939 -0.941527 -0.0002221
    outer loop
      vertex -13.1854 -17.9354 9.695
      vertex -13.324 -17.8858 9.695
      vertex -13.3233 -17.8841 1.4264
    endloop
  endfacet
  facet normal 0.671251 0.74123 -0.000222072
    outer loop
      vertex 13.8094 17.5594 1.4264
      vertex 13.7016 17.6595 9.695
      vertex 13.8107 17.5607 9.695
    endloop
  endfacet
  facet normal -0.671251 0.74123 0
    outer loop
      vertex -13.7016 17.6595 9.695
      vertex -13.8107 17.5607 9.71
      vertex -13.7016 17.6595 9.71
    endloop
  endfacet
  facet normal -0.671251 0.74123 0
    outer loop
      vertex -13.8107 17.5607 9.71
      vertex -13.7016 17.6595 9.695
      vertex -13.8107 17.5607 9.695
    endloop
  endfacet
  facet normal -0.514096 -0.857733 0
    outer loop
      vertex -13.5834 -17.7472 9.695
      vertex -13.4571 -17.8229 9.71
      vertex -13.5834 -17.7472 9.71
    endloop
  endfacet
  facet normal -0.514096 -0.857733 -0
    outer loop
      vertex -13.4571 -17.8229 9.71
      vertex -13.5834 -17.7472 9.695
      vertex -13.4571 -17.8229 9.695
    endloop
  endfacet
  facet normal 0.427269 0.904125 -0.000222057
    outer loop
      vertex 13.4571 17.8229 9.695
      vertex 13.3233 17.8841 1.4264
      vertex 13.324 17.8858 9.695
    endloop
  endfacet
  facet normal -0.596073 -0.80293 -0.000222455
    outer loop
      vertex -13.5824 -17.7457 1.4264
      vertex -13.7016 -17.6595 9.695
      vertex -13.7004 -17.6581 1.4264
    endloop
  endfacet
  facet normal -0.146746 -0.989174 0
    outer loop
      vertex -13.0426 -17.9712 9.695
      vertex -12.897 -17.9928 9.71
      vertex -13.0426 -17.9712 9.71
    endloop
  endfacet
  facet normal -0.146746 -0.989174 -0
    outer loop
      vertex -12.897 -17.9928 9.71
      vertex -13.0426 -17.9712 9.695
      vertex -12.897 -17.9928 9.695
    endloop
  endfacet
  facet normal -0.726741 0.658714 -0.194793
    outer loop
      vertex -13.8748 17.4231 1.13553
      vertex -13.897 17.4413 1.2799
      vertex -13.7992 17.5492 1.2799
    endloop
  endfacet
  facet normal 0.09801 0.005445 -0.995171
    outer loop
      vertex 12.8236 16.5 0.00180626
      vertex 12.8232 16.5072 0.00180626
      vertex 12.9701 16.5 0.0162344
    endloop
  endfacet
  facet normal 0.395055 -0.835239 -0.382502
    outer loop
      vertex 13.4158 -17.7456 0.994665
      vertex 13.2689 -17.7528 0.858666
      vertex 13.3892 -17.6959 0.858666
    endloop
  endfacet
  facet normal -0.0451474 0.92309 -0.381925
    outer loop
      vertex -12.8829 17.8495 0.858666
      vertex -12.8884 17.9055 0.994665
      vertex -12.75 17.856 0.858666
    endloop
  endfacet
  facet normal 0.627821 0.0930818 -0.772772
    outer loop
      vertex 13.7525 16.5987 0.388573
      vertex 13.6392 16.5876 0.295188
      vertex 13.738 16.6965 0.388573
    endloop
  endfacet
  facet normal 0.282049 0.0703656 -0.956816
    outer loop
      vertex 13.2456 16.5986 0.0876837
      vertex 13.1075 16.5711 0.0449524
      vertex 13.2336 16.6467 0.0876837
    endloop
  endfacet
  facet normal -0.427269 0.904125 0
    outer loop
      vertex -13.324 17.8858 9.695
      vertex -13.4571 17.8229 9.71
      vertex -13.324 17.8858 9.71
    endloop
  endfacet
  facet normal -0.427269 0.904125 0
    outer loop
      vertex -13.4571 17.8229 9.71
      vertex -13.324 17.8858 9.695
      vertex -13.4571 17.8229 9.695
    endloop
  endfacet
  facet normal 0 1 0
    outer loop
      vertex 12.75 18 9.71
      vertex 4.75 18 9.705
      vertex 4.75 18 9.71
    endloop
  endfacet
  facet normal 0 1 0
    outer loop
      vertex 4.75 18 9.705
      vertex 12.75 18 9.695
      vertex -4.75 18 9.705
    endloop
  endfacet
  facet normal 0 1 -0
    outer loop
      vertex 12.75 18 9.695
      vertex 4.75 18 9.705
      vertex 12.75 18 9.71
    endloop
  endfacet
  facet normal 0 1 -0
    outer loop
      vertex -4.75 18 9.705
      vertex -12.75 18 9.71
      vertex -4.75 18 9.71
    endloop
  endfacet
  facet normal 0 1 0
    outer loop
      vertex -4.75 18 9.705
      vertex -12.75 18 9.695
      vertex -12.75 18 9.71
    endloop
  endfacet
  facet normal 0 1 0
    outer loop
      vertex -12.75 18 9.695
      vertex -4.75 18 9.705
      vertex 12.75 18 9.695
    endloop
  endfacet
  facet normal -0.395055 -0.835239 -0.382502
    outer loop
      vertex -13.2689 -17.7528 0.858666
      vertex -13.4158 -17.7456 0.994665
      vertex -13.3892 -17.6959 0.858666
    endloop
  endfacet
  facet normal 0 -0.772961 -0.634454
    outer loop
      vertex -12.75 -17.6114 0.492661
      vertex 12.75 -17.7048 0.606451
      vertex -12.75 -17.7048 0.606451
    endloop
  endfacet
  facet normal 0 -0.772961 -0.634454
    outer loop
      vertex 12.75 -17.7048 0.606451
      vertex -12.75 -17.6114 0.492661
      vertex 12.75 -17.6114 0.492661
    endloop
  endfacet
  facet normal -0.297011 -0.830702 -0.470871
    outer loop
      vertex -13.1436 -17.7976 0.858666
      vertex -13.2689 -17.7528 0.858666
      vertex -13.1235 -17.7312 0.728846
    endloop
  endfacet
  facet normal -0.0469252 0.955933 -0.289811
    outer loop
      vertex -12.8884 17.9055 0.994665
      vertex -12.8926 17.948 1.13553
      vertex -12.75 17.955 1.13553
    endloop
  endfacet
  facet normal -0.841367 -0.504134 -0.194808
    outer loop
      vertex -13.9837 -17.3243 1.2799
      vertex -14.0332 -17.1859 1.13553
      vertex -13.9598 -17.3084 1.13553
    endloop
  endfacet
  facet normal 0.671251 -0.74123 0
    outer loop
      vertex 13.7016 -17.6595 9.695
      vertex 13.8107 -17.5607 9.71
      vertex 13.7016 -17.6595 9.71
    endloop
  endfacet
  facet normal 0.671251 -0.74123 0
    outer loop
      vertex 13.8107 -17.5607 9.71
      vertex 13.7016 -17.6595 9.695
      vertex 13.8107 -17.5607 9.695
    endloop
  endfacet
  facet normal -0.941527 -0.336939 0
    outer loop
      vertex -14.1358 -17.074 9.695
      vertex -14.1854 -16.9354 9.71
      vertex -14.1854 -16.9354 9.695
    endloop
  endfacet
  facet normal -0.941527 -0.336939 0
    outer loop
      vertex -14.1854 -16.9354 9.71
      vertex -14.1358 -17.074 9.695
      vertex -14.1358 -17.074 9.71
    endloop
  endfacet
  facet normal -0.941372 0.33737 -0.000213944
    outer loop
      vertex -14.1837 16.9349 1.4264
      vertex -14.1854 16.9354 9.695
      vertex -14.1341 17.0733 1.4264
    endloop
  endfacet
  facet normal 0.0487508 -0.993975 -0.0981672
    outer loop
      vertex 12.8968 -17.991 1.4264
      vertex 12.75 -17.9982 1.4264
      vertex 12.8954 -17.9766 1.2799
    endloop
  endfacet
  facet normal 0.317294 0.349548 -0.881556
    outer loop
      vertex 13.2035 16.9535 0.144015
      vertex 13.1569 16.9958 0.144015
      vertex 13.2392 17.0961 0.213407
    endloop
  endfacet
  facet normal 0.471048 0.023677 -0.88179
    outer loop
      vertex 13.5212 16.5 0.213407
      vertex 13.3913 16.5 0.144015
      vertex 13.5174 16.5756 0.213407
    endloop
  endfacet
  facet normal 0.904125 0.427269 -0.000222057
    outer loop
      vertex 14.1341 17.0733 1.4264
      vertex 14.0729 17.2071 9.695
      vertex 14.1358 17.074 9.695
    endloop
  endfacet
  facet normal 0.331221 -0.446524 -0.831209
    outer loop
      vertex 13.3169 -17.1907 0.295188
      vertex 13.1784 -17.1412 0.213407
      vertex 13.2392 -17.0961 0.213407
    endloop
  endfacet
  facet normal 0.699847 -0.103761 -0.706716
    outer loop
      vertex 13.8401 -16.7168 0.492661
      vertex 13.738 -16.6965 0.388573
      vertex 13.7525 -16.5987 0.388573
    endloop
  endfacet
  facet normal 0.0279294 -0.555648 -0.830948
    outer loop
      vertex 12.8256 -17.2674 0.213407
      vertex 12.75 -17.3935 0.295188
      vertex 12.75 -17.2712 0.213407
    endloop
  endfacet
  facet normal -0.857733 0.514096 0
    outer loop
      vertex -14.0729 17.2071 9.695
      vertex -13.9972 17.3334 9.71
      vertex -13.9972 17.3334 9.695
    endloop
  endfacet
  facet normal -0.857733 0.514096 0
    outer loop
      vertex -13.9972 17.3334 9.71
      vertex -14.0729 17.2071 9.695
      vertex -14.0729 17.2071 9.71
    endloop
  endfacet
  facet normal -0.941527 0.336939 0
    outer loop
      vertex -14.1854 16.9354 9.695
      vertex -14.1358 17.074 9.71
      vertex -14.1358 17.074 9.695
    endloop
  endfacet
  facet normal -0.941527 0.336939 0
    outer loop
      vertex -14.1358 17.074 9.71
      vertex -14.1854 16.9354 9.695
      vertex -14.1854 16.9354 9.71
    endloop
  endfacet
  facet normal -0.751577 0.355698 -0.555528
    outer loop
      vertex -13.8125 17.0679 0.606451
      vertex -13.9387 16.9924 0.728846
      vertex -13.8847 17.1065 0.728846
    endloop
  endfacet
  facet normal -0.57365 0.271425 -0.772822
    outer loop
      vertex -13.538 16.9212 0.295188
      vertex -13.6807 16.8855 0.388573
      vertex -13.6384 16.9749 0.388573
    endloop
  endfacet
  facet normal -0.425196 -0.899818 -0.0976529
    outer loop
      vertex -13.3233 -17.8841 1.4264
      vertex -13.4562 -17.8213 1.4264
      vertex -13.3178 -17.8708 1.2799
    endloop
  endfacet
  facet normal 0.941527 0.336939 0
    outer loop
      vertex 14.1854 16.9354 9.71
      vertex 14.1358 17.074 9.695
      vertex 14.1358 17.074 9.71
    endloop
  endfacet
  facet normal 0.941527 0.336939 0
    outer loop
      vertex 14.1358 17.074 9.695
      vertex 14.1854 16.9354 9.71
      vertex 14.1854 16.9354 9.695
    endloop
  endfacet
  facet normal 0.232599 -0.928326 -0.290014
    outer loop
      vertex 13.1724 -17.8924 1.13553
      vertex 13.0255 -17.8852 0.994665
      vertex 13.16 -17.8515 0.994665
    endloop
  endfacet
  facet normal 0.797533 -0.377221 -0.470792
    outer loop
      vertex 13.9459 -17.1392 0.858666
      vertex 13.9387 -16.9924 0.728846
      vertex 14.0028 -17.0189 0.858666
    endloop
  endfacet
  facet normal 0.33737 -0.941372 -0.000213944
    outer loop
      vertex 13.1854 -17.9354 9.695
      vertex 13.1849 -17.9337 1.4264
      vertex 13.3233 -17.8841 1.4264
    endloop
  endfacet
  facet normal 0.202564 -0.806741 -0.555101
    outer loop
      vertex 13.001 -17.7619 0.728846
      vertex 12.985 -17.6817 0.606451
      vertex 13.0997 -17.6529 0.606451
    endloop
  endfacet
  facet normal 0.881066 -0.0433197 -0.471006
    outer loop
      vertex 14.106 -16.5 0.858666
      vertex 14.0304 -16.6261 0.728846
      vertex 14.0366 -16.5 0.728846
    endloop
  endfacet
  facet normal 0.446501 -0.331234 -0.831216
    outer loop
      vertex 13.4407 -17.0669 0.295188
      vertex 13.3912 -16.9284 0.213407
      vertex 13.493 -16.9964 0.295188
    endloop
  endfacet
  facet normal -0.857733 0.514096 -0.000217775
    outer loop
      vertex -13.9957 17.3324 1.4264
      vertex -14.0729 17.2071 9.695
      vertex -13.9972 17.3334 9.695
    endloop
  endfacet
  facet normal -0.998803 -0.0489209 -0.00021743
    outer loop
      vertex -14.2428 -16.647 9.695
      vertex -14.25 -16.5 9.695
      vertex -14.2482 -16.5 1.4264
    endloop
  endfacet
  facet normal -0.965437 0.241698 -0.0975387
    outer loop
      vertex -14.2053 16.7895 1.2799
      vertex -14.2194 16.7923 1.4264
      vertex -14.1837 16.9349 1.4264
    endloop
  endfacet
  facet normal -0.171761 0.686329 -0.706718
    outer loop
      vertex -12.9465 17.488 0.388573
      vertex -13.0424 17.464 0.388573
      vertex -12.9668 17.5901 0.492661
    endloop
  endfacet
  facet normal 0.158485 0.444258 -0.881769
    outer loop
      vertex 12.9954 17.0925 0.144015
      vertex 12.9739 17.2379 0.213407
      vertex 13.0451 17.2125 0.213407
    endloop
  endfacet
  facet normal 0.772414 0.0375922 -0.634006
    outer loop
      vertex 13.8614 16.5 0.492661
      vertex 13.8561 16.6089 0.492661
      vertex 13.9548 16.5 0.606451
    endloop
  endfacet
  facet normal -0.243175 0.969982 -0.000219979
    outer loop
      vertex -13.0423 17.9694 1.4264
      vertex -13.1854 17.9354 9.695
      vertex -13.0426 17.9712 9.695
    endloop
  endfacet
  facet normal 0.998803 0.0489209 0
    outer loop
      vertex 14.25 16.5 9.71
      vertex 14.2428 16.647 9.695
      vertex 14.2428 16.647 9.71
    endloop
  endfacet
  facet normal 0.998803 0.0489209 0
    outer loop
      vertex 14.2428 16.647 9.695
      vertex 14.25 16.5 9.71
      vertex 14.25 16.5 9.695
    endloop
  endfacet
  facet normal -0.98916 0.146844 -0.000218883
    outer loop
      vertex -14.241 16.6468 1.4264
      vertex -14.2428 16.647 9.695
      vertex -14.2194 16.7923 1.4264
    endloop
  endfacet
  facet normal 0.426558 0.201659 -0.881693
    outer loop
      vertex 13.3425 16.7454 0.144015
      vertex 13.3156 16.8023 0.144015
      vertex 13.4301 16.8635 0.213407
    endloop
  endfacet
  facet normal -0.427238 0.904139 -0.000221457
    outer loop
      vertex -13.4562 17.8213 1.4264
      vertex -13.4571 17.8229 9.695
      vertex -13.3233 17.8841 1.4264
    endloop
  endfacet
  facet normal -0.539203 -0.134959 -0.831292
    outer loop
      vertex -13.6051 -16.7594 0.295188
      vertex -13.6264 -16.6743 0.295188
      vertex -13.5063 -16.6504 0.213407
    endloop
  endfacet
  facet normal -0.243175 0.969982 0
    outer loop
      vertex -13.0426 17.9712 9.695
      vertex -13.1854 17.9354 9.71
      vertex -13.0426 17.9712 9.71
    endloop
  endfacet
  facet normal -0.243175 0.969982 0
    outer loop
      vertex -13.1854 17.9354 9.71
      vertex -13.0426 17.9712 9.695
      vertex -13.1854 17.9354 9.695
    endloop
  endfacet
  facet normal -0.941372 -0.33737 -0.000213944
    outer loop
      vertex -14.1341 -17.0733 1.4264
      vertex -14.1854 -16.9354 9.695
      vertex -14.1837 -16.9349 1.4264
    endloop
  endfacet
  facet normal 0.539187 0.13498 -0.831299
    outer loop
      vertex 13.5063 16.6504 0.213407
      vertex 13.4879 16.7239 0.213407
      vertex 13.6051 16.7594 0.295188
    endloop
  endfacet
  facet normal 0.984443 -0.146144 -0.0975416
    outer loop
      vertex 14.2194 -16.7923 1.4264
      vertex 14.2053 -16.7895 1.2799
      vertex 14.241 -16.6468 1.4264
    endloop
  endfacet
  facet normal -0.475031 -0.524351 -0.706684
    outer loop
      vertex -13.4551 -17.3591 0.492661
      vertex -13.5359 -17.2859 0.492661
      vertex -13.389 -17.2787 0.388573
    endloop
  endfacet
  facet normal 0.382673 0 -0.923884
    outer loop
      vertex 13.2553 -16.5 0.0876837
      vertex 13.3913 16.5 0.144015
      vertex 13.3913 -16.5 0.144015
    endloop
  endfacet
  facet normal 0.382673 0 -0.923884
    outer loop
      vertex 13.3913 16.5 0.144015
      vertex 13.2553 -16.5 0.0876837
      vertex 13.2553 16.5 0.0876837
    endloop
  endfacet
  facet normal 0.803088 0.595861 -0.000217751
    outer loop
      vertex 13.9957 17.3324 1.4264
      vertex 13.9095 17.4516 9.695
      vertex 13.9972 17.3334 9.695
    endloop
  endfacet
  facet normal 0.195049 0.00983438 -0.980744
    outer loop
      vertex 13.1145 16.5 0.0449524
      vertex 12.9701 16.5 0.0162344
      vertex 13.1127 16.5357 0.0449524
    endloop
  endfacet
  facet normal -0.741262 -0.671216 -0.000222919
    outer loop
      vertex -13.8094 -17.5594 1.4264
      vertex -13.9095 -17.4516 9.695
      vertex -13.9081 -17.4504 1.4264
    endloop
  endfacet
  facet normal -0.857853 -0.513896 -0.000221932
    outer loop
      vertex -13.9957 -17.3324 1.4264
      vertex -14.0729 -17.2071 9.695
      vertex -14.0713 -17.2062 1.4264
    endloop
  endfacet
  facet normal -0.513896 -0.857853 -0.000221932
    outer loop
      vertex -13.4571 -17.8229 9.695
      vertex -13.5824 -17.7457 1.4264
      vertex -13.4562 -17.8213 1.4264
    endloop
  endfacet
  facet normal -0.0469252 -0.955933 -0.289811
    outer loop
      vertex -12.75 -17.955 1.13553
      vertex -12.8926 -17.948 1.13553
      vertex -12.8884 -17.9055 0.994665
    endloop
  endfacet
  facet normal 0.0480842 -0.979543 -0.195406
    outer loop
      vertex 12.8926 -17.948 1.13553
      vertex 12.75 -17.9838 1.2799
      vertex 12.75 -17.955 1.13553
    endloop
  endfacet
  facet normal 0.242856 -0.970062 -0.000214127
    outer loop
      vertex 13.1854 -17.9354 9.695
      vertex 13.0423 -17.9694 1.4264
      vertex 13.1849 -17.9337 1.4264
    endloop
  endfacet
  facet normal 0 -1 0
    outer loop
      vertex -12.75 -18 9.695
      vertex 12.75 -18 9.71
      vertex -12.75 -18 9.71
    endloop
  endfacet
  facet normal 0 -1 -0
    outer loop
      vertex 12.75 -18 9.71
      vertex -12.75 -18 9.695
      vertex 12.75 -18 9.695
    endloop
  endfacet
  facet normal -0.620099 0.684776 -0.38283
    outer loop
      vertex -13.7088 17.4588 0.858666
      vertex -13.7487 17.4987 0.994665
      vertex -13.646 17.5917 0.994665
    endloop
  endfacet
  facet normal -0.0422306 0.088548 -0.995176
    outer loop
      vertex -12.7847 16.5649 0.00180626
      vertex -12.8538 16.6941 0.0162344
      vertex -12.7782 16.568 0.00180626
    endloop
  endfacet
  facet normal -0.271271 0.573648 -0.772878
    outer loop
      vertex -13.0919 17.3255 0.295188
      vertex -13.1712 17.288 0.295188
      vertex -13.1355 17.4307 0.388573
    endloop
  endfacet
  facet normal -0.129235 -0.872514 -0.471187
    outer loop
      vertex -12.8829 -17.8495 0.858666
      vertex -13.001 -17.7619 0.728846
      vertex -12.8761 -17.7804 0.728846
    endloop
  endfacet
  facet normal -0.282049 0.0703656 -0.956816
    outer loop
      vertex -13.1075 16.5711 0.0449524
      vertex -13.2456 16.5986 0.0876837
      vertex -13.2336 16.6467 0.0876837
    endloop
  endfacet
  facet normal -0.772414 -0.0375922 -0.634006
    outer loop
      vertex -13.8561 -16.6089 0.492661
      vertex -13.9548 -16.5 0.606451
      vertex -13.8614 -16.5 0.492661
    endloop
  endfacet
  facet normal -0.634052 -0.0311236 -0.772663
    outer loop
      vertex -13.6392 -16.5876 0.295188
      vertex -13.7573 -16.5 0.388573
      vertex -13.6435 -16.5 0.295188
    endloop
  endfacet
  facet normal 0.899818 -0.425196 -0.0976529
    outer loop
      vertex 14.1341 -17.0733 1.4264
      vertex 14.0713 -17.2062 1.4264
      vertex 14.1208 -17.0678 1.2799
    endloop
  endfacet
  facet normal 0.558391 -0.616058 -0.555583
    outer loop
      vertex 13.6598 -17.4098 0.728846
      vertex 13.5143 -17.4313 0.606451
      vertex 13.6019 -17.3519 0.606451
    endloop
  endfacet
  facet normal 0.830758 -0.296949 -0.470811
    outer loop
      vertex 14.0028 -17.0189 0.858666
      vertex 13.9387 -16.9924 0.728846
      vertex 13.9812 -16.8735 0.728846
    endloop
  endfacet
  facet normal 0.633926 0.0308292 -0.772779
    outer loop
      vertex 13.7573 16.5 0.388573
      vertex 13.6392 16.5876 0.295188
      vertex 13.7525 16.5987 0.388573
    endloop
  endfacet
  facet normal 0.751577 -0.355698 -0.555528
    outer loop
      vertex 13.8847 -17.1065 0.728846
      vertex 13.8125 -17.0679 0.606451
      vertex 13.9387 -16.9924 0.728846
    endloop
  endfacet
  facet normal -0.0703656 -0.282049 -0.956816
    outer loop
      vertex -12.8486 -16.9956 0.0876837
      vertex -12.8967 -16.9836 0.0876837
      vertex -12.8211 -16.8575 0.0449524
    endloop
  endfacet
  facet normal 0.287546 -0.0427513 -0.956812
    outer loop
      vertex 13.2456 -16.5986 0.0876837
      vertex 13.1075 -16.5711 0.0449524
      vertex 13.2529 -16.5495 0.0876837
    endloop
  endfacet
  facet normal 0.830718 0.0408442 -0.555192
    outer loop
      vertex 14.0366 16.5 0.728846
      vertex 13.9548 16.5 0.606451
      vertex 14.0304 16.6261 0.728846
    endloop
  endfacet
  facet normal 0.70666 -0.0343921 -0.706717
    outer loop
      vertex 13.8561 -16.6089 0.492661
      vertex 13.7525 -16.5987 0.388573
      vertex 13.8614 -16.5 0.492661
    endloop
  endfacet
  facet normal 0.379646 0.280608 -0.881549
    outer loop
      vertex 13.2832 16.8563 0.144015
      vertex 13.2458 16.9069 0.144015
      vertex 13.3461 16.9892 0.213407
    endloop
  endfacet
  facet normal -0.803088 0.595861 -0.000217751
    outer loop
      vertex -13.9957 17.3324 1.4264
      vertex -13.9972 17.3334 9.695
      vertex -13.9095 17.4516 9.695
    endloop
  endfacet
  facet normal -0.39476 0.835531 -0.382168
    outer loop
      vertex -13.2689 17.7528 0.858666
      vertex -13.4158 17.7456 0.994665
      vertex -13.2905 17.8048 0.994665
    endloop
  endfacet
  facet normal 0.583992 -0.788046 -0.194776
    outer loop
      vertex 13.5743 -17.7337 1.2799
      vertex 13.5584 -17.7098 1.13553
      vertex 13.6731 -17.6248 1.13553
    endloop
  endfacet
  facet normal 0.513896 0.857853 -0.000221932
    outer loop
      vertex 13.5824 17.7457 1.4264
      vertex 13.4562 17.8213 1.4264
      vertex 13.4571 17.8229 9.695
    endloop
  endfacet
  facet normal 0.899818 0.425196 -0.0976529
    outer loop
      vertex 14.1208 17.0678 1.2799
      vertex 14.0713 17.2062 1.4264
      vertex 14.1341 17.0733 1.4264
    endloop
  endfacet
  facet normal -0.457807 0.114607 -0.881634
    outer loop
      vertex -13.379 16.6251 0.144015
      vertex -13.5063 16.6504 0.213407
      vertex -13.4879 16.7239 0.213407
    endloop
  endfacet
  facet normal 0.0560608 0.37902 -0.923689
    outer loop
      vertex 12.8751 17.129 0.144015
      vertex 12.7995 17.0029 0.0876837
      vertex 12.8129 17.1382 0.144015
    endloop
  endfacet
  facet normal -0.0930818 0.627821 -0.772772
    outer loop
      vertex -12.8376 17.3892 0.295188
      vertex -12.9465 17.488 0.388573
      vertex -12.8487 17.5025 0.388573
    endloop
  endfacet
  facet normal -0.336939 0.941527 -0.0002221
    outer loop
      vertex -13.3233 17.8841 1.4264
      vertex -13.324 17.8858 9.695
      vertex -13.1854 17.9354 9.695
    endloop
  endfacet
  facet normal 0.857733 -0.514096 0
    outer loop
      vertex 13.9972 -17.3334 9.71
      vertex 14.0729 -17.2071 9.695
      vertex 14.0729 -17.2071 9.71
    endloop
  endfacet
  facet normal 0.857733 -0.514096 0
    outer loop
      vertex 14.0729 -17.2071 9.695
      vertex 13.9972 -17.3334 9.71
      vertex 13.9972 -17.3334 9.695
    endloop
  endfacet
  facet normal -0.671251 0.74123 -0.000222072
    outer loop
      vertex -13.8094 17.5594 1.4264
      vertex -13.8107 17.5607 9.695
      vertex -13.7016 17.6595 9.695
    endloop
  endfacet
  facet normal 0.426278 0.470575 -0.772558
    outer loop
      vertex 13.4623 17.2123 0.388573
      vertex 13.3169 17.1907 0.295188
      vertex 13.389 17.2787 0.388573
    endloop
  endfacet
  facet normal -0.667994 0.737703 -0.097871
    outer loop
      vertex -13.7992 17.5492 1.2799
      vertex -13.8094 17.5594 1.4264
      vertex -13.7004 17.6581 1.4264
    endloop
  endfacet
  facet normal -0.514096 0.857733 0
    outer loop
      vertex -13.4571 17.8229 9.695
      vertex -13.5834 17.7472 9.71
      vertex -13.4571 17.8229 9.71
    endloop
  endfacet
  facet normal -0.514096 0.857733 0
    outer loop
      vertex -13.5834 17.7472 9.71
      vertex -13.4571 17.8229 9.695
      vertex -13.5834 17.7472 9.695
    endloop
  endfacet
  facet normal -1 0 -0.000217691
    outer loop
      vertex -14.2482 -16.5 1.4264
      vertex -14.25 16.5 9.695
      vertex -14.2482 16.5 1.4264
    endloop
  endfacet
  facet normal -1 -0 -0.000217691
    outer loop
      vertex -14.25 16.5 9.695
      vertex -14.2482 -16.5 1.4264
      vertex -14.25 -16.5 9.695
    endloop
  endfacet
  facet normal -0.569962 0.76869 -0.290275
    outer loop
      vertex -13.646 17.5917 0.994665
      vertex -13.6731 17.6248 1.13553
      vertex -13.5346 17.6743 0.994665
    endloop
  endfacet
  facet normal -0.792223 0.475467 -0.38251
    outer loop
      vertex -13.9459 17.1392 0.858666
      vertex -13.9956 17.1658 0.994665
      vertex -13.9243 17.2846 0.994665
    endloop
  endfacet
  facet normal 0.70666 0.0343921 -0.706717
    outer loop
      vertex 13.8614 16.5 0.492661
      vertex 13.7525 16.5987 0.388573
      vertex 13.8561 16.6089 0.492661
    endloop
  endfacet
  facet normal 0.857733 0.514096 -0.000217775
    outer loop
      vertex 14.0729 17.2071 9.695
      vertex 13.9957 17.3324 1.4264
      vertex 13.9972 17.3334 9.695
    endloop
  endfacet
  facet normal 0.741262 0.671216 -0.000222919
    outer loop
      vertex 13.9081 17.4504 1.4264
      vertex 13.8094 17.5594 1.4264
      vertex 13.9095 17.4516 9.695
    endloop
  endfacet
  facet normal 0.667994 0.737703 -0.097871
    outer loop
      vertex 13.7992 17.5492 1.2799
      vertex 13.7004 17.6581 1.4264
      vertex 13.8094 17.5594 1.4264
    endloop
  endfacet
  facet normal -0.514096 0.857733 -0.000217775
    outer loop
      vertex -13.5824 17.7457 1.4264
      vertex -13.5834 17.7472 9.695
      vertex -13.4571 17.8229 9.695
    endloop
  endfacet
  facet normal 0.346409 0.163768 -0.923678
    outer loop
      vertex 13.3425 16.7454 0.144015
      vertex 13.1957 16.7382 0.0876837
      vertex 13.3156 16.8023 0.144015
    endloop
  endfacet
  facet normal 0.088548 0.0422306 -0.995176
    outer loop
      vertex 12.818 16.5282 0.00180626
      vertex 12.8149 16.5347 0.00180626
      vertex 12.9441 16.6038 0.0162344
    endloop
  endfacet
  facet normal 0.183779 0.065986 -0.98075
    outer loop
      vertex 13.0988 16.6058 0.0449524
      vertex 12.9533 16.5842 0.0162344
      vertex 13.0867 16.6395 0.0449524
    endloop
  endfacet
  facet normal 0.0703656 0.282049 -0.956816
    outer loop
      vertex 12.8967 16.9836 0.0876837
      vertex 12.8211 16.8575 0.0449524
      vertex 12.8486 16.9956 0.0876837
    endloop
  endfacet
  facet normal 0.395055 0.835239 -0.382502
    outer loop
      vertex 13.3892 17.6959 0.858666
      vertex 13.2689 17.7528 0.858666
      vertex 13.4158 17.7456 0.994665
    endloop
  endfacet
  facet normal -0.322453 -0.901074 -0.289983
    outer loop
      vertex -13.16 -17.8515 0.994665
      vertex -13.3068 -17.8443 1.13553
      vertex -13.2905 -17.8048 0.994665
    endloop
  endfacet
  facet normal -0.260154 -0.728171 -0.634104
    outer loop
      vertex -13.0997 -17.6529 0.606451
      vertex -13.2111 -17.6131 0.606451
      vertex -13.1753 -17.5268 0.492661
    endloop
  endfacet
  facet normal -0.427238 -0.904139 -0.000221457
    outer loop
      vertex -13.3233 -17.8841 1.4264
      vertex -13.4571 -17.8229 9.695
      vertex -13.4562 -17.8213 1.4264
    endloop
  endfacet
  facet normal -0.80293 -0.596073 -0.000222455
    outer loop
      vertex -13.9095 -17.4516 9.695
      vertex -13.9957 -17.3324 1.4264
      vertex -13.9081 -17.4504 1.4264
    endloop
  endfacet
  facet normal -0.904125 -0.427269 -0.000222057
    outer loop
      vertex -14.0729 -17.2071 9.695
      vertex -14.1358 -17.074 9.695
      vertex -14.1341 -17.0733 1.4264
    endloop
  endfacet
  facet normal -0.336939 -0.941527 0
    outer loop
      vertex -13.324 -17.8858 9.695
      vertex -13.1854 -17.9354 9.71
      vertex -13.324 -17.8858 9.71
    endloop
  endfacet
  facet normal -0.336939 -0.941527 -0
    outer loop
      vertex -13.1854 -17.9354 9.71
      vertex -13.324 -17.8858 9.695
      vertex -13.1854 -17.9354 9.695
    endloop
  endfacet
  facet normal -0.143509 -0.970231 -0.195083
    outer loop
      vertex -12.8926 -17.948 1.13553
      vertex -13.0395 -17.9553 1.2799
      vertex -13.0339 -17.9271 1.13553
    endloop
  endfacet
  facet normal -0.511435 -0.853744 -0.0977496
    outer loop
      vertex -13.4562 -17.8213 1.4264
      vertex -13.5824 -17.7457 1.4264
      vertex -13.4494 -17.8086 1.2799
    endloop
  endfacet
  facet normal -0.684776 -0.620099 -0.38283
    outer loop
      vertex -13.7487 -17.4987 0.994665
      vertex -13.8417 -17.396 0.994665
      vertex -13.7088 -17.4588 0.858666
    endloop
  endfacet
  facet normal 0.427269 -0.904125 0
    outer loop
      vertex 13.324 -17.8858 9.695
      vertex 13.4571 -17.8229 9.71
      vertex 13.324 -17.8858 9.71
    endloop
  endfacet
  facet normal 0.427269 -0.904125 0
    outer loop
      vertex 13.4571 -17.8229 9.71
      vertex 13.324 -17.8858 9.695
      vertex 13.4571 -17.8229 9.695
    endloop
  endfacet
  facet normal 0.74123 -0.671251 -0.000222072
    outer loop
      vertex 13.8107 -17.5607 9.695
      vertex 13.8094 -17.5594 1.4264
      vertex 13.9095 -17.4516 9.695
    endloop
  endfacet
  facet normal -0.799113 0.593239 -0.0973968
    outer loop
      vertex -13.897 17.4413 1.2799
      vertex -13.9957 17.3324 1.4264
      vertex -13.9081 17.4504 1.4264
    endloop
  endfacet
  facet normal -0.806664 0.20216 -0.555359
    outer loop
      vertex -13.9029 16.8497 0.606451
      vertex -14.0119 16.751 0.728846
      vertex -13.9812 16.8735 0.728846
    endloop
  endfacet
  facet normal -0.76869 0.569962 -0.290275
    outer loop
      vertex -13.8417 17.396 0.994665
      vertex -13.9243 17.2846 0.994665
      vertex -13.8748 17.4231 1.13553
    endloop
  endfacet
  facet normal -0.513896 0.857853 -0.000221932
    outer loop
      vertex -13.4562 17.8213 1.4264
      vertex -13.5824 17.7457 1.4264
      vertex -13.4571 17.8229 9.695
    endloop
  endfacet
  facet normal -0.539187 -0.13498 -0.831299
    outer loop
      vertex -13.4879 -16.7239 0.213407
      vertex -13.6051 -16.7594 0.295188
      vertex -13.5063 -16.6504 0.213407
    endloop
  endfacet
  facet normal -0.970231 -0.143509 -0.195083
    outer loop
      vertex -14.1771 -16.7839 1.13553
      vertex -14.2053 -16.7895 1.2799
      vertex -14.198 -16.6426 1.13553
    endloop
  endfacet
  facet normal 0.453458 -0.756695 -0.470943
    outer loop
      vertex 13.3892 -17.6959 0.858666
      vertex 13.3565 -17.6347 0.728846
      vertex 13.4648 -17.5698 0.728846
    endloop
  endfacet
  facet normal -0.471262 -0.023226 -0.881687
    outer loop
      vertex -13.3882 -16.5629 0.144015
      vertex -13.5174 -16.5756 0.213407
      vertex -13.3913 -16.5 0.144015
    endloop
  endfacet
  facet normal 0.471048 -0.023677 -0.88179
    outer loop
      vertex 13.5174 -16.5756 0.213407
      vertex 13.3913 -16.5 0.144015
      vertex 13.5212 -16.5 0.213407
    endloop
  endfacet
  facet normal -0.896324 -0.224581 -0.382319
    outer loop
      vertex -14.1015 -16.91 0.994665
      vertex -14.1352 -16.7755 0.994665
      vertex -14.0476 -16.8936 0.858666
    endloop
  endfacet
  facet normal -0.799113 -0.593239 -0.0973968
    outer loop
      vertex -13.9081 -17.4504 1.4264
      vertex -13.9957 -17.3324 1.4264
      vertex -13.897 -17.4413 1.2799
    endloop
  endfacet
  facet normal -0.726741 -0.658714 -0.194793
    outer loop
      vertex -13.7992 -17.5492 1.2799
      vertex -13.897 -17.4413 1.2799
      vertex -13.8748 -17.4231 1.13553
    endloop
  endfacet
  facet normal -0.835239 -0.395055 -0.382502
    outer loop
      vertex -13.9956 -17.1658 0.994665
      vertex -14.0028 -17.0189 0.858666
      vertex -13.9459 -17.1392 0.858666
    endloop
  endfacet
  facet normal -0.993975 -0.0487508 -0.0981672
    outer loop
      vertex -14.241 -16.6468 1.4264
      vertex -14.2482 -16.5 1.4264
      vertex -14.2266 -16.6454 1.2799
    endloop
  endfacet
  facet normal -0.951373 -0.238517 -0.194933
    outer loop
      vertex -14.1699 -16.9307 1.2799
      vertex -14.2053 -16.7895 1.2799
      vertex -14.1424 -16.9224 1.13553
    endloop
  endfacet
  facet normal 0.904139 -0.427238 -0.000221457
    outer loop
      vertex 14.0729 -17.2071 9.695
      vertex 14.0713 -17.2062 1.4264
      vertex 14.1341 -17.0733 1.4264
    endloop
  endfacet
  facet normal 0.241698 -0.965437 -0.0975387
    outer loop
      vertex 13.0423 -17.9694 1.4264
      vertex 13.0395 -17.9553 1.2799
      vertex 13.1849 -17.9337 1.4264
    endloop
  endfacet
  facet normal 0.998803 -0.0489209 0
    outer loop
      vertex 14.2428 -16.647 9.71
      vertex 14.25 -16.5 9.695
      vertex 14.25 -16.5 9.71
    endloop
  endfacet
  facet normal 0.998803 -0.0489209 0
    outer loop
      vertex 14.25 -16.5 9.695
      vertex 14.2428 -16.647 9.71
      vertex 14.2428 -16.647 9.695
    endloop
  endfacet
  facet normal 0.998803 -0.0489209 -0.00021743
    outer loop
      vertex 14.25 -16.5 9.695
      vertex 14.2428 -16.647 9.695
      vertex 14.2482 -16.5 1.4264
    endloop
  endfacet
  facet normal 0.427269 -0.904125 -0.000222057
    outer loop
      vertex 13.324 -17.8858 9.695
      vertex 13.3233 -17.8841 1.4264
      vertex 13.4571 -17.8229 9.695
    endloop
  endfacet
  facet normal 0.726741 -0.658714 -0.194793
    outer loop
      vertex 13.897 -17.4413 1.2799
      vertex 13.7992 -17.5492 1.2799
      vertex 13.8748 -17.4231 1.13553
    endloop
  endfacet
  facet normal 0.114634 -0.457787 -0.881641
    outer loop
      vertex 12.9739 -17.2379 0.213407
      vertex 12.8751 -17.129 0.144015
      vertex 12.9362 -17.1137 0.144015
    endloop
  endfacet
  facet normal 0.140034 -0.94674 -0.289956
    outer loop
      vertex 13.0339 -17.9271 1.13553
      vertex 12.8926 -17.948 1.13553
      vertex 13.0255 -17.8852 0.994665
    endloop
  endfacet
  facet normal 0.322477 -0.901057 -0.290008
    outer loop
      vertex 13.1724 -17.8924 1.13553
      vertex 13.16 -17.8515 0.994665
      vertex 13.3068 -17.8443 1.13553
    endloop
  endfacet
  facet normal -0.0408442 -0.830718 -0.555192
    outer loop
      vertex -12.75 -17.7866 0.728846
      vertex -12.8761 -17.7804 0.728846
      vertex -12.75 -17.7048 0.606451
    endloop
  endfacet
  facet normal 0.224581 -0.896324 -0.382319
    outer loop
      vertex 13.16 -17.8515 0.994665
      vertex 13.0255 -17.8852 0.994665
      vertex 13.1436 -17.7976 0.858666
    endloop
  endfacet
  facet normal 0.232586 -0.928334 -0.29
    outer loop
      vertex 13.0339 -17.9271 1.13553
      vertex 13.0255 -17.8852 0.994665
      vertex 13.1724 -17.8924 1.13553
    endloop
  endfacet
  facet normal 0.970262 -0.143418 -0.194993
    outer loop
      vertex 14.2053 -16.7895 1.2799
      vertex 14.198 -16.6426 1.13553
      vertex 14.2266 -16.6454 1.2799
    endloop
  endfacet
  facet normal 0.698775 -0.331068 -0.63412
    outer loop
      vertex 13.8125 -17.0679 0.606451
      vertex 13.7768 -16.9253 0.492661
      vertex 13.8631 -16.9611 0.606451
    endloop
  endfacet
  facet normal 0.881894 0 -0.471448
    outer loop
      vertex 14.106 -16.5 0.858666
      vertex 14.0366 16.5 0.728846
      vertex 14.106 16.5 0.858666
    endloop
  endfacet
  facet normal 0.881894 0 -0.471448
    outer loop
      vertex 14.0366 16.5 0.728846
      vertex 14.106 -16.5 0.858666
      vertex 14.0366 -16.5 0.728846
    endloop
  endfacet
  facet normal 0.830718 -0.0408442 -0.555192
    outer loop
      vertex 14.0304 -16.6261 0.728846
      vertex 13.9548 -16.5 0.606451
      vertex 14.0366 -16.5 0.728846
    endloop
  endfacet
  facet normal 0.427415 -0.713236 -0.555528
    outer loop
      vertex 13.3565 -17.6347 0.728846
      vertex 13.3179 -17.5625 0.606451
      vertex 13.4648 -17.5698 0.728846
    endloop
  endfacet
  facet normal -0.970262 -0.143418 -0.194993
    outer loop
      vertex -14.2053 -16.7895 1.2799
      vertex -14.2266 -16.6454 1.2799
      vertex -14.198 -16.6426 1.13553
    endloop
  endfacet
  facet normal -0.965437 -0.241698 -0.0975387
    outer loop
      vertex -14.1837 -16.9349 1.4264
      vertex -14.2194 -16.7923 1.4264
      vertex -14.2053 -16.7895 1.2799
    endloop
  endfacet
  facet normal -0.803088 -0.595861 0
    outer loop
      vertex -13.9095 -17.4516 9.695
      vertex -13.9972 -17.3334 9.71
      vertex -13.9972 -17.3334 9.695
    endloop
  endfacet
  facet normal -0.803088 -0.595861 0
    outer loop
      vertex -13.9972 -17.3334 9.71
      vertex -13.9095 -17.4516 9.695
      vertex -13.9095 -17.4516 9.71
    endloop
  endfacet
  facet normal 0.243175 -0.969982 0
    outer loop
      vertex 13.0426 -17.9712 9.695
      vertex 13.1854 -17.9354 9.71
      vertex 13.0426 -17.9712 9.71
    endloop
  endfacet
  facet normal 0.243175 -0.969982 0
    outer loop
      vertex 13.1854 -17.9354 9.71
      vertex 13.0426 -17.9712 9.695
      vertex 13.1854 -17.9354 9.695
    endloop
  endfacet
  facet normal 0.904125 0.427269 0
    outer loop
      vertex 14.1358 17.074 9.71
      vertex 14.0729 17.2071 9.695
      vertex 14.0729 17.2071 9.71
    endloop
  endfacet
  facet normal 0.904125 0.427269 0
    outer loop
      vertex 14.0729 17.2071 9.695
      vertex 14.1358 17.074 9.71
      vertex 14.1358 17.074 9.695
    endloop
  endfacet
  facet normal 0.121874 0.822816 -0.555086
    outer loop
      vertex 12.985 17.6817 0.606451
      vertex 12.8761 17.7804 0.728846
      vertex 13.001 17.7619 0.728846
    endloop
  endfacet
  facet normal -0.0311236 0.634052 -0.772663
    outer loop
      vertex -12.75 17.3935 0.295188
      vertex -12.8376 17.3892 0.295188
      vertex -12.75 17.5073 0.388573
    endloop
  endfacet
  facet normal 0 0.63436 -0.773038
    outer loop
      vertex -12.75 17.3935 0.295188
      vertex 12.75 17.5073 0.388573
      vertex 12.75 17.3935 0.295188
    endloop
  endfacet
  facet normal 0 0.63436 -0.773038
    outer loop
      vertex 12.75 17.5073 0.388573
      vertex -12.75 17.3935 0.295188
      vertex -12.75 17.5073 0.388573
    endloop
  endfacet
  facet normal 0.0140791 0.290381 -0.956808
    outer loop
      vertex 12.7995 17.0029 0.0876837
      vertex 12.75 16.8645 0.0449524
      vertex 12.75 17.0053 0.0876837
    endloop
  endfacet
  facet normal 0.281056 0.378896 -0.881729
    outer loop
      vertex 13.2392 17.0961 0.213407
      vertex 13.1063 17.0332 0.144015
      vertex 13.1784 17.1412 0.213407
    endloop
  endfacet
  facet normal -0.0980114 0 -0.995185
    outer loop
      vertex -12.9701 -16.5 0.0162344
      vertex -12.8236 16.5 0.00180626
      vertex -12.8236 -16.5 0.00180626
    endloop
  endfacet
  facet normal -0.0980114 0 -0.995185
    outer loop
      vertex -12.8236 16.5 0.00180626
      vertex -12.9701 -16.5 0.0162344
      vertex -12.9701 16.5 0.0162344
    endloop
  endfacet
  facet normal -0.469969 -0.42652 -0.772794
    outer loop
      vertex -13.3818 -17.1318 0.295188
      vertex -13.4623 -17.2123 0.388573
      vertex -13.4407 -17.0669 0.295188
    endloop
  endfacet
  facet normal 0.803088 -0.595861 0
    outer loop
      vertex 13.9095 -17.4516 9.71
      vertex 13.9972 -17.3334 9.695
      vertex 13.9972 -17.3334 9.71
    endloop
  endfacet
  facet normal 0.803088 -0.595861 0
    outer loop
      vertex 13.9972 -17.3334 9.695
      vertex 13.9095 -17.4516 9.71
      vertex 13.9095 -17.4516 9.695
    endloop
  endfacet
  facet normal -0.0453501 0.923007 -0.382101
    outer loop
      vertex -12.75 17.856 0.858666
      vertex -12.8884 17.9055 0.994665
      vertex -12.75 17.9123 0.994665
    endloop
  endfacet
  facet normal 0.98916 -0.146844 -0.000218883
    outer loop
      vertex 14.2428 -16.647 9.695
      vertex 14.2194 -16.7923 1.4264
      vertex 14.241 -16.6468 1.4264
    endloop
  endfacet
  facet normal -0.146844 0.98916 -0.000218883
    outer loop
      vertex -12.8968 17.991 1.4264
      vertex -13.0423 17.9694 1.4264
      vertex -12.897 17.9928 9.695
    endloop
  endfacet
  facet normal -0.0492213 0.993998 -0.0977035
    outer loop
      vertex -12.75 17.9838 1.2799
      vertex -12.8954 17.9766 1.2799
      vertex -12.75 17.9982 1.4264
    endloop
  endfacet
  facet normal -0.904125 0.427269 0
    outer loop
      vertex -14.1358 17.074 9.695
      vertex -14.0729 17.2071 9.71
      vertex -14.0729 17.2071 9.695
    endloop
  endfacet
  facet normal -0.904125 0.427269 0
    outer loop
      vertex -14.0729 17.2071 9.71
      vertex -14.1358 17.074 9.695
      vertex -14.1358 17.074 9.71
    endloop
  endfacet
  facet normal -0.74123 0.671251 -0.000222072
    outer loop
      vertex -13.8094 17.5594 1.4264
      vertex -13.9095 17.4516 9.695
      vertex -13.8107 17.5607 9.695
    endloop
  endfacet
  facet normal -0.514096 -0.857733 -0.000217775
    outer loop
      vertex -13.4571 -17.8229 9.695
      vertex -13.5834 -17.7472 9.695
      vertex -13.5824 -17.7457 1.4264
    endloop
  endfacet
  facet normal -0.941527 0.336939 -0.0002221
    outer loop
      vertex -14.1341 17.0733 1.4264
      vertex -14.1854 16.9354 9.695
      vertex -14.1358 17.074 9.695
    endloop
  endfacet
  facet normal 0.336939 0.941527 -0
    outer loop
      vertex 13.324 17.8858 9.695
      vertex 13.1854 17.9354 9.71
      vertex 13.324 17.8858 9.71
    endloop
  endfacet
  facet normal 0.336939 0.941527 0
    outer loop
      vertex 13.1854 17.9354 9.71
      vertex 13.324 17.8858 9.695
      vertex 13.1854 17.9354 9.695
    endloop
  endfacet
  facet normal -0.899818 0.425196 -0.0976529
    outer loop
      vertex -14.1208 17.0678 1.2799
      vertex -14.1341 17.0733 1.4264
      vertex -14.0713 17.2062 1.4264
    endloop
  endfacet
  facet normal 0.989174 0.146746 0
    outer loop
      vertex 14.2428 16.647 9.71
      vertex 14.2212 16.7926 9.695
      vertex 14.2212 16.7926 9.71
    endloop
  endfacet
  facet normal 0.989174 0.146746 0
    outer loop
      vertex 14.2212 16.7926 9.695
      vertex 14.2428 16.647 9.71
      vertex 14.2428 16.647 9.695
    endloop
  endfacet
  facet normal 0.904125 -0.427269 0
    outer loop
      vertex 14.0729 -17.2071 9.71
      vertex 14.1358 -17.074 9.695
      vertex 14.1358 -17.074 9.71
    endloop
  endfacet
  facet normal 0.904125 -0.427269 0
    outer loop
      vertex 14.1358 -17.074 9.695
      vertex 14.0729 -17.2071 9.71
      vertex 14.0729 -17.2071 9.695
    endloop
  endfacet
  facet normal 0.951373 -0.238517 -0.194933
    outer loop
      vertex 14.1699 -16.9307 1.2799
      vertex 14.1424 -16.9224 1.13553
      vertex 14.2053 -16.7895 1.2799
    endloop
  endfacet
  facet normal -0.336939 0.941527 0
    outer loop
      vertex -13.1854 17.9354 9.695
      vertex -13.324 17.8858 9.71
      vertex -13.1854 17.9354 9.71
    endloop
  endfacet
  facet normal -0.336939 0.941527 0
    outer loop
      vertex -13.324 17.8858 9.71
      vertex -13.1854 17.9354 9.695
      vertex -13.324 17.8858 9.695
    endloop
  endfacet
  facet normal 0.514096 -0.857733 0
    outer loop
      vertex 13.4571 -17.8229 9.695
      vertex 13.5834 -17.7472 9.71
      vertex 13.4571 -17.8229 9.71
    endloop
  endfacet
  facet normal 0.514096 -0.857733 0
    outer loop
      vertex 13.5834 -17.7472 9.71
      vertex 13.4571 -17.8229 9.695
      vertex 13.5834 -17.7472 9.695
    endloop
  endfacet
  facet normal 0.765112 -0.113455 -0.633823
    outer loop
      vertex 13.949 -16.6181 0.606451
      vertex 13.8401 -16.7168 0.492661
      vertex 13.8561 -16.6089 0.492661
    endloop
  endfacet
  facet normal 0.477063 0.285476 -0.831213
    outer loop
      vertex 13.538 16.9212 0.295188
      vertex 13.3912 16.9284 0.213407
      vertex 13.493 16.9964 0.295188
    endloop
  endfacet
  facet normal 0.870075 -0.31136 -0.38213
    outer loop
      vertex 14.0548 -17.0405 0.994665
      vertex 14.0028 -17.0189 0.858666
      vertex 14.1015 -16.91 0.994665
    endloop
  endfacet
  facet normal 0.41914 0.886797 -0.194713
    outer loop
      vertex 13.4494 17.8086 1.2799
      vertex 13.3068 17.8443 1.13553
      vertex 13.3178 17.8708 1.2799
    endloop
  endfacet
  facet normal 0.597766 0.213809 -0.772633
    outer loop
      vertex 13.714 16.7924 0.388573
      vertex 13.6051 16.7594 0.295188
      vertex 13.6807 16.8855 0.388573
    endloop
  endfacet
  facet normal 0.466818 0.0692737 -0.881636
    outer loop
      vertex 13.5174 16.5756 0.213407
      vertex 13.379 16.6251 0.144015
      vertex 13.5063 16.6504 0.213407
    endloop
  endfacet
  facet normal 0.37902 0.0560608 -0.923689
    outer loop
      vertex 13.3882 16.5629 0.144015
      vertex 13.2529 16.5495 0.0876837
      vertex 13.379 16.6251 0.144015
    endloop
  endfacet
  facet normal 0.457807 0.114607 -0.881634
    outer loop
      vertex 13.5063 16.6504 0.213407
      vertex 13.379 16.6251 0.144015
      vertex 13.4879 16.7239 0.213407
    endloop
  endfacet
  facet normal 0.262575 0.124254 -0.956878
    outer loop
      vertex 13.2169 16.6934 0.0876837
      vertex 13.0714 16.6718 0.0449524
      vertex 13.1957 16.7382 0.0876837
    endloop
  endfacet
  facet normal -0.224581 -0.896324 -0.382319
    outer loop
      vertex -13.0255 -17.8852 0.994665
      vertex -13.16 -17.8515 0.994665
      vertex -13.1436 -17.7976 0.858666
    endloop
  endfacet
  facet normal -0.427269 -0.904125 0
    outer loop
      vertex -13.4571 -17.8229 9.695
      vertex -13.324 -17.8858 9.71
      vertex -13.4571 -17.8229 9.71
    endloop
  endfacet
  facet normal -0.427269 -0.904125 -0
    outer loop
      vertex -13.324 -17.8858 9.71
      vertex -13.4571 -17.8229 9.695
      vertex -13.324 -17.8858 9.695
    endloop
  endfacet
  facet normal 0.969982 -0.243175 0
    outer loop
      vertex 14.1854 -16.9354 9.71
      vertex 14.2212 -16.7926 9.695
      vertex 14.2212 -16.7926 9.71
    endloop
  endfacet
  facet normal 0.969982 -0.243175 0
    outer loop
      vertex 14.2212 -16.7926 9.695
      vertex 14.1854 -16.9354 9.71
      vertex 14.1854 -16.9354 9.695
    endloop
  endfacet
  facet normal -0.427269 -0.904125 -0.000222057
    outer loop
      vertex -13.324 -17.8858 9.695
      vertex -13.4571 -17.8229 9.695
      vertex -13.3233 -17.8841 1.4264
    endloop
  endfacet
  facet normal 0.969982 -0.243175 -0.000219979
    outer loop
      vertex 14.2212 -16.7926 9.695
      vertex 14.1854 -16.9354 9.695
      vertex 14.2194 -16.7923 1.4264
    endloop
  endfacet
  facet normal -0.495903 -0.667789 -0.555101
    outer loop
      vertex -13.4648 -17.5698 0.728846
      vertex -13.5662 -17.4945 0.728846
      vertex -13.5143 -17.4313 0.606451
    endloop
  endfacet
  facet normal -0.593239 -0.799113 -0.0973968
    outer loop
      vertex -13.5824 -17.7457 1.4264
      vertex -13.7004 -17.6581 1.4264
      vertex -13.6913 -17.647 1.2799
    endloop
  endfacet
  facet normal -0.569962 -0.76869 -0.290275
    outer loop
      vertex -13.5346 -17.6743 0.994665
      vertex -13.6731 -17.6248 1.13553
      vertex -13.646 -17.5917 0.994665
    endloop
  endfacet
  facet normal -0.658714 -0.726741 -0.194793
    outer loop
      vertex -13.6913 -17.647 1.2799
      vertex -13.7992 -17.5492 1.2799
      vertex -13.6731 -17.6248 1.13553
    endloop
  endfacet
  facet normal -0.0489874 -0.998799 -0.000218615
    outer loop
      vertex -12.75 -17.9982 1.4264
      vertex -12.897 -17.9928 9.695
      vertex -12.8968 -17.991 1.4264
    endloop
  endfacet
  facet normal 0 -0.980677 -0.195633
    outer loop
      vertex -12.75 -17.955 1.13553
      vertex 12.75 -17.9838 1.2799
      vertex -12.75 -17.9838 1.2799
    endloop
  endfacet
  facet normal 0 -0.980677 -0.195633
    outer loop
      vertex 12.75 -17.9838 1.2799
      vertex -12.75 -17.955 1.13553
      vertex 12.75 -17.955 1.13553
    endloop
  endfacet
  facet normal 0.0492213 -0.993998 -0.0977035
    outer loop
      vertex 12.8954 -17.9766 1.2799
      vertex 12.75 -17.9982 1.4264
      vertex 12.75 -17.9838 1.2799
    endloop
  endfacet
  facet normal 0.0489209 -0.998803 0
    outer loop
      vertex 12.75 -18 9.695
      vertex 12.897 -17.9928 9.71
      vertex 12.75 -18 9.71
    endloop
  endfacet
  facet normal 0.0489209 -0.998803 0
    outer loop
      vertex 12.897 -17.9928 9.71
      vertex 12.75 -18 9.695
      vertex 12.897 -17.9928 9.695
    endloop
  endfacet
  facet normal 0.121874 -0.822816 -0.555086
    outer loop
      vertex 13.001 -17.7619 0.728846
      vertex 12.8761 -17.7804 0.728846
      vertex 12.985 -17.6817 0.606451
    endloop
  endfacet
  facet normal 0.0469683 -0.955943 -0.289772
    outer loop
      vertex 12.8884 -17.9055 0.994665
      vertex 12.75 -17.955 1.13553
      vertex 12.75 -17.9123 0.994665
    endloop
  endfacet
  facet normal -0.242856 -0.970062 -0.000214127
    outer loop
      vertex -13.0423 -17.9694 1.4264
      vertex -13.1854 -17.9354 9.695
      vertex -13.1849 -17.9337 1.4264
    endloop
  endfacet
  facet normal -0.989174 0.146746 0
    outer loop
      vertex -14.2428 16.647 9.695
      vertex -14.2212 16.7926 9.71
      vertex -14.2212 16.7926 9.695
    endloop
  endfacet
  facet normal -0.989174 0.146746 0
    outer loop
      vertex -14.2212 16.7926 9.71
      vertex -14.2428 16.647 9.695
      vertex -14.2428 16.647 9.71
    endloop
  endfacet
  facet normal 0.941527 -0.336939 0
    outer loop
      vertex 14.1358 -17.074 9.71
      vertex 14.1854 -16.9354 9.695
      vertex 14.1854 -16.9354 9.71
    endloop
  endfacet
  facet normal 0.941527 -0.336939 0
    outer loop
      vertex 14.1854 -16.9354 9.695
      vertex 14.1358 -17.074 9.71
      vertex 14.1358 -17.074 9.695
    endloop
  endfacet
  facet normal -0.984474 -0.145519 -0.098158
    outer loop
      vertex -14.2053 -16.7895 1.2799
      vertex -14.241 -16.6468 1.4264
      vertex -14.2266 -16.6454 1.2799
    endloop
  endfacet
  facet normal -0.870077 0.311089 -0.382348
    outer loop
      vertex -14.0476 16.8936 0.858666
      vertex -14.1015 16.91 0.994665
      vertex -14.0028 17.0189 0.858666
    endloop
  endfacet
  facet normal -0.980677 0 -0.195633
    outer loop
      vertex -14.205 -16.5 1.13553
      vertex -14.2338 16.5 1.2799
      vertex -14.205 16.5 1.13553
    endloop
  endfacet
  facet normal -0.980677 -0 -0.195633
    outer loop
      vertex -14.2338 16.5 1.2799
      vertex -14.205 -16.5 1.13553
      vertex -14.2338 -16.5 1.2799
    endloop
  endfacet
  facet normal -0.145519 0.984474 -0.098158
    outer loop
      vertex -12.8954 17.9766 1.2799
      vertex -13.0395 17.9553 1.2799
      vertex -12.8968 17.991 1.4264
    endloop
  endfacet
  facet normal -0.143509 0.970231 -0.195083
    outer loop
      vertex -13.0339 17.9271 1.13553
      vertex -13.0395 17.9553 1.2799
      vertex -12.8926 17.948 1.13553
    endloop
  endfacet
  facet normal -0.326415 0.54424 -0.772824
    outer loop
      vertex -13.1712 17.288 0.295188
      vertex -13.3096 17.3376 0.388573
      vertex -13.2249 17.3884 0.388573
    endloop
  endfacet
  facet normal -0.639633 0.302645 -0.706594
    outer loop
      vertex -13.6807 16.8855 0.388573
      vertex -13.7302 17.0239 0.492661
      vertex -13.6384 16.9749 0.388573
    endloop
  endfacet
  facet normal 0.131155 0.144723 -0.980741
    outer loop
      vertex 12.9056 16.6556 0.0162344
      vertex 12.8896 16.6701 0.0162344
      vertex 12.9812 16.7817 0.0449524
    endloop
  endfacet
  facet normal -0.707066 0 -0.707148
    outer loop
      vertex -13.7573 -16.5 0.388573
      vertex -13.8614 16.5 0.492661
      vertex -13.7573 16.5 0.388573
    endloop
  endfacet
  facet normal -0.707066 -0 -0.707148
    outer loop
      vertex -13.8614 16.5 0.492661
      vertex -13.7573 -16.5 0.388573
      vertex -13.8614 -16.5 0.492661
    endloop
  endfacet
  facet normal -0.154146 -0.61586 -0.772629
    outer loop
      vertex -12.9465 -17.488 0.388573
      vertex -13.0094 -17.3551 0.295188
      vertex -12.9243 -17.3764 0.295188
    endloop
  endfacet
  facet normal -0.466758 -0.0690382 -0.881686
    outer loop
      vertex -13.379 -16.6251 0.144015
      vertex -13.5174 -16.5756 0.213407
      vertex -13.3882 -16.5629 0.144015
    endloop
  endfacet
  facet normal 0.183779 -0.065986 -0.98075
    outer loop
      vertex 13.0867 -16.6395 0.0449524
      vertex 12.9533 -16.5842 0.0162344
      vertex 13.0988 -16.6058 0.0449524
    endloop
  endfacet
  facet normal 0.282049 -0.0703656 -0.956816
    outer loop
      vertex 13.2336 -16.6467 0.0876837
      vertex 13.1075 -16.5711 0.0449524
      vertex 13.2456 -16.5986 0.0876837
    endloop
  endfacet
  facet normal 0.555865 0 -0.831273
    outer loop
      vertex 13.5212 -16.5 0.213407
      vertex 13.6435 16.5 0.295188
      vertex 13.6435 -16.5 0.295188
    endloop
  endfacet
  facet normal 0.555865 0 -0.831273
    outer loop
      vertex 13.6435 16.5 0.295188
      vertex 13.5212 -16.5 0.213407
      vertex 13.5212 16.5 0.213407
    endloop
  endfacet
  facet normal 0.154124 -0.615855 -0.772637
    outer loop
      vertex 13.0424 -17.464 0.388573
      vertex 12.9465 -17.488 0.388573
      vertex 13.0094 -17.3551 0.295188
    endloop
  endfacet
  facet normal -0.519287 -0.573202 -0.633861
    outer loop
      vertex -13.5143 -17.4313 0.606451
      vertex -13.5359 -17.2859 0.492661
      vertex -13.4551 -17.3591 0.492661
    endloop
  endfacet
  facet normal -0.525871 -0.708145 -0.471158
    outer loop
      vertex -13.4648 -17.5698 0.728846
      vertex -13.6102 -17.5482 0.858666
      vertex -13.5662 -17.4945 0.728846
    endloop
  endfacet
  facet normal -0.271271 -0.573648 -0.772878
    outer loop
      vertex -13.1355 -17.4307 0.388573
      vertex -13.1712 -17.288 0.295188
      vertex -13.0919 -17.3255 0.295188
    endloop
  endfacet
  facet normal -0.830742 -0.0407985 -0.55516
    outer loop
      vertex -13.949 -16.6181 0.606451
      vertex -14.0304 -16.6261 0.728846
      vertex -13.9548 -16.5 0.606451
    endloop
  endfacet
  facet normal -0.841125 -0.504406 -0.195152
    outer loop
      vertex -13.9837 -17.3243 1.2799
      vertex -14.0586 -17.1994 1.2799
      vertex -14.0332 -17.1859 1.13553
    endloop
  endfacet
  facet normal -0.886493 -0.419556 -0.195199
    outer loop
      vertex -14.0586 -17.1994 1.2799
      vertex -14.0943 -17.0568 1.13553
      vertex -14.0332 -17.1859 1.13553
    endloop
  endfacet
  facet normal -0.923464 -0.330496 -0.194904
    outer loop
      vertex -14.0943 -17.0568 1.13553
      vertex -14.1699 -16.9307 1.2799
      vertex -14.1424 -16.9224 1.13553
    endloop
  endfacet
  facet normal -0.699416 -0.330556 -0.63368
    outer loop
      vertex -13.7302 -17.0239 0.492661
      vertex -13.8125 -17.0679 0.606451
      vertex -13.7768 -16.9253 0.492661
    endloop
  endfacet
  facet normal -0.8727 -0.129977 -0.470639
    outer loop
      vertex -14.0799 -16.7645 0.858666
      vertex -14.0995 -16.6329 0.858666
      vertex -14.0119 -16.751 0.728846
    endloop
  endfacet
  facet normal -0.94674 -0.140034 -0.289956
    outer loop
      vertex -14.1771 -16.7839 1.13553
      vertex -14.198 -16.6426 1.13553
      vertex -14.1352 -16.7755 0.994665
    endloop
  endfacet
  facet normal -0.928334 -0.232586 -0.29
    outer loop
      vertex -14.1424 -16.9224 1.13553
      vertex -14.1771 -16.7839 1.13553
      vertex -14.1352 -16.7755 0.994665
    endloop
  endfacet
  facet normal -0.951382 -0.238361 -0.195081
    outer loop
      vertex -14.1424 -16.9224 1.13553
      vertex -14.2053 -16.7895 1.2799
      vertex -14.1771 -16.7839 1.13553
    endloop
  endfacet
  facet normal 0.941527 -0.336939 -0.0002221
    outer loop
      vertex 14.1358 -17.074 9.695
      vertex 14.1341 -17.0733 1.4264
      vertex 14.1854 -16.9354 9.695
    endloop
  endfacet
  facet normal 0.969982 0.243175 0
    outer loop
      vertex 14.2212 16.7926 9.71
      vertex 14.1854 16.9354 9.695
      vertex 14.1854 16.9354 9.71
    endloop
  endfacet
  facet normal 0.969982 0.243175 0
    outer loop
      vertex 14.1854 16.9354 9.695
      vertex 14.2212 16.7926 9.71
      vertex 14.2212 16.7926 9.695
    endloop
  endfacet
  facet normal 0.797533 0.377221 -0.470792
    outer loop
      vertex 14.0028 17.0189 0.858666
      vertex 13.9387 16.9924 0.728846
      vertex 13.9459 17.1392 0.858666
    endloop
  endfacet
  facet normal 0.94674 -0.140034 -0.289956
    outer loop
      vertex 14.1771 -16.7839 1.13553
      vertex 14.1352 -16.7755 0.994665
      vertex 14.198 -16.6426 1.13553
    endloop
  endfacet
  facet normal 0.993975 -0.0487508 -0.0981672
    outer loop
      vertex 14.241 -16.6468 1.4264
      vertex 14.2266 -16.6454 1.2799
      vertex 14.2482 -16.5 1.4264
    endloop
  endfacet
  facet normal 1 -0 0
    outer loop
      vertex 14.25 -16.5 9.71
      vertex 14.25 16.5 9.695
      vertex 14.25 16.5 9.71
    endloop
  endfacet
  facet normal 1 0 0
    outer loop
      vertex 14.25 16.5 9.695
      vertex 14.25 -16.5 9.71
      vertex 14.25 -16.5 9.695
    endloop
  endfacet
  facet normal -0.74123 -0.671251 -0.000222072
    outer loop
      vertex -13.8107 -17.5607 9.695
      vertex -13.9095 -17.4516 9.695
      vertex -13.8094 -17.5594 1.4264
    endloop
  endfacet
  facet normal 0.336939 -0.941527 -0.0002221
    outer loop
      vertex 13.324 -17.8858 9.695
      vertex 13.1854 -17.9354 9.695
      vertex 13.3233 -17.8841 1.4264
    endloop
  endfacet
  facet normal 0.803088 -0.595861 -0.000217751
    outer loop
      vertex 13.9972 -17.3334 9.695
      vertex 13.9095 -17.4516 9.695
      vertex 13.9957 -17.3324 1.4264
    endloop
  endfacet
  facet normal 0.596073 -0.80293 -0.000222455
    outer loop
      vertex 13.7016 -17.6595 9.695
      vertex 13.5824 -17.7457 1.4264
      vertex 13.7004 -17.6581 1.4264
    endloop
  endfacet
  facet normal 0.511435 -0.853744 -0.0977496
    outer loop
      vertex 13.4562 -17.8213 1.4264
      vertex 13.4494 -17.8086 1.2799
      vertex 13.5824 -17.7457 1.4264
    endloop
  endfacet
  facet normal 0.41914 -0.886797 -0.194713
    outer loop
      vertex 13.3178 -17.8708 1.2799
      vertex 13.3068 -17.8443 1.13553
      vertex 13.4494 -17.8086 1.2799
    endloop
  endfacet
  facet normal 0.642766 -0.70912 -0.28983
    outer loop
      vertex 13.7789 -17.5289 1.13553
      vertex 13.6731 -17.6248 1.13553
      vertex 13.7487 -17.4987 0.994665
    endloop
  endfacet
  facet normal -0.0279294 -0.555648 -0.830948
    outer loop
      vertex -12.75 -17.3935 0.295188
      vertex -12.8256 -17.2674 0.213407
      vertex -12.75 -17.2712 0.213407
    endloop
  endfacet
  facet normal 0.686329 -0.171761 -0.706718
    outer loop
      vertex 13.8401 -16.7168 0.492661
      vertex 13.714 -16.7924 0.388573
      vertex 13.738 -16.6965 0.388573
    endloop
  endfacet
  facet normal 0.0485085 -0.979603 -0.195002
    outer loop
      vertex 12.8954 -17.9766 1.2799
      vertex 12.75 -17.9838 1.2799
      vertex 12.8926 -17.948 1.13553
    endloop
  endfacet
  facet normal 0.492587 -0.820748 -0.289363
    outer loop
      vertex 13.4359 -17.7832 1.13553
      vertex 13.4158 -17.7456 0.994665
      vertex 13.5346 -17.6743 0.994665
    endloop
  endfacet
  facet normal -0.335544 -0.936926 -0.0978762
    outer loop
      vertex -13.1849 -17.9337 1.4264
      vertex -13.3178 -17.8708 1.2799
      vertex -13.1807 -17.9199 1.2799
    endloop
  endfacet
  facet normal -0.238361 -0.951382 -0.195081
    outer loop
      vertex -13.0395 -17.9553 1.2799
      vertex -13.1724 -17.8924 1.13553
      vertex -13.0339 -17.9271 1.13553
    endloop
  endfacet
  facet normal 0.397695 -0.663534 -0.633689
    outer loop
      vertex 13.3179 -17.5625 0.606451
      vertex 13.2739 -17.4802 0.492661
      vertex 13.3675 -17.4241 0.492661
    endloop
  endfacet
  facet normal 0.33071 -0.92343 -0.194699
    outer loop
      vertex 13.3178 -17.8708 1.2799
      vertex 13.1807 -17.9199 1.2799
      vertex 13.3068 -17.8443 1.13553
    endloop
  endfacet
  facet normal 0.20216 -0.806664 -0.555359
    outer loop
      vertex 13.1235 -17.7312 0.728846
      vertex 13.001 -17.7619 0.728846
      vertex 13.0997 -17.6529 0.606451
    endloop
  endfacet
  facet normal 0.0690382 -0.466758 -0.881686
    outer loop
      vertex 12.8256 -17.2674 0.213407
      vertex 12.8129 -17.1382 0.144015
      vertex 12.8751 -17.129 0.144015
    endloop
  endfacet
  facet normal 0.936926 -0.335544 -0.0978762
    outer loop
      vertex 14.1837 -16.9349 1.4264
      vertex 14.1208 -17.0678 1.2799
      vertex 14.1699 -16.9307 1.2799
    endloop
  endfacet
  facet normal 0.881066 0.0433197 -0.471006
    outer loop
      vertex 14.0366 16.5 0.728846
      vertex 14.0304 16.6261 0.728846
      vertex 14.106 16.5 0.858666
    endloop
  endfacet
  facet normal 0.772961 0 -0.634454
    outer loop
      vertex 13.9548 -16.5 0.606451
      vertex 13.8614 16.5 0.492661
      vertex 13.9548 16.5 0.606451
    endloop
  endfacet
  facet normal 0.772961 0 -0.634454
    outer loop
      vertex 13.8614 16.5 0.492661
      vertex 13.9548 -16.5 0.606451
      vertex 13.8614 -16.5 0.492661
    endloop
  endfacet
  facet normal 0.928326 -0.232599 -0.290014
    outer loop
      vertex 14.1424 -16.9224 1.13553
      vertex 14.1015 -16.91 0.994665
      vertex 14.1352 -16.7755 0.994665
    endloop
  endfacet
  facet normal 0.262556 -0.124369 -0.956868
    outer loop
      vertex 13.2169 -16.6934 0.0876837
      vertex 13.0714 -16.6718 0.0449524
      vertex 13.0867 -16.6395 0.0449524
    endloop
  endfacet
  facet normal 0.47118 0 -0.882037
    outer loop
      vertex 13.3913 -16.5 0.144015
      vertex 13.5212 16.5 0.213407
      vertex 13.5212 -16.5 0.213407
    endloop
  endfacet
  facet normal 0.47118 0 -0.882037
    outer loop
      vertex 13.5212 16.5 0.213407
      vertex 13.3913 -16.5 0.144015
      vertex 13.3913 16.5 0.144015
    endloop
  endfacet
  facet normal 0.627821 -0.0930818 -0.772772
    outer loop
      vertex 13.738 -16.6965 0.388573
      vertex 13.6392 -16.5876 0.295188
      vertex 13.7525 -16.5987 0.388573
    endloop
  endfacet
  facet normal 0.699836 -0.103776 -0.706725
    outer loop
      vertex 13.8401 -16.7168 0.492661
      vertex 13.7525 -16.5987 0.388573
      vertex 13.8561 -16.6089 0.492661
    endloop
  endfacet
  facet normal -0.995204 0 -0.0978221
    outer loop
      vertex -14.2338 -16.5 1.2799
      vertex -14.2482 16.5 1.4264
      vertex -14.2338 16.5 1.2799
    endloop
  endfacet
  facet normal -0.995204 -0 -0.0978221
    outer loop
      vertex -14.2482 16.5 1.4264
      vertex -14.2338 -16.5 1.2799
      vertex -14.2482 -16.5 1.4264
    endloop
  endfacet
  facet normal -0.984443 -0.146144 -0.0975416
    outer loop
      vertex -14.2194 -16.7923 1.4264
      vertex -14.241 -16.6468 1.4264
      vertex -14.2053 -16.7895 1.2799
    endloop
  endfacet
  facet normal -0.0489209 -0.998803 0
    outer loop
      vertex -12.897 -17.9928 9.695
      vertex -12.75 -18 9.71
      vertex -12.897 -17.9928 9.71
    endloop
  endfacet
  facet normal -0.0489209 -0.998803 -0
    outer loop
      vertex -12.75 -18 9.71
      vertex -12.897 -17.9928 9.695
      vertex -12.75 -18 9.695
    endloop
  endfacet
  facet normal -0.671251 -0.74123 -0.000222072
    outer loop
      vertex -13.7016 -17.6595 9.695
      vertex -13.8107 -17.5607 9.695
      vertex -13.8094 -17.5594 1.4264
    endloop
  endfacet
  facet normal 0.311089 0.870077 -0.382348
    outer loop
      vertex 13.2689 17.7528 0.858666
      vertex 13.1436 17.7976 0.858666
      vertex 13.16 17.8515 0.994665
    endloop
  endfacet
  facet normal 0.671251 0.74123 -0
    outer loop
      vertex 13.8107 17.5607 9.695
      vertex 13.7016 17.6595 9.71
      vertex 13.8107 17.5607 9.71
    endloop
  endfacet
  facet normal 0.671251 0.74123 0
    outer loop
      vertex 13.7016 17.6595 9.71
      vertex 13.8107 17.5607 9.695
      vertex 13.7016 17.6595 9.695
    endloop
  endfacet
  facet normal 0.671216 0.741262 -0.000222919
    outer loop
      vertex 13.8094 17.5594 1.4264
      vertex 13.7004 17.6581 1.4264
      vertex 13.7016 17.6595 9.695
    endloop
  endfacet
  facet normal 0.74123 0.671251 -0.000222072
    outer loop
      vertex 13.9095 17.4516 9.695
      vertex 13.8094 17.5594 1.4264
      vertex 13.8107 17.5607 9.695
    endloop
  endfacet
  facet normal 0.941527 0.336939 -0.0002221
    outer loop
      vertex 14.1854 16.9354 9.695
      vertex 14.1341 17.0733 1.4264
      vertex 14.1358 17.074 9.695
    endloop
  endfacet
  facet normal 0.242525 0.404624 -0.881737
    outer loop
      vertex 13.1784 17.1412 0.213407
      vertex 13.1063 17.0332 0.144015
      vertex 13.1135 17.1801 0.213407
    endloop
  endfacet
  facet normal 0.29041 0 -0.956902
    outer loop
      vertex 13.1145 -16.5 0.0449524
      vertex 13.2553 16.5 0.0876837
      vertex 13.2553 -16.5 0.0876837
    endloop
  endfacet
  facet normal 0.29041 0 -0.956902
    outer loop
      vertex 13.2553 16.5 0.0876837
      vertex 13.1145 -16.5 0.0449524
      vertex 13.1145 16.5 0.0449524
    endloop
  endfacet
  facet normal -0.0146318 -0.290198 -0.956855
    outer loop
      vertex -12.75 -16.8645 0.0449524
      vertex -12.7995 -17.0029 0.0876837
      vertex -12.7857 -16.8627 0.0449524
    endloop
  endfacet
  facet normal 0.0980114 0 -0.995185
    outer loop
      vertex 12.8236 -16.5 0.00180626
      vertex 12.9701 16.5 0.0162344
      vertex 12.9701 -16.5 0.0162344
    endloop
  endfacet
  facet normal 0.0980114 0 -0.995185
    outer loop
      vertex 12.9701 16.5 0.0162344
      vertex 12.8236 -16.5 0.00180626
      vertex 12.8236 16.5 0.00180626
    endloop
  endfacet
  facet normal 0.097241 0.0135057 -0.995169
    outer loop
      vertex 12.8232 16.5072 0.00180626
      vertex 12.8222 16.5144 0.00180626
      vertex 12.9659 16.5429 0.0162344
    endloop
  endfacet
  facet normal -0.00983438 0.195049 -0.980744
    outer loop
      vertex -12.75 16.7201 0.0162344
      vertex -12.7857 16.8627 0.0449524
      vertex -12.75 16.8645 0.0449524
    endloop
  endfacet
  facet normal -0.0489874 0.998799 -0.000218615
    outer loop
      vertex -12.8968 17.991 1.4264
      vertex -12.897 17.9928 9.695
      vertex -12.75 17.9982 1.4264
    endloop
  endfacet
  facet normal -0.146746 0.989174 -0.000220659
    outer loop
      vertex -13.0423 17.9694 1.4264
      vertex -13.0426 17.9712 9.695
      vertex -12.897 17.9928 9.695
    endloop
  endfacet
  facet normal 0.336939 -0.941527 0
    outer loop
      vertex 13.1854 -17.9354 9.695
      vertex 13.324 -17.8858 9.71
      vertex 13.1854 -17.9354 9.71
    endloop
  endfacet
  facet normal 0.336939 -0.941527 0
    outer loop
      vertex 13.324 -17.8858 9.71
      vertex 13.1854 -17.9354 9.695
      vertex 13.324 -17.8858 9.695
    endloop
  endfacet
  facet normal -0.33737 0.941372 -0.000213944
    outer loop
      vertex -13.1849 17.9337 1.4264
      vertex -13.3233 17.8841 1.4264
      vertex -13.1854 17.9354 9.695
    endloop
  endfacet
  facet normal -0.242856 0.970062 -0.000214127
    outer loop
      vertex -13.1849 17.9337 1.4264
      vertex -13.1854 17.9354 9.695
      vertex -13.0423 17.9694 1.4264
    endloop
  endfacet
  facet normal -0.0487508 0.993975 -0.0981672
    outer loop
      vertex -12.8954 17.9766 1.2799
      vertex -12.8968 17.991 1.4264
      vertex -12.75 17.9982 1.4264
    endloop
  endfacet
  facet normal -0.0480842 0.979543 -0.195406
    outer loop
      vertex -12.75 17.955 1.13553
      vertex -12.8926 17.948 1.13553
      vertex -12.75 17.9838 1.2799
    endloop
  endfacet
  facet normal -0.335758 0.936872 -0.0976592
    outer loop
      vertex -13.3178 17.8708 1.2799
      vertex -13.3233 17.8841 1.4264
      vertex -13.1849 17.9337 1.4264
    endloop
  endfacet
  facet normal -0.425196 0.899818 -0.0976529
    outer loop
      vertex -13.3178 17.8708 1.2799
      vertex -13.4562 17.8213 1.4264
      vertex -13.3233 17.8841 1.4264
    endloop
  endfacet
  facet normal -0.741262 0.671216 -0.000222919
    outer loop
      vertex -13.9081 17.4504 1.4264
      vertex -13.9095 17.4516 9.695
      vertex -13.8094 17.5594 1.4264
    endloop
  endfacet
  facet normal -0.80293 0.596073 -0.000222455
    outer loop
      vertex -13.9081 17.4504 1.4264
      vertex -13.9957 17.3324 1.4264
      vertex -13.9095 17.4516 9.695
    endloop
  endfacet
  facet normal -0.146746 0.989174 0
    outer loop
      vertex -12.897 17.9928 9.695
      vertex -13.0426 17.9712 9.71
      vertex -12.897 17.9928 9.71
    endloop
  endfacet
  facet normal -0.146746 0.989174 0
    outer loop
      vertex -13.0426 17.9712 9.71
      vertex -12.897 17.9928 9.695
      vertex -13.0426 17.9712 9.695
    endloop
  endfacet
  facet normal -0.969982 0.243175 0
    outer loop
      vertex -14.2212 16.7926 9.695
      vertex -14.1854 16.9354 9.71
      vertex -14.1854 16.9354 9.695
    endloop
  endfacet
  facet normal -0.969982 0.243175 0
    outer loop
      vertex -14.1854 16.9354 9.71
      vertex -14.2212 16.7926 9.695
      vertex -14.2212 16.7926 9.71
    endloop
  endfacet
  facet normal -0.998803 0.0489209 0
    outer loop
      vertex -14.25 16.5 9.695
      vertex -14.2428 16.647 9.71
      vertex -14.2428 16.647 9.695
    endloop
  endfacet
  facet normal -0.998803 0.0489209 0
    outer loop
      vertex -14.2428 16.647 9.71
      vertex -14.25 16.5 9.695
      vertex -14.25 16.5 9.71
    endloop
  endfacet
  facet normal 0.146746 -0.989174 -0.000220659
    outer loop
      vertex 13.0426 -17.9712 9.695
      vertex 12.897 -17.9928 9.695
      vertex 13.0423 -17.9694 1.4264
    endloop
  endfacet
  facet normal 0.706648 0.0343659 -0.70673
    outer loop
      vertex 13.7573 16.5 0.388573
      vertex 13.7525 16.5987 0.388573
      vertex 13.8614 16.5 0.492661
    endloop
  endfacet
  facet normal 0.634052 -0.0311236 -0.772663
    outer loop
      vertex 13.7573 -16.5 0.388573
      vertex 13.6392 -16.5876 0.295188
      vertex 13.6435 -16.5 0.295188
    endloop
  endfacet
  facet normal 0.634052 0.0311236 -0.772663
    outer loop
      vertex 13.6435 16.5 0.295188
      vertex 13.6392 16.5876 0.295188
      vertex 13.7573 16.5 0.388573
    endloop
  endfacet
  facet normal 0.471262 0.023226 -0.881687
    outer loop
      vertex 13.3913 16.5 0.144015
      vertex 13.3882 16.5629 0.144015
      vertex 13.5174 16.5756 0.213407
    endloop
  endfacet
  facet normal 0.788046 0.583992 -0.194776
    outer loop
      vertex 13.9598 17.3084 1.13553
      vertex 13.8748 17.4231 1.13553
      vertex 13.9837 17.3243 1.2799
    endloop
  endfacet
  facet normal 0.280608 0.379646 -0.881549
    outer loop
      vertex 13.1569 16.9958 0.144015
      vertex 13.1063 17.0332 0.144015
      vertex 13.2392 17.0961 0.213407
    endloop
  endfacet
  facet normal 0.523506 0.186756 -0.831302
    outer loop
      vertex 13.4879 16.7239 0.213407
      vertex 13.4625 16.7951 0.213407
      vertex 13.6051 16.7594 0.295188
    endloop
  endfacet
  facet normal 0.444258 0.158485 -0.881769
    outer loop
      vertex 13.4879 16.7239 0.213407
      vertex 13.3425 16.7454 0.144015
      vertex 13.4625 16.7951 0.213407
    endloop
  endfacet
  facet normal 0.214293 0.597268 -0.772884
    outer loop
      vertex 13.0919 17.3255 0.295188
      vertex 13.0094 17.3551 0.295188
      vertex 13.1355 17.4307 0.388573
    endloop
  endfacet
  facet normal 0.307729 0.22829 -0.923681
    outer loop
      vertex 13.1702 16.7807 0.0876837
      vertex 13.1406 16.8206 0.0876837
      vertex 13.2832 16.8563 0.144015
    endloop
  endfacet
  facet normal 0.0188612 0.3827 -0.92368
    outer loop
      vertex 12.7995 17.0029 0.0876837
      vertex 12.75 17.1413 0.144015
      vertex 12.8129 17.1382 0.144015
    endloop
  endfacet
  facet normal 0.326415 0.54424 -0.772824
    outer loop
      vertex 13.3096 17.3376 0.388573
      vertex 13.1712 17.288 0.295188
      vertex 13.2249 17.3884 0.388573
    endloop
  endfacet
  facet normal 0.628066 0.0927249 -0.772616
    outer loop
      vertex 13.6392 16.5876 0.295188
      vertex 13.6264 16.6743 0.295188
      vertex 13.738 16.6965 0.388573
    endloop
  endfacet
  facet normal 0.466758 0.0690382 -0.881686
    outer loop
      vertex 13.3882 16.5629 0.144015
      vertex 13.379 16.6251 0.144015
      vertex 13.5174 16.5756 0.213407
    endloop
  endfacet
  facet normal 0.444289 0.159104 -0.881642
    outer loop
      vertex 13.3637 16.6862 0.144015
      vertex 13.3425 16.7454 0.144015
      vertex 13.4879 16.7239 0.213407
    endloop
  endfacet
  facet normal 0.457787 0.114634 -0.881641
    outer loop
      vertex 13.379 16.6251 0.144015
      vertex 13.3637 16.6862 0.144015
      vertex 13.4879 16.7239 0.213407
    endloop
  endfacet
  facet normal 0.595861 -0.803088 0
    outer loop
      vertex 13.5834 -17.7472 9.695
      vertex 13.7016 -17.6595 9.71
      vertex 13.5834 -17.7472 9.71
    endloop
  endfacet
  facet normal 0.595861 -0.803088 0
    outer loop
      vertex 13.7016 -17.6595 9.71
      vertex 13.5834 -17.7472 9.695
      vertex 13.7016 -17.6595 9.695
    endloop
  endfacet
  facet normal -0.0485085 -0.979603 -0.195002
    outer loop
      vertex -12.75 -17.9838 1.2799
      vertex -12.8954 -17.9766 1.2799
      vertex -12.8926 -17.948 1.13553
    endloop
  endfacet
  facet normal -0.33737 -0.941372 -0.000213944
    outer loop
      vertex -13.1854 -17.9354 9.695
      vertex -13.3233 -17.8841 1.4264
      vertex -13.1849 -17.9337 1.4264
    endloop
  endfacet
  facet normal 0.857733 0.514096 0
    outer loop
      vertex 14.0729 17.2071 9.71
      vertex 13.9972 17.3334 9.695
      vertex 13.9972 17.3334 9.71
    endloop
  endfacet
  facet normal 0.857733 0.514096 0
    outer loop
      vertex 13.9972 17.3334 9.695
      vertex 14.0729 17.2071 9.71
      vertex 14.0729 17.2071 9.695
    endloop
  endfacet
  facet normal -0.74123 -0.671251 0
    outer loop
      vertex -13.8107 -17.5607 9.695
      vertex -13.9095 -17.4516 9.71
      vertex -13.9095 -17.4516 9.695
    endloop
  endfacet
  facet normal -0.74123 -0.671251 0
    outer loop
      vertex -13.9095 -17.4516 9.71
      vertex -13.8107 -17.5607 9.695
      vertex -13.8107 -17.5607 9.71
    endloop
  endfacet
  facet normal -0.671216 -0.741262 -0.000222919
    outer loop
      vertex -13.7016 -17.6595 9.695
      vertex -13.8094 -17.5594 1.4264
      vertex -13.7004 -17.6581 1.4264
    endloop
  endfacet
  facet normal 0.0489874 0.998799 -0.000218615
    outer loop
      vertex 12.8968 17.991 1.4264
      vertex 12.75 17.9982 1.4264
      vertex 12.897 17.9928 9.695
    endloop
  endfacet
  facet normal 0.242856 0.970062 -0.000214127
    outer loop
      vertex 13.1849 17.9337 1.4264
      vertex 13.0423 17.9694 1.4264
      vertex 13.1854 17.9354 9.695
    endloop
  endfacet
  facet normal -0.39476 -0.835531 -0.382168
    outer loop
      vertex -13.2905 -17.8048 0.994665
      vertex -13.4158 -17.7456 0.994665
      vertex -13.2689 -17.7528 0.858666
    endloop
  endfacet
  facet normal -0.425272 -0.899772 -0.0977403
    outer loop
      vertex -13.3178 -17.8708 1.2799
      vertex -13.4562 -17.8213 1.4264
      vertex -13.4494 -17.8086 1.2799
    endloop
  endfacet
  facet normal -0.737703 -0.667994 -0.097871
    outer loop
      vertex -13.8094 -17.5594 1.4264
      vertex -13.9081 -17.4504 1.4264
      vertex -13.7992 -17.5492 1.2799
    endloop
  endfacet
  facet normal -0.737411 -0.668386 -0.0973896
    outer loop
      vertex -13.7992 -17.5492 1.2799
      vertex -13.9081 -17.4504 1.4264
      vertex -13.897 -17.4413 1.2799
    endloop
  endfacet
  facet normal -0.853744 -0.511435 -0.0977496
    outer loop
      vertex -13.9957 -17.3324 1.4264
      vertex -14.0713 -17.2062 1.4264
      vertex -14.0586 -17.1994 1.2799
    endloop
  endfacet
  facet normal -0.82094 -0.491894 -0.289997
    outer loop
      vertex -13.9598 -17.3084 1.13553
      vertex -14.0332 -17.1859 1.13553
      vertex -13.9243 -17.2846 0.994665
    endloop
  endfacet
  facet normal 0 -0.995204 -0.0978221
    outer loop
      vertex -12.75 -17.9838 1.2799
      vertex 12.75 -17.9982 1.4264
      vertex -12.75 -17.9982 1.4264
    endloop
  endfacet
  facet normal 0 -0.995204 -0.0978221
    outer loop
      vertex 12.75 -17.9982 1.4264
      vertex -12.75 -17.9838 1.2799
      vertex 12.75 -17.9838 1.2799
    endloop
  endfacet
  facet normal 0 -1 -0.000217691
    outer loop
      vertex -12.75 -17.9982 1.4264
      vertex 12.75 -18 9.695
      vertex -12.75 -18 9.695
    endloop
  endfacet
  facet normal 0 -1 -0.000217691
    outer loop
      vertex 12.75 -18 9.695
      vertex -12.75 -17.9982 1.4264
      vertex 12.75 -17.9982 1.4264
    endloop
  endfacet
  facet normal -0.0311236 -0.634052 -0.772663
    outer loop
      vertex -12.75 -17.5073 0.388573
      vertex -12.8376 -17.3892 0.295188
      vertex -12.75 -17.3935 0.295188
    endloop
  endfacet
  facet normal -0.397695 -0.663534 -0.633689
    outer loop
      vertex -13.3179 -17.5625 0.606451
      vertex -13.3675 -17.4241 0.492661
      vertex -13.2739 -17.4802 0.492661
    endloop
  endfacet
  facet normal -0.0451474 -0.92309 -0.381925
    outer loop
      vertex -12.75 -17.856 0.858666
      vertex -12.8884 -17.9055 0.994665
      vertex -12.8829 -17.8495 0.858666
    endloop
  endfacet
  facet normal -0.296949 -0.830758 -0.470811
    outer loop
      vertex -13.1235 -17.7312 0.728846
      vertex -13.2689 -17.7528 0.858666
      vertex -13.2424 -17.6887 0.728846
    endloop
  endfacet
  facet normal -0.509931 -0.378273 -0.77258
    outer loop
      vertex -13.5287 -17.139 0.388573
      vertex -13.5876 -17.0596 0.388573
      vertex -13.4407 -17.0669 0.295188
    endloop
  endfacet
  facet normal -0.0343921 -0.70666 -0.706717
    outer loop
      vertex -12.75 -17.6114 0.492661
      vertex -12.8589 -17.6061 0.492661
      vertex -12.8487 -17.5025 0.388573
    endloop
  endfacet
  facet normal -0.0469683 -0.955943 -0.289772
    outer loop
      vertex -12.75 -17.955 1.13553
      vertex -12.8884 -17.9055 0.994665
      vertex -12.75 -17.9123 0.994665
    endloop
  endfacet
  facet normal -0.140034 -0.94674 -0.289956
    outer loop
      vertex -12.8926 -17.948 1.13553
      vertex -13.0339 -17.9271 1.13553
      vertex -13.0255 -17.8852 0.994665
    endloop
  endfacet
  facet normal -0.970262 0.143418 -0.194993
    outer loop
      vertex -14.198 16.6426 1.13553
      vertex -14.2266 16.6454 1.2799
      vertex -14.2053 16.7895 1.2799
    endloop
  endfacet
  facet normal -0.984443 0.146144 -0.0975416
    outer loop
      vertex -14.2053 16.7895 1.2799
      vertex -14.241 16.6468 1.4264
      vertex -14.2194 16.7923 1.4264
    endloop
  endfacet
  facet normal -0.979543 0.0480842 -0.195406
    outer loop
      vertex -14.205 16.5 1.13553
      vertex -14.2338 16.5 1.2799
      vertex -14.198 16.6426 1.13553
    endloop
  endfacet
  facet normal -0.79956 0.592495 -0.0982521
    outer loop
      vertex -13.9837 17.3243 1.2799
      vertex -13.9957 17.3324 1.4264
      vertex -13.897 17.4413 1.2799
    endloop
  endfacet
  facet normal -0.593239 0.799113 -0.0973968
    outer loop
      vertex -13.6913 17.647 1.2799
      vertex -13.7004 17.6581 1.4264
      vertex -13.5824 17.7457 1.4264
    endloop
  endfacet
  facet normal -0.475031 0.524351 -0.706684
    outer loop
      vertex -13.389 17.2787 0.388573
      vertex -13.5359 17.2859 0.492661
      vertex -13.4551 17.3591 0.492661
    endloop
  endfacet
  facet normal 0.023677 0.471048 -0.88179
    outer loop
      vertex 12.8256 17.2674 0.213407
      vertex 12.75 17.1413 0.144015
      vertex 12.75 17.2712 0.213407
    endloop
  endfacet
  facet normal -0.555865 0 -0.831273
    outer loop
      vertex -13.6435 -16.5 0.295188
      vertex -13.5212 16.5 0.213407
      vertex -13.5212 -16.5 0.213407
    endloop
  endfacet
  facet normal -0.555865 0 -0.831273
    outer loop
      vertex -13.5212 16.5 0.213407
      vertex -13.6435 -16.5 0.295188
      vertex -13.6435 16.5 0.295188
    endloop
  endfacet
  facet normal -0.830742 0.0407985 -0.55516
    outer loop
      vertex -13.9548 16.5 0.606451
      vertex -14.0304 16.6261 0.728846
      vertex -13.949 16.6181 0.606451
    endloop
  endfacet
  facet normal -0.202564 0.806741 -0.555101
    outer loop
      vertex -12.985 17.6817 0.606451
      vertex -13.0997 17.6529 0.606451
      vertex -13.001 17.7619 0.728846
    endloop
  endfacet
  facet normal -0.0469683 0.955943 -0.289772
    outer loop
      vertex -12.75 17.9123 0.994665
      vertex -12.8884 17.9055 0.994665
      vertex -12.75 17.955 1.13553
    endloop
  endfacet
  facet normal -0.713236 -0.427415 -0.555528
    outer loop
      vertex -13.8198 -17.2148 0.728846
      vertex -13.8847 -17.1065 0.728846
      vertex -13.8125 -17.0679 0.606451
    endloop
  endfacet
  facet normal -0.831412 0 -0.555656
    outer loop
      vertex -13.9548 -16.5 0.606451
      vertex -14.0366 16.5 0.728846
      vertex -13.9548 16.5 0.606451
    endloop
  endfacet
  facet normal -0.831412 -0 -0.555656
    outer loop
      vertex -14.0366 16.5 0.728846
      vertex -13.9548 -16.5 0.606451
      vertex -14.0366 -16.5 0.728846
    endloop
  endfacet
  facet normal -0.524381 -0.475019 -0.70667
    outer loop
      vertex -13.4623 -17.2123 0.388573
      vertex -13.5359 -17.2859 0.492661
      vertex -13.5287 -17.139 0.388573
    endloop
  endfacet
  facet normal -0.444258 0.158485 -0.881769
    outer loop
      vertex -13.3425 16.7454 0.144015
      vertex -13.4879 16.7239 0.213407
      vertex -13.4625 16.7951 0.213407
    endloop
  endfacet
  facet normal -0.444258 -0.158485 -0.881769
    outer loop
      vertex -13.4625 -16.7951 0.213407
      vertex -13.4879 -16.7239 0.213407
      vertex -13.3425 -16.7454 0.144015
    endloop
  endfacet
  facet normal -0.457807 -0.114607 -0.881634
    outer loop
      vertex -13.4879 -16.7239 0.213407
      vertex -13.5063 -16.6504 0.213407
      vertex -13.379 -16.6251 0.144015
    endloop
  endfacet
  facet normal -0.285476 -0.477063 -0.831213
    outer loop
      vertex -13.1712 -17.288 0.295188
      vertex -13.2464 -17.243 0.295188
      vertex -13.1784 -17.1412 0.213407
    endloop
  endfacet
  facet normal -0.41914 -0.886797 -0.194713
    outer loop
      vertex -13.3178 -17.8708 1.2799
      vertex -13.4494 -17.8086 1.2799
      vertex -13.3068 -17.8443 1.13553
    endloop
  endfacet
  facet normal -0.788056 -0.58397 -0.194799
    outer loop
      vertex -13.897 -17.4413 1.2799
      vertex -13.9837 -17.3243 1.2799
      vertex -13.8748 -17.4231 1.13553
    endloop
  endfacet
  facet normal -0.797533 -0.377221 -0.470792
    outer loop
      vertex -13.9459 -17.1392 0.858666
      vertex -14.0028 -17.0189 0.858666
      vertex -13.9387 -16.9924 0.728846
    endloop
  endfacet
  facet normal -0.606969 -0.363792 -0.706572
    outer loop
      vertex -13.6741 -17.1175 0.492661
      vertex -13.7302 -17.0239 0.492661
      vertex -13.6384 -16.9749 0.388573
    endloop
  endfacet
  facet normal -0.283578 -0.257306 -0.923784
    outer loop
      vertex -13.1073 -16.8573 0.0876837
      vertex -13.2458 -16.9069 0.144015
      vertex -13.1406 -16.8206 0.0876837
    endloop
  endfacet
  facet normal -0.326415 -0.54424 -0.772824
    outer loop
      vertex -13.2249 -17.3884 0.388573
      vertex -13.3096 -17.3376 0.388573
      vertex -13.1712 -17.288 0.295188
    endloop
  endfacet
  facet normal -0.857733 -0.514096 0
    outer loop
      vertex -13.9972 -17.3334 9.695
      vertex -14.0729 -17.2071 9.71
      vertex -14.0729 -17.2071 9.695
    endloop
  endfacet
  facet normal -0.857733 -0.514096 0
    outer loop
      vertex -14.0729 -17.2071 9.71
      vertex -13.9972 -17.3334 9.695
      vertex -13.9972 -17.3334 9.71
    endloop
  endfacet
  facet normal -0.792223 -0.475467 -0.38251
    outer loop
      vertex -13.9243 -17.2846 0.994665
      vertex -13.9956 -17.1658 0.994665
      vertex -13.9459 -17.1392 0.858666
    endloop
  endfacet
  facet normal -0.792608 -0.475148 -0.382107
    outer loop
      vertex -13.9243 -17.2846 0.994665
      vertex -13.9459 -17.1392 0.858666
      vertex -13.8775 -17.2533 0.858666
    endloop
  endfacet
  facet normal -0.870075 -0.31136 -0.38213
    outer loop
      vertex -14.0548 -17.0405 0.994665
      vertex -14.1015 -16.91 0.994665
      vertex -14.0028 -17.0189 0.858666
    endloop
  endfacet
  facet normal -0.901074 -0.322453 -0.289983
    outer loop
      vertex -14.0943 -17.0568 1.13553
      vertex -14.1015 -16.91 0.994665
      vertex -14.0548 -17.0405 0.994665
    endloop
  endfacet
  facet normal -0.979543 -0.0480842 -0.195406
    outer loop
      vertex -14.198 -16.6426 1.13553
      vertex -14.2338 -16.5 1.2799
      vertex -14.205 -16.5 1.13553
    endloop
  endfacet
  facet normal -0.913837 -0.136103 -0.382593
    outer loop
      vertex -14.0799 -16.7645 0.858666
      vertex -14.1352 -16.7755 0.994665
      vertex -14.0995 -16.6329 0.858666
    endloop
  endfacet
  facet normal -0.941527 -0.336939 -0.0002221
    outer loop
      vertex -14.1358 -17.074 9.695
      vertex -14.1854 -16.9354 9.695
      vertex -14.1341 -17.0733 1.4264
    endloop
  endfacet
  facet normal -0.965324 -0.242015 -0.0978698
    outer loop
      vertex -14.1837 -16.9349 1.4264
      vertex -14.2053 -16.7895 1.2799
      vertex -14.1699 -16.9307 1.2799
    endloop
  endfacet
  facet normal 0.504134 -0.841367 -0.194808
    outer loop
      vertex 13.5743 -17.7337 1.2799
      vertex 13.4359 -17.7832 1.13553
      vertex 13.5584 -17.7098 1.13553
    endloop
  endfacet
  facet normal -0.803088 0.595861 0
    outer loop
      vertex -13.9972 17.3334 9.695
      vertex -13.9095 17.4516 9.71
      vertex -13.9095 17.4516 9.695
    endloop
  endfacet
  facet normal -0.803088 0.595861 0
    outer loop
      vertex -13.9095 17.4516 9.71
      vertex -13.9972 17.3334 9.695
      vertex -13.9972 17.3334 9.71
    endloop
  endfacet
  facet normal 0.904125 -0.427269 -0.000222057
    outer loop
      vertex 14.1358 -17.074 9.695
      vertex 14.0729 -17.2071 9.695
      vertex 14.1341 -17.0733 1.4264
    endloop
  endfacet
  facet normal 0.998799 -0.0489874 -0.000218615
    outer loop
      vertex 14.2428 -16.647 9.695
      vertex 14.241 -16.6468 1.4264
      vertex 14.2482 -16.5 1.4264
    endloop
  endfacet
  facet normal 0.899772 -0.425272 -0.0977403
    outer loop
      vertex 14.0713 -17.2062 1.4264
      vertex 14.0586 -17.1994 1.2799
      vertex 14.1208 -17.0678 1.2799
    endloop
  endfacet
  facet normal 0.803088 0.595861 0
    outer loop
      vertex 13.9972 17.3334 9.71
      vertex 13.9095 17.4516 9.695
      vertex 13.9095 17.4516 9.71
    endloop
  endfacet
  facet normal 0.803088 0.595861 0
    outer loop
      vertex 13.9095 17.4516 9.695
      vertex 13.9972 17.3334 9.71
      vertex 13.9972 17.3334 9.695
    endloop
  endfacet
  facet normal -0.74123 0.671251 0
    outer loop
      vertex -13.9095 17.4516 9.695
      vertex -13.8107 17.5607 9.71
      vertex -13.8107 17.5607 9.695
    endloop
  endfacet
  facet normal -0.74123 0.671251 0
    outer loop
      vertex -13.8107 17.5607 9.71
      vertex -13.9095 17.4516 9.695
      vertex -13.9095 17.4516 9.71
    endloop
  endfacet
  facet normal 0.792608 -0.475148 -0.382107
    outer loop
      vertex 13.9243 -17.2846 0.994665
      vertex 13.8775 -17.2533 0.858666
      vertex 13.9459 -17.1392 0.858666
    endloop
  endfacet
  facet normal 0.768896 -0.569801 -0.290044
    outer loop
      vertex 13.9598 -17.3084 1.13553
      vertex 13.8748 -17.4231 1.13553
      vertex 13.9243 -17.2846 0.994665
    endloop
  endfacet
  facet normal 0.901074 -0.322453 -0.289983
    outer loop
      vertex 14.0943 -17.0568 1.13553
      vertex 14.0548 -17.0405 0.994665
      vertex 14.1015 -16.91 0.994665
    endloop
  endfacet
  facet normal 0.984474 -0.145519 -0.098158
    outer loop
      vertex 14.241 -16.6468 1.4264
      vertex 14.2053 -16.7895 1.2799
      vertex 14.2266 -16.6454 1.2799
    endloop
  endfacet
  facet normal 0.671251 -0.74123 -0.000222072
    outer loop
      vertex 13.8107 -17.5607 9.695
      vertex 13.7016 -17.6595 9.695
      vertex 13.8094 -17.5594 1.4264
    endloop
  endfacet
  facet normal 0.74123 -0.671251 0
    outer loop
      vertex 13.8107 -17.5607 9.71
      vertex 13.9095 -17.4516 9.695
      vertex 13.9095 -17.4516 9.71
    endloop
  endfacet
  facet normal 0.74123 -0.671251 0
    outer loop
      vertex 13.9095 -17.4516 9.695
      vertex 13.8107 -17.5607 9.71
      vertex 13.8107 -17.5607 9.695
    endloop
  endfacet
  facet normal 0.569801 -0.768896 -0.290044
    outer loop
      vertex 13.5584 -17.7098 1.13553
      vertex 13.5346 -17.6743 0.994665
      vertex 13.6731 -17.6248 1.13553
    endloop
  endfacet
  facet normal 0.238361 -0.951382 -0.195081
    outer loop
      vertex 13.0395 -17.9553 1.2799
      vertex 13.0339 -17.9271 1.13553
      vertex 13.1724 -17.8924 1.13553
    endloop
  endfacet
  facet normal 0.514096 -0.857733 -0.000217775
    outer loop
      vertex 13.5834 -17.7472 9.695
      vertex 13.4571 -17.8229 9.695
      vertex 13.5824 -17.7457 1.4264
    endloop
  endfacet
  facet normal 0.595861 -0.803088 -0.000217751
    outer loop
      vertex 13.5834 -17.7472 9.695
      vertex 13.5824 -17.7457 1.4264
      vertex 13.7016 -17.6595 9.695
    endloop
  endfacet
  facet normal 0.853744 -0.511435 -0.0977496
    outer loop
      vertex 14.0713 -17.2062 1.4264
      vertex 13.9957 -17.3324 1.4264
      vertex 14.0586 -17.1994 1.2799
    endloop
  endfacet
  facet normal 0.853468 -0.511808 -0.0982066
    outer loop
      vertex 13.9957 -17.3324 1.4264
      vertex 13.9837 -17.3243 1.2799
      vertex 14.0586 -17.1994 1.2799
    endloop
  endfacet
  facet normal 0.475467 -0.792223 -0.38251
    outer loop
      vertex 13.4158 -17.7456 0.994665
      vertex 13.3892 -17.6959 0.858666
      vertex 13.5346 -17.6743 0.994665
    endloop
  endfacet
  facet normal 0.620099 -0.684776 -0.38283
    outer loop
      vertex 13.7487 -17.4987 0.994665
      vertex 13.646 -17.5917 0.994665
      vertex 13.7088 -17.4588 0.858666
    endloop
  endfacet
  facet normal 0.31136 -0.870075 -0.38213
    outer loop
      vertex 13.2905 -17.8048 0.994665
      vertex 13.16 -17.8515 0.994665
      vertex 13.2689 -17.7528 0.858666
    endloop
  endfacet
  facet normal 0.311089 -0.870077 -0.382348
    outer loop
      vertex 13.16 -17.8515 0.994665
      vertex 13.1436 -17.7976 0.858666
      vertex 13.2689 -17.7528 0.858666
    endloop
  endfacet
  facet normal 0.279804 -0.78317 -0.555297
    outer loop
      vertex 13.2424 -17.6887 0.728846
      vertex 13.0997 -17.6529 0.606451
      vertex 13.2111 -17.6131 0.606451
    endloop
  endfacet
  facet normal 0.297011 -0.830702 -0.470871
    outer loop
      vertex 13.1436 -17.7976 0.858666
      vertex 13.1235 -17.7312 0.728846
      vertex 13.2689 -17.7528 0.858666
    endloop
  endfacet
  facet normal 0.335758 -0.936872 -0.0976592
    outer loop
      vertex 13.3233 -17.8841 1.4264
      vertex 13.1849 -17.9337 1.4264
      vertex 13.3178 -17.8708 1.2799
    endloop
  endfacet
  facet normal 0.242015 -0.965324 -0.0978698
    outer loop
      vertex 13.1849 -17.9337 1.4264
      vertex 13.0395 -17.9553 1.2799
      vertex 13.1807 -17.9199 1.2799
    endloop
  endfacet
  facet normal 0.145519 -0.984474 -0.098158
    outer loop
      vertex 12.8968 -17.991 1.4264
      vertex 12.8954 -17.9766 1.2799
      vertex 13.0395 -17.9553 1.2799
    endloop
  endfacet
  facet normal -0.0407985 -0.830742 -0.55516
    outer loop
      vertex -12.75 -17.7048 0.606451
      vertex -12.8761 -17.7804 0.728846
      vertex -12.8681 -17.699 0.606451
    endloop
  endfacet
  facet normal 0.113455 -0.765112 -0.633823
    outer loop
      vertex 12.8681 -17.699 0.606451
      vertex 12.8589 -17.6061 0.492661
      vertex 12.9668 -17.5901 0.492661
    endloop
  endfacet
  facet normal 0.023677 -0.471048 -0.88179
    outer loop
      vertex 12.8256 -17.2674 0.213407
      vertex 12.75 -17.2712 0.213407
      vertex 12.75 -17.1413 0.144015
    endloop
  endfacet
  facet normal 0.242525 -0.404624 -0.881737
    outer loop
      vertex 13.1135 -17.1801 0.213407
      vertex 13.1063 -17.0332 0.144015
      vertex 13.1784 -17.1412 0.213407
    endloop
  endfacet
  facet normal 0.57365 -0.271425 -0.772822
    outer loop
      vertex 13.6384 -16.9749 0.388573
      vertex 13.538 -16.9212 0.295188
      vertex 13.6807 -16.8855 0.388573
    endloop
  endfacet
  facet normal 0.667789 -0.495903 -0.555101
    outer loop
      vertex 13.7445 -17.3162 0.728846
      vertex 13.6813 -17.2643 0.606451
      vertex 13.8198 -17.2148 0.728846
    endloop
  endfacet
  facet normal 0.0930818 -0.627821 -0.772772
    outer loop
      vertex 12.8487 -17.5025 0.388573
      vertex 12.8376 -17.3892 0.295188
      vertex 12.9465 -17.488 0.388573
    endloop
  endfacet
  facet normal 0.103761 -0.699847 -0.706716
    outer loop
      vertex 12.9668 -17.5901 0.492661
      vertex 12.8487 -17.5025 0.388573
      vertex 12.9465 -17.488 0.388573
    endloop
  endfacet
  facet normal 0.92343 -0.33071 -0.194699
    outer loop
      vertex 14.1208 -17.0678 1.2799
      vertex 14.0943 -17.0568 1.13553
      vertex 14.1699 -16.9307 1.2799
    endloop
  endfacet
  facet normal 0.896292 -0.224247 -0.382589
    outer loop
      vertex 14.1352 -16.7755 0.994665
      vertex 14.0476 -16.8936 0.858666
      vertex 14.0799 -16.7645 0.858666
    endloop
  endfacet
  facet normal 0.524351 -0.475031 -0.706684
    outer loop
      vertex 13.5359 -17.2859 0.492661
      vertex 13.5287 -17.139 0.388573
      vertex 13.6091 -17.2051 0.492661
    endloop
  endfacet
  facet normal 0.639633 -0.302645 -0.706594
    outer loop
      vertex 13.7302 -17.0239 0.492661
      vertex 13.6384 -16.9749 0.388573
      vertex 13.6807 -16.8855 0.388573
    endloop
  endfacet
  facet normal 0.349755 -0.316712 -0.881683
    outer loop
      vertex 13.2953 -17.0453 0.213407
      vertex 13.2035 -16.9535 0.144015
      vertex 13.3461 -16.9892 0.213407
    endloop
  endfacet
  facet normal 0.502907 -0.237818 -0.83098
    outer loop
      vertex 13.538 -16.9212 0.295188
      vertex 13.4625 -16.7951 0.213407
      vertex 13.5755 -16.8419 0.295188
    endloop
  endfacet
  facet normal 0.663605 -0.396855 -0.634141
    outer loop
      vertex 13.7518 -17.1694 0.606451
      vertex 13.6741 -17.1175 0.492661
      vertex 13.8125 -17.0679 0.606451
    endloop
  endfacet
  facet normal 0.913837 -0.136103 -0.382593
    outer loop
      vertex 14.1352 -16.7755 0.994665
      vertex 14.0799 -16.7645 0.858666
      vertex 14.0995 -16.6329 0.858666
    endloop
  endfacet
  facet normal 0.290381 -0.0140791 -0.956808
    outer loop
      vertex 13.2529 -16.5495 0.0876837
      vertex 13.1145 -16.5 0.0449524
      vertex 13.2553 -16.5 0.0876837
    endloop
  endfacet
  facet normal 0.63436 0 -0.773038
    outer loop
      vertex 13.6435 -16.5 0.295188
      vertex 13.7573 16.5 0.388573
      vertex 13.7573 -16.5 0.388573
    endloop
  endfacet
  facet normal 0.63436 0 -0.773038
    outer loop
      vertex 13.7573 16.5 0.388573
      vertex 13.6435 -16.5 0.295188
      vertex 13.6435 16.5 0.295188
    endloop
  endfacet
  facet normal -0.998799 -0.0489874 -0.000218615
    outer loop
      vertex -14.2428 -16.647 9.695
      vertex -14.2482 -16.5 1.4264
      vertex -14.241 -16.6468 1.4264
    endloop
  endfacet
  facet normal -0.98916 -0.146844 -0.000218883
    outer loop
      vertex -14.2194 -16.7923 1.4264
      vertex -14.2428 -16.647 9.695
      vertex -14.241 -16.6468 1.4264
    endloop
  endfacet
  facet normal 0.146746 0.989174 -0.000220659
    outer loop
      vertex 13.0423 17.9694 1.4264
      vertex 12.897 17.9928 9.695
      vertex 13.0426 17.9712 9.695
    endloop
  endfacet
  facet normal -0.904125 -0.427269 0
    outer loop
      vertex -14.0729 -17.2071 9.695
      vertex -14.1358 -17.074 9.71
      vertex -14.1358 -17.074 9.695
    endloop
  endfacet
  facet normal -0.904125 -0.427269 0
    outer loop
      vertex -14.1358 -17.074 9.71
      vertex -14.0729 -17.2071 9.695
      vertex -14.0729 -17.2071 9.71
    endloop
  endfacet
  facet normal -0.0489209 0.998803 -0.00021743
    outer loop
      vertex -12.75 17.9982 1.4264
      vertex -12.897 17.9928 9.695
      vertex -12.75 18 9.695
    endloop
  endfacet
  facet normal -0.0489209 0.998803 0
    outer loop
      vertex -12.75 18 9.695
      vertex -12.897 17.9928 9.71
      vertex -12.75 18 9.71
    endloop
  endfacet
  facet normal -0.0489209 0.998803 0
    outer loop
      vertex -12.897 17.9928 9.71
      vertex -12.75 18 9.695
      vertex -12.897 17.9928 9.695
    endloop
  endfacet
  facet normal 0.492587 0.820748 -0.289363
    outer loop
      vertex 13.5346 17.6743 0.994665
      vertex 13.4158 17.7456 0.994665
      vertex 13.4359 17.7832 1.13553
    endloop
  endfacet
  facet normal 0.886493 0.419556 -0.195199
    outer loop
      vertex 14.0943 17.0568 1.13553
      vertex 14.0332 17.1859 1.13553
      vertex 14.0586 17.1994 1.2799
    endloop
  endfacet
  facet normal 0.880983 0.0430879 -0.471182
    outer loop
      vertex 14.106 16.5 0.858666
      vertex 14.0304 16.6261 0.728846
      vertex 14.0995 16.6329 0.858666
    endloop
  endfacet
  facet normal 0.955933 0.0469252 -0.289811
    outer loop
      vertex 14.205 16.5 1.13553
      vertex 14.1555 16.6384 0.994665
      vertex 14.198 16.6426 1.13553
    endloop
  endfacet
  facet normal 0.969982 0.243175 -0.000219979
    outer loop
      vertex 14.2194 16.7923 1.4264
      vertex 14.1854 16.9354 9.695
      vertex 14.2212 16.7926 9.695
    endloop
  endfacet
  facet normal 0.951382 -0.238361 -0.195081
    outer loop
      vertex 14.2053 -16.7895 1.2799
      vertex 14.1424 -16.9224 1.13553
      vertex 14.1771 -16.7839 1.13553
    endloop
  endfacet
  facet normal 0.233328 0.173167 -0.956855
    outer loop
      vertex 13.053 16.7025 0.0449524
      vertex 13.0317 16.7312 0.0449524
      vertex 13.1702 16.7807 0.0876837
    endloop
  endfacet
  facet normal 0.290381 0.0140791 -0.956808
    outer loop
      vertex 13.2553 16.5 0.0876837
      vertex 13.1145 16.5 0.0449524
      vertex 13.2529 16.5495 0.0876837
    endloop
  endfacet
  facet normal 0.307939 0.227607 -0.923779
    outer loop
      vertex 13.2832 16.8563 0.144015
      vertex 13.1406 16.8206 0.0876837
      vertex 13.2458 16.9069 0.144015
    endloop
  endfacet
  facet normal 0.328567 0.19714 -0.923677
    outer loop
      vertex 13.1957 16.7382 0.0876837
      vertex 13.1702 16.7807 0.0876837
      vertex 13.2832 16.8563 0.144015
    endloop
  endfacet
  facet normal 0.328567 -0.19714 -0.923677
    outer loop
      vertex 13.2832 -16.8563 0.144015
      vertex 13.1702 -16.7807 0.0876837
      vertex 13.1957 -16.7382 0.0876837
    endloop
  endfacet
  facet normal 0.0930727 -0.371682 -0.923683
    outer loop
      vertex 12.9362 -17.1137 0.144015
      vertex 12.8751 -17.129 0.144015
      vertex 12.8967 -16.9836 0.0876837
    endloop
  endfacet
  facet normal -0.097241 0.0135057 -0.995169
    outer loop
      vertex -12.8232 16.5072 0.00180626
      vertex -12.9659 16.5429 0.0162344
      vertex -12.8222 16.5144 0.00180626
    endloop
  endfacet
  facet normal 0.0427513 0.287546 -0.956812
    outer loop
      vertex 12.8211 16.8575 0.0449524
      vertex 12.7995 17.0029 0.0876837
      vertex 12.8486 16.9956 0.0876837
    endloop
  endfacet
  facet normal -0.238074 0.502601 -0.831092
    outer loop
      vertex -13.1135 17.1801 0.213407
      vertex -13.1712 17.288 0.295188
      vertex -13.0451 17.2125 0.213407
    endloop
  endfacet
  facet normal 0.249107 0.149464 -0.956873
    outer loop
      vertex 13.1957 16.7382 0.0876837
      vertex 13.0714 16.6718 0.0449524
      vertex 13.1702 16.7807 0.0876837
    endloop
  endfacet
  facet normal 0.262556 0.124369 -0.956868
    outer loop
      vertex 13.0867 16.6395 0.0449524
      vertex 13.0714 16.6718 0.0449524
      vertex 13.2169 16.6934 0.0876837
    endloop
  endfacet
  facet normal 0.193251 0.0283871 -0.980739
    outer loop
      vertex 13.1127 16.5357 0.0449524
      vertex 12.9659 16.5429 0.0162344
      vertex 13.1075 16.5711 0.0449524
    endloop
  endfacet
  facet normal 0.0720157 0.0665806 -0.995179
    outer loop
      vertex 12.8069 16.5467 0.00180626
      vertex 12.802 16.552 0.00180626
      vertex 12.9056 16.6556 0.0162344
    endloop
  endfacet
  facet normal -0.595861 -0.803088 0
    outer loop
      vertex -13.7016 -17.6595 9.695
      vertex -13.5834 -17.7472 9.71
      vertex -13.7016 -17.6595 9.71
    endloop
  endfacet
  facet normal -0.595861 -0.803088 -0
    outer loop
      vertex -13.5834 -17.7472 9.71
      vertex -13.7016 -17.6595 9.695
      vertex -13.5834 -17.7472 9.695
    endloop
  endfacet
  facet normal -0.140184 0.946758 -0.289824
    outer loop
      vertex -12.8884 17.9055 0.994665
      vertex -13.0255 17.8852 0.994665
      vertex -12.8926 17.948 1.13553
    endloop
  endfacet
  facet normal -0.241698 0.965437 -0.0975387
    outer loop
      vertex -13.0395 17.9553 1.2799
      vertex -13.1849 17.9337 1.4264
      vertex -13.0423 17.9694 1.4264
    endloop
  endfacet
  facet normal -0.596073 0.80293 -0.000222455
    outer loop
      vertex -13.7004 17.6581 1.4264
      vertex -13.7016 17.6595 9.695
      vertex -13.5824 17.7457 1.4264
    endloop
  endfacet
  facet normal -0.671216 0.741262 -0.000222919
    outer loop
      vertex -13.7004 17.6581 1.4264
      vertex -13.8094 17.5594 1.4264
      vertex -13.7016 17.6595 9.695
    endloop
  endfacet
  facet normal 0.707066 0 -0.707148
    outer loop
      vertex 13.8614 -16.5 0.492661
      vertex 13.7573 16.5 0.388573
      vertex 13.8614 16.5 0.492661
    endloop
  endfacet
  facet normal 0.707066 0 -0.707148
    outer loop
      vertex 13.7573 16.5 0.388573
      vertex 13.8614 -16.5 0.492661
      vertex 13.7573 -16.5 0.388573
    endloop
  endfacet
  facet normal 0.555379 0.0272618 -0.83115
    outer loop
      vertex 13.6435 16.5 0.295188
      vertex 13.5174 16.5756 0.213407
      vertex 13.6392 16.5876 0.295188
    endloop
  endfacet
  facet normal 0.555648 0.0279294 -0.830948
    outer loop
      vertex 13.5212 16.5 0.213407
      vertex 13.5174 16.5756 0.213407
      vertex 13.6435 16.5 0.295188
    endloop
  endfacet
  facet normal 0.188341 0.750095 -0.633944
    outer loop
      vertex 13.0997 17.6529 0.606451
      vertex 12.9668 17.5901 0.492661
      vertex 12.985 17.6817 0.606451
    endloop
  endfacet
  facet normal 0.238369 0.666432 -0.706433
    outer loop
      vertex 13.1355 17.4307 0.388573
      vertex 13.0424 17.464 0.388573
      vertex 13.1753 17.5268 0.492661
    endloop
  endfacet
  facet normal 0 0.995204 -0.0978221
    outer loop
      vertex 12.75 17.9838 1.2799
      vertex -12.75 17.9982 1.4264
      vertex 12.75 17.9982 1.4264
    endloop
  endfacet
  facet normal 0 0.995204 -0.0978221
    outer loop
      vertex -12.75 17.9982 1.4264
      vertex 12.75 17.9838 1.2799
      vertex -12.75 17.9838 1.2799
    endloop
  endfacet
  facet normal 0 1 -0.000217691
    outer loop
      vertex 12.75 17.9982 1.4264
      vertex -12.75 18 9.695
      vertex 12.75 18 9.695
    endloop
  endfacet
  facet normal 0 1 -0.000217691
    outer loop
      vertex -12.75 18 9.695
      vertex 12.75 17.9982 1.4264
      vertex -12.75 17.9982 1.4264
    endloop
  endfacet
  facet normal 0.378896 0.281056 -0.881729
    outer loop
      vertex 13.3912 16.9284 0.213407
      vertex 13.2832 16.8563 0.144015
      vertex 13.3461 16.9892 0.213407
    endloop
  endfacet
  facet normal 0.328567 0.19714 -0.923677
    outer loop
      vertex 13.3156 16.8023 0.144015
      vertex 13.1957 16.7382 0.0876837
      vertex 13.2832 16.8563 0.144015
    endloop
  endfacet
  facet normal 0.331234 0.446501 -0.831216
    outer loop
      vertex 13.3169 17.1907 0.295188
      vertex 13.1784 17.1412 0.213407
      vertex 13.2464 17.243 0.295188
    endloop
  endfacet
  facet normal 0.349755 0.316712 -0.881683
    outer loop
      vertex 13.3461 16.9892 0.213407
      vertex 13.2035 16.9535 0.144015
      vertex 13.2953 17.0453 0.213407
    endloop
  endfacet
  facet normal 0.084145 0.050487 -0.995174
    outer loop
      vertex 12.9441 16.6038 0.0162344
      vertex 12.8112 16.5409 0.00180626
      vertex 12.933 16.6223 0.0162344
    endloop
  endfacet
  facet normal 0.050487 0.084145 -0.995174
    outer loop
      vertex 12.8723 16.683 0.0162344
      vertex 12.7909 16.5612 0.00180626
      vertex 12.8538 16.6941 0.0162344
    endloop
  endfacet
  facet normal 0.666105 0.238682 -0.706636
    outer loop
      vertex 13.8136 16.8226 0.492661
      vertex 13.714 16.7924 0.388573
      vertex 13.7768 16.9253 0.492661
    endloop
  endfacet
  facet normal 0.597268 0.214293 -0.772884
    outer loop
      vertex 13.6051 16.7594 0.295188
      vertex 13.5755 16.8419 0.295188
      vertex 13.6807 16.8855 0.388573
    endloop
  endfacet
  facet normal -0.0489209 -0.998803 -0.00021743
    outer loop
      vertex -12.75 -18 9.695
      vertex -12.897 -17.9928 9.695
      vertex -12.75 -17.9982 1.4264
    endloop
  endfacet
  facet normal -0.146844 -0.98916 -0.000218883
    outer loop
      vertex -12.897 -17.9928 9.695
      vertex -13.0423 -17.9694 1.4264
      vertex -12.8968 -17.991 1.4264
    endloop
  endfacet
  facet normal -0.146746 -0.989174 -0.000220659
    outer loop
      vertex -12.897 -17.9928 9.695
      vertex -13.0426 -17.9712 9.695
      vertex -13.0423 -17.9694 1.4264
    endloop
  endfacet
  facet normal 0.336939 0.941527 -0.0002221
    outer loop
      vertex 13.3233 17.8841 1.4264
      vertex 13.1854 17.9354 9.695
      vertex 13.324 17.8858 9.695
    endloop
  endfacet
  facet normal -0.595861 -0.803088 -0.000217751
    outer loop
      vertex -13.5834 -17.7472 9.695
      vertex -13.7016 -17.6595 9.695
      vertex -13.5824 -17.7457 1.4264
    endloop
  endfacet
  facet normal -0.188341 0.750095 -0.633944
    outer loop
      vertex -12.9668 17.5901 0.492661
      vertex -13.0997 17.6529 0.606451
      vertex -12.985 17.6817 0.606451
    endloop
  endfacet
  facet normal -0.671251 -0.74123 0
    outer loop
      vertex -13.8107 -17.5607 9.695
      vertex -13.7016 -17.6595 9.71
      vertex -13.8107 -17.5607 9.71
    endloop
  endfacet
  facet normal -0.671251 -0.74123 -0
    outer loop
      vertex -13.7016 -17.6595 9.71
      vertex -13.8107 -17.5607 9.695
      vertex -13.7016 -17.6595 9.695
    endloop
  endfacet
  facet normal -0.146144 -0.984443 -0.0975416
    outer loop
      vertex -12.8968 -17.991 1.4264
      vertex -13.0423 -17.9694 1.4264
      vertex -13.0395 -17.9553 1.2799
    endloop
  endfacet
  facet normal -0.335758 -0.936872 -0.0976592
    outer loop
      vertex -13.1849 -17.9337 1.4264
      vertex -13.3233 -17.8841 1.4264
      vertex -13.3178 -17.8708 1.2799
    endloop
  endfacet
  facet normal -0.31136 -0.870075 -0.38213
    outer loop
      vertex -13.16 -17.8515 0.994665
      vertex -13.2905 -17.8048 0.994665
      vertex -13.2689 -17.7528 0.858666
    endloop
  endfacet
  facet normal -0.511808 -0.853468 -0.0982066
    outer loop
      vertex -13.4494 -17.8086 1.2799
      vertex -13.5824 -17.7457 1.4264
      vertex -13.5743 -17.7337 1.2799
    endloop
  endfacet
  facet normal -0.668386 -0.737411 -0.0973896
    outer loop
      vertex -13.7004 -17.6581 1.4264
      vertex -13.7992 -17.5492 1.2799
      vertex -13.6913 -17.647 1.2799
    endloop
  endfacet
  facet normal -0.667994 -0.737703 -0.097871
    outer loop
      vertex -13.7004 -17.6581 1.4264
      vertex -13.8094 -17.5594 1.4264
      vertex -13.7992 -17.5492 1.2799
    endloop
  endfacet
  facet normal -0.742317 -0.550407 -0.382122
    outer loop
      vertex -13.8417 -17.396 0.994665
      vertex -13.9243 -17.2846 0.994665
      vertex -13.8775 -17.2533 0.858666
    endloop
  endfacet
  facet normal -0.768896 -0.569801 -0.290044
    outer loop
      vertex -13.8748 -17.4231 1.13553
      vertex -13.9598 -17.3084 1.13553
      vertex -13.9243 -17.2846 0.994665
    endloop
  endfacet
  facet normal -0.803088 -0.595861 -0.000217751
    outer loop
      vertex -13.9095 -17.4516 9.695
      vertex -13.9972 -17.3334 9.695
      vertex -13.9957 -17.3324 1.4264
    endloop
  endfacet
  facet normal -0.857733 -0.514096 -0.000217775
    outer loop
      vertex -13.9972 -17.3334 9.695
      vertex -14.0729 -17.2071 9.695
      vertex -13.9957 -17.3324 1.4264
    endloop
  endfacet
  facet normal 0.0489209 -0.998803 -0.00021743
    outer loop
      vertex 12.897 -17.9928 9.695
      vertex 12.75 -18 9.695
      vertex 12.75 -17.9982 1.4264
    endloop
  endfacet
  facet normal -0.113218 -0.765037 -0.633956
    outer loop
      vertex -12.8681 -17.699 0.606451
      vertex -12.985 -17.6817 0.606451
      vertex -12.9668 -17.5901 0.492661
    endloop
  endfacet
  facet normal -0.363919 -0.606771 -0.706677
    outer loop
      vertex -13.2249 -17.3884 0.388573
      vertex -13.3675 -17.4241 0.492661
      vertex -13.3096 -17.3376 0.388573
    endloop
  endfacet
  facet normal -0.550529 -0.742137 -0.382296
    outer loop
      vertex -13.5033 -17.6275 0.858666
      vertex -13.646 -17.5917 0.994665
      vertex -13.6102 -17.5482 0.858666
    endloop
  endfacet
  facet normal -0.504406 -0.841125 -0.195152
    outer loop
      vertex -13.4494 -17.8086 1.2799
      vertex -13.5743 -17.7337 1.2799
      vertex -13.4359 -17.7832 1.13553
    endloop
  endfacet
  facet normal -0.279804 -0.78317 -0.555297
    outer loop
      vertex -13.0997 -17.6529 0.606451
      vertex -13.2424 -17.6887 0.728846
      vertex -13.2111 -17.6131 0.606451
    endloop
  endfacet
  facet normal 0 -0.881894 -0.471448
    outer loop
      vertex -12.75 -17.7866 0.728846
      vertex 12.75 -17.856 0.858666
      vertex -12.75 -17.856 0.858666
    endloop
  endfacet
  facet normal 0 -0.881894 -0.471448
    outer loop
      vertex 12.75 -17.856 0.858666
      vertex -12.75 -17.7866 0.728846
      vertex 12.75 -17.7866 0.728846
    endloop
  endfacet
  facet normal -0.461101 -0.620688 -0.634139
    outer loop
      vertex -13.4194 -17.5018 0.606451
      vertex -13.5143 -17.4313 0.606451
      vertex -13.3675 -17.4241 0.492661
    endloop
  endfacet
  facet normal -0.663605 -0.396855 -0.634141
    outer loop
      vertex -13.7518 -17.1694 0.606451
      vertex -13.8125 -17.0679 0.606451
      vertex -13.6741 -17.1175 0.492661
    endloop
  endfacet
  facet normal -0.0480842 -0.979543 -0.195406
    outer loop
      vertex -12.75 -17.9838 1.2799
      vertex -12.8926 -17.948 1.13553
      vertex -12.75 -17.955 1.13553
    endloop
  endfacet
  facet normal -0.140184 -0.946758 -0.289824
    outer loop
      vertex -12.8926 -17.948 1.13553
      vertex -13.0255 -17.8852 0.994665
      vertex -12.8884 -17.9055 0.994665
    endloop
  endfacet
  facet normal -0.0492213 -0.993998 -0.0977035
    outer loop
      vertex -12.75 -17.9982 1.4264
      vertex -12.8954 -17.9766 1.2799
      vertex -12.75 -17.9838 1.2799
    endloop
  endfacet
  facet normal -0.0487508 -0.993975 -0.0981672
    outer loop
      vertex -12.75 -17.9982 1.4264
      vertex -12.8968 -17.991 1.4264
      vertex -12.8954 -17.9766 1.2799
    endloop
  endfacet
  facet normal -0.224247 -0.896292 -0.382589
    outer loop
      vertex -13.0255 -17.8852 0.994665
      vertex -13.1436 -17.7976 0.858666
      vertex -13.0145 -17.8299 0.858666
    endloop
  endfacet
  facet normal -0.135367 -0.914227 -0.381923
    outer loop
      vertex -12.8884 -17.9055 0.994665
      vertex -13.0255 -17.8852 0.994665
      vertex -12.8829 -17.8495 0.858666
    endloop
  endfacet
  facet normal -0.872514 0.129235 -0.471187
    outer loop
      vertex -14.0304 16.6261 0.728846
      vertex -14.0995 16.6329 0.858666
      vertex -14.0119 16.751 0.728846
    endloop
  endfacet
  facet normal -0.904125 0.427269 -0.000222057
    outer loop
      vertex -14.1341 17.0733 1.4264
      vertex -14.1358 17.074 9.695
      vertex -14.0729 17.2071 9.695
    endloop
  endfacet
  facet normal -0.965324 0.242015 -0.0978698
    outer loop
      vertex -14.1699 16.9307 1.2799
      vertex -14.2053 16.7895 1.2799
      vertex -14.1837 16.9349 1.4264
    endloop
  endfacet
  facet normal -0.756695 0.453458 -0.470943
    outer loop
      vertex -13.8847 17.1065 0.728846
      vertex -13.9459 17.1392 0.858666
      vertex -13.8198 17.2148 0.728846
    endloop
  endfacet
  facet normal -0.797533 0.377221 -0.470792
    outer loop
      vertex -13.9387 16.9924 0.728846
      vertex -14.0028 17.0189 0.858666
      vertex -13.9459 17.1392 0.858666
    endloop
  endfacet
  facet normal -0.311089 0.870077 -0.382348
    outer loop
      vertex -13.1436 17.7976 0.858666
      vertex -13.2689 17.7528 0.858666
      vertex -13.16 17.8515 0.994665
    endloop
  endfacet
  facet normal -0.242015 0.965324 -0.0978698
    outer loop
      vertex -13.1807 17.9199 1.2799
      vertex -13.1849 17.9337 1.4264
      vertex -13.0395 17.9553 1.2799
    endloop
  endfacet
  facet normal -0.923464 0.330496 -0.194904
    outer loop
      vertex -14.1424 16.9224 1.13553
      vertex -14.1699 16.9307 1.2799
      vertex -14.0943 17.0568 1.13553
    endloop
  endfacet
  facet normal -0.788056 0.58397 -0.194799
    outer loop
      vertex -13.8748 17.4231 1.13553
      vertex -13.9837 17.3243 1.2799
      vertex -13.897 17.4413 1.2799
    endloop
  endfacet
  facet normal -0.765037 0.113218 -0.633956
    outer loop
      vertex -13.8401 16.7168 0.492661
      vertex -13.949 16.6181 0.606451
      vertex -13.9317 16.735 0.606451
    endloop
  endfacet
  facet normal -0.63436 0 -0.773038
    outer loop
      vertex -13.7573 -16.5 0.388573
      vertex -13.6435 16.5 0.295188
      vertex -13.6435 -16.5 0.295188
    endloop
  endfacet
  facet normal -0.63436 0 -0.773038
    outer loop
      vertex -13.6435 16.5 0.295188
      vertex -13.7573 -16.5 0.388573
      vertex -13.7573 16.5 0.388573
    endloop
  endfacet
  facet normal -0.756674 0.453606 -0.470836
    outer loop
      vertex -13.8198 17.2148 0.728846
      vertex -13.9459 17.1392 0.858666
      vertex -13.8775 17.2533 0.858666
    endloop
  endfacet
  facet normal -0.129977 0.8727 -0.470639
    outer loop
      vertex -13.001 17.7619 0.728846
      vertex -13.0145 17.8299 0.858666
      vertex -12.8829 17.8495 0.858666
    endloop
  endfacet
  facet normal -0.477063 0.285476 -0.831213
    outer loop
      vertex -13.3912 16.9284 0.213407
      vertex -13.538 16.9212 0.295188
      vertex -13.493 16.9964 0.295188
    endloop
  endfacet
  facet normal 0.023226 0.471262 -0.881687
    outer loop
      vertex 12.8129 17.1382 0.144015
      vertex 12.75 17.1413 0.144015
      vertex 12.8256 17.2674 0.213407
    endloop
  endfacet
  facet normal -0.855872 0.214492 -0.470613
    outer loop
      vertex -14.0119 16.751 0.728846
      vertex -14.0799 16.7645 0.858666
      vertex -13.9812 16.8735 0.728846
    endloop
  endfacet
  facet normal -0.751573 0.356082 -0.555287
    outer loop
      vertex -13.8631 16.9611 0.606451
      vertex -13.9387 16.9924 0.728846
      vertex -13.8125 17.0679 0.606451
    endloop
  endfacet
  facet normal 0 0.772961 -0.634454
    outer loop
      vertex 12.75 17.6114 0.492661
      vertex -12.75 17.7048 0.606451
      vertex 12.75 17.7048 0.606451
    endloop
  endfacet
  facet normal 0 0.772961 -0.634454
    outer loop
      vertex -12.75 17.7048 0.606451
      vertex 12.75 17.6114 0.492661
      vertex -12.75 17.6114 0.492661
    endloop
  endfacet
  facet normal -0.896292 -0.224247 -0.382589
    outer loop
      vertex -14.0476 -16.8936 0.858666
      vertex -14.1352 -16.7755 0.994665
      vertex -14.0799 -16.7645 0.858666
    endloop
  endfacet
  facet normal -0.946758 -0.140184 -0.289824
    outer loop
      vertex -14.1352 -16.7755 0.994665
      vertex -14.198 -16.6426 1.13553
      vertex -14.1555 -16.6384 0.994665
    endloop
  endfacet
  facet normal 0 -0.0980114 -0.995185
    outer loop
      vertex -12.75 -16.7201 0.0162344
      vertex 12.75 -16.5736 0.00180626
      vertex 12.75 -16.7201 0.0162344
    endloop
  endfacet
  facet normal -0 -0.0980114 -0.995185
    outer loop
      vertex 12.75 -16.5736 0.00180626
      vertex -12.75 -16.7201 0.0162344
      vertex -12.75 -16.5736 0.00180626
    endloop
  endfacet
  facet normal 0.0720157 -0.0665806 -0.995179
    outer loop
      vertex 12.9056 -16.6556 0.0162344
      vertex 12.802 -16.552 0.00180626
      vertex 12.8069 -16.5467 0.00180626
    endloop
  endfacet
  facet normal -0.16759 -0.100445 -0.980726
    outer loop
      vertex -13.053 -16.7025 0.0449524
      vertex -13.0714 -16.6718 0.0449524
      vertex -12.9441 -16.6038 0.0162344
    endloop
  endfacet
  facet normal -0.628066 -0.0927249 -0.772616
    outer loop
      vertex -13.6264 -16.6743 0.295188
      vertex -13.738 -16.6965 0.388573
      vertex -13.6392 -16.5876 0.295188
    endloop
  endfacet
  facet normal -0.382673 0 -0.923884
    outer loop
      vertex -13.3913 -16.5 0.144015
      vertex -13.2553 16.5 0.0876837
      vertex -13.2553 -16.5 0.0876837
    endloop
  endfacet
  facet normal -0.382673 0 -0.923884
    outer loop
      vertex -13.2553 16.5 0.0876837
      vertex -13.3913 -16.5 0.144015
      vertex -13.3913 16.5 0.144015
    endloop
  endfacet
  facet normal -0.411888 -0.373809 -0.831033
    outer loop
      vertex -13.3818 -17.1318 0.295188
      vertex -13.4407 -17.0669 0.295188
      vertex -13.2953 -17.0453 0.213407
    endloop
  endfacet
  facet normal -0.201659 -0.426558 -0.881693
    outer loop
      vertex -12.9954 -17.0925 0.144015
      vertex -13.1135 -17.1801 0.213407
      vertex -13.0523 -17.0656 0.144015
    endloop
  endfacet
  facet normal -0.023226 -0.471262 -0.881687
    outer loop
      vertex -12.75 -17.1413 0.144015
      vertex -12.8256 -17.2674 0.213407
      vertex -12.8129 -17.1382 0.144015
    endloop
  endfacet
  facet normal 0.0311236 -0.634052 -0.772663
    outer loop
      vertex 12.8376 -17.3892 0.295188
      vertex 12.75 -17.5073 0.388573
      vertex 12.75 -17.3935 0.295188
    endloop
  endfacet
  facet normal -0.491894 -0.82094 -0.289997
    outer loop
      vertex -13.4359 -17.7832 1.13553
      vertex -13.5584 -17.7098 1.13553
      vertex -13.5346 -17.6743 0.994665
    endloop
  endfacet
  facet normal -0.558099 -0.616742 -0.555116
    outer loop
      vertex -13.5662 -17.4945 0.728846
      vertex -13.6598 -17.4098 0.728846
      vertex -13.5143 -17.4313 0.606451
    endloop
  endfacet
  facet normal -0.311089 -0.870077 -0.382348
    outer loop
      vertex -13.16 -17.8515 0.994665
      vertex -13.2689 -17.7528 0.858666
      vertex -13.1436 -17.7976 0.858666
    endloop
  endfacet
  facet normal -0.504134 -0.841367 -0.194808
    outer loop
      vertex -13.4359 -17.7832 1.13553
      vertex -13.5743 -17.7337 1.2799
      vertex -13.5584 -17.7098 1.13553
    endloop
  endfacet
  facet normal -0.597766 -0.213809 -0.772633
    outer loop
      vertex -13.6807 -16.8855 0.388573
      vertex -13.714 -16.7924 0.388573
      vertex -13.6051 -16.7594 0.295188
    endloop
  endfacet
  facet normal -0.666105 -0.238682 -0.706636
    outer loop
      vertex -13.7768 -16.9253 0.492661
      vertex -13.8136 -16.8226 0.492661
      vertex -13.714 -16.7924 0.388573
    endloop
  endfacet
  facet normal -0.667755 -0.496067 -0.554996
    outer loop
      vertex -13.6813 -17.2643 0.606451
      vertex -13.8198 -17.2148 0.728846
      vertex -13.7518 -17.1694 0.606451
    endloop
  endfacet
  facet normal -0.460878 -0.621121 -0.633877
    outer loop
      vertex -13.3675 -17.4241 0.492661
      vertex -13.5143 -17.4313 0.606451
      vertex -13.4551 -17.3591 0.492661
    endloop
  endfacet
  facet normal -0.373809 -0.411888 -0.831033
    outer loop
      vertex -13.3169 -17.1907 0.295188
      vertex -13.3818 -17.1318 0.295188
      vertex -13.2953 -17.0453 0.213407
    endloop
  endfacet
  facet normal -0.249212 -0.149365 -0.956861
    outer loop
      vertex -13.053 -16.7025 0.0449524
      vertex -13.1702 -16.7807 0.0876837
      vertex -13.0714 -16.6718 0.0449524
    endloop
  endfacet
  facet normal -0.163918 -0.346394 -0.923657
    outer loop
      vertex -12.9434 -16.9669 0.0876837
      vertex -12.9954 -17.0925 0.144015
      vertex -12.9882 -16.9457 0.0876837
    endloop
  endfacet
  facet normal -0.173111 -0.233349 -0.95686
    outer loop
      vertex -13.0307 -16.9202 0.0876837
      vertex -13.0706 -16.8906 0.0876837
      vertex -12.9812 -16.7817 0.0449524
    endloop
  endfacet
  facet normal -0.597268 -0.214293 -0.772884
    outer loop
      vertex -13.5755 -16.8419 0.295188
      vertex -13.6807 -16.8855 0.388573
      vertex -13.6051 -16.7594 0.295188
    endloop
  endfacet
  facet normal -0.568237 -0.421526 -0.706699
    outer loop
      vertex -13.5287 -17.139 0.388573
      vertex -13.6741 -17.1175 0.492661
      vertex -13.5876 -17.0596 0.388573
    endloop
  endfacet
  facet normal -0.936872 -0.335758 -0.0976592
    outer loop
      vertex -14.1341 -17.0733 1.4264
      vertex -14.1837 -16.9349 1.4264
      vertex -14.1208 -17.0678 1.2799
    endloop
  endfacet
  facet normal -0.870077 -0.311089 -0.382348
    outer loop
      vertex -14.0028 -17.0189 0.858666
      vertex -14.1015 -16.91 0.994665
      vertex -14.0476 -16.8936 0.858666
    endloop
  endfacet
  facet normal -0.756695 -0.453458 -0.470943
    outer loop
      vertex -13.8198 -17.2148 0.728846
      vertex -13.9459 -17.1392 0.858666
      vertex -13.8847 -17.1065 0.728846
    endloop
  endfacet
  facet normal -0.667789 -0.495903 -0.555101
    outer loop
      vertex -13.7445 -17.3162 0.728846
      vertex -13.8198 -17.2148 0.728846
      vertex -13.6813 -17.2643 0.606451
    endloop
  endfacet
  facet normal -0.713922 -0.426946 -0.555007
    outer loop
      vertex -13.7518 -17.1694 0.606451
      vertex -13.8198 -17.2148 0.728846
      vertex -13.8125 -17.0679 0.606451
    endloop
  endfacet
  facet normal -0.928326 -0.232599 -0.290014
    outer loop
      vertex -14.1015 -16.91 0.994665
      vertex -14.1424 -16.9224 1.13553
      vertex -14.1352 -16.7755 0.994665
    endloop
  endfacet
  facet normal -0.901057 -0.322477 -0.290008
    outer loop
      vertex -14.0943 -17.0568 1.13553
      vertex -14.1424 -16.9224 1.13553
      vertex -14.1015 -16.91 0.994665
    endloop
  endfacet
  facet normal -0.923007 -0.0453501 -0.382101
    outer loop
      vertex -14.1555 -16.6384 0.994665
      vertex -14.1623 -16.5 0.994665
      vertex -14.106 -16.5 0.858666
    endloop
  endfacet
  facet normal -0.955943 -0.0469683 -0.289772
    outer loop
      vertex -14.1555 -16.6384 0.994665
      vertex -14.205 -16.5 1.13553
      vertex -14.1623 -16.5 0.994665
    endloop
  endfacet
  facet normal -0.993998 -0.0492213 -0.0977035
    outer loop
      vertex -14.2266 -16.6454 1.2799
      vertex -14.2482 -16.5 1.4264
      vertex -14.2338 -16.5 1.2799
    endloop
  endfacet
  facet normal -0.979603 -0.0485085 -0.195002
    outer loop
      vertex -14.2266 -16.6454 1.2799
      vertex -14.2338 -16.5 1.2799
      vertex -14.198 -16.6426 1.13553
    endloop
  endfacet
  facet normal -0.970062 -0.242856 -0.000214127
    outer loop
      vertex -14.1854 -16.9354 9.695
      vertex -14.2194 -16.7923 1.4264
      vertex -14.1837 -16.9349 1.4264
    endloop
  endfacet
  facet normal -0.936926 -0.335544 -0.0978762
    outer loop
      vertex -14.1208 -17.0678 1.2799
      vertex -14.1837 -16.9349 1.4264
      vertex -14.1699 -16.9307 1.2799
    endloop
  endfacet
  facet normal -0.92343 -0.33071 -0.194699
    outer loop
      vertex -14.1208 -17.0678 1.2799
      vertex -14.1699 -16.9307 1.2799
      vertex -14.0943 -17.0568 1.13553
    endloop
  endfacet
  facet normal 0.80293 -0.596073 -0.000222455
    outer loop
      vertex 13.9095 -17.4516 9.695
      vertex 13.9081 -17.4504 1.4264
      vertex 13.9957 -17.3324 1.4264
    endloop
  endfacet
  facet normal 0.989174 -0.146746 0
    outer loop
      vertex 14.2212 -16.7926 9.71
      vertex 14.2428 -16.647 9.695
      vertex 14.2428 -16.647 9.71
    endloop
  endfacet
  facet normal 0.989174 -0.146746 0
    outer loop
      vertex 14.2428 -16.647 9.695
      vertex 14.2212 -16.7926 9.71
      vertex 14.2212 -16.7926 9.695
    endloop
  endfacet
  facet normal 0.936872 -0.335758 -0.0976592
    outer loop
      vertex 14.1341 -17.0733 1.4264
      vertex 14.1208 -17.0678 1.2799
      vertex 14.1837 -16.9349 1.4264
    endloop
  endfacet
  facet normal 0.653717 -0.592721 -0.470463
    outer loop
      vertex 13.7088 -17.4588 0.858666
      vertex 13.6598 -17.4098 0.728846
      vertex 13.7982 -17.3602 0.858666
    endloop
  endfacet
  facet normal 0.667755 -0.496067 -0.554996
    outer loop
      vertex 13.8198 -17.2148 0.728846
      vertex 13.6813 -17.2643 0.606451
      vertex 13.7518 -17.1694 0.606451
    endloop
  endfacet
  facet normal 0.901057 -0.322477 -0.290008
    outer loop
      vertex 14.1424 -16.9224 1.13553
      vertex 14.0943 -17.0568 1.13553
      vertex 14.1015 -16.91 0.994665
    endloop
  endfacet
  facet normal 0.886797 -0.41914 -0.194713
    outer loop
      vertex 14.1208 -17.0678 1.2799
      vertex 14.0586 -17.1994 1.2799
      vertex 14.0943 -17.0568 1.13553
    endloop
  endfacet
  facet normal 0.684776 -0.620099 -0.38283
    outer loop
      vertex 13.7487 -17.4987 0.994665
      vertex 13.7088 -17.4588 0.858666
      vertex 13.8417 -17.396 0.994665
    endloop
  endfacet
  facet normal 0.756674 -0.453606 -0.470836
    outer loop
      vertex 13.8775 -17.2533 0.858666
      vertex 13.8198 -17.2148 0.728846
      vertex 13.9459 -17.1392 0.858666
    endloop
  endfacet
  facet normal 0.841125 -0.504406 -0.195152
    outer loop
      vertex 14.0586 -17.1994 1.2799
      vertex 13.9837 -17.3243 1.2799
      vertex 14.0332 -17.1859 1.13553
    endloop
  endfacet
  facet normal 0.792223 -0.475467 -0.38251
    outer loop
      vertex 13.9956 -17.1658 0.994665
      vertex 13.9243 -17.2846 0.994665
      vertex 13.9459 -17.1392 0.858666
    endloop
  endfacet
  facet normal 0.504406 -0.841125 -0.195152
    outer loop
      vertex 13.4494 -17.8086 1.2799
      vertex 13.4359 -17.7832 1.13553
      vertex 13.5743 -17.7337 1.2799
    endloop
  endfacet
  facet normal 0.491894 -0.82094 -0.289997
    outer loop
      vertex 13.5584 -17.7098 1.13553
      vertex 13.4359 -17.7832 1.13553
      vertex 13.5346 -17.6743 0.994665
    endloop
  endfacet
  facet normal 0.513896 -0.857853 -0.000221932
    outer loop
      vertex 13.4571 -17.8229 9.695
      vertex 13.4562 -17.8213 1.4264
      vertex 13.5824 -17.7457 1.4264
    endloop
  endfacet
  facet normal 0.427238 -0.904139 -0.000221457
    outer loop
      vertex 13.4571 -17.8229 9.695
      vertex 13.3233 -17.8841 1.4264
      vertex 13.4562 -17.8213 1.4264
    endloop
  endfacet
  facet normal 0.667994 -0.737703 -0.097871
    outer loop
      vertex 13.8094 -17.5594 1.4264
      vertex 13.7004 -17.6581 1.4264
      vertex 13.7992 -17.5492 1.2799
    endloop
  endfacet
  facet normal 0.671216 -0.741262 -0.000222919
    outer loop
      vertex 13.7016 -17.6595 9.695
      vertex 13.7004 -17.6581 1.4264
      vertex 13.8094 -17.5594 1.4264
    endloop
  endfacet
  facet normal 0.592721 -0.653717 -0.470463
    outer loop
      vertex 13.7088 -17.4588 0.858666
      vertex 13.6102 -17.5482 0.858666
      vertex 13.6598 -17.4098 0.728846
    endloop
  endfacet
  facet normal 0.525622 -0.708562 -0.470809
    outer loop
      vertex 13.5033 -17.6275 0.858666
      vertex 13.4648 -17.5698 0.728846
      vertex 13.6102 -17.5482 0.858666
    endloop
  endfacet
  facet normal 0.475148 -0.792608 -0.382107
    outer loop
      vertex 13.5346 -17.6743 0.994665
      vertex 13.3892 -17.6959 0.858666
      vertex 13.5033 -17.6275 0.858666
    endloop
  endfacet
  facet normal 0.591842 -0.654031 -0.471133
    outer loop
      vertex 13.6102 -17.5482 0.858666
      vertex 13.5662 -17.4945 0.728846
      vertex 13.6598 -17.4098 0.728846
    endloop
  endfacet
  facet normal 0.238369 -0.666432 -0.706433
    outer loop
      vertex 13.1753 -17.5268 0.492661
      vertex 13.0424 -17.464 0.388573
      vertex 13.1355 -17.4307 0.388573
    endloop
  endfacet
  facet normal 0.296949 -0.830758 -0.470811
    outer loop
      vertex 13.2689 -17.7528 0.858666
      vertex 13.1235 -17.7312 0.728846
      vertex 13.2424 -17.6887 0.728846
    endloop
  endfacet
  facet normal 0.243175 -0.969982 -0.000219979
    outer loop
      vertex 13.0426 -17.9712 9.695
      vertex 13.0423 -17.9694 1.4264
      vertex 13.1854 -17.9354 9.695
    endloop
  endfacet
  facet normal 0.238517 -0.951373 -0.194933
    outer loop
      vertex 13.1807 -17.9199 1.2799
      vertex 13.0395 -17.9553 1.2799
      vertex 13.1724 -17.8924 1.13553
    endloop
  endfacet
  facet normal 0.335544 -0.936926 -0.0978762
    outer loop
      vertex 13.1849 -17.9337 1.4264
      vertex 13.1807 -17.9199 1.2799
      vertex 13.3178 -17.8708 1.2799
    endloop
  endfacet
  facet normal 0.143509 -0.970231 -0.195083
    outer loop
      vertex 13.0395 -17.9553 1.2799
      vertex 12.8926 -17.948 1.13553
      vertex 13.0339 -17.9271 1.13553
    endloop
  endfacet
  facet normal 0.143418 -0.970262 -0.194993
    outer loop
      vertex 12.8954 -17.9766 1.2799
      vertex 12.8926 -17.948 1.13553
      vertex 13.0395 -17.9553 1.2799
    endloop
  endfacet
  facet normal 0.188341 -0.750095 -0.633944
    outer loop
      vertex 12.985 -17.6817 0.606451
      vertex 12.9668 -17.5901 0.492661
      vertex 13.0997 -17.6529 0.606451
    endloop
  endfacet
  facet normal 0.129977 -0.8727 -0.470639
    outer loop
      vertex 13.0145 -17.8299 0.858666
      vertex 12.8829 -17.8495 0.858666
      vertex 13.001 -17.7619 0.728846
    endloop
  endfacet
  facet normal 0.140184 -0.946758 -0.289824
    outer loop
      vertex 12.8926 -17.948 1.13553
      vertex 12.8884 -17.9055 0.994665
      vertex 13.0255 -17.8852 0.994665
    endloop
  endfacet
  facet normal 0.0408442 -0.830718 -0.555192
    outer loop
      vertex 12.8761 -17.7804 0.728846
      vertex 12.75 -17.7866 0.728846
      vertex 12.75 -17.7048 0.606451
    endloop
  endfacet
  facet normal 0.404624 -0.242525 -0.881737
    outer loop
      vertex 13.3912 -16.9284 0.213407
      vertex 13.2832 -16.8563 0.144015
      vertex 13.4301 -16.8635 0.213407
    endloop
  endfacet
  facet normal 0.154146 -0.61586 -0.772629
    outer loop
      vertex 12.9465 -17.488 0.388573
      vertex 12.9243 -17.3764 0.295188
      vertex 13.0094 -17.3551 0.295188
    endloop
  endfacet
  facet normal 0.171915 -0.686363 -0.706648
    outer loop
      vertex 13.0726 -17.5636 0.492661
      vertex 12.9668 -17.5901 0.492661
      vertex 13.0424 -17.464 0.388573
    endloop
  endfacet
  facet normal 0 -0.382673 -0.923884
    outer loop
      vertex -12.75 -17.1413 0.144015
      vertex 12.75 -17.0053 0.0876837
      vertex 12.75 -17.1413 0.144015
    endloop
  endfacet
  facet normal -0 -0.382673 -0.923884
    outer loop
      vertex 12.75 -17.0053 0.0876837
      vertex -12.75 -17.1413 0.144015
      vertex -12.75 -17.0053 0.0876837
    endloop
  endfacet
  facet normal 0.421624 -0.568219 -0.706654
    outer loop
      vertex 13.4551 -17.3591 0.492661
      vertex 13.3675 -17.4241 0.492661
      vertex 13.389 -17.2787 0.388573
    endloop
  endfacet
  facet normal 0.271425 -0.57365 -0.772822
    outer loop
      vertex 13.2249 -17.3884 0.388573
      vertex 13.1355 -17.4307 0.388573
      vertex 13.1712 -17.288 0.295188
    endloop
  endfacet
  facet normal 0.76869 -0.569962 -0.290275
    outer loop
      vertex 13.8748 -17.4231 1.13553
      vertex 13.8417 -17.396 0.994665
      vertex 13.9243 -17.2846 0.994665
    endloop
  endfacet
  facet normal 0.654031 -0.591842 -0.471133
    outer loop
      vertex 13.7982 -17.3602 0.858666
      vertex 13.6598 -17.4098 0.728846
      vertex 13.7445 -17.3162 0.728846
    endloop
  endfacet
  facet normal -0.0375922 -0.772414 -0.634006
    outer loop
      vertex -12.75 -17.7048 0.606451
      vertex -12.8589 -17.6061 0.492661
      vertex -12.75 -17.6114 0.492661
    endloop
  endfacet
  facet normal 0.0407985 -0.830742 -0.55516
    outer loop
      vertex 12.8761 -17.7804 0.728846
      vertex 12.75 -17.7048 0.606451
      vertex 12.8681 -17.699 0.606451
    endloop
  endfacet
  facet normal 0.896324 -0.224581 -0.382319
    outer loop
      vertex 14.1015 -16.91 0.994665
      vertex 14.0476 -16.8936 0.858666
      vertex 14.1352 -16.7755 0.994665
    endloop
  endfacet
  facet normal 0.923007 -0.0453501 -0.382101
    outer loop
      vertex 14.1555 -16.6384 0.994665
      vertex 14.106 -16.5 0.858666
      vertex 14.1623 -16.5 0.994665
    endloop
  endfacet
  facet normal 0.713922 -0.426946 -0.555007
    outer loop
      vertex 13.8198 -17.2148 0.728846
      vertex 13.7518 -17.1694 0.606451
      vertex 13.8125 -17.0679 0.606451
    endloop
  endfacet
  facet normal 0.699416 -0.330556 -0.63368
    outer loop
      vertex 13.8125 -17.0679 0.606451
      vertex 13.7302 -17.0239 0.492661
      vertex 13.7768 -16.9253 0.492661
    endloop
  endfacet
  facet normal 0.331068 -0.698775 -0.63412
    outer loop
      vertex 13.2111 -17.6131 0.606451
      vertex 13.1753 -17.5268 0.492661
      vertex 13.3179 -17.5625 0.606451
    endloop
  endfacet
  facet normal 0.477063 -0.285476 -0.831213
    outer loop
      vertex 13.493 -16.9964 0.295188
      vertex 13.3912 -16.9284 0.213407
      vertex 13.538 -16.9212 0.295188
    endloop
  endfacet
  facet normal 0.446524 -0.331221 -0.831209
    outer loop
      vertex 13.4407 -17.0669 0.295188
      vertex 13.3461 -16.9892 0.213407
      vertex 13.3912 -16.9284 0.213407
    endloop
  endfacet
  facet normal 0.615855 -0.154124 -0.772637
    outer loop
      vertex 13.714 -16.7924 0.388573
      vertex 13.6051 -16.7594 0.295188
      vertex 13.738 -16.6965 0.388573
    endloop
  endfacet
  facet normal 0.555379 -0.0272618 -0.83115
    outer loop
      vertex 13.6392 -16.5876 0.295188
      vertex 13.5174 -16.5756 0.213407
      vertex 13.6435 -16.5 0.295188
    endloop
  endfacet
  facet normal 0.550071 -0.08121 -0.83116
    outer loop
      vertex 13.6264 -16.6743 0.295188
      vertex 13.5174 -16.5756 0.213407
      vertex 13.6392 -16.5876 0.295188
    endloop
  endfacet
  facet normal 0.822783 -0.121763 -0.555159
    outer loop
      vertex 14.0304 -16.6261 0.728846
      vertex 13.9317 -16.735 0.606451
      vertex 13.949 -16.6181 0.606451
    endloop
  endfacet
  facet normal 0.822816 -0.121874 -0.555086
    outer loop
      vertex 14.0119 -16.751 0.728846
      vertex 13.9317 -16.735 0.606451
      vertex 14.0304 -16.6261 0.728846
    endloop
  endfacet
  facet normal 0.639907 -0.302431 -0.706438
    outer loop
      vertex 13.7302 -17.0239 0.492661
      vertex 13.6807 -16.8855 0.388573
      vertex 13.7768 -16.9253 0.492661
    endloop
  endfacet
  facet normal 0.426558 -0.201659 -0.881693
    outer loop
      vertex 13.4301 -16.8635 0.213407
      vertex 13.3156 -16.8023 0.144015
      vertex 13.3425 -16.7454 0.144015
    endloop
  endfacet
  facet normal 0.555648 -0.0279294 -0.830948
    outer loop
      vertex 13.6435 -16.5 0.295188
      vertex 13.5174 -16.5756 0.213407
      vertex 13.5212 -16.5 0.213407
    endloop
  endfacet
  facet normal 0.61586 -0.154146 -0.772629
    outer loop
      vertex 13.738 -16.6965 0.388573
      vertex 13.6051 -16.7594 0.295188
      vertex 13.6264 -16.6743 0.295188
    endloop
  endfacet
  facet normal -0.998803 -0.0489209 0
    outer loop
      vertex -14.2428 -16.647 9.695
      vertex -14.25 -16.5 9.71
      vertex -14.25 -16.5 9.695
    endloop
  endfacet
  facet normal -0.998803 -0.0489209 0
    outer loop
      vertex -14.25 -16.5 9.71
      vertex -14.2428 -16.647 9.695
      vertex -14.2428 -16.647 9.71
    endloop
  endfacet
  facet normal -1 0 0
    outer loop
      vertex -14.25 -16.5 9.695
      vertex -14.25 16.5 9.71
      vertex -14.25 16.5 9.695
    endloop
  endfacet
  facet normal -1 -0 0
    outer loop
      vertex -14.25 16.5 9.71
      vertex -14.25 -16.5 9.695
      vertex -14.25 -16.5 9.71
    endloop
  endfacet
  facet normal -0.989174 -0.146746 0
    outer loop
      vertex -14.2212 -16.7926 9.695
      vertex -14.2428 -16.647 9.71
      vertex -14.2428 -16.647 9.695
    endloop
  endfacet
  facet normal -0.989174 -0.146746 0
    outer loop
      vertex -14.2428 -16.647 9.71
      vertex -14.2212 -16.7926 9.695
      vertex -14.2212 -16.7926 9.71
    endloop
  endfacet
  facet normal -0.989174 -0.146746 -0.000220659
    outer loop
      vertex -14.2212 -16.7926 9.695
      vertex -14.2428 -16.647 9.695
      vertex -14.2194 -16.7923 1.4264
    endloop
  endfacet
  facet normal 0.33737 0.941372 -0.000213944
    outer loop
      vertex 13.3233 17.8841 1.4264
      vertex 13.1849 17.9337 1.4264
      vertex 13.1854 17.9354 9.695
    endloop
  endfacet
  facet normal 0.514096 0.857733 -0
    outer loop
      vertex 13.5834 17.7472 9.695
      vertex 13.4571 17.8229 9.71
      vertex 13.5834 17.7472 9.71
    endloop
  endfacet
  facet normal 0.514096 0.857733 0
    outer loop
      vertex 13.4571 17.8229 9.71
      vertex 13.5834 17.7472 9.695
      vertex 13.4571 17.8229 9.695
    endloop
  endfacet
  facet normal 0.595861 0.803088 -0
    outer loop
      vertex 13.7016 17.6595 9.695
      vertex 13.5834 17.7472 9.71
      vertex 13.7016 17.6595 9.71
    endloop
  endfacet
  facet normal 0.595861 0.803088 0
    outer loop
      vertex 13.5834 17.7472 9.71
      vertex 13.7016 17.6595 9.695
      vertex 13.5834 17.7472 9.695
    endloop
  endfacet
  facet normal 0.642338 0.709335 -0.290252
    outer loop
      vertex 13.7487 17.4987 0.994665
      vertex 13.646 17.5917 0.994665
      vertex 13.6731 17.6248 1.13553
    endloop
  endfacet
  facet normal 0.470575 0.426278 -0.772558
    outer loop
      vertex 13.5287 17.139 0.388573
      vertex 13.4407 17.0669 0.295188
      vertex 13.4623 17.2123 0.388573
    endloop
  endfacet
  facet normal 0.42652 0.469969 -0.772794
    outer loop
      vertex 13.3818 17.1318 0.295188
      vertex 13.3169 17.1907 0.295188
      vertex 13.4623 17.2123 0.388573
    endloop
  endfacet
  facet normal 0.237818 0.502907 -0.83098
    outer loop
      vertex 13.1712 17.288 0.295188
      vertex 13.0451 17.2125 0.213407
      vertex 13.0919 17.3255 0.295188
    endloop
  endfacet
  facet normal 0.904139 0.427238 -0.000221457
    outer loop
      vertex 14.1341 17.0733 1.4264
      vertex 14.0713 17.2062 1.4264
      vertex 14.0729 17.2071 9.695
    endloop
  endfacet
  facet normal 0.830742 0.0407985 -0.55516
    outer loop
      vertex 13.9548 16.5 0.606451
      vertex 13.949 16.6181 0.606451
      vertex 14.0304 16.6261 0.728846
    endloop
  endfacet
  facet normal 0.243175 0.969982 -0
    outer loop
      vertex 13.1854 17.9354 9.695
      vertex 13.0426 17.9712 9.71
      vertex 13.1854 17.9354 9.71
    endloop
  endfacet
  facet normal 0.243175 0.969982 0
    outer loop
      vertex 13.0426 17.9712 9.71
      vertex 13.1854 17.9354 9.695
      vertex 13.0426 17.9712 9.695
    endloop
  endfacet
  facet normal 0.998799 0.0489874 -0.000218615
    outer loop
      vertex 14.2482 16.5 1.4264
      vertex 14.241 16.6468 1.4264
      vertex 14.2428 16.647 9.695
    endloop
  endfacet
  facet normal 0.94674 0.140034 -0.289956
    outer loop
      vertex 14.198 16.6426 1.13553
      vertex 14.1352 16.7755 0.994665
      vertex 14.1771 16.7839 1.13553
    endloop
  endfacet
  facet normal 0.378877 0.05633 -0.923731
    outer loop
      vertex 13.2529 16.5495 0.0876837
      vertex 13.2456 16.5986 0.0876837
      vertex 13.379 16.6251 0.144015
    endloop
  endfacet
  facet normal 0.371682 0.0930727 -0.923683
    outer loop
      vertex 13.379 16.6251 0.144015
      vertex 13.2336 16.6467 0.0876837
      vertex 13.3637 16.6862 0.144015
    endloop
  endfacet
  facet normal 0.189315 0.0477795 -0.980753
    outer loop
      vertex 12.9659 16.5429 0.0162344
      vertex 12.9606 16.5639 0.0162344
      vertex 13.0988 16.6058 0.0449524
    endloop
  endfacet
  facet normal -0.0326528 0.0925163 -0.995176
    outer loop
      vertex -12.7782 16.568 0.00180626
      vertex -12.8139 16.7106 0.0162344
      vertex -12.7714 16.5704 0.00180626
    endloop
  endfacet
  facet normal 0.09801 -0.005445 -0.995171
    outer loop
      vertex 12.9701 -16.5 0.0162344
      vertex 12.8232 -16.5072 0.00180626
      vertex 12.8236 -16.5 0.00180626
    endloop
  endfacet
  facet normal 0.287481 -0.0422289 -0.956855
    outer loop
      vertex 13.2529 -16.5495 0.0876837
      vertex 13.1075 -16.5711 0.0449524
      vertex 13.1127 -16.5357 0.0449524
    endloop
  endfacet
  facet normal -0.0660827 -0.183764 -0.980747
    outer loop
      vertex -12.8139 -16.7106 0.0162344
      vertex -12.8558 -16.8488 0.0449524
      vertex -12.8342 -16.7033 0.0162344
    endloop
  endfacet
  facet normal 0.328567 -0.19714 -0.923677
    outer loop
      vertex 13.2832 -16.8563 0.144015
      vertex 13.1957 -16.7382 0.0876837
      vertex 13.3156 -16.8023 0.144015
    endloop
  endfacet
  facet normal 0.360721 0.129177 -0.923685
    outer loop
      vertex 13.3637 16.6862 0.144015
      vertex 13.2336 16.6467 0.0876837
      vertex 13.3425 16.7454 0.144015
    endloop
  endfacet
  facet normal 0.281875 0.0706718 -0.956845
    outer loop
      vertex 13.1075 16.5711 0.0449524
      vertex 13.0988 16.6058 0.0449524
      vertex 13.2336 16.6467 0.0876837
    endloop
  endfacet
  facet normal 0.0978501 0.273629 -0.956845
    outer loop
      vertex 12.9434 16.9669 0.0876837
      vertex 12.8558 16.8488 0.0449524
      vertex 12.8967 16.9836 0.0876837
    endloop
  endfacet
  facet normal 0.19714 0.328567 -0.923677
    outer loop
      vertex 13.0307 16.9202 0.0876837
      vertex 12.9882 16.9457 0.0876837
      vertex 13.1063 17.0332 0.144015
    endloop
  endfacet
  facet normal -0.143418 0.970262 -0.194993
    outer loop
      vertex -12.8926 17.948 1.13553
      vertex -13.0395 17.9553 1.2799
      vertex -12.8954 17.9766 1.2799
    endloop
  endfacet
  facet normal -0.0485085 0.979603 -0.195002
    outer loop
      vertex -12.8926 17.948 1.13553
      vertex -12.8954 17.9766 1.2799
      vertex -12.75 17.9838 1.2799
    endloop
  endfacet
  facet normal -0.595861 0.803088 -0.000217751
    outer loop
      vertex -13.5824 17.7457 1.4264
      vertex -13.7016 17.6595 9.695
      vertex -13.5834 17.7472 9.695
    endloop
  endfacet
  facet normal -0.595861 0.803088 0
    outer loop
      vertex -13.5834 17.7472 9.695
      vertex -13.7016 17.6595 9.71
      vertex -13.5834 17.7472 9.71
    endloop
  endfacet
  facet normal -0.595861 0.803088 0
    outer loop
      vertex -13.7016 17.6595 9.71
      vertex -13.5834 17.7472 9.695
      vertex -13.7016 17.6595 9.695
    endloop
  endfacet
  facet normal 0.772414 -0.0375922 -0.634006
    outer loop
      vertex 13.9548 -16.5 0.606451
      vertex 13.8561 -16.6089 0.492661
      vertex 13.8614 -16.5 0.492661
    endloop
  endfacet
  facet normal 0.772564 -0.0379414 -0.633802
    outer loop
      vertex 13.949 -16.6181 0.606451
      vertex 13.8561 -16.6089 0.492661
      vertex 13.9548 -16.5 0.606451
    endloop
  endfacet
  facet normal 0.0311236 0.634052 -0.772663
    outer loop
      vertex 12.8376 17.3892 0.295188
      vertex 12.75 17.3935 0.295188
      vertex 12.75 17.5073 0.388573
    endloop
  endfacet
  facet normal 0.0343659 0.706648 -0.70673
    outer loop
      vertex 12.8487 17.5025 0.388573
      vertex 12.75 17.5073 0.388573
      vertex 12.75 17.6114 0.492661
    endloop
  endfacet
  facet normal 0.0927249 0.628066 -0.772616
    outer loop
      vertex 12.9243 17.3764 0.295188
      vertex 12.8376 17.3892 0.295188
      vertex 12.9465 17.488 0.388573
    endloop
  endfacet
  facet normal 0.0692737 0.466818 -0.881636
    outer loop
      vertex 12.8751 17.129 0.144015
      vertex 12.8256 17.2674 0.213407
      vertex 12.9004 17.2563 0.213407
    endloop
  endfacet
  facet normal 0.214492 0.855872 -0.470613
    outer loop
      vertex 13.1235 17.7312 0.728846
      vertex 13.001 17.7619 0.728846
      vertex 13.0145 17.8299 0.858666
    endloop
  endfacet
  facet normal 0.241698 0.965437 -0.0975387
    outer loop
      vertex 13.1849 17.9337 1.4264
      vertex 13.0395 17.9553 1.2799
      vertex 13.0423 17.9694 1.4264
    endloop
  endfacet
  facet normal 0.121763 0.822783 -0.555159
    outer loop
      vertex 12.985 17.6817 0.606451
      vertex 12.8681 17.699 0.606451
      vertex 12.8761 17.7804 0.728846
    endloop
  endfacet
  facet normal 0.279904 0.783072 -0.555384
    outer loop
      vertex 13.2424 17.6887 0.728846
      vertex 13.0997 17.6529 0.606451
      vertex 13.1235 17.7312 0.728846
    endloop
  endfacet
  facet normal 0.349548 0.317294 -0.881556
    outer loop
      vertex 13.2458 16.9069 0.144015
      vertex 13.2035 16.9535 0.144015
      vertex 13.3461 16.9892 0.213407
    endloop
  endfacet
  facet normal 0.477015 0.285915 -0.831089
    outer loop
      vertex 13.4301 16.8635 0.213407
      vertex 13.3912 16.9284 0.213407
      vertex 13.538 16.9212 0.295188
    endloop
  endfacet
  facet normal 0.283546 0.257382 -0.923773
    outer loop
      vertex 13.2458 16.9069 0.144015
      vertex 13.1073 16.8573 0.0876837
      vertex 13.2035 16.9535 0.144015
    endloop
  endfacet
  facet normal 0.0836378 0.176569 -0.980728
    outer loop
      vertex 12.9218 16.8214 0.0449524
      vertex 12.8538 16.6941 0.0162344
      vertex 12.8895 16.8367 0.0449524
    endloop
  endfacet
  facet normal -0.242015 -0.965324 -0.0978698
    outer loop
      vertex -13.0395 -17.9553 1.2799
      vertex -13.1849 -17.9337 1.4264
      vertex -13.1807 -17.9199 1.2799
    endloop
  endfacet
  facet normal -0.241698 -0.965437 -0.0975387
    outer loop
      vertex -13.0423 -17.9694 1.4264
      vertex -13.1849 -17.9337 1.4264
      vertex -13.0395 -17.9553 1.2799
    endloop
  endfacet
  facet normal -0.58397 -0.788056 -0.194799
    outer loop
      vertex -13.5743 -17.7337 1.2799
      vertex -13.6913 -17.647 1.2799
      vertex -13.6731 -17.6248 1.13553
    endloop
  endfacet
  facet normal -0.592495 -0.79956 -0.0982521
    outer loop
      vertex -13.5824 -17.7457 1.4264
      vertex -13.6913 -17.647 1.2799
      vertex -13.5743 -17.7337 1.2799
    endloop
  endfacet
  facet normal -0.70912 -0.642766 -0.28983
    outer loop
      vertex -13.7789 -17.5289 1.13553
      vertex -13.8748 -17.4231 1.13553
      vertex -13.7487 -17.4987 0.994665
    endloop
  endfacet
  facet normal -0.658725 -0.726726 -0.19481
    outer loop
      vertex -13.6731 -17.6248 1.13553
      vertex -13.7992 -17.5492 1.2799
      vertex -13.7789 -17.5289 1.13553
    endloop
  endfacet
  facet normal -0.853468 -0.511808 -0.0982066
    outer loop
      vertex -13.9957 -17.3324 1.4264
      vertex -14.0586 -17.1994 1.2799
      vertex -13.9837 -17.3243 1.2799
    endloop
  endfacet
  facet normal -0.76869 -0.569962 -0.290275
    outer loop
      vertex -13.8748 -17.4231 1.13553
      vertex -13.9243 -17.2846 0.994665
      vertex -13.8417 -17.396 0.994665
    endloop
  endfacet
  facet normal -0.788046 -0.583992 -0.194776
    outer loop
      vertex -13.8748 -17.4231 1.13553
      vertex -13.9837 -17.3243 1.2799
      vertex -13.9598 -17.3084 1.13553
    endloop
  endfacet
  facet normal -0.79956 -0.592495 -0.0982521
    outer loop
      vertex -13.897 -17.4413 1.2799
      vertex -13.9957 -17.3324 1.4264
      vertex -13.9837 -17.3243 1.2799
    endloop
  endfacet
  facet normal 0.0489874 -0.998799 -0.000218615
    outer loop
      vertex 12.897 -17.9928 9.695
      vertex 12.75 -17.9982 1.4264
      vertex 12.8968 -17.991 1.4264
    endloop
  endfacet
  facet normal -0.426946 -0.713922 -0.555007
    outer loop
      vertex -13.3179 -17.5625 0.606451
      vertex -13.4648 -17.5698 0.728846
      vertex -13.4194 -17.5018 0.606451
    endloop
  endfacet
  facet normal -0.113455 -0.765112 -0.633823
    outer loop
      vertex -12.8681 -17.699 0.606451
      vertex -12.9668 -17.5901 0.492661
      vertex -12.8589 -17.6061 0.492661
    endloop
  endfacet
  facet normal -0.214492 -0.855872 -0.470613
    outer loop
      vertex -13.0145 -17.8299 0.858666
      vertex -13.1235 -17.7312 0.728846
      vertex -13.001 -17.7619 0.728846
    endloop
  endfacet
  facet normal -0.21412 -0.855817 -0.470883
    outer loop
      vertex -13.0145 -17.8299 0.858666
      vertex -13.1436 -17.7976 0.858666
      vertex -13.1235 -17.7312 0.728846
    endloop
  endfacet
  facet normal -0.0430879 -0.880983 -0.471182
    outer loop
      vertex -12.75 -17.856 0.858666
      vertex -12.8829 -17.8495 0.858666
      vertex -12.8761 -17.7804 0.728846
    endloop
  endfacet
  facet normal -0.0453501 -0.923007 -0.382101
    outer loop
      vertex -12.75 -17.9123 0.994665
      vertex -12.8884 -17.9055 0.994665
      vertex -12.75 -17.856 0.858666
    endloop
  endfacet
  facet normal -0.955933 0.0469252 -0.289811
    outer loop
      vertex -14.1555 16.6384 0.994665
      vertex -14.205 16.5 1.13553
      vertex -14.198 16.6426 1.13553
    endloop
  endfacet
  facet normal -0.956999 0 -0.290092
    outer loop
      vertex -14.1623 -16.5 0.994665
      vertex -14.205 16.5 1.13553
      vertex -14.1623 16.5 0.994665
    endloop
  endfacet
  facet normal -0.956999 -0 -0.290092
    outer loop
      vertex -14.205 16.5 1.13553
      vertex -14.1623 -16.5 0.994665
      vertex -14.205 -16.5 1.13553
    endloop
  endfacet
  facet normal -0.989174 0.146746 -0.000220659
    outer loop
      vertex -14.2194 16.7923 1.4264
      vertex -14.2428 16.647 9.695
      vertex -14.2212 16.7926 9.695
    endloop
  endfacet
  facet normal -0.969982 0.243175 -0.000219979
    outer loop
      vertex -14.2194 16.7923 1.4264
      vertex -14.2212 16.7926 9.695
      vertex -14.1854 16.9354 9.695
    endloop
  endfacet
  facet normal -0.880983 0.0430879 -0.471182
    outer loop
      vertex -14.0304 16.6261 0.728846
      vertex -14.106 16.5 0.858666
      vertex -14.0995 16.6329 0.858666
    endloop
  endfacet
  facet normal -0.955943 0.0469683 -0.289772
    outer loop
      vertex -14.1623 16.5 0.994665
      vertex -14.205 16.5 1.13553
      vertex -14.1555 16.6384 0.994665
    endloop
  endfacet
  facet normal -0.425272 0.899772 -0.0977403
    outer loop
      vertex -13.4494 17.8086 1.2799
      vertex -13.4562 17.8213 1.4264
      vertex -13.3178 17.8708 1.2799
    endloop
  endfacet
  facet normal -0.427415 0.713236 -0.555528
    outer loop
      vertex -13.3179 17.5625 0.606451
      vertex -13.4648 17.5698 0.728846
      vertex -13.3565 17.6347 0.728846
    endloop
  endfacet
  facet normal -0.726726 0.658725 -0.19481
    outer loop
      vertex -13.7789 17.5289 1.13553
      vertex -13.8748 17.4231 1.13553
      vertex -13.7992 17.5492 1.2799
    endloop
  endfacet
  facet normal -0.296949 0.830758 -0.470811
    outer loop
      vertex -13.2424 17.6887 0.728846
      vertex -13.2689 17.7528 0.858666
      vertex -13.1235 17.7312 0.728846
    endloop
  endfacet
  facet normal -0.684538 0.620666 -0.382336
    outer loop
      vertex -13.7982 17.3602 0.858666
      vertex -13.8417 17.396 0.994665
      vertex -13.7088 17.4588 0.858666
    endloop
  endfacet
  facet normal -0.335544 0.936926 -0.0978762
    outer loop
      vertex -13.1807 17.9199 1.2799
      vertex -13.3178 17.8708 1.2799
      vertex -13.1849 17.9337 1.4264
    endloop
  endfacet
  facet normal -0.82094 0.491894 -0.289997
    outer loop
      vertex -13.9243 17.2846 0.994665
      vertex -14.0332 17.1859 1.13553
      vertex -13.9598 17.3084 1.13553
    endloop
  endfacet
  facet normal -0.853744 0.511435 -0.0977496
    outer loop
      vertex -14.0586 17.1994 1.2799
      vertex -14.0713 17.2062 1.4264
      vertex -13.9957 17.3324 1.4264
    endloop
  endfacet
  facet normal -0.768896 0.569801 -0.290044
    outer loop
      vertex -13.9243 17.2846 0.994665
      vertex -13.9598 17.3084 1.13553
      vertex -13.8748 17.4231 1.13553
    endloop
  endfacet
  facet normal -0.788046 0.583992 -0.194776
    outer loop
      vertex -13.9598 17.3084 1.13553
      vertex -13.9837 17.3243 1.2799
      vertex -13.8748 17.4231 1.13553
    endloop
  endfacet
  facet normal -0.92309 0.0451474 -0.381925
    outer loop
      vertex -14.106 16.5 0.858666
      vertex -14.1555 16.6384 0.994665
      vertex -14.0995 16.6329 0.858666
    endloop
  endfacet
  facet normal -0.896324 0.224581 -0.382319
    outer loop
      vertex -14.0476 16.8936 0.858666
      vertex -14.1352 16.7755 0.994665
      vertex -14.1015 16.91 0.994665
    endloop
  endfacet
  facet normal -0.772414 0.0375922 -0.634006
    outer loop
      vertex -13.8614 16.5 0.492661
      vertex -13.9548 16.5 0.606451
      vertex -13.8561 16.6089 0.492661
    endloop
  endfacet
  facet normal -0.242525 0.404624 -0.881737
    outer loop
      vertex -13.1063 17.0332 0.144015
      vertex -13.1784 17.1412 0.213407
      vertex -13.1135 17.1801 0.213407
    endloop
  endfacet
  facet normal -0.639907 0.302431 -0.706438
    outer loop
      vertex -13.6807 16.8855 0.388573
      vertex -13.7768 16.9253 0.492661
      vertex -13.7302 17.0239 0.492661
    endloop
  endfacet
  facet normal -0.371682 0.0930727 -0.923683
    outer loop
      vertex -13.2336 16.6467 0.0876837
      vertex -13.379 16.6251 0.144015
      vertex -13.3637 16.6862 0.144015
    endloop
  endfacet
  facet normal -0.797369 0.37737 -0.470952
    outer loop
      vertex -13.9387 16.9924 0.728846
      vertex -13.9459 17.1392 0.858666
      vertex -13.8847 17.1065 0.728846
    endloop
  endfacet
  facet normal -0.835239 0.395055 -0.382502
    outer loop
      vertex -13.9459 17.1392 0.858666
      vertex -14.0028 17.0189 0.858666
      vertex -13.9956 17.1658 0.994665
    endloop
  endfacet
  facet normal -0.0279294 0.555648 -0.830948
    outer loop
      vertex -12.75 17.2712 0.213407
      vertex -12.8256 17.2674 0.213407
      vertex -12.75 17.3935 0.295188
    endloop
  endfacet
  facet normal -0.183764 -0.0660827 -0.980747
    outer loop
      vertex -12.9533 -16.5842 0.0162344
      vertex -13.0988 -16.6058 0.0449524
      vertex -12.9606 -16.5639 0.0162344
    endloop
  endfacet
  facet normal -0.134959 0.539203 -0.831292
    outer loop
      vertex -12.9004 17.2563 0.213407
      vertex -13.0094 17.3551 0.295188
      vertex -12.9243 17.3764 0.295188
    endloop
  endfacet
  facet normal 0.0279294 0.555648 -0.830948
    outer loop
      vertex 12.8256 17.2674 0.213407
      vertex 12.75 17.2712 0.213407
      vertex 12.75 17.3935 0.295188
    endloop
  endfacet
  facet normal -0.830718 0.0408442 -0.555192
    outer loop
      vertex -13.9548 16.5 0.606451
      vertex -14.0366 16.5 0.728846
      vertex -14.0304 16.6261 0.728846
    endloop
  endfacet
  facet normal -0.881066 0.0433197 -0.471006
    outer loop
      vertex -14.0366 16.5 0.728846
      vertex -14.106 16.5 0.858666
      vertex -14.0304 16.6261 0.728846
    endloop
  endfacet
  facet normal -0.103761 0.699847 -0.706716
    outer loop
      vertex -12.9465 17.488 0.388573
      vertex -12.9668 17.5901 0.492661
      vertex -12.8487 17.5025 0.388573
    endloop
  endfacet
  facet normal 0 0.881894 -0.471448
    outer loop
      vertex 12.75 17.7866 0.728846
      vertex -12.75 17.856 0.858666
      vertex 12.75 17.856 0.858666
    endloop
  endfacet
  facet normal 0 0.881894 -0.471448
    outer loop
      vertex -12.75 17.856 0.858666
      vertex 12.75 17.7866 0.728846
      vertex -12.75 17.7866 0.728846
    endloop
  endfacet
  facet normal -0.213809 0.597766 -0.772633
    outer loop
      vertex -13.0094 17.3551 0.295188
      vertex -13.1355 17.4307 0.388573
      vertex -13.0424 17.464 0.388573
    endloop
  endfacet
  facet normal -0.41914 0.886797 -0.194713
    outer loop
      vertex -13.3068 17.8443 1.13553
      vertex -13.4494 17.8086 1.2799
      vertex -13.3178 17.8708 1.2799
    endloop
  endfacet
  facet normal 0.242015 0.965324 -0.0978698
    outer loop
      vertex 13.1807 17.9199 1.2799
      vertex 13.0395 17.9553 1.2799
      vertex 13.1849 17.9337 1.4264
    endloop
  endfacet
  facet normal -0.121874 0.822816 -0.555086
    outer loop
      vertex -12.985 17.6817 0.606451
      vertex -13.001 17.7619 0.728846
      vertex -12.8761 17.7804 0.728846
    endloop
  endfacet
  facet normal -0.830702 -0.297011 -0.470871
    outer loop
      vertex -14.0028 -17.0189 0.858666
      vertex -14.0476 -16.8936 0.858666
      vertex -13.9812 -16.8735 0.728846
    endloop
  endfacet
  facet normal -0.881066 -0.0433197 -0.471006
    outer loop
      vertex -14.0304 -16.6261 0.728846
      vertex -14.106 -16.5 0.858666
      vertex -14.0366 -16.5 0.728846
    endloop
  endfacet
  facet normal -0.00983438 -0.195049 -0.980744
    outer loop
      vertex -12.75 -16.8645 0.0449524
      vertex -12.7857 -16.8627 0.0449524
      vertex -12.75 -16.7201 0.0162344
    endloop
  endfacet
  facet normal -0.195025 -0.00993183 -0.980748
    outer loop
      vertex -12.969 -16.5216 0.0162344
      vertex -13.1127 -16.5357 0.0449524
      vertex -12.9701 -16.5 0.0162344
    endloop
  endfacet
  facet normal 0.0950711 -0.0244469 -0.99517
    outer loop
      vertex 12.9659 -16.5429 0.0162344
      vertex 12.8204 -16.5214 0.00180626
      vertex 12.8222 -16.5144 0.00180626
    endloop
  endfacet
  facet normal -0.193251 -0.0283871 -0.980739
    outer loop
      vertex -13.1075 -16.5711 0.0449524
      vertex -13.1127 -16.5357 0.0449524
      vertex -12.9659 -16.5429 0.0162344
    endloop
  endfacet
  facet normal -0.378896 -0.281056 -0.881729
    outer loop
      vertex -13.3461 -16.9892 0.213407
      vertex -13.3912 -16.9284 0.213407
      vertex -13.2832 -16.8563 0.144015
    endloop
  endfacet
  facet normal -0.639633 -0.302645 -0.706594
    outer loop
      vertex -13.6384 -16.9749 0.388573
      vertex -13.7302 -17.0239 0.492661
      vertex -13.6807 -16.8855 0.388573
    endloop
  endfacet
  facet normal -0.706648 -0.0343659 -0.70673
    outer loop
      vertex -13.7525 -16.5987 0.388573
      vertex -13.8614 -16.5 0.492661
      vertex -13.7573 -16.5 0.388573
    endloop
  endfacet
  facet normal -0.555379 -0.0272618 -0.83115
    outer loop
      vertex -13.6392 -16.5876 0.295188
      vertex -13.6435 -16.5 0.295188
      vertex -13.5174 -16.5756 0.213407
    endloop
  endfacet
  facet normal -0.273629 -0.0978501 -0.956845
    outer loop
      vertex -13.2169 -16.6934 0.0876837
      vertex -13.2336 -16.6467 0.0876837
      vertex -13.0988 -16.6058 0.0449524
    endloop
  endfacet
  facet normal -0.360837 -0.129036 -0.923659
    outer loop
      vertex -13.2169 -16.6934 0.0876837
      vertex -13.3425 -16.7454 0.144015
      vertex -13.2336 -16.6467 0.0876837
    endloop
  endfacet
  facet normal -0.57365 -0.271425 -0.772822
    outer loop
      vertex -13.6384 -16.9749 0.388573
      vertex -13.6807 -16.8855 0.388573
      vertex -13.538 -16.9212 0.295188
    endloop
  endfacet
  facet normal -0.249107 0.149464 -0.956873
    outer loop
      vertex -13.0714 16.6718 0.0449524
      vertex -13.1957 16.7382 0.0876837
      vertex -13.1702 16.7807 0.0876837
    endloop
  endfacet
  facet normal -0.47118 0 -0.882037
    outer loop
      vertex -13.5212 -16.5 0.213407
      vertex -13.3913 16.5 0.144015
      vertex -13.3913 -16.5 0.144015
    endloop
  endfacet
  facet normal -0.47118 0 -0.882037
    outer loop
      vertex -13.3913 16.5 0.144015
      vertex -13.5212 -16.5 0.213407
      vertex -13.5212 16.5 0.213407
    endloop
  endfacet
  facet normal -0.0665806 0.0720157 -0.995179
    outer loop
      vertex -12.802 16.552 0.00180626
      vertex -12.9056 16.6556 0.0162344
      vertex -12.7967 16.5569 0.00180626
    endloop
  endfacet
  facet normal -0.114634 -0.457787 -0.881641
    outer loop
      vertex -12.8751 -17.129 0.144015
      vertex -12.9739 -17.2379 0.213407
      vertex -12.9362 -17.1137 0.144015
    endloop
  endfacet
  facet normal -0.550407 -0.742317 -0.382122
    outer loop
      vertex -13.5346 -17.6743 0.994665
      vertex -13.646 -17.5917 0.994665
      vertex -13.5033 -17.6275 0.858666
    endloop
  endfacet
  facet normal -0.620666 -0.684538 -0.382336
    outer loop
      vertex -13.646 -17.5917 0.994665
      vertex -13.7088 -17.4588 0.858666
      vertex -13.6102 -17.5482 0.858666
    endloop
  endfacet
  facet normal -0.377221 -0.797533 -0.470792
    outer loop
      vertex -13.2689 -17.7528 0.858666
      vertex -13.3892 -17.6959 0.858666
      vertex -13.2424 -17.6887 0.728846
    endloop
  endfacet
  facet normal -0.453458 -0.756695 -0.470943
    outer loop
      vertex -13.3892 -17.6959 0.858666
      vertex -13.4648 -17.5698 0.728846
      vertex -13.3565 -17.6347 0.728846
    endloop
  endfacet
  facet normal -0.408835 -0.865321 -0.289953
    outer loop
      vertex -13.3068 -17.8443 1.13553
      vertex -13.4158 -17.7456 0.994665
      vertex -13.2905 -17.8048 0.994665
    endloop
  endfacet
  facet normal -0.419556 -0.886493 -0.195199
    outer loop
      vertex -13.3068 -17.8443 1.13553
      vertex -13.4494 -17.8086 1.2799
      vertex -13.4359 -17.7832 1.13553
    endloop
  endfacet
  facet normal -0.583992 -0.788046 -0.194776
    outer loop
      vertex -13.5743 -17.7337 1.2799
      vertex -13.6731 -17.6248 1.13553
      vertex -13.5584 -17.7098 1.13553
    endloop
  endfacet
  facet normal -0.475148 -0.792608 -0.382107
    outer loop
      vertex -13.3892 -17.6959 0.858666
      vertex -13.5346 -17.6743 0.994665
      vertex -13.5033 -17.6275 0.858666
    endloop
  endfacet
  facet normal -0.477063 -0.285476 -0.831213
    outer loop
      vertex -13.493 -16.9964 0.295188
      vertex -13.538 -16.9212 0.295188
      vertex -13.3912 -16.9284 0.213407
    endloop
  endfacet
  facet normal -0.666432 -0.238369 -0.706433
    outer loop
      vertex -13.6807 -16.8855 0.388573
      vertex -13.7768 -16.9253 0.492661
      vertex -13.714 -16.7924 0.388573
    endloop
  endfacet
  facet normal -0.573143 -0.519493 -0.633746
    outer loop
      vertex -13.6019 -17.3519 0.606451
      vertex -13.6813 -17.2643 0.606451
      vertex -13.5359 -17.2859 0.492661
    endloop
  endfacet
  facet normal -0.524351 -0.475031 -0.706684
    outer loop
      vertex -13.5359 -17.2859 0.492661
      vertex -13.6091 -17.2051 0.492661
      vertex -13.5287 -17.139 0.388573
    endloop
  endfacet
  facet normal -0.242754 -0.404591 -0.88169
    outer loop
      vertex -13.0523 -17.0656 0.144015
      vertex -13.1135 -17.1801 0.213407
      vertex -13.1063 -17.0332 0.144015
    endloop
  endfacet
  facet normal -0.412091 -0.373159 -0.831224
    outer loop
      vertex -13.2953 -17.0453 0.213407
      vertex -13.4407 -17.0669 0.295188
      vertex -13.3461 -16.9892 0.213407
    endloop
  endfacet
  facet normal -0.242525 -0.404624 -0.881737
    outer loop
      vertex -13.1135 -17.1801 0.213407
      vertex -13.1784 -17.1412 0.213407
      vertex -13.1063 -17.0332 0.144015
    endloop
  endfacet
  facet normal -0.19714 -0.328567 -0.923677
    outer loop
      vertex -13.0523 -17.0656 0.144015
      vertex -13.1063 -17.0332 0.144015
      vertex -12.9882 -16.9457 0.0876837
    endloop
  endfacet
  facet normal -0.378287 -0.509928 -0.772575
    outer loop
      vertex -13.3096 -17.3376 0.388573
      vertex -13.3169 -17.1907 0.295188
      vertex -13.2464 -17.243 0.295188
    endloop
  endfacet
  facet normal -0.544833 -0.32603 -0.772568
    outer loop
      vertex -13.493 -16.9964 0.295188
      vertex -13.5876 -17.0596 0.388573
      vertex -13.538 -16.9212 0.295188
    endloop
  endfacet
  facet normal -0.346394 -0.163918 -0.923657
    outer loop
      vertex -13.1957 -16.7382 0.0876837
      vertex -13.3425 -16.7454 0.144015
      vertex -13.2169 -16.6934 0.0876837
    endloop
  endfacet
  facet normal -0.283546 -0.257382 -0.923773
    outer loop
      vertex -13.2035 -16.9535 0.144015
      vertex -13.2458 -16.9069 0.144015
      vertex -13.1073 -16.8573 0.0876837
    endloop
  endfacet
  facet normal -0.509928 -0.378287 -0.772575
    outer loop
      vertex -13.4407 -17.0669 0.295188
      vertex -13.5876 -17.0596 0.388573
      vertex -13.493 -16.9964 0.295188
    endloop
  endfacet
  facet normal -0.470575 -0.426278 -0.772558
    outer loop
      vertex -13.4623 -17.2123 0.388573
      vertex -13.5287 -17.139 0.388573
      vertex -13.4407 -17.0669 0.295188
    endloop
  endfacet
  facet normal -0.70666 -0.0343921 -0.706717
    outer loop
      vertex -13.8561 -16.6089 0.492661
      vertex -13.8614 -16.5 0.492661
      vertex -13.7525 -16.5987 0.388573
    endloop
  endfacet
  facet normal -0.855817 -0.21412 -0.470883
    outer loop
      vertex -14.0476 -16.8936 0.858666
      vertex -14.0799 -16.7645 0.858666
      vertex -13.9812 -16.8735 0.728846
    endloop
  endfacet
  facet normal -0.620688 -0.461101 -0.634139
    outer loop
      vertex -13.6813 -17.2643 0.606451
      vertex -13.7518 -17.1694 0.606451
      vertex -13.6741 -17.1175 0.492661
    endloop
  endfacet
  facet normal -0.568219 -0.421624 -0.706654
    outer loop
      vertex -13.6091 -17.2051 0.492661
      vertex -13.6741 -17.1175 0.492661
      vertex -13.5287 -17.139 0.388573
    endloop
  endfacet
  facet normal -0.923958 0 -0.382494
    outer loop
      vertex -14.106 -16.5 0.858666
      vertex -14.1623 16.5 0.994665
      vertex -14.106 16.5 0.858666
    endloop
  endfacet
  facet normal -0.923958 -0 -0.382494
    outer loop
      vertex -14.1623 16.5 0.994665
      vertex -14.106 -16.5 0.858666
      vertex -14.1623 -16.5 0.994665
    endloop
  endfacet
  facet normal -0.969982 -0.243175 0
    outer loop
      vertex -14.1854 -16.9354 9.695
      vertex -14.2212 -16.7926 9.71
      vertex -14.2212 -16.7926 9.695
    endloop
  endfacet
  facet normal -0.969982 -0.243175 0
    outer loop
      vertex -14.2212 -16.7926 9.71
      vertex -14.1854 -16.9354 9.695
      vertex -14.1854 -16.9354 9.71
    endloop
  endfacet
  facet normal -0.969982 -0.243175 -0.000219979
    outer loop
      vertex -14.1854 -16.9354 9.695
      vertex -14.2212 -16.7926 9.695
      vertex -14.2194 -16.7923 1.4264
    endloop
  endfacet
  facet normal -0.899772 -0.425272 -0.0977403
    outer loop
      vertex -14.0713 -17.2062 1.4264
      vertex -14.1208 -17.0678 1.2799
      vertex -14.0586 -17.1994 1.2799
    endloop
  endfacet
  facet normal -0.886797 -0.41914 -0.194713
    outer loop
      vertex -14.0586 -17.1994 1.2799
      vertex -14.1208 -17.0678 1.2799
      vertex -14.0943 -17.0568 1.13553
    endloop
  endfacet
  facet normal -0.899818 -0.425196 -0.0976529
    outer loop
      vertex -14.0713 -17.2062 1.4264
      vertex -14.1341 -17.0733 1.4264
      vertex -14.1208 -17.0678 1.2799
    endloop
  endfacet
  facet normal -0.904139 -0.427238 -0.000221457
    outer loop
      vertex -14.0729 -17.2071 9.695
      vertex -14.1341 -17.0733 1.4264
      vertex -14.0713 -17.2062 1.4264
    endloop
  endfacet
  facet normal 0.923464 -0.330496 -0.194904
    outer loop
      vertex 14.1699 -16.9307 1.2799
      vertex 14.0943 -17.0568 1.13553
      vertex 14.1424 -16.9224 1.13553
    endloop
  endfacet
  facet normal 0.965437 -0.241698 -0.0975387
    outer loop
      vertex 14.2194 -16.7923 1.4264
      vertex 14.1837 -16.9349 1.4264
      vertex 14.2053 -16.7895 1.2799
    endloop
  endfacet
  facet normal 0.955933 -0.0469252 -0.289811
    outer loop
      vertex 14.198 -16.6426 1.13553
      vertex 14.1555 -16.6384 0.994665
      vertex 14.205 -16.5 1.13553
    endloop
  endfacet
  facet normal 0.928334 -0.232586 -0.29
    outer loop
      vertex 14.1424 -16.9224 1.13553
      vertex 14.1352 -16.7755 0.994665
      vertex 14.1771 -16.7839 1.13553
    endloop
  endfacet
  facet normal 0.663534 -0.397695 -0.633689
    outer loop
      vertex 13.8125 -17.0679 0.606451
      vertex 13.6741 -17.1175 0.492661
      vertex 13.7302 -17.0239 0.492661
    endloop
  endfacet
  facet normal 0.666432 -0.238369 -0.706433
    outer loop
      vertex 13.7768 -16.9253 0.492661
      vertex 13.6807 -16.8855 0.388573
      vertex 13.714 -16.7924 0.388573
    endloop
  endfacet
  facet normal 0.886493 -0.419556 -0.195199
    outer loop
      vertex 14.0586 -17.1994 1.2799
      vertex 14.0332 -17.1859 1.13553
      vertex 14.0943 -17.0568 1.13553
    endloop
  endfacet
  facet normal 0.788056 -0.58397 -0.194799
    outer loop
      vertex 13.897 -17.4413 1.2799
      vertex 13.8748 -17.4231 1.13553
      vertex 13.9837 -17.3243 1.2799
    endloop
  endfacet
  facet normal 0.830702 -0.297011 -0.470871
    outer loop
      vertex 14.0028 -17.0189 0.858666
      vertex 13.9812 -16.8735 0.728846
      vertex 14.0476 -16.8936 0.858666
    endloop
  endfacet
  facet normal 0.870077 -0.311089 -0.382348
    outer loop
      vertex 14.1015 -16.91 0.994665
      vertex 14.0028 -17.0189 0.858666
      vertex 14.0476 -16.8936 0.858666
    endloop
  endfacet
  facet normal 0.709335 -0.642338 -0.290252
    outer loop
      vertex 13.8748 -17.4231 1.13553
      vertex 13.7487 -17.4987 0.994665
      vertex 13.8417 -17.396 0.994665
    endloop
  endfacet
  facet normal 0.726726 -0.658725 -0.19481
    outer loop
      vertex 13.7992 -17.5492 1.2799
      vertex 13.7789 -17.5289 1.13553
      vertex 13.8748 -17.4231 1.13553
    endloop
  endfacet
  facet normal 0.658725 -0.726726 -0.19481
    outer loop
      vertex 13.7992 -17.5492 1.2799
      vertex 13.6731 -17.6248 1.13553
      vertex 13.7789 -17.5289 1.13553
    endloop
  endfacet
  facet normal 0.70912 -0.642766 -0.28983
    outer loop
      vertex 13.7789 -17.5289 1.13553
      vertex 13.7487 -17.4987 0.994665
      vertex 13.8748 -17.4231 1.13553
    endloop
  endfacet
  facet normal 0.857853 -0.513896 -0.000221932
    outer loop
      vertex 14.0729 -17.2071 9.695
      vertex 13.9957 -17.3324 1.4264
      vertex 14.0713 -17.2062 1.4264
    endloop
  endfacet
  facet normal 0.857733 -0.514096 -0.000217775
    outer loop
      vertex 13.9972 -17.3334 9.695
      vertex 13.9957 -17.3324 1.4264
      vertex 14.0729 -17.2071 9.695
    endloop
  endfacet
  facet normal 0.658714 -0.726741 -0.194793
    outer loop
      vertex 13.6913 -17.647 1.2799
      vertex 13.6731 -17.6248 1.13553
      vertex 13.7992 -17.5492 1.2799
    endloop
  endfacet
  facet normal 0.668386 -0.737411 -0.0973896
    outer loop
      vertex 13.7004 -17.6581 1.4264
      vertex 13.6913 -17.647 1.2799
      vertex 13.7992 -17.5492 1.2799
    endloop
  endfacet
  facet normal 0.593239 -0.799113 -0.0973968
    outer loop
      vertex 13.7004 -17.6581 1.4264
      vertex 13.5824 -17.7457 1.4264
      vertex 13.6913 -17.647 1.2799
    endloop
  endfacet
  facet normal 0.58397 -0.788056 -0.194799
    outer loop
      vertex 13.6913 -17.647 1.2799
      vertex 13.5743 -17.7337 1.2799
      vertex 13.6731 -17.6248 1.13553
    endloop
  endfacet
  facet normal 0.621121 -0.460878 -0.633877
    outer loop
      vertex 13.6813 -17.2643 0.606451
      vertex 13.6091 -17.2051 0.492661
      vertex 13.6741 -17.1175 0.492661
    endloop
  endfacet
  facet normal 0.421526 -0.568237 -0.706699
    outer loop
      vertex 13.3675 -17.4241 0.492661
      vertex 13.3096 -17.3376 0.388573
      vertex 13.389 -17.2787 0.388573
    endloop
  endfacet
  facet normal 0.453606 -0.756674 -0.470836
    outer loop
      vertex 13.5033 -17.6275 0.858666
      vertex 13.3892 -17.6959 0.858666
      vertex 13.4648 -17.5698 0.728846
    endloop
  endfacet
  facet normal 0.550407 -0.742317 -0.382122
    outer loop
      vertex 13.5346 -17.6743 0.994665
      vertex 13.5033 -17.6275 0.858666
      vertex 13.646 -17.5917 0.994665
    endloop
  endfacet
  facet normal 0.171761 -0.686329 -0.706718
    outer loop
      vertex 12.9668 -17.5901 0.492661
      vertex 12.9465 -17.488 0.388573
      vertex 13.0424 -17.464 0.388573
    endloop
  endfacet
  facet normal 0.279904 -0.783072 -0.555384
    outer loop
      vertex 13.1235 -17.7312 0.728846
      vertex 13.0997 -17.6529 0.606451
      vertex 13.2424 -17.6887 0.728846
    endloop
  endfacet
  facet normal 0.37737 -0.797369 -0.470952
    outer loop
      vertex 13.3892 -17.6959 0.858666
      vertex 13.2424 -17.6887 0.728846
      vertex 13.3565 -17.6347 0.728846
    endloop
  endfacet
  facet normal 0.377221 -0.797533 -0.470792
    outer loop
      vertex 13.2689 -17.7528 0.858666
      vertex 13.2424 -17.6887 0.728846
      vertex 13.3892 -17.6959 0.858666
    endloop
  endfacet
  facet normal 0.146844 -0.98916 -0.000218883
    outer loop
      vertex 12.897 -17.9928 9.695
      vertex 12.8968 -17.991 1.4264
      vertex 13.0423 -17.9694 1.4264
    endloop
  endfacet
  facet normal 0.425272 -0.899772 -0.0977403
    outer loop
      vertex 13.4562 -17.8213 1.4264
      vertex 13.3178 -17.8708 1.2799
      vertex 13.4494 -17.8086 1.2799
    endloop
  endfacet
  facet normal 0.425196 -0.899818 -0.0976529
    outer loop
      vertex 13.3233 -17.8841 1.4264
      vertex 13.3178 -17.8708 1.2799
      vertex 13.4562 -17.8213 1.4264
    endloop
  endfacet
  facet normal 0.322453 -0.901074 -0.289983
    outer loop
      vertex 13.3068 -17.8443 1.13553
      vertex 13.16 -17.8515 0.994665
      vertex 13.2905 -17.8048 0.994665
    endloop
  endfacet
  facet normal 0.330496 -0.923464 -0.194904
    outer loop
      vertex 13.1807 -17.9199 1.2799
      vertex 13.1724 -17.8924 1.13553
      vertex 13.3068 -17.8443 1.13553
    endloop
  endfacet
  facet normal 0 -0.956999 -0.290092
    outer loop
      vertex -12.75 -17.9123 0.994665
      vertex 12.75 -17.955 1.13553
      vertex -12.75 -17.955 1.13553
    endloop
  endfacet
  facet normal 0 -0.956999 -0.290092
    outer loop
      vertex 12.75 -17.955 1.13553
      vertex -12.75 -17.9123 0.994665
      vertex 12.75 -17.9123 0.994665
    endloop
  endfacet
  facet normal 0.0433197 -0.881066 -0.471006
    outer loop
      vertex 12.8761 -17.7804 0.728846
      vertex 12.75 -17.856 0.858666
      vertex 12.75 -17.7866 0.728846
    endloop
  endfacet
  facet normal 0.136103 -0.913837 -0.382593
    outer loop
      vertex 13.0255 -17.8852 0.994665
      vertex 12.8829 -17.8495 0.858666
      vertex 13.0145 -17.8299 0.858666
    endloop
  endfacet
  facet normal -0.238682 -0.666105 -0.706636
    outer loop
      vertex -13.0726 -17.5636 0.492661
      vertex -13.1753 -17.5268 0.492661
      vertex -13.0424 -17.464 0.388573
    endloop
  endfacet
  facet normal -0.0433197 -0.881066 -0.471006
    outer loop
      vertex -12.75 -17.856 0.858666
      vertex -12.8761 -17.7804 0.728846
      vertex -12.75 -17.7866 0.728846
    endloop
  endfacet
  facet normal 0.129177 -0.360721 -0.923685
    outer loop
      vertex 12.9362 -17.1137 0.144015
      vertex 12.8967 -16.9836 0.0876837
      vertex 12.9954 -17.0925 0.144015
    endloop
  endfacet
  facet normal 0.238074 -0.502601 -0.831092
    outer loop
      vertex 13.1712 -17.288 0.295188
      vertex 13.0451 -17.2125 0.213407
      vertex 13.1135 -17.1801 0.213407
    endloop
  endfacet
  facet normal 0.0272618 -0.555379 -0.83115
    outer loop
      vertex 12.8376 -17.3892 0.295188
      vertex 12.75 -17.3935 0.295188
      vertex 12.8256 -17.2674 0.213407
    endloop
  endfacet
  facet normal 0.149464 -0.249107 -0.956873
    outer loop
      vertex 12.9882 -16.9457 0.0876837
      vertex 12.9218 -16.8214 0.0449524
      vertex 13.0307 -16.9202 0.0876837
    endloop
  endfacet
  facet normal 0 -0.63436 -0.773038
    outer loop
      vertex -12.75 -17.5073 0.388573
      vertex 12.75 -17.3935 0.295188
      vertex 12.75 -17.5073 0.388573
    endloop
  endfacet
  facet normal -0 -0.63436 -0.773038
    outer loop
      vertex 12.75 -17.3935 0.295188
      vertex -12.75 -17.5073 0.388573
      vertex -12.75 -17.3935 0.295188
    endloop
  endfacet
  facet normal 0.238682 -0.666105 -0.706636
    outer loop
      vertex 13.0726 -17.5636 0.492661
      vertex 13.0424 -17.464 0.388573
      vertex 13.1753 -17.5268 0.492661
    endloop
  endfacet
  facet normal 0.0379414 -0.772564 -0.633802
    outer loop
      vertex 12.8681 -17.699 0.606451
      vertex 12.75 -17.7048 0.606451
      vertex 12.8589 -17.6061 0.492661
    endloop
  endfacet
  facet normal 0.42652 -0.469969 -0.772794
    outer loop
      vertex 13.4623 -17.2123 0.388573
      vertex 13.3169 -17.1907 0.295188
      vertex 13.3818 -17.1318 0.295188
    endloop
  endfacet
  facet normal 0.475019 -0.524381 -0.70667
    outer loop
      vertex 13.5359 -17.2859 0.492661
      vertex 13.389 -17.2787 0.388573
      vertex 13.4623 -17.2123 0.388573
    endloop
  endfacet
  facet normal 0.363792 -0.606969 -0.706572
    outer loop
      vertex 13.2739 -17.4802 0.492661
      vertex 13.2249 -17.3884 0.388573
      vertex 13.3675 -17.4241 0.492661
    endloop
  endfacet
  facet normal 0.302645 -0.639633 -0.706594
    outer loop
      vertex 13.2739 -17.4802 0.492661
      vertex 13.1355 -17.4307 0.388573
      vertex 13.2249 -17.3884 0.388573
    endloop
  endfacet
  facet normal 0.13498 -0.539187 -0.831299
    outer loop
      vertex 13.0094 -17.3551 0.295188
      vertex 12.9004 -17.2563 0.213407
      vertex 12.9739 -17.2379 0.213407
    endloop
  endfacet
  facet normal 0.201918 -0.426272 -0.881772
    outer loop
      vertex 13.0451 -17.2125 0.213407
      vertex 12.9954 -17.0925 0.144015
      vertex 13.1135 -17.1801 0.213407
    endloop
  endfacet
  facet normal 0.103776 -0.699836 -0.706725
    outer loop
      vertex 12.8589 -17.6061 0.492661
      vertex 12.8487 -17.5025 0.388573
      vertex 12.9668 -17.5901 0.492661
    endloop
  endfacet
  facet normal 0.0375922 -0.772414 -0.634006
    outer loop
      vertex 12.8589 -17.6061 0.492661
      vertex 12.75 -17.7048 0.606451
      vertex 12.75 -17.6114 0.492661
    endloop
  endfacet
  facet normal 0.955943 -0.0469683 -0.289772
    outer loop
      vertex 14.205 -16.5 1.13553
      vertex 14.1555 -16.6384 0.994665
      vertex 14.1623 -16.5 0.994665
    endloop
  endfacet
  facet normal 1 0 -0.000217691
    outer loop
      vertex 14.25 -16.5 9.695
      vertex 14.2482 16.5 1.4264
      vertex 14.25 16.5 9.695
    endloop
  endfacet
  facet normal 1 0 -0.000217691
    outer loop
      vertex 14.2482 16.5 1.4264
      vertex 14.25 -16.5 9.695
      vertex 14.2482 -16.5 1.4264
    endloop
  endfacet
  facet normal 0.946758 -0.140184 -0.289824
    outer loop
      vertex 14.198 -16.6426 1.13553
      vertex 14.1352 -16.7755 0.994665
      vertex 14.1555 -16.6384 0.994665
    endloop
  endfacet
  facet normal 0.970231 -0.143509 -0.195083
    outer loop
      vertex 14.2053 -16.7895 1.2799
      vertex 14.1771 -16.7839 1.13553
      vertex 14.198 -16.6426 1.13553
    endloop
  endfacet
  facet normal 0.72826 -0.260954 -0.633672
    outer loop
      vertex 13.9029 -16.8497 0.606451
      vertex 13.7768 -16.9253 0.492661
      vertex 13.8136 -16.8226 0.492661
    endloop
  endfacet
  facet normal 0.806664 -0.20216 -0.555359
    outer loop
      vertex 13.9812 -16.8735 0.728846
      vertex 13.9029 -16.8497 0.606451
      vertex 14.0119 -16.751 0.728846
    endloop
  endfacet
  facet normal 0.620688 -0.461101 -0.634139
    outer loop
      vertex 13.6813 -17.2643 0.606451
      vertex 13.6741 -17.1175 0.492661
      vertex 13.7518 -17.1694 0.606451
    endloop
  endfacet
  facet normal 0.568219 -0.421624 -0.706654
    outer loop
      vertex 13.6091 -17.2051 0.492661
      vertex 13.5287 -17.139 0.388573
      vertex 13.6741 -17.1175 0.492661
    endloop
  endfacet
  facet normal 0.519493 -0.573143 -0.633746
    outer loop
      vertex 13.6019 -17.3519 0.606451
      vertex 13.5143 -17.4313 0.606451
      vertex 13.5359 -17.2859 0.492661
    endloop
  endfacet
  facet normal 0.519287 -0.573202 -0.633861
    outer loop
      vertex 13.5143 -17.4313 0.606451
      vertex 13.4551 -17.3591 0.492661
      vertex 13.5359 -17.2859 0.492661
    endloop
  endfacet
  facet normal 0.307939 -0.227607 -0.923779
    outer loop
      vertex 13.2458 -16.9069 0.144015
      vertex 13.1406 -16.8206 0.0876837
      vertex 13.2832 -16.8563 0.144015
    endloop
  endfacet
  facet normal 0.597766 -0.213809 -0.772633
    outer loop
      vertex 13.6807 -16.8855 0.388573
      vertex 13.6051 -16.7594 0.295188
      vertex 13.714 -16.7924 0.388573
    endloop
  endfacet
  facet normal 0.54424 -0.326415 -0.772824
    outer loop
      vertex 13.5876 -17.0596 0.388573
      vertex 13.538 -16.9212 0.295188
      vertex 13.6384 -16.9749 0.388573
    endloop
  endfacet
  facet normal 0.568237 -0.421526 -0.706699
    outer loop
      vertex 13.6741 -17.1175 0.492661
      vertex 13.5287 -17.139 0.388573
      vertex 13.5876 -17.0596 0.388573
    endloop
  endfacet
  facet normal 0.378877 -0.05633 -0.923731
    outer loop
      vertex 13.379 -16.6251 0.144015
      vertex 13.2456 -16.5986 0.0876837
      vertex 13.2529 -16.5495 0.0876837
    endloop
  endfacet
  facet normal 0.382607 -0.0185507 -0.923725
    outer loop
      vertex 13.3913 -16.5 0.144015
      vertex 13.2529 -16.5495 0.0876837
      vertex 13.2553 -16.5 0.0876837
    endloop
  endfacet
  facet normal 0.379646 -0.280608 -0.881549
    outer loop
      vertex 13.3461 -16.9892 0.213407
      vertex 13.2458 -16.9069 0.144015
      vertex 13.2832 -16.8563 0.144015
    endloop
  endfacet
  facet normal 0.444289 -0.159104 -0.881642
    outer loop
      vertex 13.4879 -16.7239 0.213407
      vertex 13.3425 -16.7454 0.144015
      vertex 13.3637 -16.6862 0.144015
    endloop
  endfacet
  facet normal 0.349548 -0.317294 -0.881556
    outer loop
      vertex 13.3461 -16.9892 0.213407
      vertex 13.2035 -16.9535 0.144015
      vertex 13.2458 -16.9069 0.144015
    endloop
  endfacet
  facet normal 0.283546 -0.257382 -0.923773
    outer loop
      vertex 13.2035 -16.9535 0.144015
      vertex 13.1073 -16.8573 0.0876837
      vertex 13.2458 -16.9069 0.144015
    endloop
  endfacet
  facet normal 0.872514 -0.129235 -0.471187
    outer loop
      vertex 14.0995 -16.6329 0.858666
      vertex 14.0119 -16.751 0.728846
      vertex 14.0304 -16.6261 0.728846
    endloop
  endfacet
  facet normal 0.750095 -0.188341 -0.633944
    outer loop
      vertex 13.9029 -16.8497 0.606451
      vertex 13.8401 -16.7168 0.492661
      vertex 13.9317 -16.735 0.606451
    endloop
  endfacet
  facet normal 0.855817 -0.21412 -0.470883
    outer loop
      vertex 14.0476 -16.8936 0.858666
      vertex 13.9812 -16.8735 0.728846
      vertex 14.0799 -16.7645 0.858666
    endloop
  endfacet
  facet normal 0.880983 -0.0430879 -0.471182
    outer loop
      vertex 14.0995 -16.6329 0.858666
      vertex 14.0304 -16.6261 0.728846
      vertex 14.106 -16.5 0.858666
    endloop
  endfacet
  facet normal 0.806741 -0.202564 -0.555101
    outer loop
      vertex 14.0119 -16.751 0.728846
      vertex 13.9029 -16.8497 0.606451
      vertex 13.9317 -16.735 0.606451
    endloop
  endfacet
  facet normal 0.765037 -0.113218 -0.633956
    outer loop
      vertex 13.9317 -16.735 0.606451
      vertex 13.8401 -16.7168 0.492661
      vertex 13.949 -16.6181 0.606451
    endloop
  endfacet
  facet normal 0.523604 -0.187863 -0.830991
    outer loop
      vertex 13.5755 -16.8419 0.295188
      vertex 13.4625 -16.7951 0.213407
      vertex 13.6051 -16.7594 0.295188
    endloop
  endfacet
  facet normal 0.523506 -0.186756 -0.831302
    outer loop
      vertex 13.6051 -16.7594 0.295188
      vertex 13.4625 -16.7951 0.213407
      vertex 13.4879 -16.7239 0.213407
    endloop
  endfacet
  facet normal 0.243175 0.969982 -0.000219979
    outer loop
      vertex 13.1854 17.9354 9.695
      vertex 13.0423 17.9694 1.4264
      vertex 13.0426 17.9712 9.695
    endloop
  endfacet
  facet normal 0.427269 0.904125 -0
    outer loop
      vertex 13.4571 17.8229 9.695
      vertex 13.324 17.8858 9.71
      vertex 13.4571 17.8229 9.71
    endloop
  endfacet
  facet normal 0.427269 0.904125 0
    outer loop
      vertex 13.324 17.8858 9.71
      vertex 13.4571 17.8229 9.695
      vertex 13.324 17.8858 9.695
    endloop
  endfacet
  facet normal 0.595861 0.803088 -0.000217751
    outer loop
      vertex 13.7016 17.6595 9.695
      vertex 13.5824 17.7457 1.4264
      vertex 13.5834 17.7472 9.695
    endloop
  endfacet
  facet normal 0.596073 0.80293 -0.000222455
    outer loop
      vertex 13.7004 17.6581 1.4264
      vertex 13.5824 17.7457 1.4264
      vertex 13.7016 17.6595 9.695
    endloop
  endfacet
  facet normal 0.427238 0.904139 -0.000221457
    outer loop
      vertex 13.4562 17.8213 1.4264
      vertex 13.3233 17.8841 1.4264
      vertex 13.4571 17.8229 9.695
    endloop
  endfacet
  facet normal 0.238517 0.951373 -0.194933
    outer loop
      vertex 13.1724 17.8924 1.13553
      vertex 13.0395 17.9553 1.2799
      vertex 13.1807 17.9199 1.2799
    endloop
  endfacet
  facet normal 0.822783 0.121763 -0.555159
    outer loop
      vertex 13.949 16.6181 0.606451
      vertex 13.9317 16.735 0.606451
      vertex 14.0304 16.6261 0.728846
    endloop
  endfacet
  facet normal 0.573648 0.271271 -0.772878
    outer loop
      vertex 13.5755 16.8419 0.295188
      vertex 13.538 16.9212 0.295188
      vertex 13.6807 16.8855 0.388573
    endloop
  endfacet
  facet normal 0.756695 0.453458 -0.470943
    outer loop
      vertex 13.8847 17.1065 0.728846
      vertex 13.8198 17.2148 0.728846
      vertex 13.9459 17.1392 0.858666
    endloop
  endfacet
  facet normal 0.446501 0.331234 -0.831216
    outer loop
      vertex 13.493 16.9964 0.295188
      vertex 13.3912 16.9284 0.213407
      vertex 13.4407 17.0669 0.295188
    endloop
  endfacet
  facet normal 0.404591 0.242754 -0.88169
    outer loop
      vertex 13.3156 16.8023 0.144015
      vertex 13.2832 16.8563 0.144015
      vertex 13.4301 16.8635 0.213407
    endloop
  endfacet
  facet normal 0.404624 0.242525 -0.881737
    outer loop
      vertex 13.4301 16.8635 0.213407
      vertex 13.2832 16.8563 0.144015
      vertex 13.3912 16.9284 0.213407
    endloop
  endfacet
  facet normal 0.373809 0.411888 -0.831033
    outer loop
      vertex 13.3818 17.1318 0.295188
      vertex 13.2953 17.0453 0.213407
      vertex 13.3169 17.1907 0.295188
    endloop
  endfacet
  facet normal 0.331221 0.446524 -0.831209
    outer loop
      vertex 13.2392 17.0961 0.213407
      vertex 13.1784 17.1412 0.213407
      vertex 13.3169 17.1907 0.295188
    endloop
  endfacet
  facet normal 0.396855 0.663605 -0.634141
    outer loop
      vertex 13.3675 17.4241 0.492661
      vertex 13.3179 17.5625 0.606451
      vertex 13.4194 17.5018 0.606451
    endloop
  endfacet
  facet normal 0.853468 0.511808 -0.0982066
    outer loop
      vertex 14.0586 17.1994 1.2799
      vertex 13.9837 17.3243 1.2799
      vertex 13.9957 17.3324 1.4264
    endloop
  endfacet
  facet normal 0.853744 0.511435 -0.0977496
    outer loop
      vertex 14.0586 17.1994 1.2799
      vertex 13.9957 17.3324 1.4264
      vertex 14.0713 17.2062 1.4264
    endloop
  endfacet
  facet normal 0.857853 0.513896 -0.000221932
    outer loop
      vertex 14.0713 17.2062 1.4264
      vertex 13.9957 17.3324 1.4264
      vertex 14.0729 17.2071 9.695
    endloop
  endfacet
  facet normal 0.1311 -0.144757 -0.980744
    outer loop
      vertex 12.9812 -16.7817 0.0449524
      vertex 12.9056 -16.6556 0.0162344
      vertex 13.0077 -16.7577 0.0449524
    endloop
  endfacet
  facet normal -0.0422306 -0.088548 -0.995176
    outer loop
      vertex -12.7782 -16.568 0.00180626
      vertex -12.8538 -16.6941 0.0162344
      vertex -12.7847 -16.5649 0.00180626
    endloop
  endfacet
  facet normal -0.0923742 0.0332183 -0.99517
    outer loop
      vertex -12.818 16.5282 0.00180626
      vertex -12.9606 16.5639 0.0162344
      vertex -12.9533 16.5842 0.0162344
    endloop
  endfacet
  facet normal 0.3827 0.0188612 -0.92368
    outer loop
      vertex 13.3913 16.5 0.144015
      vertex 13.2529 16.5495 0.0876837
      vertex 13.3882 16.5629 0.144015
    endloop
  endfacet
  facet normal 0.382607 0.0185507 -0.923725
    outer loop
      vertex 13.2553 16.5 0.0876837
      vertex 13.2529 16.5495 0.0876837
      vertex 13.3913 16.5 0.144015
    endloop
  endfacet
  facet normal 0.0788604 -0.0584655 -0.99517
    outer loop
      vertex 12.9201 -16.6396 0.0162344
      vertex 12.8069 -16.5467 0.00180626
      vertex 12.8112 -16.5409 0.00180626
    endloop
  endfacet
  facet normal 0.0240105 -0.095136 -0.995175
    outer loop
      vertex 12.7929 -16.7159 0.0162344
      vertex 12.7714 -16.5704 0.00180626
      vertex 12.8139 -16.7106 0.0162344
    endloop
  endfacet
  facet normal 0.00983438 -0.195049 -0.980744
    outer loop
      vertex 12.7857 -16.8627 0.0449524
      vertex 12.75 -16.8645 0.0449524
      vertex 12.75 -16.7201 0.0162344
    endloop
  endfacet
  facet normal -0.0690382 -0.466758 -0.881686
    outer loop
      vertex -12.8256 -17.2674 0.213407
      vertex -12.8751 -17.129 0.144015
      vertex -12.8129 -17.1382 0.144015
    endloop
  endfacet
  facet normal 0.0422306 0.088548 -0.995176
    outer loop
      vertex 12.7847 16.5649 0.00180626
      vertex 12.7782 16.568 0.00180626
      vertex 12.8538 16.6941 0.0162344
    endloop
  endfacet
  facet normal 0.065986 0.183779 -0.98075
    outer loop
      vertex 12.8895 16.8367 0.0449524
      vertex 12.8342 16.7033 0.0162344
      vertex 12.8558 16.8488 0.0449524
    endloop
  endfacet
  facet normal 0.0665806 0.0720157 -0.995179
    outer loop
      vertex 12.802 16.552 0.00180626
      vertex 12.7967 16.5569 0.00180626
      vertex 12.9056 16.6556 0.0162344
    endloop
  endfacet
  facet normal 0.163918 0.346394 -0.923657
    outer loop
      vertex 12.9882 16.9457 0.0876837
      vertex 12.9434 16.9669 0.0876837
      vertex 12.9954 17.0925 0.144015
    endloop
  endfacet
  facet normal 0.0690382 0.466758 -0.881686
    outer loop
      vertex 12.8751 17.129 0.144015
      vertex 12.8129 17.1382 0.144015
      vertex 12.8256 17.2674 0.213407
    endloop
  endfacet
  facet normal 0.283578 0.257306 -0.923784
    outer loop
      vertex 13.1406 16.8206 0.0876837
      vertex 13.1073 16.8573 0.0876837
      vertex 13.2458 16.9069 0.144015
    endloop
  endfacet
  facet normal 0.176743 0.0829611 -0.980754
    outer loop
      vertex 12.9533 16.5842 0.0162344
      vertex 12.9441 16.6038 0.0162344
      vertex 13.0867 16.6395 0.0449524
    endloop
  endfacet
  facet normal 0.287546 0.0427513 -0.956812
    outer loop
      vertex 13.2529 16.5495 0.0876837
      vertex 13.1075 16.5711 0.0449524
      vertex 13.2456 16.5986 0.0876837
    endloop
  endfacet
  facet normal 0.0842454 0.0502755 -0.995176
    outer loop
      vertex 12.8149 16.5347 0.00180626
      vertex 12.8112 16.5409 0.00180626
      vertex 12.9441 16.6038 0.0162344
    endloop
  endfacet
  facet normal 0.189446 0.0474979 -0.980742
    outer loop
      vertex 13.1075 16.5711 0.0449524
      vertex 12.9659 16.5429 0.0162344
      vertex 13.0988 16.6058 0.0449524
    endloop
  endfacet
  facet normal -0.195094 -0.215416 -0.956835
    outer loop
      vertex -12.9812 -16.7817 0.0449524
      vertex -13.1073 -16.8573 0.0876837
      vertex -13.0077 -16.7577 0.0449524
    endloop
  endfacet
  facet normal 0.149464 0.249107 -0.956873
    outer loop
      vertex 13.0307 16.9202 0.0876837
      vertex 12.9218 16.8214 0.0449524
      vertex 12.9882 16.9457 0.0876837
    endloop
  endfacet
  facet normal 0.116435 0.156887 -0.980729
    outer loop
      vertex 12.9812 16.7817 0.0449524
      vertex 12.8723 16.683 0.0162344
      vertex 12.9525 16.803 0.0449524
    endloop
  endfacet
  facet normal 0.176569 0.0836378 -0.980728
    outer loop
      vertex 13.0867 16.6395 0.0449524
      vertex 12.9441 16.6038 0.0162344
      vertex 13.0714 16.6718 0.0449524
    endloop
  endfacet
  facet normal 0.346394 0.163918 -0.923657
    outer loop
      vertex 13.2169 16.6934 0.0876837
      vertex 13.1957 16.7382 0.0876837
      vertex 13.3425 16.7454 0.144015
    endloop
  endfacet
  facet normal 0.0981664 0.273406 -0.956877
    outer loop
      vertex 12.8895 16.8367 0.0449524
      vertex 12.8558 16.8488 0.0449524
      vertex 12.9434 16.9669 0.0876837
    endloop
  endfacet
  facet normal 0.0829611 0.176743 -0.980754
    outer loop
      vertex 12.8538 16.6941 0.0162344
      vertex 12.8342 16.7033 0.0162344
      vertex 12.8895 16.8367 0.0449524
    endloop
  endfacet
  facet normal -0.088548 -0.0422306 -0.995176
    outer loop
      vertex -12.8149 -16.5347 0.00180626
      vertex -12.9441 -16.6038 0.0162344
      vertex -12.818 -16.5282 0.00180626
    endloop
  endfacet
  facet normal 0.0422289 0.287481 -0.956855
    outer loop
      vertex 12.8211 16.8575 0.0449524
      vertex 12.7857 16.8627 0.0449524
      vertex 12.7995 17.0029 0.0876837
    endloop
  endfacet
  facet normal 0.005445 0.09801 -0.995171
    outer loop
      vertex 12.7572 16.5732 0.00180626
      vertex 12.75 16.5736 0.00180626
      vertex 12.75 16.7201 0.0162344
    endloop
  endfacet
  facet normal -0.214492 0.855872 -0.470613
    outer loop
      vertex -13.001 17.7619 0.728846
      vertex -13.1235 17.7312 0.728846
      vertex -13.0145 17.8299 0.858666
    endloop
  endfacet
  facet normal -0.140034 0.94674 -0.289956
    outer loop
      vertex -13.0255 17.8852 0.994665
      vertex -13.0339 17.9271 1.13553
      vertex -12.8926 17.948 1.13553
    endloop
  endfacet
  facet normal 0.633926 -0.0308292 -0.772779
    outer loop
      vertex 13.7525 -16.5987 0.388573
      vertex 13.6392 -16.5876 0.295188
      vertex 13.7573 -16.5 0.388573
    endloop
  endfacet
  facet normal 0.706648 -0.0343659 -0.70673
    outer loop
      vertex 13.8614 -16.5 0.492661
      vertex 13.7525 -16.5987 0.388573
      vertex 13.7573 -16.5 0.388573
    endloop
  endfacet
  facet normal 0.0930818 0.627821 -0.772772
    outer loop
      vertex 12.9465 17.488 0.388573
      vertex 12.8376 17.3892 0.295188
      vertex 12.8487 17.5025 0.388573
    endloop
  endfacet
  facet normal 0.0308292 0.633926 -0.772779
    outer loop
      vertex 12.8376 17.3892 0.295188
      vertex 12.75 17.5073 0.388573
      vertex 12.8487 17.5025 0.388573
    endloop
  endfacet
  facet normal 0.378273 0.509931 -0.77258
    outer loop
      vertex 13.3169 17.1907 0.295188
      vertex 13.3096 17.3376 0.388573
      vertex 13.389 17.2787 0.388573
    endloop
  endfacet
  facet normal 0.242754 0.404591 -0.88169
    outer loop
      vertex 13.1063 17.0332 0.144015
      vertex 13.0523 17.0656 0.144015
      vertex 13.1135 17.1801 0.213407
    endloop
  endfacet
  facet normal 0 0.382673 -0.923884
    outer loop
      vertex -12.75 17.0053 0.0876837
      vertex 12.75 17.1413 0.144015
      vertex 12.75 17.0053 0.0876837
    endloop
  endfacet
  facet normal 0 0.382673 -0.923884
    outer loop
      vertex 12.75 17.1413 0.144015
      vertex -12.75 17.0053 0.0876837
      vertex -12.75 17.1413 0.144015
    endloop
  endfacet
  facet normal 0 0.47118 -0.882037
    outer loop
      vertex -12.75 17.1413 0.144015
      vertex 12.75 17.2712 0.213407
      vertex 12.75 17.1413 0.144015
    endloop
  endfacet
  facet normal 0 0.47118 -0.882037
    outer loop
      vertex 12.75 17.2712 0.213407
      vertex -12.75 17.1413 0.144015
      vertex -12.75 17.2712 0.213407
    endloop
  endfacet
  facet normal 0.0485085 0.979603 -0.195002
    outer loop
      vertex 12.8926 17.948 1.13553
      vertex 12.75 17.9838 1.2799
      vertex 12.8954 17.9766 1.2799
    endloop
  endfacet
  facet normal 0.363792 0.606969 -0.706572
    outer loop
      vertex 13.3675 17.4241 0.492661
      vertex 13.2249 17.3884 0.388573
      vertex 13.2739 17.4802 0.492661
    endloop
  endfacet
  facet normal 0.140184 0.946758 -0.289824
    outer loop
      vertex 13.0255 17.8852 0.994665
      vertex 12.8884 17.9055 0.994665
      vertex 12.8926 17.948 1.13553
    endloop
  endfacet
  facet normal 0 0.923958 -0.382494
    outer loop
      vertex 12.75 17.856 0.858666
      vertex -12.75 17.9123 0.994665
      vertex 12.75 17.9123 0.994665
    endloop
  endfacet
  facet normal 0 0.923958 -0.382494
    outer loop
      vertex -12.75 17.9123 0.994665
      vertex 12.75 17.856 0.858666
      vertex -12.75 17.856 0.858666
    endloop
  endfacet
  facet normal 0.187959 0.750417 -0.633676
    outer loop
      vertex 13.0726 17.5636 0.492661
      vertex 12.9668 17.5901 0.492661
      vertex 13.0997 17.6529 0.606451
    endloop
  endfacet
  facet normal 0.0433197 0.881066 -0.471006
    outer loop
      vertex 12.8761 17.7804 0.728846
      vertex 12.75 17.7866 0.728846
      vertex 12.75 17.856 0.858666
    endloop
  endfacet
  facet normal 0.213809 0.597766 -0.772633
    outer loop
      vertex 13.1355 17.4307 0.388573
      vertex 13.0094 17.3551 0.295188
      vertex 13.0424 17.464 0.388573
    endloop
  endfacet
  facet normal 0.154124 0.615855 -0.772637
    outer loop
      vertex 13.0094 17.3551 0.295188
      vertex 12.9465 17.488 0.388573
      vertex 13.0424 17.464 0.388573
    endloop
  endfacet
  facet normal 0.144723 0.131155 -0.980741
    outer loop
      vertex 12.9201 16.6396 0.0162344
      vertex 12.9056 16.6556 0.0162344
      vertex 13.0317 16.7312 0.0449524
    endloop
  endfacet
  facet normal 0.227607 0.307939 -0.923779
    outer loop
      vertex 13.1569 16.9958 0.144015
      vertex 13.0706 16.8906 0.0876837
      vertex 13.1063 17.0332 0.144015
    endloop
  endfacet
  facet normal 0.22829 0.307729 -0.923681
    outer loop
      vertex 13.0706 16.8906 0.0876837
      vertex 13.0307 16.9202 0.0876837
      vertex 13.1063 17.0332 0.144015
    endloop
  endfacet
  facet normal 0.257382 0.283546 -0.923773
    outer loop
      vertex 13.2035 16.9535 0.144015
      vertex 13.1073 16.8573 0.0876837
      vertex 13.1569 16.9958 0.144015
    endloop
  endfacet
  facet normal -0.143418 -0.970262 -0.194993
    outer loop
      vertex -12.8954 -17.9766 1.2799
      vertex -13.0395 -17.9553 1.2799
      vertex -12.8926 -17.948 1.13553
    endloop
  endfacet
  facet normal -0.145519 -0.984474 -0.098158
    outer loop
      vertex -12.8968 -17.991 1.4264
      vertex -13.0395 -17.9553 1.2799
      vertex -12.8954 -17.9766 1.2799
    endloop
  endfacet
  facet normal -0.709335 -0.642338 -0.290252
    outer loop
      vertex -13.7487 -17.4987 0.994665
      vertex -13.8748 -17.4231 1.13553
      vertex -13.8417 -17.396 0.994665
    endloop
  endfacet
  facet normal -0.726726 -0.658725 -0.19481
    outer loop
      vertex -13.7992 -17.5492 1.2799
      vertex -13.8748 -17.4231 1.13553
      vertex -13.7789 -17.5289 1.13553
    endloop
  endfacet
  facet normal -0.865321 -0.408835 -0.289953
    outer loop
      vertex -13.9956 -17.1658 0.994665
      vertex -14.0943 -17.0568 1.13553
      vertex -14.0548 -17.0405 0.994665
    endloop
  endfacet
  facet normal -0.835531 -0.39476 -0.382168
    outer loop
      vertex -13.9956 -17.1658 0.994665
      vertex -14.0548 -17.0405 0.994665
      vertex -14.0028 -17.0189 0.858666
    endloop
  endfacet
  facet normal 0.146746 -0.989174 0
    outer loop
      vertex 12.897 -17.9928 9.695
      vertex 13.0426 -17.9712 9.71
      vertex 12.897 -17.9928 9.71
    endloop
  endfacet
  facet normal 0.146746 -0.989174 0
    outer loop
      vertex 13.0426 -17.9712 9.71
      vertex 12.897 -17.9928 9.695
      vertex 13.0426 -17.9712 9.695
    endloop
  endfacet
  facet normal -0.187863 -0.523604 -0.830991
    outer loop
      vertex -13.0094 -17.3551 0.295188
      vertex -13.0919 -17.3255 0.295188
      vertex -13.0451 -17.2125 0.213407
    endloop
  endfacet
  facet normal -0.0930818 -0.627821 -0.772772
    outer loop
      vertex -12.8487 -17.5025 0.388573
      vertex -12.9465 -17.488 0.388573
      vertex -12.8376 -17.3892 0.295188
    endloop
  endfacet
  facet normal -0.103776 -0.699836 -0.706725
    outer loop
      vertex -12.8589 -17.6061 0.492661
      vertex -12.9668 -17.5901 0.492661
      vertex -12.8487 -17.5025 0.388573
    endloop
  endfacet
  facet normal -0.0343659 -0.706648 -0.70673
    outer loop
      vertex -12.75 -17.6114 0.492661
      vertex -12.8487 -17.5025 0.388573
      vertex -12.75 -17.5073 0.388573
    endloop
  endfacet
  facet normal -0.121763 -0.822783 -0.555159
    outer loop
      vertex -12.8761 -17.7804 0.728846
      vertex -12.985 -17.6817 0.606451
      vertex -12.8681 -17.699 0.606451
    endloop
  endfacet
  facet normal -0.121874 -0.822816 -0.555086
    outer loop
      vertex -12.8761 -17.7804 0.728846
      vertex -13.001 -17.7619 0.728846
      vertex -12.985 -17.6817 0.606451
    endloop
  endfacet
  facet normal -0.136103 -0.913837 -0.382593
    outer loop
      vertex -12.8829 -17.8495 0.858666
      vertex -13.0255 -17.8852 0.994665
      vertex -13.0145 -17.8299 0.858666
    endloop
  endfacet
  facet normal -0.129977 -0.8727 -0.470639
    outer loop
      vertex -12.8829 -17.8495 0.858666
      vertex -13.0145 -17.8299 0.858666
      vertex -13.001 -17.7619 0.728846
    endloop
  endfacet
  facet normal -0.979603 0.0485085 -0.195002
    outer loop
      vertex -14.198 16.6426 1.13553
      vertex -14.2338 16.5 1.2799
      vertex -14.2266 16.6454 1.2799
    endloop
  endfacet
  facet normal -0.970062 0.242856 -0.000214127
    outer loop
      vertex -14.1837 16.9349 1.4264
      vertex -14.2194 16.7923 1.4264
      vertex -14.1854 16.9354 9.695
    endloop
  endfacet
  facet normal -0.928334 0.232586 -0.29
    outer loop
      vertex -14.1352 16.7755 0.994665
      vertex -14.1771 16.7839 1.13553
      vertex -14.1424 16.9224 1.13553
    endloop
  endfacet
  facet normal -0.94674 0.140034 -0.289956
    outer loop
      vertex -14.1352 16.7755 0.994665
      vertex -14.198 16.6426 1.13553
      vertex -14.1771 16.7839 1.13553
    endloop
  endfacet
  facet normal -0.993998 0.0492213 -0.0977035
    outer loop
      vertex -14.2338 16.5 1.2799
      vertex -14.2482 16.5 1.4264
      vertex -14.2266 16.6454 1.2799
    endloop
  endfacet
  facet normal -0.998799 0.0489874 -0.000218615
    outer loop
      vertex -14.241 16.6468 1.4264
      vertex -14.2482 16.5 1.4264
      vertex -14.2428 16.647 9.695
    endloop
  endfacet
  facet normal -0.737411 0.668386 -0.0973896
    outer loop
      vertex -13.897 17.4413 1.2799
      vertex -13.9081 17.4504 1.4264
      vertex -13.7992 17.5492 1.2799
    endloop
  endfacet
  facet normal -0.737703 0.667994 -0.097871
    outer loop
      vertex -13.7992 17.5492 1.2799
      vertex -13.9081 17.4504 1.4264
      vertex -13.8094 17.5594 1.4264
    endloop
  endfacet
  facet normal -0.792608 0.475148 -0.382107
    outer loop
      vertex -13.8775 17.2533 0.858666
      vertex -13.9459 17.1392 0.858666
      vertex -13.9243 17.2846 0.994665
    endloop
  endfacet
  facet normal -0.709335 0.642338 -0.290252
    outer loop
      vertex -13.8417 17.396 0.994665
      vertex -13.8748 17.4231 1.13553
      vertex -13.7487 17.4987 0.994665
    endloop
  endfacet
  facet normal -0.658725 0.726726 -0.19481
    outer loop
      vertex -13.7789 17.5289 1.13553
      vertex -13.7992 17.5492 1.2799
      vertex -13.6731 17.6248 1.13553
    endloop
  endfacet
  facet normal -0.504134 0.841367 -0.194808
    outer loop
      vertex -13.5584 17.7098 1.13553
      vertex -13.5743 17.7337 1.2799
      vertex -13.4359 17.7832 1.13553
    endloop
  endfacet
  facet normal -0.642766 0.70912 -0.28983
    outer loop
      vertex -13.7487 17.4987 0.994665
      vertex -13.7789 17.5289 1.13553
      vertex -13.6731 17.6248 1.13553
    endloop
  endfacet
  facet normal -0.408835 0.865321 -0.289953
    outer loop
      vertex -13.2905 17.8048 0.994665
      vertex -13.4158 17.7456 0.994665
      vertex -13.3068 17.8443 1.13553
    endloop
  endfacet
  facet normal -0.841367 0.504134 -0.194808
    outer loop
      vertex -13.9598 17.3084 1.13553
      vertex -14.0332 17.1859 1.13553
      vertex -13.9837 17.3243 1.2799
    endloop
  endfacet
  facet normal -0.853468 0.511808 -0.0982066
    outer loop
      vertex -13.9837 17.3243 1.2799
      vertex -14.0586 17.1994 1.2799
      vertex -13.9957 17.3324 1.4264
    endloop
  endfacet
  facet normal -0.936872 0.335758 -0.0976592
    outer loop
      vertex -14.1208 17.0678 1.2799
      vertex -14.1837 16.9349 1.4264
      vertex -14.1341 17.0733 1.4264
    endloop
  endfacet
  facet normal -0.951373 0.238517 -0.194933
    outer loop
      vertex -14.1424 16.9224 1.13553
      vertex -14.2053 16.7895 1.2799
      vertex -14.1699 16.9307 1.2799
    endloop
  endfacet
  facet normal -0.904139 0.427238 -0.000221457
    outer loop
      vertex -14.0713 17.2062 1.4264
      vertex -14.1341 17.0733 1.4264
      vertex -14.0729 17.2071 9.695
    endloop
  endfacet
  facet normal -0.857853 0.513896 -0.000221932
    outer loop
      vertex -14.0713 17.2062 1.4264
      vertex -14.0729 17.2071 9.695
      vertex -13.9957 17.3324 1.4264
    endloop
  endfacet
  facet normal -0.713236 0.427415 -0.555528
    outer loop
      vertex -13.8125 17.0679 0.606451
      vertex -13.8847 17.1065 0.728846
      vertex -13.8198 17.2148 0.728846
    endloop
  endfacet
  facet normal -0.865321 0.408835 -0.289953
    outer loop
      vertex -14.0548 17.0405 0.994665
      vertex -14.0943 17.0568 1.13553
      vertex -13.9956 17.1658 0.994665
    endloop
  endfacet
  facet normal -0.835531 0.39476 -0.382168
    outer loop
      vertex -14.0028 17.0189 0.858666
      vertex -14.0548 17.0405 0.994665
      vertex -13.9956 17.1658 0.994665
    endloop
  endfacet
  facet normal -0.855817 0.21412 -0.470883
    outer loop
      vertex -13.9812 16.8735 0.728846
      vertex -14.0799 16.7645 0.858666
      vertex -14.0476 16.8936 0.858666
    endloop
  endfacet
  facet normal -0.772564 0.0379414 -0.633802
    outer loop
      vertex -13.8561 16.6089 0.492661
      vertex -13.9548 16.5 0.606451
      vertex -13.949 16.6181 0.606451
    endloop
  endfacet
  facet normal -0.620688 0.461101 -0.634139
    outer loop
      vertex -13.6741 17.1175 0.492661
      vertex -13.7518 17.1694 0.606451
      vertex -13.6813 17.2643 0.606451
    endloop
  endfacet
  facet normal -0.713922 0.426946 -0.555007
    outer loop
      vertex -13.8125 17.0679 0.606451
      vertex -13.8198 17.2148 0.728846
      vertex -13.7518 17.1694 0.606451
    endloop
  endfacet
  facet normal -0.606969 0.363792 -0.706572
    outer loop
      vertex -13.6384 16.9749 0.388573
      vertex -13.7302 17.0239 0.492661
      vertex -13.6741 17.1175 0.492661
    endloop
  endfacet
  facet normal -0.555648 0.0279294 -0.830948
    outer loop
      vertex -13.5212 16.5 0.213407
      vertex -13.6435 16.5 0.295188
      vertex -13.5174 16.5756 0.213407
    endloop
  endfacet
  facet normal -0.728171 0.260154 -0.634104
    outer loop
      vertex -13.7768 16.9253 0.492661
      vertex -13.9029 16.8497 0.606451
      vertex -13.8631 16.9611 0.606451
    endloop
  endfacet
  facet normal 0 0.195058 -0.980792
    outer loop
      vertex -12.75 16.7201 0.0162344
      vertex 12.75 16.8645 0.0449524
      vertex 12.75 16.7201 0.0162344
    endloop
  endfacet
  facet normal 0 0.195058 -0.980792
    outer loop
      vertex 12.75 16.8645 0.0449524
      vertex -12.75 16.7201 0.0162344
      vertex -12.75 16.8645 0.0449524
    endloop
  endfacet
  facet normal -0.285915 0.477015 -0.831089
    outer loop
      vertex -13.1135 17.1801 0.213407
      vertex -13.1784 17.1412 0.213407
      vertex -13.1712 17.288 0.295188
    endloop
  endfacet
  facet normal -0.29041 0 -0.956902
    outer loop
      vertex -13.2553 -16.5 0.0876837
      vertex -13.1145 16.5 0.0449524
      vertex -13.1145 -16.5 0.0449524
    endloop
  endfacet
  facet normal -0.29041 0 -0.956902
    outer loop
      vertex -13.1145 16.5 0.0449524
      vertex -13.2553 -16.5 0.0876837
      vertex -13.2553 16.5 0.0876837
    endloop
  endfacet
  facet normal -0.742317 0.550407 -0.382122
    outer loop
      vertex -13.8775 17.2533 0.858666
      vertex -13.9243 17.2846 0.994665
      vertex -13.8417 17.396 0.994665
    endloop
  endfacet
  facet normal -0.742137 0.550529 -0.382296
    outer loop
      vertex -13.7982 17.3602 0.858666
      vertex -13.8775 17.2533 0.858666
      vertex -13.8417 17.396 0.994665
    endloop
  endfacet
  facet normal -0.257382 0.283546 -0.923773
    outer loop
      vertex -13.1073 16.8573 0.0876837
      vertex -13.2035 16.9535 0.144015
      vertex -13.1569 16.9958 0.144015
    endloop
  endfacet
  facet normal -0.0272618 0.555379 -0.83115
    outer loop
      vertex -12.8256 17.2674 0.213407
      vertex -12.8376 17.3892 0.295188
      vertex -12.75 17.3935 0.295188
    endloop
  endfacet
  facet normal -0.144757 0.1311 -0.980744
    outer loop
      vertex -12.9056 16.6556 0.0162344
      vertex -13.0317 16.7312 0.0449524
      vertex -13.0077 16.7577 0.0449524
    endloop
  endfacet
  facet normal -0.881894 0 -0.471448
    outer loop
      vertex -14.0366 -16.5 0.728846
      vertex -14.106 16.5 0.858666
      vertex -14.0366 16.5 0.728846
    endloop
  endfacet
  facet normal -0.881894 -0 -0.471448
    outer loop
      vertex -14.106 16.5 0.858666
      vertex -14.0366 -16.5 0.728846
      vertex -14.106 -16.5 0.858666
    endloop
  endfacet
  facet normal -0.923007 0.0453501 -0.382101
    outer loop
      vertex -14.106 16.5 0.858666
      vertex -14.1623 16.5 0.994665
      vertex -14.1555 16.6384 0.994665
    endloop
  endfacet
  facet normal -0.8727 0.129977 -0.470639
    outer loop
      vertex -14.0119 16.751 0.728846
      vertex -14.0995 16.6329 0.858666
      vertex -14.0799 16.7645 0.858666
    endloop
  endfacet
  facet normal 0 0.707066 -0.707148
    outer loop
      vertex -12.75 17.5073 0.388573
      vertex 12.75 17.6114 0.492661
      vertex 12.75 17.5073 0.388573
    endloop
  endfacet
  facet normal 0 0.707066 -0.707148
    outer loop
      vertex 12.75 17.6114 0.492661
      vertex -12.75 17.5073 0.388573
      vertex -12.75 17.6114 0.492661
    endloop
  endfacet
  facet normal -0.121763 0.822783 -0.555159
    outer loop
      vertex -12.8681 17.699 0.606451
      vertex -12.985 17.6817 0.606451
      vertex -12.8761 17.7804 0.728846
    endloop
  endfacet
  facet normal -0.0407985 0.830742 -0.55516
    outer loop
      vertex -12.8681 17.699 0.606451
      vertex -12.8761 17.7804 0.728846
      vertex -12.75 17.7048 0.606451
    endloop
  endfacet
  facet normal -0.279904 0.783072 -0.555384
    outer loop
      vertex -13.0997 17.6529 0.606451
      vertex -13.2424 17.6887 0.728846
      vertex -13.1235 17.7312 0.728846
    endloop
  endfacet
  facet normal -0.395055 0.835239 -0.382502
    outer loop
      vertex -13.3892 17.6959 0.858666
      vertex -13.4158 17.7456 0.994665
      vertex -13.2689 17.7528 0.858666
    endloop
  endfacet
  facet normal -0.135367 0.914227 -0.381923
    outer loop
      vertex -12.8829 17.8495 0.858666
      vertex -13.0255 17.8852 0.994665
      vertex -12.8884 17.9055 0.994665
    endloop
  endfacet
  facet normal -0.0375922 0.772414 -0.634006
    outer loop
      vertex -12.75 17.6114 0.492661
      vertex -12.8589 17.6061 0.492661
      vertex -12.75 17.7048 0.606451
    endloop
  endfacet
  facet normal -0.914227 -0.135367 -0.381923
    outer loop
      vertex -14.1352 -16.7755 0.994665
      vertex -14.1555 -16.6384 0.994665
      vertex -14.0995 -16.6329 0.858666
    endloop
  endfacet
  facet normal -0.92309 -0.0451474 -0.381925
    outer loop
      vertex -14.0995 -16.6329 0.858666
      vertex -14.1555 -16.6384 0.994665
      vertex -14.106 -16.5 0.858666
    endloop
  endfacet
  facet normal -0.830758 -0.296949 -0.470811
    outer loop
      vertex -13.9387 -16.9924 0.728846
      vertex -14.0028 -17.0189 0.858666
      vertex -13.9812 -16.8735 0.728846
    endloop
  endfacet
  facet normal -0.822783 -0.121763 -0.555159
    outer loop
      vertex -13.9317 -16.735 0.606451
      vertex -14.0304 -16.6261 0.728846
      vertex -13.949 -16.6181 0.606451
    endloop
  endfacet
  facet normal -0.379646 -0.280608 -0.881549
    outer loop
      vertex -13.2458 -16.9069 0.144015
      vertex -13.3461 -16.9892 0.213407
      vertex -13.2832 -16.8563 0.144015
    endloop
  endfacet
  facet normal -0.382607 -0.0185507 -0.923725
    outer loop
      vertex -13.2529 -16.5495 0.0876837
      vertex -13.3913 -16.5 0.144015
      vertex -13.2553 -16.5 0.0876837
    endloop
  endfacet
  facet normal -0.195049 -0.00983438 -0.980744
    outer loop
      vertex -13.1127 -16.5357 0.0449524
      vertex -13.1145 -16.5 0.0449524
      vertex -12.9701 -16.5 0.0162344
    endloop
  endfacet
  facet normal -0.195058 0 -0.980792
    outer loop
      vertex -13.1145 -16.5 0.0449524
      vertex -12.9701 16.5 0.0162344
      vertex -12.9701 -16.5 0.0162344
    endloop
  endfacet
  facet normal -0.195058 0 -0.980792
    outer loop
      vertex -12.9701 16.5 0.0162344
      vertex -13.1145 -16.5 0.0449524
      vertex -13.1145 16.5 0.0449524
    endloop
  endfacet
  facet normal -0.092719 -0.371649 -0.923732
    outer loop
      vertex -12.8751 -17.129 0.144015
      vertex -12.8967 -16.9836 0.0876837
      vertex -12.8486 -16.9956 0.0876837
    endloop
  endfacet
  facet normal 0.0281241 -0.19324 -0.980748
    outer loop
      vertex 12.7857 -16.8627 0.0449524
      vertex 12.7716 -16.719 0.0162344
      vertex 12.7929 -16.7159 0.0162344
    endloop
  endfacet
  facet normal 0.19324 -0.0281241 -0.980748
    outer loop
      vertex 13.1127 -16.5357 0.0449524
      vertex 12.9659 -16.5429 0.0162344
      vertex 12.969 -16.5216 0.0162344
    endloop
  endfacet
  facet normal -0.360837 0.129036 -0.923659
    outer loop
      vertex -13.2336 16.6467 0.0876837
      vertex -13.3425 16.7454 0.144015
      vertex -13.2169 16.6934 0.0876837
    endloop
  endfacet
  facet normal -0.0474979 -0.189446 -0.980742
    outer loop
      vertex -12.8211 -16.8575 0.0449524
      vertex -12.8558 -16.8488 0.0449524
      vertex -12.7929 -16.7159 0.0162344
    endloop
  endfacet
  facet normal -0.686329 -0.171761 -0.706718
    outer loop
      vertex -13.714 -16.7924 0.388573
      vertex -13.8401 -16.7168 0.492661
      vertex -13.738 -16.6965 0.388573
    endloop
  endfacet
  facet normal -0.633926 -0.0308292 -0.772779
    outer loop
      vertex -13.7525 -16.5987 0.388573
      vertex -13.7573 -16.5 0.388573
      vertex -13.6392 -16.5876 0.295188
    endloop
  endfacet
  facet normal -0.371649 -0.092719 -0.923732
    outer loop
      vertex -13.2336 -16.6467 0.0876837
      vertex -13.379 -16.6251 0.144015
      vertex -13.2456 -16.5986 0.0876837
    endloop
  endfacet
  facet normal -0.555648 -0.0279294 -0.830948
    outer loop
      vertex -13.5174 -16.5756 0.213407
      vertex -13.6435 -16.5 0.295188
      vertex -13.5212 -16.5 0.213407
    endloop
  endfacet
  facet normal -0.466818 -0.0692737 -0.881636
    outer loop
      vertex -13.5063 -16.6504 0.213407
      vertex -13.5174 -16.5756 0.213407
      vertex -13.379 -16.6251 0.144015
    endloop
  endfacet
  facet normal -0.471048 -0.023677 -0.88179
    outer loop
      vertex -13.5174 -16.5756 0.213407
      vertex -13.5212 -16.5 0.213407
      vertex -13.3913 -16.5 0.144015
    endloop
  endfacet
  facet normal -0.37902 -0.0560608 -0.923689
    outer loop
      vertex -13.379 -16.6251 0.144015
      vertex -13.3882 -16.5629 0.144015
      vertex -13.2529 -16.5495 0.0876837
    endloop
  endfacet
  facet normal -0.3827 -0.0188612 -0.92368
    outer loop
      vertex -13.3882 -16.5629 0.144015
      vertex -13.3913 -16.5 0.144015
      vertex -13.2529 -16.5495 0.0876837
    endloop
  endfacet
  facet normal -0.457787 -0.114634 -0.881641
    outer loop
      vertex -13.3637 -16.6862 0.144015
      vertex -13.4879 -16.7239 0.213407
      vertex -13.379 -16.6251 0.144015
    endloop
  endfacet
  facet normal -0.371682 -0.0930727 -0.923683
    outer loop
      vertex -13.3637 -16.6862 0.144015
      vertex -13.379 -16.6251 0.144015
      vertex -13.2336 -16.6467 0.0876837
    endloop
  endfacet
  facet normal -0.382607 0.0185507 -0.923725
    outer loop
      vertex -13.2553 16.5 0.0876837
      vertex -13.3913 16.5 0.144015
      vertex -13.2529 16.5495 0.0876837
    endloop
  endfacet
  facet normal -0.173111 0.233349 -0.95686
    outer loop
      vertex -12.9812 16.7817 0.0449524
      vertex -13.0706 16.8906 0.0876837
      vertex -13.0307 16.9202 0.0876837
    endloop
  endfacet
  facet normal -0.471048 0.023677 -0.88179
    outer loop
      vertex -13.3913 16.5 0.144015
      vertex -13.5212 16.5 0.213407
      vertex -13.5174 16.5756 0.213407
    endloop
  endfacet
  facet normal -0.549821 0.0815911 -0.831288
    outer loop
      vertex -13.5174 16.5756 0.213407
      vertex -13.6264 16.6743 0.295188
      vertex -13.5063 16.6504 0.213407
    endloop
  endfacet
  facet normal -0.628066 0.0927249 -0.772616
    outer loop
      vertex -13.6392 16.5876 0.295188
      vertex -13.738 16.6965 0.388573
      vertex -13.6264 16.6743 0.295188
    endloop
  endfacet
  facet normal 0.159104 -0.444289 -0.881642
    outer loop
      vertex 12.9739 -17.2379 0.213407
      vertex 12.9362 -17.1137 0.144015
      vertex 12.9954 -17.0925 0.144015
    endloop
  endfacet
  facet normal -0.023677 -0.471048 -0.88179
    outer loop
      vertex -12.75 -17.2712 0.213407
      vertex -12.8256 -17.2674 0.213407
      vertex -12.75 -17.1413 0.144015
    endloop
  endfacet
  facet normal -0.591842 -0.654031 -0.471133
    outer loop
      vertex -13.6102 -17.5482 0.858666
      vertex -13.6598 -17.4098 0.728846
      vertex -13.5662 -17.4945 0.728846
    endloop
  endfacet
  facet normal -0.496067 -0.667755 -0.554996
    outer loop
      vertex -13.4648 -17.5698 0.728846
      vertex -13.5143 -17.4313 0.606451
      vertex -13.4194 -17.5018 0.606451
    endloop
  endfacet
  facet normal -0.37737 -0.797369 -0.470952
    outer loop
      vertex -13.2424 -17.6887 0.728846
      vertex -13.3892 -17.6959 0.858666
      vertex -13.3565 -17.6347 0.728846
    endloop
  endfacet
  facet normal -0.525622 -0.708562 -0.470809
    outer loop
      vertex -13.5033 -17.6275 0.858666
      vertex -13.6102 -17.5482 0.858666
      vertex -13.4648 -17.5698 0.728846
    endloop
  endfacet
  facet normal -0.356082 -0.751573 -0.555287
    outer loop
      vertex -13.2424 -17.6887 0.728846
      vertex -13.3179 -17.5625 0.606451
      vertex -13.2111 -17.6131 0.606451
    endloop
  endfacet
  facet normal -0.188341 -0.750095 -0.633944
    outer loop
      vertex -12.985 -17.6817 0.606451
      vertex -13.0997 -17.6529 0.606451
      vertex -12.9668 -17.5901 0.492661
    endloop
  endfacet
  facet normal -0.475467 -0.792223 -0.38251
    outer loop
      vertex -13.4158 -17.7456 0.994665
      vertex -13.5346 -17.6743 0.994665
      vertex -13.3892 -17.6959 0.858666
    endloop
  endfacet
  facet normal -0.453606 -0.756674 -0.470836
    outer loop
      vertex -13.3892 -17.6959 0.858666
      vertex -13.5033 -17.6275 0.858666
      vertex -13.4648 -17.5698 0.728846
    endloop
  endfacet
  facet normal -0.232586 -0.928334 -0.29
    outer loop
      vertex -13.0339 -17.9271 1.13553
      vertex -13.1724 -17.8924 1.13553
      vertex -13.0255 -17.8852 0.994665
    endloop
  endfacet
  facet normal -0.33071 -0.92343 -0.194699
    outer loop
      vertex -13.1807 -17.9199 1.2799
      vertex -13.3178 -17.8708 1.2799
      vertex -13.3068 -17.8443 1.13553
    endloop
  endfacet
  facet normal -0.322477 -0.901057 -0.290008
    outer loop
      vertex -13.1724 -17.8924 1.13553
      vertex -13.3068 -17.8443 1.13553
      vertex -13.16 -17.8515 0.994665
    endloop
  endfacet
  facet normal -0.232599 -0.928326 -0.290014
    outer loop
      vertex -13.0255 -17.8852 0.994665
      vertex -13.1724 -17.8924 1.13553
      vertex -13.16 -17.8515 0.994665
    endloop
  endfacet
  facet normal -0.569801 -0.768896 -0.290044
    outer loop
      vertex -13.5584 -17.7098 1.13553
      vertex -13.6731 -17.6248 1.13553
      vertex -13.5346 -17.6743 0.994665
    endloop
  endfacet
  facet normal -0.642766 -0.70912 -0.28983
    outer loop
      vertex -13.6731 -17.6248 1.13553
      vertex -13.7789 -17.5289 1.13553
      vertex -13.7487 -17.4987 0.994665
    endloop
  endfacet
  facet normal -0.663534 -0.397695 -0.633689
    outer loop
      vertex -13.6741 -17.1175 0.492661
      vertex -13.8125 -17.0679 0.606451
      vertex -13.7302 -17.0239 0.492661
    endloop
  endfacet
  facet normal -0.639907 -0.302431 -0.706438
    outer loop
      vertex -13.7302 -17.0239 0.492661
      vertex -13.7768 -16.9253 0.492661
      vertex -13.6807 -16.8855 0.388573
    endloop
  endfacet
  facet normal -0.573648 -0.271271 -0.772878
    outer loop
      vertex -13.538 -16.9212 0.295188
      vertex -13.6807 -16.8855 0.388573
      vertex -13.5755 -16.8419 0.295188
    endloop
  endfacet
  facet normal -0.523506 -0.186756 -0.831302
    outer loop
      vertex -13.4625 -16.7951 0.213407
      vertex -13.6051 -16.7594 0.295188
      vertex -13.4879 -16.7239 0.213407
    endloop
  endfacet
  facet normal -0.42652 -0.469969 -0.772794
    outer loop
      vertex -13.3169 -17.1907 0.295188
      vertex -13.4623 -17.2123 0.388573
      vertex -13.3818 -17.1318 0.295188
    endloop
  endfacet
  facet normal -0.378273 -0.509931 -0.77258
    outer loop
      vertex -13.3096 -17.3376 0.388573
      vertex -13.389 -17.2787 0.388573
      vertex -13.3169 -17.1907 0.295188
    endloop
  endfacet
  facet normal -0.163768 -0.346409 -0.923678
    outer loop
      vertex -12.9954 -17.0925 0.144015
      vertex -13.0523 -17.0656 0.144015
      vertex -12.9882 -16.9457 0.0876837
    endloop
  endfacet
  facet normal -0.201918 -0.426272 -0.881772
    outer loop
      vertex -13.0451 -17.2125 0.213407
      vertex -13.1135 -17.1801 0.213407
      vertex -12.9954 -17.0925 0.144015
    endloop
  endfacet
  facet normal -0.129036 -0.360837 -0.923659
    outer loop
      vertex -12.8967 -16.9836 0.0876837
      vertex -12.9954 -17.0925 0.144015
      vertex -12.9434 -16.9669 0.0876837
    endloop
  endfacet
  facet normal -0.0417097 -0.0888597 -0.99517
    outer loop
      vertex -12.8342 -16.7033 0.0162344
      vertex -12.8538 -16.6941 0.0162344
      vertex -12.7782 -16.568 0.00180626
    endloop
  endfacet
  facet normal -0.446524 -0.331221 -0.831209
    outer loop
      vertex -13.3461 -16.9892 0.213407
      vertex -13.4407 -17.0669 0.295188
      vertex -13.3912 -16.9284 0.213407
    endloop
  endfacet
  facet normal -0.281056 -0.378896 -0.881729
    outer loop
      vertex -13.1784 -17.1412 0.213407
      vertex -13.2392 -17.0961 0.213407
      vertex -13.1063 -17.0332 0.144015
    endloop
  endfacet
  facet normal -0.307939 -0.227607 -0.923779
    outer loop
      vertex -13.2458 -16.9069 0.144015
      vertex -13.2832 -16.8563 0.144015
      vertex -13.1406 -16.8206 0.0876837
    endloop
  endfacet
  facet normal -0.328567 -0.19714 -0.923677
    outer loop
      vertex -13.2832 -16.8563 0.144015
      vertex -13.3156 -16.8023 0.144015
      vertex -13.1957 -16.7382 0.0876837
    endloop
  endfacet
  facet normal -0.426278 -0.470575 -0.772558
    outer loop
      vertex -13.389 -17.2787 0.388573
      vertex -13.4623 -17.2123 0.388573
      vertex -13.3169 -17.1907 0.295188
    endloop
  endfacet
  facet normal -0.475019 -0.524381 -0.70667
    outer loop
      vertex -13.389 -17.2787 0.388573
      vertex -13.5359 -17.2859 0.492661
      vertex -13.4623 -17.2123 0.388573
    endloop
  endfacet
  facet normal -0.573202 -0.519287 -0.633861
    outer loop
      vertex -13.5359 -17.2859 0.492661
      vertex -13.6813 -17.2643 0.606451
      vertex -13.6091 -17.2051 0.492661
    endloop
  endfacet
  facet normal -0.621121 -0.460878 -0.633877
    outer loop
      vertex -13.6091 -17.2051 0.492661
      vertex -13.6813 -17.2643 0.606451
      vertex -13.6741 -17.1175 0.492661
    endloop
  endfacet
  facet normal -0.606771 -0.363919 -0.706677
    outer loop
      vertex -13.5876 -17.0596 0.388573
      vertex -13.6741 -17.1175 0.492661
      vertex -13.6384 -16.9749 0.388573
    endloop
  endfacet
  facet normal -0.54424 -0.326415 -0.772824
    outer loop
      vertex -13.5876 -17.0596 0.388573
      vertex -13.6384 -16.9749 0.388573
      vertex -13.538 -16.9212 0.295188
    endloop
  endfacet
  facet normal -0.797369 -0.37737 -0.470952
    outer loop
      vertex -13.8847 -17.1065 0.728846
      vertex -13.9459 -17.1392 0.858666
      vertex -13.9387 -16.9924 0.728846
    endloop
  endfacet
  facet normal -0.751577 -0.355698 -0.555528
    outer loop
      vertex -13.8847 -17.1065 0.728846
      vertex -13.9387 -16.9924 0.728846
      vertex -13.8125 -17.0679 0.606451
    endloop
  endfacet
  facet normal -0.855872 -0.214492 -0.470613
    outer loop
      vertex -13.9812 -16.8735 0.728846
      vertex -14.0799 -16.7645 0.858666
      vertex -14.0119 -16.751 0.728846
    endloop
  endfacet
  facet normal -0.783072 -0.279904 -0.555384
    outer loop
      vertex -13.9387 -16.9924 0.728846
      vertex -13.9812 -16.8735 0.728846
      vertex -13.9029 -16.8497 0.606451
    endloop
  endfacet
  facet normal -0.519493 -0.573143 -0.633746
    outer loop
      vertex -13.5143 -17.4313 0.606451
      vertex -13.6019 -17.3519 0.606451
      vertex -13.5359 -17.2859 0.492661
    endloop
  endfacet
  facet normal -0.616742 -0.558099 -0.555116
    outer loop
      vertex -13.6598 -17.4098 0.728846
      vertex -13.7445 -17.3162 0.728846
      vertex -13.6813 -17.2643 0.606451
    endloop
  endfacet
  facet normal 0.82094 -0.491894 -0.289997
    outer loop
      vertex 13.9598 -17.3084 1.13553
      vertex 13.9243 -17.2846 0.994665
      vertex 14.0332 -17.1859 1.13553
    endloop
  endfacet
  facet normal 0.835239 -0.395055 -0.382502
    outer loop
      vertex 13.9956 -17.1658 0.994665
      vertex 13.9459 -17.1392 0.858666
      vertex 14.0028 -17.0189 0.858666
    endloop
  endfacet
  facet normal 0.965324 -0.242015 -0.0978698
    outer loop
      vertex 14.1837 -16.9349 1.4264
      vertex 14.1699 -16.9307 1.2799
      vertex 14.2053 -16.7895 1.2799
    endloop
  endfacet
  facet normal 0.666105 -0.238682 -0.706636
    outer loop
      vertex 13.7768 -16.9253 0.492661
      vertex 13.714 -16.7924 0.388573
      vertex 13.8136 -16.8226 0.492661
    endloop
  endfacet
  facet normal 0.797369 -0.37737 -0.470952
    outer loop
      vertex 13.9459 -17.1392 0.858666
      vertex 13.8847 -17.1065 0.728846
      vertex 13.9387 -16.9924 0.728846
    endloop
  endfacet
  facet normal 0.742317 -0.550407 -0.382122
    outer loop
      vertex 13.9243 -17.2846 0.994665
      vertex 13.8417 -17.396 0.994665
      vertex 13.8775 -17.2533 0.858666
    endloop
  endfacet
  facet normal 0.708145 -0.525871 -0.471158
    outer loop
      vertex 13.7982 -17.3602 0.858666
      vertex 13.7445 -17.3162 0.728846
      vertex 13.8198 -17.2148 0.728846
    endloop
  endfacet
  facet normal 0.756695 -0.453458 -0.470943
    outer loop
      vertex 13.9459 -17.1392 0.858666
      vertex 13.8198 -17.2148 0.728846
      vertex 13.8847 -17.1065 0.728846
    endloop
  endfacet
  facet normal 0.713236 -0.427415 -0.555528
    outer loop
      vertex 13.8198 -17.2148 0.728846
      vertex 13.8125 -17.0679 0.606451
      vertex 13.8847 -17.1065 0.728846
    endloop
  endfacet
  facet normal 0.835531 -0.39476 -0.382168
    outer loop
      vertex 14.0548 -17.0405 0.994665
      vertex 13.9956 -17.1658 0.994665
      vertex 14.0028 -17.0189 0.858666
    endloop
  endfacet
  facet normal 0.865321 -0.408835 -0.289953
    outer loop
      vertex 14.0943 -17.0568 1.13553
      vertex 13.9956 -17.1658 0.994665
      vertex 14.0548 -17.0405 0.994665
    endloop
  endfacet
  facet normal 0.642338 -0.709335 -0.290252
    outer loop
      vertex 13.6731 -17.6248 1.13553
      vertex 13.646 -17.5917 0.994665
      vertex 13.7487 -17.4987 0.994665
    endloop
  endfacet
  facet normal 0.569962 -0.76869 -0.290275
    outer loop
      vertex 13.6731 -17.6248 1.13553
      vertex 13.5346 -17.6743 0.994665
      vertex 13.646 -17.5917 0.994665
    endloop
  endfacet
  facet normal 0.741262 -0.671216 -0.000222919
    outer loop
      vertex 13.9095 -17.4516 9.695
      vertex 13.8094 -17.5594 1.4264
      vertex 13.9081 -17.4504 1.4264
    endloop
  endfacet
  facet normal 0.737703 -0.667994 -0.097871
    outer loop
      vertex 13.8094 -17.5594 1.4264
      vertex 13.7992 -17.5492 1.2799
      vertex 13.9081 -17.4504 1.4264
    endloop
  endfacet
  facet normal 0.592495 -0.79956 -0.0982521
    outer loop
      vertex 13.5824 -17.7457 1.4264
      vertex 13.5743 -17.7337 1.2799
      vertex 13.6913 -17.647 1.2799
    endloop
  endfacet
  facet normal 0.511808 -0.853468 -0.0982066
    outer loop
      vertex 13.5824 -17.7457 1.4264
      vertex 13.4494 -17.8086 1.2799
      vertex 13.5743 -17.7337 1.2799
    endloop
  endfacet
  facet normal 0.616742 -0.558099 -0.555116
    outer loop
      vertex 13.7445 -17.3162 0.728846
      vertex 13.6598 -17.4098 0.728846
      vertex 13.6813 -17.2643 0.606451
    endloop
  endfacet
  facet normal 0.708562 -0.525622 -0.470809
    outer loop
      vertex 13.8775 -17.2533 0.858666
      vertex 13.7982 -17.3602 0.858666
      vertex 13.8198 -17.2148 0.728846
    endloop
  endfacet
  facet normal 0.355698 -0.751577 -0.555528
    outer loop
      vertex 13.3565 -17.6347 0.728846
      vertex 13.2424 -17.6887 0.728846
      vertex 13.3179 -17.5625 0.606451
    endloop
  endfacet
  facet normal 0.525871 -0.708145 -0.471158
    outer loop
      vertex 13.6102 -17.5482 0.858666
      vertex 13.4648 -17.5698 0.728846
      vertex 13.5662 -17.4945 0.728846
    endloop
  endfacet
  facet normal 0.330556 -0.699416 -0.63368
    outer loop
      vertex 13.3179 -17.5625 0.606451
      vertex 13.1753 -17.5268 0.492661
      vertex 13.2739 -17.4802 0.492661
    endloop
  endfacet
  facet normal 0.187959 -0.750417 -0.633676
    outer loop
      vertex 13.0997 -17.6529 0.606451
      vertex 12.9668 -17.5901 0.492661
      vertex 13.0726 -17.5636 0.492661
    endloop
  endfacet
  facet normal 0.409483 -0.865209 -0.289373
    outer loop
      vertex 13.4359 -17.7832 1.13553
      vertex 13.3068 -17.8443 1.13553
      vertex 13.4158 -17.7456 0.994665
    endloop
  endfacet
  facet normal 0.419556 -0.886493 -0.195199
    outer loop
      vertex 13.4494 -17.8086 1.2799
      vertex 13.3068 -17.8443 1.13553
      vertex 13.4359 -17.7832 1.13553
    endloop
  endfacet
  facet normal 0.0469252 -0.955933 -0.289811
    outer loop
      vertex 12.8926 -17.948 1.13553
      vertex 12.75 -17.955 1.13553
      vertex 12.8884 -17.9055 0.994665
    endloop
  endfacet
  facet normal 0.224247 -0.896292 -0.382589
    outer loop
      vertex 13.0255 -17.8852 0.994665
      vertex 13.0145 -17.8299 0.858666
      vertex 13.1436 -17.7976 0.858666
    endloop
  endfacet
  facet normal 0.0453501 -0.923007 -0.382101
    outer loop
      vertex 12.8884 -17.9055 0.994665
      vertex 12.75 -17.9123 0.994665
      vertex 12.75 -17.856 0.858666
    endloop
  endfacet
  facet normal 0 -0.923958 -0.382494
    outer loop
      vertex -12.75 -17.856 0.858666
      vertex 12.75 -17.9123 0.994665
      vertex -12.75 -17.9123 0.994665
    endloop
  endfacet
  facet normal 0 -0.923958 -0.382494
    outer loop
      vertex 12.75 -17.9123 0.994665
      vertex -12.75 -17.856 0.858666
      vertex 12.75 -17.856 0.858666
    endloop
  endfacet
  facet normal 0.129235 -0.872514 -0.471187
    outer loop
      vertex 12.8829 -17.8495 0.858666
      vertex 12.8761 -17.7804 0.728846
      vertex 13.001 -17.7619 0.728846
    endloop
  endfacet
  facet normal 0.0430879 -0.880983 -0.471182
    outer loop
      vertex 12.8829 -17.8495 0.858666
      vertex 12.75 -17.856 0.858666
      vertex 12.8761 -17.7804 0.728846
    endloop
  endfacet
  facet normal -0.0379414 -0.772564 -0.633802
    outer loop
      vertex -12.75 -17.7048 0.606451
      vertex -12.8681 -17.699 0.606451
      vertex -12.8589 -17.6061 0.492661
    endloop
  endfacet
  facet normal 0.201659 -0.426558 -0.881693
    outer loop
      vertex 13.1135 -17.1801 0.213407
      vertex 12.9954 -17.0925 0.144015
      vertex 13.0523 -17.0656 0.144015
    endloop
  endfacet
  facet normal 0.373159 -0.412091 -0.831224
    outer loop
      vertex 13.3169 -17.1907 0.295188
      vertex 13.2392 -17.0961 0.213407
      vertex 13.2953 -17.0453 0.213407
    endloop
  endfacet
  facet normal -0.215416 -0.195094 -0.956835
    outer loop
      vertex -13.0077 -16.7577 0.0449524
      vertex -13.1073 -16.8573 0.0876837
      vertex -13.0317 -16.7312 0.0449524
    endloop
  endfacet
  facet normal 0.129036 -0.360837 -0.923659
    outer loop
      vertex 12.9954 -17.0925 0.144015
      vertex 12.8967 -16.9836 0.0876837
      vertex 12.9434 -16.9669 0.0876837
    endloop
  endfacet
  facet normal 0.0692737 -0.466818 -0.881636
    outer loop
      vertex 12.9004 -17.2563 0.213407
      vertex 12.8256 -17.2674 0.213407
      vertex 12.8751 -17.129 0.144015
    endloop
  endfacet
  facet normal 0.124254 -0.262575 -0.956878
    outer loop
      vertex 12.9434 -16.9669 0.0876837
      vertex 12.9218 -16.8214 0.0449524
      vertex 12.9882 -16.9457 0.0876837
    endloop
  endfacet
  facet normal 0.0927249 -0.628066 -0.772616
    outer loop
      vertex 12.9465 -17.488 0.388573
      vertex 12.8376 -17.3892 0.295188
      vertex 12.9243 -17.3764 0.295188
    endloop
  endfacet
  facet normal 0.0308292 -0.633926 -0.772779
    outer loop
      vertex 12.8487 -17.5025 0.388573
      vertex 12.75 -17.5073 0.388573
      vertex 12.8376 -17.3892 0.295188
    endloop
  endfacet
  facet normal 0.134959 -0.539203 -0.831292
    outer loop
      vertex 12.9243 -17.3764 0.295188
      vertex 12.9004 -17.2563 0.213407
      vertex 13.0094 -17.3551 0.295188
    endloop
  endfacet
  facet normal 0.302431 -0.639907 -0.706438
    outer loop
      vertex 13.1753 -17.5268 0.492661
      vertex 13.1355 -17.4307 0.388573
      vertex 13.2739 -17.4802 0.492661
    endloop
  endfacet
  facet normal 0.573202 -0.519287 -0.633861
    outer loop
      vertex 13.6813 -17.2643 0.606451
      vertex 13.5359 -17.2859 0.492661
      vertex 13.6091 -17.2051 0.492661
    endloop
  endfacet
  facet normal 0.509931 -0.378273 -0.77258
    outer loop
      vertex 13.5287 -17.139 0.388573
      vertex 13.4407 -17.0669 0.295188
      vertex 13.5876 -17.0596 0.388573
    endloop
  endfacet
  facet normal 0.475031 -0.524351 -0.706684
    outer loop
      vertex 13.4551 -17.3591 0.492661
      vertex 13.389 -17.2787 0.388573
      vertex 13.5359 -17.2859 0.492661
    endloop
  endfacet
  facet normal 0.524381 -0.475019 -0.70667
    outer loop
      vertex 13.5359 -17.2859 0.492661
      vertex 13.4623 -17.2123 0.388573
      vertex 13.5287 -17.139 0.388573
    endloop
  endfacet
  facet normal 0.378273 -0.509931 -0.77258
    outer loop
      vertex 13.389 -17.2787 0.388573
      vertex 13.3096 -17.3376 0.388573
      vertex 13.3169 -17.1907 0.295188
    endloop
  endfacet
  facet normal 0.426278 -0.470575 -0.772558
    outer loop
      vertex 13.389 -17.2787 0.388573
      vertex 13.3169 -17.1907 0.295188
      vertex 13.4623 -17.2123 0.388573
    endloop
  endfacet
  facet normal 0.460878 -0.621121 -0.633877
    outer loop
      vertex 13.5143 -17.4313 0.606451
      vertex 13.3675 -17.4241 0.492661
      vertex 13.4551 -17.3591 0.492661
    endloop
  endfacet
  facet normal 0.356082 -0.751573 -0.555287
    outer loop
      vertex 13.2424 -17.6887 0.728846
      vertex 13.2111 -17.6131 0.606451
      vertex 13.3179 -17.5625 0.606451
    endloop
  endfacet
  facet normal 0.326415 -0.54424 -0.772824
    outer loop
      vertex 13.2249 -17.3884 0.388573
      vertex 13.1712 -17.288 0.295188
      vertex 13.3096 -17.3376 0.388573
    endloop
  endfacet
  facet normal 0.363919 -0.606771 -0.706677
    outer loop
      vertex 13.3675 -17.4241 0.492661
      vertex 13.2249 -17.3884 0.388573
      vertex 13.3096 -17.3376 0.388573
    endloop
  endfacet
  facet normal 0.114607 -0.457807 -0.881634
    outer loop
      vertex 12.9004 -17.2563 0.213407
      vertex 12.8751 -17.129 0.144015
      vertex 12.9739 -17.2379 0.213407
    endloop
  endfacet
  facet normal 0.213809 -0.597766 -0.772633
    outer loop
      vertex 13.0424 -17.464 0.388573
      vertex 13.0094 -17.3551 0.295188
      vertex 13.1355 -17.4307 0.388573
    endloop
  endfacet
  facet normal 0.373809 -0.411888 -0.831033
    outer loop
      vertex 13.3169 -17.1907 0.295188
      vertex 13.2953 -17.0453 0.213407
      vertex 13.3818 -17.1318 0.295188
    endloop
  endfacet
  facet normal 0.378287 -0.509928 -0.772575
    outer loop
      vertex 13.3096 -17.3376 0.388573
      vertex 13.2464 -17.243 0.295188
      vertex 13.3169 -17.1907 0.295188
    endloop
  endfacet
  facet normal 0.113218 -0.765037 -0.633956
    outer loop
      vertex 12.985 -17.6817 0.606451
      vertex 12.8681 -17.699 0.606451
      vertex 12.9668 -17.5901 0.492661
    endloop
  endfacet
  facet normal 0.121763 -0.822783 -0.555159
    outer loop
      vertex 12.8761 -17.7804 0.728846
      vertex 12.8681 -17.699 0.606451
      vertex 12.985 -17.6817 0.606451
    endloop
  endfacet
  facet normal 0 -0.707066 -0.707148
    outer loop
      vertex -12.75 -17.6114 0.492661
      vertex 12.75 -17.5073 0.388573
      vertex 12.75 -17.6114 0.492661
    endloop
  endfacet
  facet normal -0 -0.707066 -0.707148
    outer loop
      vertex 12.75 -17.5073 0.388573
      vertex -12.75 -17.6114 0.492661
      vertex -12.75 -17.5073 0.388573
    endloop
  endfacet
  facet normal 0.979543 -0.0480842 -0.195406
    outer loop
      vertex 14.2338 -16.5 1.2799
      vertex 14.198 -16.6426 1.13553
      vertex 14.205 -16.5 1.13553
    endloop
  endfacet
  facet normal 0.979603 -0.0485085 -0.195002
    outer loop
      vertex 14.2266 -16.6454 1.2799
      vertex 14.198 -16.6426 1.13553
      vertex 14.2338 -16.5 1.2799
    endloop
  endfacet
  facet normal 0.783072 -0.279904 -0.555384
    outer loop
      vertex 13.9387 -16.9924 0.728846
      vertex 13.9029 -16.8497 0.606451
      vertex 13.9812 -16.8735 0.728846
    endloop
  endfacet
  facet normal 0.728171 -0.260154 -0.634104
    outer loop
      vertex 13.8631 -16.9611 0.606451
      vertex 13.7768 -16.9253 0.492661
      vertex 13.9029 -16.8497 0.606451
    endloop
  endfacet
  facet normal 0.686363 -0.171915 -0.706648
    outer loop
      vertex 13.8136 -16.8226 0.492661
      vertex 13.714 -16.7924 0.388573
      vertex 13.8401 -16.7168 0.492661
    endloop
  endfacet
  facet normal 0.750417 -0.187959 -0.633676
    outer loop
      vertex 13.9029 -16.8497 0.606451
      vertex 13.8136 -16.8226 0.492661
      vertex 13.8401 -16.7168 0.492661
    endloop
  endfacet
  facet normal 0.470575 -0.426278 -0.772558
    outer loop
      vertex 13.4623 -17.2123 0.388573
      vertex 13.4407 -17.0669 0.295188
      vertex 13.5287 -17.139 0.388573
    endloop
  endfacet
  facet normal 0.469969 -0.42652 -0.772794
    outer loop
      vertex 13.4623 -17.2123 0.388573
      vertex 13.3818 -17.1318 0.295188
      vertex 13.4407 -17.0669 0.295188
    endloop
  endfacet
  facet normal 0.606969 -0.363792 -0.706572
    outer loop
      vertex 13.6741 -17.1175 0.492661
      vertex 13.6384 -16.9749 0.388573
      vertex 13.7302 -17.0239 0.492661
    endloop
  endfacet
  facet normal 0.606771 -0.363919 -0.706677
    outer loop
      vertex 13.6741 -17.1175 0.492661
      vertex 13.5876 -17.0596 0.388573
      vertex 13.6384 -16.9749 0.388573
    endloop
  endfacet
  facet normal 0.539187 -0.13498 -0.831299
    outer loop
      vertex 13.6051 -16.7594 0.295188
      vertex 13.4879 -16.7239 0.213407
      vertex 13.5063 -16.6504 0.213407
    endloop
  endfacet
  facet normal 0.628066 -0.0927249 -0.772616
    outer loop
      vertex 13.738 -16.6965 0.388573
      vertex 13.6264 -16.6743 0.295188
      vertex 13.6392 -16.5876 0.295188
    endloop
  endfacet
  facet normal 0.502601 -0.238074 -0.831092
    outer loop
      vertex 13.538 -16.9212 0.295188
      vertex 13.4301 -16.8635 0.213407
      vertex 13.4625 -16.7951 0.213407
    endloop
  endfacet
  facet normal 0.477015 -0.285915 -0.831089
    outer loop
      vertex 13.538 -16.9212 0.295188
      vertex 13.3912 -16.9284 0.213407
      vertex 13.4301 -16.8635 0.213407
    endloop
  endfacet
  facet normal 0.92309 -0.0451474 -0.381925
    outer loop
      vertex 14.1555 -16.6384 0.994665
      vertex 14.0995 -16.6329 0.858666
      vertex 14.106 -16.5 0.858666
    endloop
  endfacet
  facet normal 0.914227 -0.135367 -0.381923
    outer loop
      vertex 14.1352 -16.7755 0.994665
      vertex 14.0995 -16.6329 0.858666
      vertex 14.1555 -16.6384 0.994665
    endloop
  endfacet
  facet normal 0.597268 -0.214293 -0.772884
    outer loop
      vertex 13.6807 -16.8855 0.388573
      vertex 13.5755 -16.8419 0.295188
      vertex 13.6051 -16.7594 0.295188
    endloop
  endfacet
  facet normal 0.573648 -0.271271 -0.772878
    outer loop
      vertex 13.6807 -16.8855 0.388573
      vertex 13.538 -16.9212 0.295188
      vertex 13.5755 -16.8419 0.295188
    endloop
  endfacet
  facet normal 0.146144 0.984443 -0.0975416
    outer loop
      vertex 13.0395 17.9553 1.2799
      vertex 12.8968 17.991 1.4264
      vertex 13.0423 17.9694 1.4264
    endloop
  endfacet
  facet normal 0 0 1
    outer loop
      vertex -11 16.51 9.705
      vertex -12 16.5 9.705
      vertex -11 16.5 9.705
    endloop
  endfacet
  facet normal -0 0 1
    outer loop
      vertex -12.15 16.51 9.705
      vertex -12 16.5 9.705
      vertex -11 16.51 9.705
    endloop
  endfacet
  facet normal 0 0 1
    outer loop
      vertex -12.15 5.5 9.705
      vertex -12 16.5 9.705
      vertex -12.15 16.51 9.705
    endloop
  endfacet
  facet normal 0 0 1
    outer loop
      vertex -12 16.5 9.705
      vertex -12.15 5.5 9.705
      vertex -12 5.5 9.705
    endloop
  endfacet
  facet normal -0 0 1
    outer loop
      vertex -12.15 -16.5 9.705
      vertex -11 -16.51 9.705
      vertex -11 -16.5 9.705
    endloop
  endfacet
  facet normal 0 0 1
    outer loop
      vertex -11 -16.51 9.705
      vertex -12.15 -16.5 9.705
      vertex -12.15 -16.51 9.705
    endloop
  endfacet
  facet normal 0 0 1
    outer loop
      vertex 12.15 16.51 9.705
      vertex 12 16.5 9.705
      vertex 12.15 5.5 9.705
    endloop
  endfacet
  facet normal -0 0 1
    outer loop
      vertex 11 16.51 9.705
      vertex 12 16.5 9.705
      vertex 12.15 16.51 9.705
    endloop
  endfacet
  facet normal 0 0 1
    outer loop
      vertex 12 16.5 9.705
      vertex 11 16.51 9.705
      vertex 11 16.5 9.705
    endloop
  endfacet
  facet normal 0 0 1
    outer loop
      vertex 12.15 5.5 9.705
      vertex 12 16.5 9.705
      vertex 12 5.5 9.705
    endloop
  endfacet
  facet normal -0 0 1
    outer loop
      vertex 11 -16.5 9.705
      vertex 12.15 -16.51 9.705
      vertex 12.15 -16.5 9.705
    endloop
  endfacet
  facet normal 0 0 1
    outer loop
      vertex 12.15 -16.51 9.705
      vertex 11 -16.5 9.705
      vertex 11 -16.51 9.705
    endloop
  endfacet
  facet normal -0 0 1
    outer loop
      vertex -4.75 18 9.705
      vertex 4.75 16.5 9.705
      vertex 4.75 18 9.705
    endloop
  endfacet
  facet normal 0 0 1
    outer loop
      vertex 4.75 16.5 9.705
      vertex -4.75 18 9.705
      vertex -4.75 16.5 9.705
    endloop
  endfacet
  facet normal -0 0 1
    outer loop
      vertex -12.15 3.5 9.705
      vertex -12 -14.5 9.705
      vertex -12 3.5 9.705
    endloop
  endfacet
  facet normal 0 0 1
    outer loop
      vertex -12 -14.5 9.705
      vertex -12.15 3.5 9.705
      vertex -12.15 -14.5 9.705
    endloop
  endfacet
  facet normal -0 0 1
    outer loop
      vertex 12 3.5 9.705
      vertex 12.15 -14.5 9.705
      vertex 12.15 3.5 9.705
    endloop
  endfacet
  facet normal 0 0 1
    outer loop
      vertex 12.15 -14.5 9.705
      vertex 12 3.5 9.705
      vertex 12 -14.5 9.705
    endloop
  endfacet
  facet normal 0.822816 0.121874 -0.555086
    outer loop
      vertex 14.0304 16.6261 0.728846
      vertex 13.9317 16.735 0.606451
      vertex 14.0119 16.751 0.728846
    endloop
  endfacet
  facet normal 0.783072 0.279904 -0.555384
    outer loop
      vertex 13.9812 16.8735 0.728846
      vertex 13.9029 16.8497 0.606451
      vertex 13.9387 16.9924 0.728846
    endloop
  endfacet
  facet normal 0.765037 0.113218 -0.633956
    outer loop
      vertex 13.949 16.6181 0.606451
      vertex 13.8401 16.7168 0.492661
      vertex 13.9317 16.735 0.606451
    endloop
  endfacet
  facet normal 0.699847 0.103761 -0.706716
    outer loop
      vertex 13.7525 16.5987 0.388573
      vertex 13.738 16.6965 0.388573
      vertex 13.8401 16.7168 0.492661
    endloop
  endfacet
  facet normal 0.914227 0.135367 -0.381923
    outer loop
      vertex 14.1555 16.6384 0.994665
      vertex 14.0995 16.6329 0.858666
      vertex 14.1352 16.7755 0.994665
    endloop
  endfacet
  facet normal 0.806741 0.202564 -0.555101
    outer loop
      vertex 13.9317 16.735 0.606451
      vertex 13.9029 16.8497 0.606451
      vertex 14.0119 16.751 0.728846
    endloop
  endfacet
  facet normal 0.639907 0.302431 -0.706438
    outer loop
      vertex 13.7768 16.9253 0.492661
      vertex 13.6807 16.8855 0.388573
      vertex 13.7302 17.0239 0.492661
    endloop
  endfacet
  facet normal 0.750417 0.187959 -0.633676
    outer loop
      vertex 13.8401 16.7168 0.492661
      vertex 13.8136 16.8226 0.492661
      vertex 13.9029 16.8497 0.606451
    endloop
  endfacet
  facet normal 0.373159 0.412091 -0.831224
    outer loop
      vertex 13.2953 17.0453 0.213407
      vertex 13.2392 17.0961 0.213407
      vertex 13.3169 17.1907 0.295188
    endloop
  endfacet
  facet normal 0.615855 0.154124 -0.772637
    outer loop
      vertex 13.738 16.6965 0.388573
      vertex 13.6051 16.7594 0.295188
      vertex 13.714 16.7924 0.388573
    endloop
  endfacet
  facet normal 0.330556 0.699416 -0.63368
    outer loop
      vertex 13.2739 17.4802 0.492661
      vertex 13.1753 17.5268 0.492661
      vertex 13.3179 17.5625 0.606451
    endloop
  endfacet
  facet normal 0.667789 0.495903 -0.555101
    outer loop
      vertex 13.8198 17.2148 0.728846
      vertex 13.6813 17.2643 0.606451
      vertex 13.7445 17.3162 0.728846
    endloop
  endfacet
  facet normal 0.316712 0.349755 -0.881683
    outer loop
      vertex 13.2953 17.0453 0.213407
      vertex 13.2035 16.9535 0.144015
      vertex 13.2392 17.0961 0.213407
    endloop
  endfacet
  facet normal 0.446524 0.331221 -0.831209
    outer loop
      vertex 13.3912 16.9284 0.213407
      vertex 13.3461 16.9892 0.213407
      vertex 13.4407 17.0669 0.295188
    endloop
  endfacet
  facet normal 0.271271 0.573648 -0.772878
    outer loop
      vertex 13.1712 17.288 0.295188
      vertex 13.0919 17.3255 0.295188
      vertex 13.1355 17.4307 0.388573
    endloop
  endfacet
  facet normal 0.654031 0.591842 -0.471133
    outer loop
      vertex 13.7445 17.3162 0.728846
      vertex 13.6598 17.4098 0.728846
      vertex 13.7982 17.3602 0.858666
    endloop
  endfacet
  facet normal 0.425196 0.899818 -0.0976529
    outer loop
      vertex 13.4562 17.8213 1.4264
      vertex 13.3178 17.8708 1.2799
      vertex 13.3233 17.8841 1.4264
    endloop
  endfacet
  facet normal 0.425272 0.899772 -0.0977403
    outer loop
      vertex 13.4494 17.8086 1.2799
      vertex 13.3178 17.8708 1.2799
      vertex 13.4562 17.8213 1.4264
    endloop
  endfacet
  facet normal 0.841125 0.504406 -0.195152
    outer loop
      vertex 14.0332 17.1859 1.13553
      vertex 13.9837 17.3243 1.2799
      vertex 14.0586 17.1994 1.2799
    endloop
  endfacet
  facet normal 0.737703 0.667994 -0.097871
    outer loop
      vertex 13.9081 17.4504 1.4264
      vertex 13.7992 17.5492 1.2799
      vertex 13.8094 17.5594 1.4264
    endloop
  endfacet
  facet normal 0.573202 0.519287 -0.633861
    outer loop
      vertex 13.6091 17.2051 0.492661
      vertex 13.5359 17.2859 0.492661
      vertex 13.6813 17.2643 0.606451
    endloop
  endfacet
  facet normal 0.870075 0.31136 -0.38213
    outer loop
      vertex 14.1015 16.91 0.994665
      vertex 14.0028 17.0189 0.858666
      vertex 14.0548 17.0405 0.994665
    endloop
  endfacet
  facet normal 0.21412 0.855817 -0.470883
    outer loop
      vertex 13.1235 17.7312 0.728846
      vertex 13.0145 17.8299 0.858666
      vertex 13.1436 17.7976 0.858666
    endloop
  endfacet
  facet normal 0.397695 0.663534 -0.633689
    outer loop
      vertex 13.3675 17.4241 0.492661
      vertex 13.2739 17.4802 0.492661
      vertex 13.3179 17.5625 0.606451
    endloop
  endfacet
  facet normal 0.233349 -0.173111 -0.95686
    outer loop
      vertex 13.1406 -16.8206 0.0876837
      vertex 13.0317 -16.7312 0.0449524
      vertex 13.1702 -16.7807 0.0876837
    endloop
  endfacet
  facet normal 0.193251 -0.0283871 -0.980739
    outer loop
      vertex 13.1075 -16.5711 0.0449524
      vertex 12.9659 -16.5429 0.0162344
      vertex 13.1127 -16.5357 0.0449524
    endloop
  endfacet
  facet normal 0.371682 -0.0930727 -0.923683
    outer loop
      vertex 13.3637 -16.6862 0.144015
      vertex 13.2336 -16.6467 0.0876837
      vertex 13.379 -16.6251 0.144015
    endloop
  endfacet
  facet normal 0.457787 -0.114634 -0.881641
    outer loop
      vertex 13.4879 -16.7239 0.213407
      vertex 13.3637 -16.6862 0.144015
      vertex 13.379 -16.6251 0.144015
    endloop
  endfacet
  facet normal 0.283578 -0.257306 -0.923784
    outer loop
      vertex 13.2458 -16.9069 0.144015
      vertex 13.1073 -16.8573 0.0876837
      vertex 13.1406 -16.8206 0.0876837
    endloop
  endfacet
  facet normal 0.307729 -0.22829 -0.923681
    outer loop
      vertex 13.2832 -16.8563 0.144015
      vertex 13.1406 -16.8206 0.0876837
      vertex 13.1702 -16.7807 0.0876837
    endloop
  endfacet
  facet normal 0.195058 0 -0.980792
    outer loop
      vertex 12.9701 -16.5 0.0162344
      vertex 13.1145 16.5 0.0449524
      vertex 13.1145 -16.5 0.0449524
    endloop
  endfacet
  facet normal 0.195058 0 -0.980792
    outer loop
      vertex 13.1145 16.5 0.0449524
      vertex 12.9701 -16.5 0.0162344
      vertex 12.9701 16.5 0.0162344
    endloop
  endfacet
  facet normal 0.195025 -0.00993183 -0.980748
    outer loop
      vertex 13.1127 -16.5357 0.0449524
      vertex 12.969 -16.5216 0.0162344
      vertex 12.9701 -16.5 0.0162344
    endloop
  endfacet
  facet normal -0.0888597 -0.0417097 -0.99517
    outer loop
      vertex -12.9441 -16.6038 0.0162344
      vertex -12.9533 -16.5842 0.0162344
      vertex -12.818 -16.5282 0.00180626
    endloop
  endfacet
  facet normal 0.156887 0.116435 -0.980729
    outer loop
      vertex 13.053 16.7025 0.0449524
      vertex 12.933 16.6223 0.0162344
      vertex 13.0317 16.7312 0.0449524
    endloop
  endfacet
  facet normal 0.0422306 -0.088548 -0.995176
    outer loop
      vertex 12.8538 -16.6941 0.0162344
      vertex 12.7782 -16.568 0.00180626
      vertex 12.7847 -16.5649 0.00180626
    endloop
  endfacet
  facet normal -0.0427513 -0.287546 -0.956812
    outer loop
      vertex -12.7995 -17.0029 0.0876837
      vertex -12.8486 -16.9956 0.0876837
      vertex -12.8211 -16.8575 0.0449524
    endloop
  endfacet
  facet normal -0.0188612 -0.3827 -0.92368
    outer loop
      vertex -12.75 -17.1413 0.144015
      vertex -12.8129 -17.1382 0.144015
      vertex -12.7995 -17.0029 0.0876837
    endloop
  endfacet
  facet normal 0.114634 0.457787 -0.881641
    outer loop
      vertex 12.9362 17.1137 0.144015
      vertex 12.8751 17.129 0.144015
      vertex 12.9739 17.2379 0.213407
    endloop
  endfacet
  facet normal 0.0417097 0.0888597 -0.99517
    outer loop
      vertex 12.8538 16.6941 0.0162344
      vertex 12.7782 16.568 0.00180626
      vertex 12.8342 16.7033 0.0162344
    endloop
  endfacet
  facet normal 0.0930727 0.371682 -0.923683
    outer loop
      vertex 12.8967 16.9836 0.0876837
      vertex 12.8751 17.129 0.144015
      vertex 12.9362 17.1137 0.144015
    endloop
  endfacet
  facet normal 0.129036 0.360837 -0.923659
    outer loop
      vertex 12.9434 16.9669 0.0876837
      vertex 12.8967 16.9836 0.0876837
      vertex 12.9954 17.0925 0.144015
    endloop
  endfacet
  facet normal 0.287481 0.0422289 -0.956855
    outer loop
      vertex 13.1127 16.5357 0.0449524
      vertex 13.1075 16.5711 0.0449524
      vertex 13.2529 16.5495 0.0876837
    endloop
  endfacet
  facet normal 0.290198 0.0146318 -0.956855
    outer loop
      vertex 13.1145 16.5 0.0449524
      vertex 13.1127 16.5357 0.0449524
      vertex 13.2529 16.5495 0.0876837
    endloop
  endfacet
  facet normal 0.273406 0.0981664 -0.956877
    outer loop
      vertex 13.0988 16.6058 0.0449524
      vertex 13.0867 16.6395 0.0449524
      vertex 13.2169 16.6934 0.0876837
    endloop
  endfacet
  facet normal 0.371649 0.092719 -0.923732
    outer loop
      vertex 13.2456 16.5986 0.0876837
      vertex 13.2336 16.6467 0.0876837
      vertex 13.379 16.6251 0.144015
    endloop
  endfacet
  facet normal 0.0970855 0.0141298 -0.995176
    outer loop
      vertex 12.969 16.5216 0.0162344
      vertex 12.8232 16.5072 0.00180626
      vertex 12.9659 16.5429 0.0162344
    endloop
  endfacet
  facet normal 0.19324 0.0281241 -0.980748
    outer loop
      vertex 12.969 16.5216 0.0162344
      vertex 12.9659 16.5429 0.0162344
      vertex 13.1127 16.5357 0.0449524
    endloop
  endfacet
  facet normal 0.0888597 0.0417097 -0.99517
    outer loop
      vertex 12.9533 16.5842 0.0162344
      vertex 12.818 16.5282 0.00180626
      vertex 12.9441 16.6038 0.0162344
    endloop
  endfacet
  facet normal 0.249212 0.149365 -0.956861
    outer loop
      vertex 13.0714 16.6718 0.0449524
      vertex 13.053 16.7025 0.0449524
      vertex 13.1702 16.7807 0.0876837
    endloop
  endfacet
  facet normal 0.215179 0.195244 -0.956858
    outer loop
      vertex 13.1406 16.8206 0.0876837
      vertex 13.0317 16.7312 0.0449524
      vertex 13.1073 16.8573 0.0876837
    endloop
  endfacet
  facet normal 0.233349 0.173111 -0.95686
    outer loop
      vertex 13.1702 16.7807 0.0876837
      vertex 13.0317 16.7312 0.0449524
      vertex 13.1406 16.8206 0.0876837
    endloop
  endfacet
  facet normal 0.273629 0.0978501 -0.956845
    outer loop
      vertex 13.2336 16.6467 0.0876837
      vertex 13.0988 16.6058 0.0449524
      vertex 13.2169 16.6934 0.0876837
    endloop
  endfacet
  facet normal 0.360837 0.129036 -0.923659
    outer loop
      vertex 13.2336 16.6467 0.0876837
      vertex 13.2169 16.6934 0.0876837
      vertex 13.3425 16.7454 0.144015
    endloop
  endfacet
  facet normal 0.0141298 0.0970855 -0.995176
    outer loop
      vertex 12.7929 16.7159 0.0162344
      vertex 12.7572 16.5732 0.00180626
      vertex 12.7716 16.719 0.0162344
    endloop
  endfacet
  facet normal 0.00993183 0.195025 -0.980748
    outer loop
      vertex 12.7716 16.719 0.0162344
      vertex 12.75 16.7201 0.0162344
      vertex 12.7857 16.8627 0.0449524
    endloop
  endfacet
  facet normal 0.163768 0.346409 -0.923678
    outer loop
      vertex 13.0523 17.0656 0.144015
      vertex 12.9882 16.9457 0.0876837
      vertex 12.9954 17.0925 0.144015
    endloop
  endfacet
  facet normal 0.19714 0.328567 -0.923677
    outer loop
      vertex 13.1063 17.0332 0.144015
      vertex 12.9882 16.9457 0.0876837
      vertex 13.0523 17.0656 0.144015
    endloop
  endfacet
  facet normal 0.0477795 0.189315 -0.980753
    outer loop
      vertex 12.8139 16.7106 0.0162344
      vertex 12.7929 16.7159 0.0162344
      vertex 12.8558 16.8488 0.0449524
    endloop
  endfacet
  facet normal 0.0135057 0.097241 -0.995169
    outer loop
      vertex 12.7644 16.5722 0.00180626
      vertex 12.7572 16.5732 0.00180626
      vertex 12.7929 16.7159 0.0162344
    endloop
  endfacet
  facet normal 0.0584655 0.0788604 -0.99517
    outer loop
      vertex 12.7967 16.5569 0.00180626
      vertex 12.7909 16.5612 0.00180626
      vertex 12.8896 16.6701 0.0162344
    endloop
  endfacet
  facet normal -0.167527 -0.100516 -0.98073
    outer loop
      vertex -12.933 -16.6223 0.0162344
      vertex -13.053 -16.7025 0.0449524
      vertex -12.9441 -16.6038 0.0162344
    endloop
  endfacet
  facet normal -0.0141298 -0.0970855 -0.995176
    outer loop
      vertex -12.7716 -16.719 0.0162344
      vertex -12.7929 -16.7159 0.0162344
      vertex -12.7572 -16.5732 0.00180626
    endloop
  endfacet
  facet normal 0.0281241 0.19324 -0.980748
    outer loop
      vertex 12.7929 16.7159 0.0162344
      vertex 12.7716 16.719 0.0162344
      vertex 12.7857 16.8627 0.0449524
    endloop
  endfacet
  facet normal 0.0283871 0.193251 -0.980739
    outer loop
      vertex 12.7929 16.7159 0.0162344
      vertex 12.7857 16.8627 0.0449524
      vertex 12.8211 16.8575 0.0449524
    endloop
  endfacet
  facet normal -0.31136 0.870075 -0.38213
    outer loop
      vertex -13.2689 17.7528 0.858666
      vertex -13.2905 17.8048 0.994665
      vertex -13.16 17.8515 0.994665
    endloop
  endfacet
  facet normal -0.232586 0.928334 -0.29
    outer loop
      vertex -13.0255 17.8852 0.994665
      vertex -13.1724 17.8924 1.13553
      vertex -13.0339 17.9271 1.13553
    endloop
  endfacet
  facet normal -0.20216 0.806664 -0.555359
    outer loop
      vertex -13.0997 17.6529 0.606451
      vertex -13.1235 17.7312 0.728846
      vertex -13.001 17.7619 0.728846
    endloop
  endfacet
  facet normal -0.297011 0.830702 -0.470871
    outer loop
      vertex -13.1235 17.7312 0.728846
      vertex -13.2689 17.7528 0.858666
      vertex -13.1436 17.7976 0.858666
    endloop
  endfacet
  facet normal -0.667755 0.496067 -0.554996
    outer loop
      vertex -13.7518 17.1694 0.606451
      vertex -13.8198 17.2148 0.728846
      vertex -13.6813 17.2643 0.606451
    endloop
  endfacet
  facet normal 0.154146 0.61586 -0.772629
    outer loop
      vertex 13.0094 17.3551 0.295188
      vertex 12.9243 17.3764 0.295188
      vertex 12.9465 17.488 0.388573
    endloop
  endfacet
  facet normal 0.0272618 0.555379 -0.83115
    outer loop
      vertex 12.8256 17.2674 0.213407
      vertex 12.75 17.3935 0.295188
      vertex 12.8376 17.3892 0.295188
    endloop
  endfacet
  facet normal 0.187863 0.523604 -0.830991
    outer loop
      vertex 13.0451 17.2125 0.213407
      vertex 13.0094 17.3551 0.295188
      vertex 13.0919 17.3255 0.295188
    endloop
  endfacet
  facet normal 0.378287 0.509928 -0.772575
    outer loop
      vertex 13.3169 17.1907 0.295188
      vertex 13.2464 17.243 0.295188
      vertex 13.3096 17.3376 0.388573
    endloop
  endfacet
  facet normal 0.271425 0.57365 -0.772822
    outer loop
      vertex 13.1712 17.288 0.295188
      vertex 13.1355 17.4307 0.388573
      vertex 13.2249 17.3884 0.388573
    endloop
  endfacet
  facet normal 0.475019 0.524381 -0.70667
    outer loop
      vertex 13.4623 17.2123 0.388573
      vertex 13.389 17.2787 0.388573
      vertex 13.5359 17.2859 0.492661
    endloop
  endfacet
  facet normal 0.092719 0.371649 -0.923732
    outer loop
      vertex 12.8967 16.9836 0.0876837
      vertex 12.8486 16.9956 0.0876837
      vertex 12.8751 17.129 0.144015
    endloop
  endfacet
  facet normal 0.05633 0.378877 -0.923731
    outer loop
      vertex 12.8486 16.9956 0.0876837
      vertex 12.7995 17.0029 0.0876837
      vertex 12.8751 17.129 0.144015
    endloop
  endfacet
  facet normal 0 0.555865 -0.831273
    outer loop
      vertex -12.75 17.2712 0.213407
      vertex 12.75 17.3935 0.295188
      vertex 12.75 17.2712 0.213407
    endloop
  endfacet
  facet normal 0 0.555865 -0.831273
    outer loop
      vertex 12.75 17.3935 0.295188
      vertex -12.75 17.2712 0.213407
      vertex -12.75 17.3935 0.295188
    endloop
  endfacet
  facet normal 0.146746 0.989174 -0
    outer loop
      vertex 13.0426 17.9712 9.695
      vertex 12.897 17.9928 9.71
      vertex 13.0426 17.9712 9.71
    endloop
  endfacet
  facet normal 0.146746 0.989174 0
    outer loop
      vertex 12.897 17.9928 9.71
      vertex 13.0426 17.9712 9.695
      vertex 12.897 17.9928 9.695
    endloop
  endfacet
  facet normal 0.33071 0.92343 -0.194699
    outer loop
      vertex 13.3068 17.8443 1.13553
      vertex 13.1807 17.9199 1.2799
      vertex 13.3178 17.8708 1.2799
    endloop
  endfacet
  facet normal 0.330496 0.923464 -0.194904
    outer loop
      vertex 13.3068 17.8443 1.13553
      vertex 13.1724 17.8924 1.13553
      vertex 13.1807 17.9199 1.2799
    endloop
  endfacet
  facet normal 0.202564 0.806741 -0.555101
    outer loop
      vertex 13.0997 17.6529 0.606451
      vertex 12.985 17.6817 0.606451
      vertex 13.001 17.7619 0.728846
    endloop
  endfacet
  facet normal 0.260954 0.72826 -0.633672
    outer loop
      vertex 13.1753 17.5268 0.492661
      vertex 13.0726 17.5636 0.492661
      vertex 13.0997 17.6529 0.606451
    endloop
  endfacet
  facet normal 0 0.956999 -0.290092
    outer loop
      vertex 12.75 17.9123 0.994665
      vertex -12.75 17.955 1.13553
      vertex 12.75 17.955 1.13553
    endloop
  endfacet
  facet normal 0 0.956999 -0.290092
    outer loop
      vertex -12.75 17.955 1.13553
      vertex 12.75 17.9123 0.994665
      vertex -12.75 17.9123 0.994665
    endloop
  endfacet
  facet normal 0.171761 0.686329 -0.706718
    outer loop
      vertex 13.0424 17.464 0.388573
      vertex 12.9465 17.488 0.388573
      vertex 12.9668 17.5901 0.492661
    endloop
  endfacet
  facet normal 0.0343921 0.70666 -0.706717
    outer loop
      vertex 12.8487 17.5025 0.388573
      vertex 12.75 17.6114 0.492661
      vertex 12.8589 17.6061 0.492661
    endloop
  endfacet
  facet normal 0.103761 0.699847 -0.706716
    outer loop
      vertex 12.9465 17.488 0.388573
      vertex 12.8487 17.5025 0.388573
      vertex 12.9668 17.5901 0.492661
    endloop
  endfacet
  facet normal 0.103776 0.699836 -0.706725
    outer loop
      vertex 12.9668 17.5901 0.492661
      vertex 12.8487 17.5025 0.388573
      vertex 12.8589 17.6061 0.492661
    endloop
  endfacet
  facet normal -0.756674 -0.453606 -0.470836
    outer loop
      vertex -13.8775 -17.2533 0.858666
      vertex -13.9459 -17.1392 0.858666
      vertex -13.8198 -17.2148 0.728846
    endloop
  endfacet
  facet normal -0.742137 -0.550529 -0.382296
    outer loop
      vertex -13.8417 -17.396 0.994665
      vertex -13.8775 -17.2533 0.858666
      vertex -13.7982 -17.3602 0.858666
    endloop
  endfacet
  facet normal -0.820748 -0.492587 -0.289363
    outer loop
      vertex -13.9243 -17.2846 0.994665
      vertex -14.0332 -17.1859 1.13553
      vertex -13.9956 -17.1658 0.994665
    endloop
  endfacet
  facet normal -0.865209 -0.409483 -0.289373
    outer loop
      vertex -14.0332 -17.1859 1.13553
      vertex -14.0943 -17.0568 1.13553
      vertex -13.9956 -17.1658 0.994665
    endloop
  endfacet
  facet normal -0.103761 -0.699847 -0.706716
    outer loop
      vertex -12.8487 -17.5025 0.388573
      vertex -12.9668 -17.5901 0.492661
      vertex -12.9465 -17.488 0.388573
    endloop
  endfacet
  facet normal -0.0308292 -0.633926 -0.772779
    outer loop
      vertex -12.75 -17.5073 0.388573
      vertex -12.8487 -17.5025 0.388573
      vertex -12.8376 -17.3892 0.295188
    endloop
  endfacet
  facet normal -0.202564 -0.806741 -0.555101
    outer loop
      vertex -13.001 -17.7619 0.728846
      vertex -13.0997 -17.6529 0.606451
      vertex -12.985 -17.6817 0.606451
    endloop
  endfacet
  facet normal -0.396855 -0.663605 -0.634141
    outer loop
      vertex -13.3179 -17.5625 0.606451
      vertex -13.4194 -17.5018 0.606451
      vertex -13.3675 -17.4241 0.492661
    endloop
  endfacet
  facet normal -0.0927249 -0.628066 -0.772616
    outer loop
      vertex -12.8376 -17.3892 0.295188
      vertex -12.9465 -17.488 0.388573
      vertex -12.9243 -17.3764 0.295188
    endloop
  endfacet
  facet normal -0.32603 -0.544833 -0.772568
    outer loop
      vertex -13.1712 -17.288 0.295188
      vertex -13.3096 -17.3376 0.388573
      vertex -13.2464 -17.243 0.295188
    endloop
  endfacet
  facet normal -0.20216 -0.806664 -0.555359
    outer loop
      vertex -13.001 -17.7619 0.728846
      vertex -13.1235 -17.7312 0.728846
      vertex -13.0997 -17.6529 0.606451
    endloop
  endfacet
  facet normal -0.279904 -0.783072 -0.555384
    outer loop
      vertex -13.1235 -17.7312 0.728846
      vertex -13.2424 -17.6887 0.728846
      vertex -13.0997 -17.6529 0.606451
    endloop
  endfacet
  facet normal -0.951382 0.238361 -0.195081
    outer loop
      vertex -14.1771 16.7839 1.13553
      vertex -14.2053 16.7895 1.2799
      vertex -14.1424 16.9224 1.13553
    endloop
  endfacet
  facet normal -0.970231 0.143509 -0.195083
    outer loop
      vertex -14.198 16.6426 1.13553
      vertex -14.2053 16.7895 1.2799
      vertex -14.1771 16.7839 1.13553
    endloop
  endfacet
  facet normal -0.70912 0.642766 -0.28983
    outer loop
      vertex -13.7487 17.4987 0.994665
      vertex -13.8748 17.4231 1.13553
      vertex -13.7789 17.5289 1.13553
    endloop
  endfacet
  facet normal -0.668386 0.737411 -0.0973896
    outer loop
      vertex -13.6913 17.647 1.2799
      vertex -13.7992 17.5492 1.2799
      vertex -13.7004 17.6581 1.4264
    endloop
  endfacet
  facet normal -0.232599 0.928326 -0.290014
    outer loop
      vertex -13.16 17.8515 0.994665
      vertex -13.1724 17.8924 1.13553
      vertex -13.0255 17.8852 0.994665
    endloop
  endfacet
  facet normal -0.33071 0.92343 -0.194699
    outer loop
      vertex -13.3068 17.8443 1.13553
      vertex -13.3178 17.8708 1.2799
      vertex -13.1807 17.9199 1.2799
    endloop
  endfacet
  facet normal -0.820748 0.492587 -0.289363
    outer loop
      vertex -13.9956 17.1658 0.994665
      vertex -14.0332 17.1859 1.13553
      vertex -13.9243 17.2846 0.994665
    endloop
  endfacet
  facet normal -0.865209 0.409483 -0.289373
    outer loop
      vertex -13.9956 17.1658 0.994665
      vertex -14.0943 17.0568 1.13553
      vertex -14.0332 17.1859 1.13553
    endloop
  endfacet
  facet normal -0.899772 0.425272 -0.0977403
    outer loop
      vertex -14.0586 17.1994 1.2799
      vertex -14.1208 17.0678 1.2799
      vertex -14.0713 17.2062 1.4264
    endloop
  endfacet
  facet normal -0.886797 0.41914 -0.194713
    outer loop
      vertex -14.0943 17.0568 1.13553
      vertex -14.1208 17.0678 1.2799
      vertex -14.0586 17.1994 1.2799
    endloop
  endfacet
  facet normal -0.822816 0.121874 -0.555086
    outer loop
      vertex -13.9317 16.735 0.606451
      vertex -14.0304 16.6261 0.728846
      vertex -14.0119 16.751 0.728846
    endloop
  endfacet
  facet normal -0.750417 0.187959 -0.633676
    outer loop
      vertex -13.8401 16.7168 0.492661
      vertex -13.9029 16.8497 0.606451
      vertex -13.8136 16.8226 0.492661
    endloop
  endfacet
  facet normal -0.928326 0.232599 -0.290014
    outer loop
      vertex -14.1352 16.7755 0.994665
      vertex -14.1424 16.9224 1.13553
      vertex -14.1015 16.91 0.994665
    endloop
  endfacet
  facet normal -0.901057 0.322477 -0.290008
    outer loop
      vertex -14.1015 16.91 0.994665
      vertex -14.1424 16.9224 1.13553
      vertex -14.0943 17.0568 1.13553
    endloop
  endfacet
  facet normal -0.765112 0.113455 -0.633823
    outer loop
      vertex -13.8561 16.6089 0.492661
      vertex -13.949 16.6181 0.606451
      vertex -13.8401 16.7168 0.492661
    endloop
  endfacet
  facet normal -0.634052 0.0311236 -0.772663
    outer loop
      vertex -13.6435 16.5 0.295188
      vertex -13.7573 16.5 0.388573
      vertex -13.6392 16.5876 0.295188
    endloop
  endfacet
  facet normal -0.822783 0.121763 -0.555159
    outer loop
      vertex -13.949 16.6181 0.606451
      vertex -14.0304 16.6261 0.728846
      vertex -13.9317 16.735 0.606451
    endloop
  endfacet
  facet normal -0.783072 0.279904 -0.555384
    outer loop
      vertex -13.9029 16.8497 0.606451
      vertex -13.9812 16.8735 0.728846
      vertex -13.9387 16.9924 0.728846
    endloop
  endfacet
  facet normal -0.633926 0.0308292 -0.772779
    outer loop
      vertex -13.6392 16.5876 0.295188
      vertex -13.7573 16.5 0.388573
      vertex -13.7525 16.5987 0.388573
    endloop
  endfacet
  facet normal -0.699836 0.103776 -0.706725
    outer loop
      vertex -13.7525 16.5987 0.388573
      vertex -13.8561 16.6089 0.492661
      vertex -13.8401 16.7168 0.492661
    endloop
  endfacet
  facet normal -0.653717 0.592721 -0.470463
    outer loop
      vertex -13.6598 17.4098 0.728846
      vertex -13.7982 17.3602 0.858666
      vertex -13.7088 17.4588 0.858666
    endloop
  endfacet
  facet normal -0.620666 0.684538 -0.382336
    outer loop
      vertex -13.6102 17.5482 0.858666
      vertex -13.7088 17.4588 0.858666
      vertex -13.646 17.5917 0.994665
    endloop
  endfacet
  facet normal -0.539187 0.13498 -0.831299
    outer loop
      vertex -13.5063 16.6504 0.213407
      vertex -13.6051 16.7594 0.295188
      vertex -13.4879 16.7239 0.213407
    endloop
  endfacet
  facet normal -0.699416 0.330556 -0.63368
    outer loop
      vertex -13.7768 16.9253 0.492661
      vertex -13.8125 17.0679 0.606451
      vertex -13.7302 17.0239 0.492661
    endloop
  endfacet
  facet normal -0.446501 0.331234 -0.831216
    outer loop
      vertex -13.3912 16.9284 0.213407
      vertex -13.493 16.9964 0.295188
      vertex -13.4407 17.0669 0.295188
    endloop
  endfacet
  facet normal -0.349548 0.317294 -0.881556
    outer loop
      vertex -13.2458 16.9069 0.144015
      vertex -13.3461 16.9892 0.213407
      vertex -13.2035 16.9535 0.144015
    endloop
  endfacet
  facet normal -0.373159 0.412091 -0.831224
    outer loop
      vertex -13.2953 17.0453 0.213407
      vertex -13.3169 17.1907 0.295188
      vertex -13.2392 17.0961 0.213407
    endloop
  endfacet
  facet normal -0.114607 0.457807 -0.881634
    outer loop
      vertex -12.8751 17.129 0.144015
      vertex -12.9739 17.2379 0.213407
      vertex -12.9004 17.2563 0.213407
    endloop
  endfacet
  facet normal -0.0281241 0.19324 -0.980748
    outer loop
      vertex -12.7716 16.719 0.0162344
      vertex -12.7929 16.7159 0.0162344
      vertex -12.7857 16.8627 0.0449524
    endloop
  endfacet
  facet normal -0.129177 0.360721 -0.923685
    outer loop
      vertex -12.8967 16.9836 0.0876837
      vertex -12.9954 17.0925 0.144015
      vertex -12.9362 17.1137 0.144015
    endloop
  endfacet
  facet normal -0.158485 0.444258 -0.881769
    outer loop
      vertex -12.9954 17.0925 0.144015
      vertex -13.0451 17.2125 0.213407
      vertex -12.9739 17.2379 0.213407
    endloop
  endfacet
  facet normal -0.0692737 0.466818 -0.881636
    outer loop
      vertex -12.8751 17.129 0.144015
      vertex -12.9004 17.2563 0.213407
      vertex -12.8256 17.2674 0.213407
    endloop
  endfacet
  facet normal -0.159104 0.444289 -0.881642
    outer loop
      vertex -12.9362 17.1137 0.144015
      vertex -12.9954 17.0925 0.144015
      vertex -12.9739 17.2379 0.213407
    endloop
  endfacet
  facet normal -0.830718 -0.0408442 -0.555192
    outer loop
      vertex -14.0304 -16.6261 0.728846
      vertex -14.0366 -16.5 0.728846
      vertex -13.9548 -16.5 0.606451
    endloop
  endfacet
  facet normal -0.822816 -0.121874 -0.555086
    outer loop
      vertex -14.0119 -16.751 0.728846
      vertex -14.0304 -16.6261 0.728846
      vertex -13.9317 -16.735 0.606451
    endloop
  endfacet
  facet normal -0.913837 0.136103 -0.382593
    outer loop
      vertex -14.0995 16.6329 0.858666
      vertex -14.1352 16.7755 0.994665
      vertex -14.0799 16.7645 0.858666
    endloop
  endfacet
  facet normal -0.896292 0.224247 -0.382589
    outer loop
      vertex -14.0799 16.7645 0.858666
      vertex -14.1352 16.7755 0.994665
      vertex -14.0476 16.8936 0.858666
    endloop
  endfacet
  facet normal -0.946758 0.140184 -0.289824
    outer loop
      vertex -14.1555 16.6384 0.994665
      vertex -14.198 16.6426 1.13553
      vertex -14.1352 16.7755 0.994665
    endloop
  endfacet
  facet normal -0.914227 0.135367 -0.381923
    outer loop
      vertex -14.0995 16.6329 0.858666
      vertex -14.1555 16.6384 0.994665
      vertex -14.1352 16.7755 0.994665
    endloop
  endfacet
  facet normal -0.0343659 0.706648 -0.70673
    outer loop
      vertex -12.75 17.5073 0.388573
      vertex -12.8487 17.5025 0.388573
      vertex -12.75 17.6114 0.492661
    endloop
  endfacet
  facet normal -0.0308292 0.633926 -0.772779
    outer loop
      vertex -12.8376 17.3892 0.295188
      vertex -12.8487 17.5025 0.388573
      vertex -12.75 17.5073 0.388573
    endloop
  endfacet
  facet normal -0.461101 0.620688 -0.634139
    outer loop
      vertex -13.3675 17.4241 0.492661
      vertex -13.5143 17.4313 0.606451
      vertex -13.4194 17.5018 0.606451
    endloop
  endfacet
  facet normal -0.154124 0.615855 -0.772637
    outer loop
      vertex -13.0094 17.3551 0.295188
      vertex -13.0424 17.464 0.388573
      vertex -12.9465 17.488 0.388573
    endloop
  endfacet
  facet normal -0.54424 0.326415 -0.772824
    outer loop
      vertex -13.538 16.9212 0.295188
      vertex -13.6384 16.9749 0.388573
      vertex -13.5876 17.0596 0.388573
    endloop
  endfacet
  facet normal -0.591842 0.654031 -0.471133
    outer loop
      vertex -13.5662 17.4945 0.728846
      vertex -13.6598 17.4098 0.728846
      vertex -13.6102 17.5482 0.858666
    endloop
  endfacet
  facet normal -0.772564 -0.0379414 -0.633802
    outer loop
      vertex -13.949 -16.6181 0.606451
      vertex -13.9548 -16.5 0.606451
      vertex -13.8561 -16.6089 0.492661
    endloop
  endfacet
  facet normal -0.699836 -0.103776 -0.706725
    outer loop
      vertex -13.8401 -16.7168 0.492661
      vertex -13.8561 -16.6089 0.492661
      vertex -13.7525 -16.5987 0.388573
    endloop
  endfacet
  facet normal -0.0950711 -0.0244469 -0.99517
    outer loop
      vertex -12.8204 -16.5214 0.00180626
      vertex -12.9659 -16.5429 0.0162344
      vertex -12.8222 -16.5144 0.00180626
    endloop
  endfacet
  facet normal -0.189315 -0.0477795 -0.980753
    outer loop
      vertex -12.9606 -16.5639 0.0162344
      vertex -13.0988 -16.6058 0.0449524
      vertex -12.9659 -16.5429 0.0162344
    endloop
  endfacet
  facet normal 0.0659218 0.0727413 -0.99517
    outer loop
      vertex 12.9056 16.6556 0.0162344
      vertex 12.7967 16.5569 0.00180626
      vertex 12.8896 16.6701 0.0162344
    endloop
  endfacet
  facet normal -0.0332183 -0.0923742 -0.99517
    outer loop
      vertex -12.8139 -16.7106 0.0162344
      vertex -12.8342 -16.7033 0.0162344
      vertex -12.7782 -16.568 0.00180626
    endloop
  endfacet
  facet normal 0.0427513 -0.287546 -0.956812
    outer loop
      vertex 12.8486 -16.9956 0.0876837
      vertex 12.7995 -17.0029 0.0876837
      vertex 12.8211 -16.8575 0.0449524
    endloop
  endfacet
  facet normal 0.00993183 -0.195025 -0.980748
    outer loop
      vertex 12.7857 -16.8627 0.0449524
      vertex 12.75 -16.7201 0.0162344
      vertex 12.7716 -16.719 0.0162344
    endloop
  endfacet
  facet normal -0.0970855 -0.0141298 -0.995176
    outer loop
      vertex -12.9659 -16.5429 0.0162344
      vertex -12.969 -16.5216 0.0162344
      vertex -12.8232 -16.5072 0.00180626
    endloop
  endfacet
  facet normal -0.317294 0.349548 -0.881556
    outer loop
      vertex -13.2035 16.9535 0.144015
      vertex -13.2392 17.0961 0.213407
      vertex -13.1569 16.9958 0.144015
    endloop
  endfacet
  facet normal -0.233349 -0.173111 -0.95686
    outer loop
      vertex -13.1406 -16.8206 0.0876837
      vertex -13.1702 -16.7807 0.0876837
      vertex -13.0317 -16.7312 0.0449524
    endloop
  endfacet
  facet normal -0.233328 -0.173167 -0.956855
    outer loop
      vertex -13.0317 -16.7312 0.0449524
      vertex -13.1702 -16.7807 0.0876837
      vertex -13.053 -16.7025 0.0449524
    endloop
  endfacet
  facet normal 0.0417097 -0.0888597 -0.99517
    outer loop
      vertex 12.8342 -16.7033 0.0162344
      vertex 12.7782 -16.568 0.00180626
      vertex 12.8538 -16.6941 0.0162344
    endloop
  endfacet
  facet normal -0.0978501 -0.273629 -0.956845
    outer loop
      vertex -12.8967 -16.9836 0.0876837
      vertex -12.9434 -16.9669 0.0876837
      vertex -12.8558 -16.8488 0.0449524
    endloop
  endfacet
  facet normal -0.22829 -0.307729 -0.923681
    outer loop
      vertex -13.0307 -16.9202 0.0876837
      vertex -13.1063 -17.0332 0.144015
      vertex -13.0706 -16.8906 0.0876837
    endloop
  endfacet
  facet normal -0.227607 -0.307939 -0.923779
    outer loop
      vertex -13.1063 -17.0332 0.144015
      vertex -13.1569 -16.9958 0.144015
      vertex -13.0706 -16.8906 0.0876837
    endloop
  endfacet
  facet normal -0.61586 -0.154146 -0.772629
    outer loop
      vertex -13.6051 -16.7594 0.295188
      vertex -13.738 -16.6965 0.388573
      vertex -13.6264 -16.6743 0.295188
    endloop
  endfacet
  facet normal -0.615855 -0.154124 -0.772637
    outer loop
      vertex -13.714 -16.7924 0.388573
      vertex -13.738 -16.6965 0.388573
      vertex -13.6051 -16.7594 0.295188
    endloop
  endfacet
  facet normal -0.549821 -0.0815911 -0.831288
    outer loop
      vertex -13.5063 -16.6504 0.213407
      vertex -13.6264 -16.6743 0.295188
      vertex -13.5174 -16.5756 0.213407
    endloop
  endfacet
  facet normal -0.550071 -0.08121 -0.83116
    outer loop
      vertex -13.6264 -16.6743 0.295188
      vertex -13.6392 -16.5876 0.295188
      vertex -13.5174 -16.5756 0.213407
    endloop
  endfacet
  facet normal -0.290381 -0.0140791 -0.956808
    outer loop
      vertex -13.2529 -16.5495 0.0876837
      vertex -13.2553 -16.5 0.0876837
      vertex -13.1145 -16.5 0.0449524
    endloop
  endfacet
  facet normal -0.290198 -0.0146318 -0.956855
    outer loop
      vertex -13.1127 -16.5357 0.0449524
      vertex -13.2529 -16.5495 0.0876837
      vertex -13.1145 -16.5 0.0449524
    endloop
  endfacet
  facet normal -0.444289 -0.159104 -0.881642
    outer loop
      vertex -13.3425 -16.7454 0.144015
      vertex -13.4879 -16.7239 0.213407
      vertex -13.3637 -16.6862 0.144015
    endloop
  endfacet
  facet normal -0.360721 -0.129177 -0.923685
    outer loop
      vertex -13.3425 -16.7454 0.144015
      vertex -13.3637 -16.6862 0.144015
      vertex -13.2336 -16.6467 0.0876837
    endloop
  endfacet
  facet normal -0.61586 0.154146 -0.772629
    outer loop
      vertex -13.6264 16.6743 0.295188
      vertex -13.738 16.6965 0.388573
      vertex -13.6051 16.7594 0.295188
    endloop
  endfacet
  facet normal -0.539203 0.134959 -0.831292
    outer loop
      vertex -13.5063 16.6504 0.213407
      vertex -13.6264 16.6743 0.295188
      vertex -13.6051 16.7594 0.295188
    endloop
  endfacet
  facet normal -0.457787 0.114634 -0.881641
    outer loop
      vertex -13.379 16.6251 0.144015
      vertex -13.4879 16.7239 0.213407
      vertex -13.3637 16.6862 0.144015
    endloop
  endfacet
  facet normal -0.37902 0.0560608 -0.923689
    outer loop
      vertex -13.2529 16.5495 0.0876837
      vertex -13.3882 16.5629 0.144015
      vertex -13.379 16.6251 0.144015
    endloop
  endfacet
  facet normal -0.466818 0.0692737 -0.881636
    outer loop
      vertex -13.379 16.6251 0.144015
      vertex -13.5174 16.5756 0.213407
      vertex -13.5063 16.6504 0.213407
    endloop
  endfacet
  facet normal -0.471262 0.023226 -0.881687
    outer loop
      vertex -13.3913 16.5 0.144015
      vertex -13.5174 16.5756 0.213407
      vertex -13.3882 16.5629 0.144015
    endloop
  endfacet
  facet normal 0.0560608 -0.37902 -0.923689
    outer loop
      vertex 12.8129 -17.1382 0.144015
      vertex 12.7995 -17.0029 0.0876837
      vertex 12.8751 -17.129 0.144015
    endloop
  endfacet
  facet normal 0.0185507 -0.382607 -0.923725
    outer loop
      vertex 12.7995 -17.0029 0.0876837
      vertex 12.75 -17.1413 0.144015
      vertex 12.75 -17.0053 0.0876837
    endloop
  endfacet
  facet normal -0.0560608 -0.37902 -0.923689
    outer loop
      vertex -12.8129 -17.1382 0.144015
      vertex -12.8751 -17.129 0.144015
      vertex -12.7995 -17.0029 0.0876837
    endloop
  endfacet
  facet normal -0.05633 -0.378877 -0.923731
    outer loop
      vertex -12.7995 -17.0029 0.0876837
      vertex -12.8751 -17.129 0.144015
      vertex -12.8486 -16.9956 0.0876837
    endloop
  endfacet
  facet normal -0.654031 -0.591842 -0.471133
    outer loop
      vertex -13.6598 -17.4098 0.728846
      vertex -13.7982 -17.3602 0.858666
      vertex -13.7445 -17.3162 0.728846
    endloop
  endfacet
  facet normal -0.592721 -0.653717 -0.470463
    outer loop
      vertex -13.6102 -17.5482 0.858666
      vertex -13.7088 -17.4588 0.858666
      vertex -13.6598 -17.4098 0.728846
    endloop
  endfacet
  facet normal -0.330556 -0.699416 -0.63368
    outer loop
      vertex -13.1753 -17.5268 0.492661
      vertex -13.3179 -17.5625 0.606451
      vertex -13.2739 -17.4802 0.492661
    endloop
  endfacet
  facet normal -0.331068 -0.698775 -0.63412
    outer loop
      vertex -13.2111 -17.6131 0.606451
      vertex -13.3179 -17.5625 0.606451
      vertex -13.1753 -17.5268 0.492661
    endloop
  endfacet
  facet normal -0.492587 -0.820748 -0.289363
    outer loop
      vertex -13.4359 -17.7832 1.13553
      vertex -13.5346 -17.6743 0.994665
      vertex -13.4158 -17.7456 0.994665
    endloop
  endfacet
  facet normal -0.409483 -0.865209 -0.289373
    outer loop
      vertex -13.3068 -17.8443 1.13553
      vertex -13.4359 -17.7832 1.13553
      vertex -13.4158 -17.7456 0.994665
    endloop
  endfacet
  facet normal -0.238517 -0.951373 -0.194933
    outer loop
      vertex -13.0395 -17.9553 1.2799
      vertex -13.1807 -17.9199 1.2799
      vertex -13.1724 -17.8924 1.13553
    endloop
  endfacet
  facet normal -0.330496 -0.923464 -0.194904
    outer loop
      vertex -13.1807 -17.9199 1.2799
      vertex -13.3068 -17.8443 1.13553
      vertex -13.1724 -17.8924 1.13553
    endloop
  endfacet
  facet normal -0.642338 -0.709335 -0.290252
    outer loop
      vertex -13.6731 -17.6248 1.13553
      vertex -13.7487 -17.4987 0.994665
      vertex -13.646 -17.5917 0.994665
    endloop
  endfacet
  facet normal -0.620099 -0.684776 -0.38283
    outer loop
      vertex -13.646 -17.5917 0.994665
      vertex -13.7487 -17.4987 0.994665
      vertex -13.7088 -17.4588 0.858666
    endloop
  endfacet
  facet normal -0.686363 -0.171915 -0.706648
    outer loop
      vertex -13.8136 -16.8226 0.492661
      vertex -13.8401 -16.7168 0.492661
      vertex -13.714 -16.7924 0.388573
    endloop
  endfacet
  facet normal -0.698775 -0.331068 -0.63412
    outer loop
      vertex -13.8125 -17.0679 0.606451
      vertex -13.8631 -16.9611 0.606451
      vertex -13.7768 -16.9253 0.492661
    endloop
  endfacet
  facet normal -0.502601 -0.238074 -0.831092
    outer loop
      vertex -13.4301 -16.8635 0.213407
      vertex -13.538 -16.9212 0.295188
      vertex -13.4625 -16.7951 0.213407
    endloop
  endfacet
  facet normal -0.426272 -0.201918 -0.881772
    outer loop
      vertex -13.4301 -16.8635 0.213407
      vertex -13.4625 -16.7951 0.213407
      vertex -13.3425 -16.7454 0.144015
    endloop
  endfacet
  facet normal -0.523604 -0.187863 -0.830991
    outer loop
      vertex -13.5755 -16.8419 0.295188
      vertex -13.6051 -16.7594 0.295188
      vertex -13.4625 -16.7951 0.213407
    endloop
  endfacet
  facet normal -0.502907 -0.237818 -0.83098
    outer loop
      vertex -13.538 -16.9212 0.295188
      vertex -13.5755 -16.8419 0.295188
      vertex -13.4625 -16.7951 0.213407
    endloop
  endfacet
  facet normal -0.285915 -0.477015 -0.831089
    outer loop
      vertex -13.1712 -17.288 0.295188
      vertex -13.1784 -17.1412 0.213407
      vertex -13.1135 -17.1801 0.213407
    endloop
  endfacet
  facet normal -0.331234 -0.446501 -0.831216
    outer loop
      vertex -13.2464 -17.243 0.295188
      vertex -13.3169 -17.1907 0.295188
      vertex -13.1784 -17.1412 0.213407
    endloop
  endfacet
  facet normal -0.13498 -0.539187 -0.831299
    outer loop
      vertex -12.9004 -17.2563 0.213407
      vertex -13.0094 -17.3551 0.295188
      vertex -12.9739 -17.2379 0.213407
    endloop
  endfacet
  facet normal -0.0692737 -0.466818 -0.881636
    outer loop
      vertex -12.8256 -17.2674 0.213407
      vertex -12.9004 -17.2563 0.213407
      vertex -12.8751 -17.129 0.144015
    endloop
  endfacet
  facet normal -0.446501 -0.331234 -0.831216
    outer loop
      vertex -13.4407 -17.0669 0.295188
      vertex -13.493 -16.9964 0.295188
      vertex -13.3912 -16.9284 0.213407
    endloop
  endfacet
  facet normal -0.346409 -0.163768 -0.923678
    outer loop
      vertex -13.3156 -16.8023 0.144015
      vertex -13.3425 -16.7454 0.144015
      vertex -13.1957 -16.7382 0.0876837
    endloop
  endfacet
  facet normal -0.257382 -0.283546 -0.923773
    outer loop
      vertex -13.1569 -16.9958 0.144015
      vertex -13.2035 -16.9535 0.144015
      vertex -13.1073 -16.8573 0.0876837
    endloop
  endfacet
  facet normal -0.316712 -0.349755 -0.881683
    outer loop
      vertex -13.2392 -17.0961 0.213407
      vertex -13.2953 -17.0453 0.213407
      vertex -13.2035 -16.9535 0.144015
    endloop
  endfacet
  facet normal -0.349548 -0.317294 -0.881556
    outer loop
      vertex -13.2035 -16.9535 0.144015
      vertex -13.3461 -16.9892 0.213407
      vertex -13.2458 -16.9069 0.144015
    endloop
  endfacet
  facet normal -0.349755 -0.316712 -0.881683
    outer loop
      vertex -13.2953 -17.0453 0.213407
      vertex -13.3461 -16.9892 0.213407
      vertex -13.2035 -16.9535 0.144015
    endloop
  endfacet
  facet normal -0.262556 -0.124369 -0.956868
    outer loop
      vertex -13.0714 -16.6718 0.0449524
      vertex -13.2169 -16.6934 0.0876837
      vertex -13.0867 -16.6395 0.0449524
    endloop
  endfacet
  facet normal -0.0786779 -0.0586673 -0.995172
    outer loop
      vertex -12.9201 -16.6396 0.0162344
      vertex -12.933 -16.6223 0.0162344
      vertex -12.8112 -16.5409 0.00180626
    endloop
  endfacet
  facet normal -0.421526 -0.568237 -0.706699
    outer loop
      vertex -13.3675 -17.4241 0.492661
      vertex -13.389 -17.2787 0.388573
      vertex -13.3096 -17.3376 0.388573
    endloop
  endfacet
  facet normal -0.421624 -0.568219 -0.706654
    outer loop
      vertex -13.3675 -17.4241 0.492661
      vertex -13.4551 -17.3591 0.492661
      vertex -13.389 -17.2787 0.388573
    endloop
  endfacet
  facet normal -0.558391 -0.616058 -0.555583
    outer loop
      vertex -13.5143 -17.4313 0.606451
      vertex -13.6598 -17.4098 0.728846
      vertex -13.6019 -17.3519 0.606451
    endloop
  endfacet
  facet normal -0.616058 -0.558391 -0.555583
    outer loop
      vertex -13.6598 -17.4098 0.728846
      vertex -13.6813 -17.2643 0.606451
      vertex -13.6019 -17.3519 0.606451
    endloop
  endfacet
  facet normal 0.970062 -0.242856 -0.000214127
    outer loop
      vertex 14.1854 -16.9354 9.695
      vertex 14.1837 -16.9349 1.4264
      vertex 14.2194 -16.7923 1.4264
    endloop
  endfacet
  facet normal 0.941372 -0.33737 -0.000213944
    outer loop
      vertex 14.1854 -16.9354 9.695
      vertex 14.1341 -17.0733 1.4264
      vertex 14.1837 -16.9349 1.4264
    endloop
  endfacet
  facet normal 0.989174 -0.146746 -0.000220659
    outer loop
      vertex 14.2212 -16.7926 9.695
      vertex 14.2194 -16.7923 1.4264
      vertex 14.2428 -16.647 9.695
    endloop
  endfacet
  facet normal 0.742137 -0.550529 -0.382296
    outer loop
      vertex 13.8417 -17.396 0.994665
      vertex 13.7982 -17.3602 0.858666
      vertex 13.8775 -17.2533 0.858666
    endloop
  endfacet
  facet normal 0.684538 -0.620666 -0.382336
    outer loop
      vertex 13.8417 -17.396 0.994665
      vertex 13.7088 -17.4588 0.858666
      vertex 13.7982 -17.3602 0.858666
    endloop
  endfacet
  facet normal 0.820748 -0.492587 -0.289363
    outer loop
      vertex 14.0332 -17.1859 1.13553
      vertex 13.9243 -17.2846 0.994665
      vertex 13.9956 -17.1658 0.994665
    endloop
  endfacet
  facet normal 0.865209 -0.409483 -0.289373
    outer loop
      vertex 14.0332 -17.1859 1.13553
      vertex 13.9956 -17.1658 0.994665
      vertex 14.0943 -17.0568 1.13553
    endloop
  endfacet
  facet normal 0.550529 -0.742137 -0.382296
    outer loop
      vertex 13.646 -17.5917 0.994665
      vertex 13.5033 -17.6275 0.858666
      vertex 13.6102 -17.5482 0.858666
    endloop
  endfacet
  facet normal 0.620666 -0.684538 -0.382336
    outer loop
      vertex 13.646 -17.5917 0.994665
      vertex 13.6102 -17.5482 0.858666
      vertex 13.7088 -17.4588 0.858666
    endloop
  endfacet
  facet normal 0.79956 -0.592495 -0.0982521
    outer loop
      vertex 13.9957 -17.3324 1.4264
      vertex 13.897 -17.4413 1.2799
      vertex 13.9837 -17.3243 1.2799
    endloop
  endfacet
  facet normal 0.799113 -0.593239 -0.0973968
    outer loop
      vertex 13.9081 -17.4504 1.4264
      vertex 13.897 -17.4413 1.2799
      vertex 13.9957 -17.3324 1.4264
    endloop
  endfacet
  facet normal 0.495903 -0.667789 -0.555101
    outer loop
      vertex 13.5662 -17.4945 0.728846
      vertex 13.4648 -17.5698 0.728846
      vertex 13.5143 -17.4313 0.606451
    endloop
  endfacet
  facet normal 0.558099 -0.616742 -0.555116
    outer loop
      vertex 13.5662 -17.4945 0.728846
      vertex 13.5143 -17.4313 0.606451
      vertex 13.6598 -17.4098 0.728846
    endloop
  endfacet
  facet normal 0.260154 -0.728171 -0.634104
    outer loop
      vertex 13.2111 -17.6131 0.606451
      vertex 13.0997 -17.6529 0.606451
      vertex 13.1753 -17.5268 0.492661
    endloop
  endfacet
  facet normal 0.260954 -0.72826 -0.633672
    outer loop
      vertex 13.0997 -17.6529 0.606451
      vertex 13.0726 -17.5636 0.492661
      vertex 13.1753 -17.5268 0.492661
    endloop
  endfacet
  facet normal 0.39476 -0.835531 -0.382168
    outer loop
      vertex 13.2905 -17.8048 0.994665
      vertex 13.2689 -17.7528 0.858666
      vertex 13.4158 -17.7456 0.994665
    endloop
  endfacet
  facet normal 0.408835 -0.865321 -0.289953
    outer loop
      vertex 13.3068 -17.8443 1.13553
      vertex 13.2905 -17.8048 0.994665
      vertex 13.4158 -17.7456 0.994665
    endloop
  endfacet
  facet normal 0.0451474 -0.92309 -0.381925
    outer loop
      vertex 12.8884 -17.9055 0.994665
      vertex 12.75 -17.856 0.858666
      vertex 12.8829 -17.8495 0.858666
    endloop
  endfacet
  facet normal 0.135367 -0.914227 -0.381923
    outer loop
      vertex 12.8884 -17.9055 0.994665
      vertex 12.8829 -17.8495 0.858666
      vertex 13.0255 -17.8852 0.994665
    endloop
  endfacet
  facet normal 0.214492 -0.855872 -0.470613
    outer loop
      vertex 13.0145 -17.8299 0.858666
      vertex 13.001 -17.7619 0.728846
      vertex 13.1235 -17.7312 0.728846
    endloop
  endfacet
  facet normal 0.21412 -0.855817 -0.470883
    outer loop
      vertex 13.1436 -17.7976 0.858666
      vertex 13.0145 -17.8299 0.858666
      vertex 13.1235 -17.7312 0.728846
    endloop
  endfacet
  facet normal 0 -0.831412 -0.555656
    outer loop
      vertex -12.75 -17.7048 0.606451
      vertex 12.75 -17.7866 0.728846
      vertex -12.75 -17.7866 0.728846
    endloop
  endfacet
  facet normal 0 -0.831412 -0.555656
    outer loop
      vertex 12.75 -17.7866 0.728846
      vertex -12.75 -17.7048 0.606451
      vertex 12.75 -17.7048 0.606451
    endloop
  endfacet
  facet normal 0.257306 -0.283578 -0.923784
    outer loop
      vertex 13.1569 -16.9958 0.144015
      vertex 13.0706 -16.8906 0.0876837
      vertex 13.1073 -16.8573 0.0876837
    endloop
  endfacet
  facet normal 0.163918 -0.346394 -0.923657
    outer loop
      vertex 12.9954 -17.0925 0.144015
      vertex 12.9434 -16.9669 0.0876837
      vertex 12.9882 -16.9457 0.0876837
    endloop
  endfacet
  facet normal 0.0146318 -0.290198 -0.956855
    outer loop
      vertex 12.7995 -17.0029 0.0876837
      vertex 12.75 -16.8645 0.0449524
      vertex 12.7857 -16.8627 0.0449524
    endloop
  endfacet
  facet normal 0 -0.29041 -0.956902
    outer loop
      vertex -12.75 -17.0053 0.0876837
      vertex 12.75 -16.8645 0.0449524
      vertex 12.75 -17.0053 0.0876837
    endloop
  endfacet
  facet normal -0 -0.29041 -0.956902
    outer loop
      vertex 12.75 -16.8645 0.0449524
      vertex -12.75 -17.0053 0.0876837
      vertex -12.75 -16.8645 0.0449524
    endloop
  endfacet
  facet normal 0.0703656 -0.282049 -0.956816
    outer loop
      vertex 12.8486 -16.9956 0.0876837
      vertex 12.8211 -16.8575 0.0449524
      vertex 12.8967 -16.9836 0.0876837
    endloop
  endfacet
  facet normal 0.0283871 -0.193251 -0.980739
    outer loop
      vertex 12.8211 -16.8575 0.0449524
      vertex 12.7857 -16.8627 0.0449524
      vertex 12.7929 -16.7159 0.0162344
    endloop
  endfacet
  facet normal 0.131155 -0.144723 -0.980741
    outer loop
      vertex 12.9812 -16.7817 0.0449524
      vertex 12.8896 -16.6701 0.0162344
      vertex 12.9056 -16.6556 0.0162344
    endloop
  endfacet
  facet normal -0.0326528 -0.0925163 -0.995176
    outer loop
      vertex -12.7714 -16.5704 0.00180626
      vertex -12.8139 -16.7106 0.0162344
      vertex -12.7782 -16.568 0.00180626
    endloop
  endfacet
  facet normal -0.0141298 0.0970855 -0.995176
    outer loop
      vertex -12.7572 16.5732 0.00180626
      vertex -12.7929 16.7159 0.0162344
      vertex -12.7716 16.719 0.0162344
    endloop
  endfacet
  facet normal 0.173167 -0.233328 -0.956855
    outer loop
      vertex 13.0307 -16.9202 0.0876837
      vertex 12.9525 -16.803 0.0449524
      vertex 12.9812 -16.7817 0.0449524
    endloop
  endfacet
  facet normal 0.0786779 -0.0586673 -0.995172
    outer loop
      vertex 12.9201 -16.6396 0.0162344
      vertex 12.8112 -16.5409 0.00180626
      vertex 12.933 -16.6223 0.0162344
    endloop
  endfacet
  facet normal 0.0343921 -0.70666 -0.706717
    outer loop
      vertex 12.8589 -17.6061 0.492661
      vertex 12.75 -17.6114 0.492661
      vertex 12.8487 -17.5025 0.388573
    endloop
  endfacet
  facet normal 0.0343659 -0.706648 -0.70673
    outer loop
      vertex 12.8487 -17.5025 0.388573
      vertex 12.75 -17.6114 0.492661
      vertex 12.75 -17.5073 0.388573
    endloop
  endfacet
  facet normal 0.573143 -0.519493 -0.633746
    outer loop
      vertex 13.6019 -17.3519 0.606451
      vertex 13.5359 -17.2859 0.492661
      vertex 13.6813 -17.2643 0.606451
    endloop
  endfacet
  facet normal 0.616058 -0.558391 -0.555583
    outer loop
      vertex 13.6598 -17.4098 0.728846
      vertex 13.6019 -17.3519 0.606451
      vertex 13.6813 -17.2643 0.606451
    endloop
  endfacet
  facet normal 0.316712 -0.349755 -0.881683
    outer loop
      vertex 13.2392 -17.0961 0.213407
      vertex 13.2035 -16.9535 0.144015
      vertex 13.2953 -17.0453 0.213407
    endloop
  endfacet
  facet normal 0.331234 -0.446501 -0.831216
    outer loop
      vertex 13.2464 -17.243 0.295188
      vertex 13.1784 -17.1412 0.213407
      vertex 13.3169 -17.1907 0.295188
    endloop
  endfacet
  facet normal 0.426946 -0.713922 -0.555007
    outer loop
      vertex 13.4648 -17.5698 0.728846
      vertex 13.3179 -17.5625 0.606451
      vertex 13.4194 -17.5018 0.606451
    endloop
  endfacet
  facet normal 0.396855 -0.663605 -0.634141
    outer loop
      vertex 13.4194 -17.5018 0.606451
      vertex 13.3179 -17.5625 0.606451
      vertex 13.3675 -17.4241 0.492661
    endloop
  endfacet
  facet normal 0.271271 -0.573648 -0.772878
    outer loop
      vertex 13.1355 -17.4307 0.388573
      vertex 13.0919 -17.3255 0.295188
      vertex 13.1712 -17.288 0.295188
    endloop
  endfacet
  facet normal 0.214293 -0.597268 -0.772884
    outer loop
      vertex 13.1355 -17.4307 0.388573
      vertex 13.0094 -17.3551 0.295188
      vertex 13.0919 -17.3255 0.295188
    endloop
  endfacet
  facet normal 0.78317 -0.279804 -0.555297
    outer loop
      vertex 13.9387 -16.9924 0.728846
      vertex 13.8631 -16.9611 0.606451
      vertex 13.9029 -16.8497 0.606451
    endloop
  endfacet
  facet normal 0.751573 -0.356082 -0.555287
    outer loop
      vertex 13.9387 -16.9924 0.728846
      vertex 13.8125 -17.0679 0.606451
      vertex 13.8631 -16.9611 0.606451
    endloop
  endfacet
  facet normal 0.544833 -0.32603 -0.772568
    outer loop
      vertex 13.5876 -17.0596 0.388573
      vertex 13.493 -16.9964 0.295188
      vertex 13.538 -16.9212 0.295188
    endloop
  endfacet
  facet normal 0.509928 -0.378287 -0.772575
    outer loop
      vertex 13.5876 -17.0596 0.388573
      vertex 13.4407 -17.0669 0.295188
      vertex 13.493 -16.9964 0.295188
    endloop
  endfacet
  facet normal 0.466818 -0.0692737 -0.881636
    outer loop
      vertex 13.5063 -16.6504 0.213407
      vertex 13.379 -16.6251 0.144015
      vertex 13.5174 -16.5756 0.213407
    endloop
  endfacet
  facet normal 0.457807 -0.114607 -0.881634
    outer loop
      vertex 13.4879 -16.7239 0.213407
      vertex 13.379 -16.6251 0.144015
      vertex 13.5063 -16.6504 0.213407
    endloop
  endfacet
  facet normal 0.855872 -0.214492 -0.470613
    outer loop
      vertex 14.0799 -16.7645 0.858666
      vertex 13.9812 -16.8735 0.728846
      vertex 14.0119 -16.751 0.728846
    endloop
  endfacet
  facet normal 0.8727 -0.129977 -0.470639
    outer loop
      vertex 14.0799 -16.7645 0.858666
      vertex 14.0119 -16.751 0.728846
      vertex 14.0995 -16.6329 0.858666
    endloop
  endfacet
  facet normal 0.135367 0.914227 -0.381923
    outer loop
      vertex 13.0255 17.8852 0.994665
      vertex 12.8829 17.8495 0.858666
      vertex 12.8884 17.9055 0.994665
    endloop
  endfacet
  facet normal 0.146844 0.98916 -0.000218883
    outer loop
      vertex 13.0423 17.9694 1.4264
      vertex 12.8968 17.991 1.4264
      vertex 12.897 17.9928 9.695
    endloop
  endfacet
  facet normal 0.750095 0.188341 -0.633944
    outer loop
      vertex 13.9317 16.735 0.606451
      vertex 13.8401 16.7168 0.492661
      vertex 13.9029 16.8497 0.606451
    endloop
  endfacet
  facet normal 0.772564 0.0379414 -0.633802
    outer loop
      vertex 13.9548 16.5 0.606451
      vertex 13.8561 16.6089 0.492661
      vertex 13.949 16.6181 0.606451
    endloop
  endfacet
  facet normal 0.989174 0.146746 -0.000220659
    outer loop
      vertex 14.2428 16.647 9.695
      vertex 14.2194 16.7923 1.4264
      vertex 14.2212 16.7926 9.695
    endloop
  endfacet
  facet normal 0.751577 0.355698 -0.555528
    outer loop
      vertex 13.9387 16.9924 0.728846
      vertex 13.8125 17.0679 0.606451
      vertex 13.8847 17.1065 0.728846
    endloop
  endfacet
  facet normal 0.855817 0.21412 -0.470883
    outer loop
      vertex 14.0799 16.7645 0.858666
      vertex 13.9812 16.8735 0.728846
      vertex 14.0476 16.8936 0.858666
    endloop
  endfacet
  facet normal 0.886797 0.41914 -0.194713
    outer loop
      vertex 14.0943 17.0568 1.13553
      vertex 14.0586 17.1994 1.2799
      vertex 14.1208 17.0678 1.2799
    endloop
  endfacet
  facet normal 0.980677 0 -0.195633
    outer loop
      vertex 14.2338 -16.5 1.2799
      vertex 14.205 16.5 1.13553
      vertex 14.2338 16.5 1.2799
    endloop
  endfacet
  facet normal 0.980677 0 -0.195633
    outer loop
      vertex 14.205 16.5 1.13553
      vertex 14.2338 -16.5 1.2799
      vertex 14.205 -16.5 1.13553
    endloop
  endfacet
  facet normal 0.936926 0.335544 -0.0978762
    outer loop
      vertex 14.1699 16.9307 1.2799
      vertex 14.1208 17.0678 1.2799
      vertex 14.1837 16.9349 1.4264
    endloop
  endfacet
  facet normal 0.998803 0.0489209 -0.00021743
    outer loop
      vertex 14.2482 16.5 1.4264
      vertex 14.2428 16.647 9.695
      vertex 14.25 16.5 9.695
    endloop
  endfacet
  facet normal 0.686329 0.171761 -0.706718
    outer loop
      vertex 13.738 16.6965 0.388573
      vertex 13.714 16.7924 0.388573
      vertex 13.8401 16.7168 0.492661
    endloop
  endfacet
  facet normal 0.686363 0.171915 -0.706648
    outer loop
      vertex 13.8401 16.7168 0.492661
      vertex 13.714 16.7924 0.388573
      vertex 13.8136 16.8226 0.492661
    endloop
  endfacet
  facet normal 0.539203 0.134959 -0.831292
    outer loop
      vertex 13.6264 16.6743 0.295188
      vertex 13.5063 16.6504 0.213407
      vertex 13.6051 16.7594 0.295188
    endloop
  endfacet
  facet normal 0.61586 0.154146 -0.772629
    outer loop
      vertex 13.6264 16.6743 0.295188
      vertex 13.6051 16.7594 0.295188
      vertex 13.738 16.6965 0.388573
    endloop
  endfacet
  facet normal 0.502601 0.238074 -0.831092
    outer loop
      vertex 13.4625 16.7951 0.213407
      vertex 13.4301 16.8635 0.213407
      vertex 13.538 16.9212 0.295188
    endloop
  endfacet
  facet normal 0.426272 0.201918 -0.881772
    outer loop
      vertex 13.4625 16.7951 0.213407
      vertex 13.3425 16.7454 0.144015
      vertex 13.4301 16.8635 0.213407
    endloop
  endfacet
  facet normal 0.78317 0.279804 -0.555297
    outer loop
      vertex 13.9029 16.8497 0.606451
      vertex 13.8631 16.9611 0.606451
      vertex 13.9387 16.9924 0.728846
    endloop
  endfacet
  facet normal 0.666432 0.238369 -0.706433
    outer loop
      vertex 13.714 16.7924 0.388573
      vertex 13.6807 16.8855 0.388573
      vertex 13.7768 16.9253 0.492661
    endloop
  endfacet
  facet normal 0.421526 0.568237 -0.706699
    outer loop
      vertex 13.389 17.2787 0.388573
      vertex 13.3096 17.3376 0.388573
      vertex 13.3675 17.4241 0.492661
    endloop
  endfacet
  facet normal 0.469969 0.42652 -0.772794
    outer loop
      vertex 13.4407 17.0669 0.295188
      vertex 13.3818 17.1318 0.295188
      vertex 13.4623 17.2123 0.388573
    endloop
  endfacet
  facet normal 0.616742 0.558099 -0.555116
    outer loop
      vertex 13.6813 17.2643 0.606451
      vertex 13.6598 17.4098 0.728846
      vertex 13.7445 17.3162 0.728846
    endloop
  endfacet
  facet normal 0.509931 0.378273 -0.77258
    outer loop
      vertex 13.5876 17.0596 0.388573
      vertex 13.4407 17.0669 0.295188
      vertex 13.5287 17.139 0.388573
    endloop
  endfacet
  facet normal 0.411888 0.373809 -0.831033
    outer loop
      vertex 13.4407 17.0669 0.295188
      vertex 13.2953 17.0453 0.213407
      vertex 13.3818 17.1318 0.295188
    endloop
  endfacet
  facet normal 0.412091 0.373159 -0.831224
    outer loop
      vertex 13.3461 16.9892 0.213407
      vertex 13.2953 17.0453 0.213407
      vertex 13.4407 17.0669 0.295188
    endloop
  endfacet
  facet normal 0.742137 0.550529 -0.382296
    outer loop
      vertex 13.8775 17.2533 0.858666
      vertex 13.7982 17.3602 0.858666
      vertex 13.8417 17.396 0.994665
    endloop
  endfacet
  facet normal 0.737411 0.668386 -0.0973896
    outer loop
      vertex 13.897 17.4413 1.2799
      vertex 13.7992 17.5492 1.2799
      vertex 13.9081 17.4504 1.4264
    endloop
  endfacet
  facet normal 0.899772 0.425272 -0.0977403
    outer loop
      vertex 14.1208 17.0678 1.2799
      vertex 14.0586 17.1994 1.2799
      vertex 14.0713 17.2062 1.4264
    endloop
  endfacet
  facet normal 0.82094 0.491894 -0.289997
    outer loop
      vertex 14.0332 17.1859 1.13553
      vertex 13.9243 17.2846 0.994665
      vertex 13.9598 17.3084 1.13553
    endloop
  endfacet
  facet normal 0.658725 0.726726 -0.19481
    outer loop
      vertex 13.7789 17.5289 1.13553
      vertex 13.6731 17.6248 1.13553
      vertex 13.7992 17.5492 1.2799
    endloop
  endfacet
  facet normal 0.901074 0.322453 -0.289983
    outer loop
      vertex 14.1015 16.91 0.994665
      vertex 14.0548 17.0405 0.994665
      vertex 14.0943 17.0568 1.13553
    endloop
  endfacet
  facet normal 0.663534 0.397695 -0.633689
    outer loop
      vertex 13.7302 17.0239 0.492661
      vertex 13.6741 17.1175 0.492661
      vertex 13.8125 17.0679 0.606451
    endloop
  endfacet
  facet normal 0.713236 0.427415 -0.555528
    outer loop
      vertex 13.8847 17.1065 0.728846
      vertex 13.8125 17.0679 0.606451
      vertex 13.8198 17.2148 0.728846
    endloop
  endfacet
  facet normal 0.558391 0.616058 -0.555583
    outer loop
      vertex 13.6019 17.3519 0.606451
      vertex 13.5143 17.4313 0.606451
      vertex 13.6598 17.4098 0.728846
    endloop
  endfacet
  facet normal 0.616058 0.558391 -0.555583
    outer loop
      vertex 13.6813 17.2643 0.606451
      vertex 13.6019 17.3519 0.606451
      vertex 13.6598 17.4098 0.728846
    endloop
  endfacet
  facet normal 0.0469683 0.955943 -0.289772
    outer loop
      vertex 12.8884 17.9055 0.994665
      vertex 12.75 17.9123 0.994665
      vertex 12.75 17.955 1.13553
    endloop
  endfacet
  facet normal 0.136103 0.913837 -0.382593
    outer loop
      vertex 13.0145 17.8299 0.858666
      vertex 12.8829 17.8495 0.858666
      vertex 13.0255 17.8852 0.994665
    endloop
  endfacet
  facet normal 0.238361 0.951382 -0.195081
    outer loop
      vertex 13.1724 17.8924 1.13553
      vertex 13.0339 17.9271 1.13553
      vertex 13.0395 17.9553 1.2799
    endloop
  endfacet
  facet normal 0.335758 0.936872 -0.0976592
    outer loop
      vertex 13.3178 17.8708 1.2799
      vertex 13.1849 17.9337 1.4264
      vertex 13.3233 17.8841 1.4264
    endloop
  endfacet
  facet normal 0.257382 -0.283546 -0.923773
    outer loop
      vertex 13.1569 -16.9958 0.144015
      vertex 13.1073 -16.8573 0.0876837
      vertex 13.2035 -16.9535 0.144015
    endloop
  endfacet
  facet normal 0.195244 -0.215179 -0.956858
    outer loop
      vertex 13.0706 -16.8906 0.0876837
      vertex 12.9812 -16.7817 0.0449524
      vertex 13.1073 -16.8573 0.0876837
    endloop
  endfacet
  facet normal 0.378896 -0.281056 -0.881729
    outer loop
      vertex 13.3461 -16.9892 0.213407
      vertex 13.2832 -16.8563 0.144015
      vertex 13.3912 -16.9284 0.213407
    endloop
  endfacet
  facet normal 0.215179 -0.195244 -0.956858
    outer loop
      vertex 13.1073 -16.8573 0.0876837
      vertex 13.0317 -16.7312 0.0449524
      vertex 13.1406 -16.8206 0.0876837
    endloop
  endfacet
  facet normal 0.273629 -0.0978501 -0.956845
    outer loop
      vertex 13.2169 -16.6934 0.0876837
      vertex 13.0988 -16.6058 0.0449524
      vertex 13.2336 -16.6467 0.0876837
    endloop
  endfacet
  facet normal 0.189446 -0.0474979 -0.980742
    outer loop
      vertex 13.0988 -16.6058 0.0449524
      vertex 12.9659 -16.5429 0.0162344
      vertex 13.1075 -16.5711 0.0449524
    endloop
  endfacet
  facet normal 0.005445 -0.09801 -0.995171
    outer loop
      vertex 12.7572 -16.5732 0.00180626
      vertex 12.75 -16.7201 0.0162344
      vertex 12.75 -16.5736 0.00180626
    endloop
  endfacet
  facet normal 0.0923742 0.0332183 -0.99517
    outer loop
      vertex 12.9606 16.5639 0.0162344
      vertex 12.818 16.5282 0.00180626
      vertex 12.9533 16.5842 0.0162344
    endloop
  endfacet
  facet normal 0.183764 0.0660827 -0.980747
    outer loop
      vertex 12.9606 16.5639 0.0162344
      vertex 12.9533 16.5842 0.0162344
      vertex 13.0988 16.6058 0.0449524
    endloop
  endfacet
  facet normal 0.195025 0.00993183 -0.980748
    outer loop
      vertex 12.9701 16.5 0.0162344
      vertex 12.969 16.5216 0.0162344
      vertex 13.1127 16.5357 0.0449524
    endloop
  endfacet
  facet normal 0.0979881 0.00499014 -0.995175
    outer loop
      vertex 12.9701 16.5 0.0162344
      vertex 12.8232 16.5072 0.00180626
      vertex 12.969 16.5216 0.0162344
    endloop
  endfacet
  facet normal 0.167527 0.100516 -0.98073
    outer loop
      vertex 12.9441 16.6038 0.0162344
      vertex 12.933 16.6223 0.0162344
      vertex 13.053 16.7025 0.0449524
    endloop
  endfacet
  facet normal 0.16759 0.100445 -0.980726
    outer loop
      vertex 13.0714 16.6718 0.0449524
      vertex 12.9441 16.6038 0.0162344
      vertex 13.053 16.7025 0.0449524
    endloop
  endfacet
  facet normal 0.173111 0.233349 -0.95686
    outer loop
      vertex 13.0706 16.8906 0.0876837
      vertex 12.9812 16.7817 0.0449524
      vertex 13.0307 16.9202 0.0876837
    endloop
  endfacet
  facet normal 0.0727413 0.0659218 -0.99517
    outer loop
      vertex 12.9201 16.6396 0.0162344
      vertex 12.8069 16.5467 0.00180626
      vertex 12.9056 16.6556 0.0162344
    endloop
  endfacet
  facet normal 0.0474979 0.189446 -0.980742
    outer loop
      vertex 12.8558 16.8488 0.0449524
      vertex 12.7929 16.7159 0.0162344
      vertex 12.8211 16.8575 0.0449524
    endloop
  endfacet
  facet normal 0.0706718 0.281875 -0.956845
    outer loop
      vertex 12.8558 16.8488 0.0449524
      vertex 12.8211 16.8575 0.0449524
      vertex 12.8967 16.9836 0.0876837
    endloop
  endfacet
  facet normal -0.116739 0.156557 -0.980746
    outer loop
      vertex -12.8896 16.6701 0.0162344
      vertex -12.9812 16.7817 0.0449524
      vertex -12.8723 16.683 0.0162344
    endloop
  endfacet
  facet normal 0.0788604 0.0584655 -0.99517
    outer loop
      vertex 12.8112 16.5409 0.00180626
      vertex 12.8069 16.5467 0.00180626
      vertex 12.9201 16.6396 0.0162344
    endloop
  endfacet
  facet normal 0.0950711 0.0244469 -0.99517
    outer loop
      vertex 12.8222 16.5144 0.00180626
      vertex 12.8204 16.5214 0.00180626
      vertex 12.9659 16.5429 0.0162344
    endloop
  endfacet
  facet normal 0.00499014 -0.0979881 -0.995175
    outer loop
      vertex 12.7716 -16.719 0.0162344
      vertex 12.75 -16.7201 0.0162344
      vertex 12.7572 -16.5732 0.00180626
    endloop
  endfacet
  facet normal 0.095136 0.0240105 -0.995175
    outer loop
      vertex 12.9659 16.5429 0.0162344
      vertex 12.8204 16.5214 0.00180626
      vertex 12.9606 16.5639 0.0162344
    endloop
  endfacet
  facet normal 0.00983438 0.195049 -0.980744
    outer loop
      vertex 12.7857 16.8627 0.0449524
      vertex 12.75 16.7201 0.0162344
      vertex 12.75 16.8645 0.0449524
    endloop
  endfacet
  facet normal 0.0146318 0.290198 -0.956855
    outer loop
      vertex 12.7857 16.8627 0.0449524
      vertex 12.75 16.8645 0.0449524
      vertex 12.7995 17.0029 0.0876837
    endloop
  endfacet
  facet normal 0 0.831412 -0.555656
    outer loop
      vertex 12.75 17.7048 0.606451
      vertex -12.75 17.7866 0.728846
      vertex 12.75 17.7866 0.728846
    endloop
  endfacet
  facet normal 0 0.831412 -0.555656
    outer loop
      vertex -12.75 17.7866 0.728846
      vertex 12.75 17.7048 0.606451
      vertex -12.75 17.7048 0.606451
    endloop
  endfacet
  facet normal -0.0433197 0.881066 -0.471006
    outer loop
      vertex -12.75 17.7866 0.728846
      vertex -12.8761 17.7804 0.728846
      vertex -12.75 17.856 0.858666
    endloop
  endfacet
  facet normal -0.322453 0.901074 -0.289983
    outer loop
      vertex -13.2905 17.8048 0.994665
      vertex -13.3068 17.8443 1.13553
      vertex -13.16 17.8515 0.994665
    endloop
  endfacet
  facet normal -0.322477 0.901057 -0.290008
    outer loop
      vertex -13.16 17.8515 0.994665
      vertex -13.3068 17.8443 1.13553
      vertex -13.1724 17.8924 1.13553
    endloop
  endfacet
  facet normal -0.592721 0.653717 -0.470463
    outer loop
      vertex -13.6598 17.4098 0.728846
      vertex -13.7088 17.4588 0.858666
      vertex -13.6102 17.5482 0.858666
    endloop
  endfacet
  facet normal -0.355698 0.751577 -0.555528
    outer loop
      vertex -13.3179 17.5625 0.606451
      vertex -13.3565 17.6347 0.728846
      vertex -13.2424 17.6887 0.728846
    endloop
  endfacet
  facet normal 0.0815911 0.549821 -0.831288
    outer loop
      vertex 12.9004 17.2563 0.213407
      vertex 12.8256 17.2674 0.213407
      vertex 12.9243 17.3764 0.295188
    endloop
  endfacet
  facet normal 0.08121 0.550071 -0.83116
    outer loop
      vertex 12.9243 17.3764 0.295188
      vertex 12.8256 17.2674 0.213407
      vertex 12.8376 17.3892 0.295188
    endloop
  endfacet
  facet normal 0.201659 0.426558 -0.881693
    outer loop
      vertex 13.0523 17.0656 0.144015
      vertex 12.9954 17.0925 0.144015
      vertex 13.1135 17.1801 0.213407
    endloop
  endfacet
  facet normal 0.201918 0.426272 -0.881772
    outer loop
      vertex 13.1135 17.1801 0.213407
      vertex 12.9954 17.0925 0.144015
      vertex 13.0451 17.2125 0.213407
    endloop
  endfacet
  facet normal 0.285915 0.477015 -0.831089
    outer loop
      vertex 13.1784 17.1412 0.213407
      vertex 13.1135 17.1801 0.213407
      vertex 13.1712 17.288 0.295188
    endloop
  endfacet
  facet normal 0.238074 0.502601 -0.831092
    outer loop
      vertex 13.1135 17.1801 0.213407
      vertex 13.0451 17.2125 0.213407
      vertex 13.1712 17.288 0.295188
    endloop
  endfacet
  facet normal 0.302431 0.639907 -0.706438
    outer loop
      vertex 13.2739 17.4802 0.492661
      vertex 13.1355 17.4307 0.388573
      vertex 13.1753 17.5268 0.492661
    endloop
  endfacet
  facet normal 0.569962 0.76869 -0.290275
    outer loop
      vertex 13.646 17.5917 0.994665
      vertex 13.5346 17.6743 0.994665
      vertex 13.6731 17.6248 1.13553
    endloop
  endfacet
  facet normal 0.134959 0.539203 -0.831292
    outer loop
      vertex 13.0094 17.3551 0.295188
      vertex 12.9004 17.2563 0.213407
      vertex 12.9243 17.3764 0.295188
    endloop
  endfacet
  facet normal 0.186756 0.523506 -0.831302
    outer loop
      vertex 13.0451 17.2125 0.213407
      vertex 12.9739 17.2379 0.213407
      vertex 13.0094 17.3551 0.295188
    endloop
  endfacet
  facet normal 0.0185507 0.382607 -0.923725
    outer loop
      vertex 12.7995 17.0029 0.0876837
      vertex 12.75 17.0053 0.0876837
      vertex 12.75 17.1413 0.144015
    endloop
  endfacet
  facet normal -0.0690382 0.466758 -0.881686
    outer loop
      vertex -12.8129 17.1382 0.144015
      vertex -12.8751 17.129 0.144015
      vertex -12.8256 17.2674 0.213407
    endloop
  endfacet
  facet normal 0 0.980677 -0.195633
    outer loop
      vertex 12.75 17.955 1.13553
      vertex -12.75 17.9838 1.2799
      vertex 12.75 17.9838 1.2799
    endloop
  endfacet
  facet normal 0 0.980677 -0.195633
    outer loop
      vertex -12.75 17.9838 1.2799
      vertex 12.75 17.955 1.13553
      vertex -12.75 17.955 1.13553
    endloop
  endfacet
  facet normal 0.0489209 0.998803 -0.00021743
    outer loop
      vertex 12.897 17.9928 9.695
      vertex 12.75 17.9982 1.4264
      vertex 12.75 18 9.695
    endloop
  endfacet
  facet normal 0.0489209 0.998803 -0
    outer loop
      vertex 12.897 17.9928 9.695
      vertex 12.75 18 9.71
      vertex 12.897 17.9928 9.71
    endloop
  endfacet
  facet normal 0.0489209 0.998803 0
    outer loop
      vertex 12.75 18 9.71
      vertex 12.897 17.9928 9.695
      vertex 12.75 18 9.695
    endloop
  endfacet
  facet normal 0.511435 0.853744 -0.0977496
    outer loop
      vertex 13.5824 17.7457 1.4264
      vertex 13.4494 17.8086 1.2799
      vertex 13.4562 17.8213 1.4264
    endloop
  endfacet
  facet normal 0.593239 0.799113 -0.0973968
    outer loop
      vertex 13.6913 17.647 1.2799
      vertex 13.5824 17.7457 1.4264
      vertex 13.7004 17.6581 1.4264
    endloop
  endfacet
  facet normal 0.0407985 0.830742 -0.55516
    outer loop
      vertex 12.8681 17.699 0.606451
      vertex 12.75 17.7048 0.606451
      vertex 12.8761 17.7804 0.728846
    endloop
  endfacet
  facet normal 0.0375922 0.772414 -0.634006
    outer loop
      vertex 12.8589 17.6061 0.492661
      vertex 12.75 17.6114 0.492661
      vertex 12.75 17.7048 0.606451
    endloop
  endfacet
  facet normal -0.0430879 0.880983 -0.471182
    outer loop
      vertex -12.8761 17.7804 0.728846
      vertex -12.8829 17.8495 0.858666
      vertex -12.75 17.856 0.858666
    endloop
  endfacet
  facet normal -0.129235 0.872514 -0.471187
    outer loop
      vertex -12.8761 17.7804 0.728846
      vertex -13.001 17.7619 0.728846
      vertex -12.8829 17.8495 0.858666
    endloop
  endfacet
  facet normal 0.129235 0.872514 -0.471187
    outer loop
      vertex 13.001 17.7619 0.728846
      vertex 12.8761 17.7804 0.728846
      vertex 12.8829 17.8495 0.858666
    endloop
  endfacet
  facet normal 0.20216 0.806664 -0.555359
    outer loop
      vertex 13.0997 17.6529 0.606451
      vertex 13.001 17.7619 0.728846
      vertex 13.1235 17.7312 0.728846
    endloop
  endfacet
  facet normal 0.0480842 0.979543 -0.195406
    outer loop
      vertex 12.8926 17.948 1.13553
      vertex 12.75 17.955 1.13553
      vertex 12.75 17.9838 1.2799
    endloop
  endfacet
  facet normal 0.143509 0.970231 -0.195083
    outer loop
      vertex 13.0339 17.9271 1.13553
      vertex 12.8926 17.948 1.13553
      vertex 13.0395 17.9553 1.2799
    endloop
  endfacet
  facet normal 0.129977 0.8727 -0.470639
    outer loop
      vertex 13.001 17.7619 0.728846
      vertex 12.8829 17.8495 0.858666
      vertex 13.0145 17.8299 0.858666
    endloop
  endfacet
  facet normal 0.224247 0.896292 -0.382589
    outer loop
      vertex 13.1436 17.7976 0.858666
      vertex 13.0145 17.8299 0.858666
      vertex 13.0255 17.8852 0.994665
    endloop
  endfacet
  facet normal -0.159104 -0.444289 -0.881642
    outer loop
      vertex -12.9739 -17.2379 0.213407
      vertex -12.9954 -17.0925 0.144015
      vertex -12.9362 -17.1137 0.144015
    endloop
  endfacet
  facet normal -0.0272618 -0.555379 -0.83115
    outer loop
      vertex -12.75 -17.3935 0.295188
      vertex -12.8376 -17.3892 0.295188
      vertex -12.8256 -17.2674 0.213407
    endloop
  endfacet
  facet normal -0.302431 -0.639907 -0.706438
    outer loop
      vertex -13.1753 -17.5268 0.492661
      vertex -13.2739 -17.4802 0.492661
      vertex -13.1355 -17.4307 0.388573
    endloop
  endfacet
  facet normal -0.363792 -0.606969 -0.706572
    outer loop
      vertex -13.2739 -17.4802 0.492661
      vertex -13.3675 -17.4241 0.492661
      vertex -13.2249 -17.3884 0.388573
    endloop
  endfacet
  facet normal -0.171761 -0.686329 -0.706718
    outer loop
      vertex -12.9668 -17.5901 0.492661
      vertex -13.0424 -17.464 0.388573
      vertex -12.9465 -17.488 0.388573
    endloop
  endfacet
  facet normal -0.171915 -0.686363 -0.706648
    outer loop
      vertex -12.9668 -17.5901 0.492661
      vertex -13.0726 -17.5636 0.492661
      vertex -13.0424 -17.464 0.388573
    endloop
  endfacet
  facet normal -0.238074 -0.502601 -0.831092
    outer loop
      vertex -13.0451 -17.2125 0.213407
      vertex -13.1712 -17.288 0.295188
      vertex -13.1135 -17.1801 0.213407
    endloop
  endfacet
  facet normal -0.237818 -0.502907 -0.83098
    outer loop
      vertex -13.0919 -17.3255 0.295188
      vertex -13.1712 -17.288 0.295188
      vertex -13.0451 -17.2125 0.213407
    endloop
  endfacet
  facet normal -0.154124 -0.615855 -0.772637
    outer loop
      vertex -12.9465 -17.488 0.388573
      vertex -13.0424 -17.464 0.388573
      vertex -13.0094 -17.3551 0.295188
    endloop
  endfacet
  facet normal -0.214293 -0.597268 -0.772884
    outer loop
      vertex -13.0094 -17.3551 0.295188
      vertex -13.1355 -17.4307 0.388573
      vertex -13.0919 -17.3255 0.295188
    endloop
  endfacet
  facet normal -0.187959 -0.750417 -0.633676
    outer loop
      vertex -12.9668 -17.5901 0.492661
      vertex -13.0997 -17.6529 0.606451
      vertex -13.0726 -17.5636 0.492661
    endloop
  endfacet
  facet normal -0.260954 -0.72826 -0.633672
    outer loop
      vertex -13.0997 -17.6529 0.606451
      vertex -13.1753 -17.5268 0.492661
      vertex -13.0726 -17.5636 0.492661
    endloop
  endfacet
  facet normal -0.993975 0.0487508 -0.0981672
    outer loop
      vertex -14.2266 16.6454 1.2799
      vertex -14.2482 16.5 1.4264
      vertex -14.241 16.6468 1.4264
    endloop
  endfacet
  facet normal -0.984474 0.145519 -0.098158
    outer loop
      vertex -14.2266 16.6454 1.2799
      vertex -14.241 16.6468 1.4264
      vertex -14.2053 16.7895 1.2799
    endloop
  endfacet
  facet normal -0.592495 0.79956 -0.0982521
    outer loop
      vertex -13.5743 17.7337 1.2799
      vertex -13.6913 17.647 1.2799
      vertex -13.5824 17.7457 1.4264
    endloop
  endfacet
  facet normal -0.492587 0.820748 -0.289363
    outer loop
      vertex -13.4158 17.7456 0.994665
      vertex -13.5346 17.6743 0.994665
      vertex -13.4359 17.7832 1.13553
    endloop
  endfacet
  facet normal -0.658714 0.726741 -0.194793
    outer loop
      vertex -13.6731 17.6248 1.13553
      vertex -13.7992 17.5492 1.2799
      vertex -13.6913 17.647 1.2799
    endloop
  endfacet
  facet normal -0.58397 0.788056 -0.194799
    outer loop
      vertex -13.6731 17.6248 1.13553
      vertex -13.6913 17.647 1.2799
      vertex -13.5743 17.7337 1.2799
    endloop
  endfacet
  facet normal -0.238517 0.951373 -0.194933
    outer loop
      vertex -13.1724 17.8924 1.13553
      vertex -13.1807 17.9199 1.2799
      vertex -13.0395 17.9553 1.2799
    endloop
  endfacet
  facet normal -0.238361 0.951382 -0.195081
    outer loop
      vertex -13.0339 17.9271 1.13553
      vertex -13.1724 17.8924 1.13553
      vertex -13.0395 17.9553 1.2799
    endloop
  endfacet
  facet normal -0.886493 0.419556 -0.195199
    outer loop
      vertex -14.0332 17.1859 1.13553
      vertex -14.0943 17.0568 1.13553
      vertex -14.0586 17.1994 1.2799
    endloop
  endfacet
  facet normal -0.841125 0.504406 -0.195152
    outer loop
      vertex -14.0332 17.1859 1.13553
      vertex -14.0586 17.1994 1.2799
      vertex -13.9837 17.3243 1.2799
    endloop
  endfacet
  facet normal -0.936926 0.335544 -0.0978762
    outer loop
      vertex -14.1699 16.9307 1.2799
      vertex -14.1837 16.9349 1.4264
      vertex -14.1208 17.0678 1.2799
    endloop
  endfacet
  facet normal -0.92343 0.33071 -0.194699
    outer loop
      vertex -14.0943 17.0568 1.13553
      vertex -14.1699 16.9307 1.2799
      vertex -14.1208 17.0678 1.2799
    endloop
  endfacet
  facet normal -0.870075 0.31136 -0.38213
    outer loop
      vertex -14.0028 17.0189 0.858666
      vertex -14.1015 16.91 0.994665
      vertex -14.0548 17.0405 0.994665
    endloop
  endfacet
  facet normal -0.901074 0.322453 -0.289983
    outer loop
      vertex -14.0548 17.0405 0.994665
      vertex -14.1015 16.91 0.994665
      vertex -14.0943 17.0568 1.13553
    endloop
  endfacet
  facet normal -0.806741 0.202564 -0.555101
    outer loop
      vertex -13.9317 16.735 0.606451
      vertex -14.0119 16.751 0.728846
      vertex -13.9029 16.8497 0.606451
    endloop
  endfacet
  facet normal -0.750095 0.188341 -0.633944
    outer loop
      vertex -13.8401 16.7168 0.492661
      vertex -13.9317 16.735 0.606451
      vertex -13.9029 16.8497 0.606451
    endloop
  endfacet
  facet normal -0.698775 0.331068 -0.63412
    outer loop
      vertex -13.7768 16.9253 0.492661
      vertex -13.8631 16.9611 0.606451
      vertex -13.8125 17.0679 0.606451
    endloop
  endfacet
  facet normal -0.78317 0.279804 -0.555297
    outer loop
      vertex -13.9029 16.8497 0.606451
      vertex -13.9387 16.9924 0.728846
      vertex -13.8631 16.9611 0.606451
    endloop
  endfacet
  facet normal -0.830702 0.297011 -0.470871
    outer loop
      vertex -13.9812 16.8735 0.728846
      vertex -14.0476 16.8936 0.858666
      vertex -14.0028 17.0189 0.858666
    endloop
  endfacet
  facet normal -0.830758 0.296949 -0.470811
    outer loop
      vertex -13.9812 16.8735 0.728846
      vertex -14.0028 17.0189 0.858666
      vertex -13.9387 16.9924 0.728846
    endloop
  endfacet
  facet normal -0.70666 0.0343921 -0.706717
    outer loop
      vertex -13.7525 16.5987 0.388573
      vertex -13.8614 16.5 0.492661
      vertex -13.8561 16.6089 0.492661
    endloop
  endfacet
  facet normal -0.706648 0.0343659 -0.70673
    outer loop
      vertex -13.7573 16.5 0.388573
      vertex -13.8614 16.5 0.492661
      vertex -13.7525 16.5987 0.388573
    endloop
  endfacet
  facet normal -0.550071 0.08121 -0.83116
    outer loop
      vertex -13.5174 16.5756 0.213407
      vertex -13.6392 16.5876 0.295188
      vertex -13.6264 16.6743 0.295188
    endloop
  endfacet
  facet normal -0.555379 0.0272618 -0.83115
    outer loop
      vertex -13.5174 16.5756 0.213407
      vertex -13.6435 16.5 0.295188
      vertex -13.6392 16.5876 0.295188
    endloop
  endfacet
  facet normal -0.654031 0.591842 -0.471133
    outer loop
      vertex -13.7445 17.3162 0.728846
      vertex -13.7982 17.3602 0.858666
      vertex -13.6598 17.4098 0.728846
    endloop
  endfacet
  facet normal -0.684776 0.620099 -0.38283
    outer loop
      vertex -13.7088 17.4588 0.858666
      vertex -13.8417 17.396 0.994665
      vertex -13.7487 17.4987 0.994665
    endloop
  endfacet
  facet normal -0.616742 0.558099 -0.555116
    outer loop
      vertex -13.6813 17.2643 0.606451
      vertex -13.7445 17.3162 0.728846
      vertex -13.6598 17.4098 0.728846
    endloop
  endfacet
  facet normal -0.667789 0.495903 -0.555101
    outer loop
      vertex -13.6813 17.2643 0.606451
      vertex -13.8198 17.2148 0.728846
      vertex -13.7445 17.3162 0.728846
    endloop
  endfacet
  facet normal -0.686329 0.171761 -0.706718
    outer loop
      vertex -13.738 16.6965 0.388573
      vertex -13.8401 16.7168 0.492661
      vertex -13.714 16.7924 0.388573
    endloop
  endfacet
  facet normal -0.615855 0.154124 -0.772637
    outer loop
      vertex -13.6051 16.7594 0.295188
      vertex -13.738 16.6965 0.388573
      vertex -13.714 16.7924 0.388573
    endloop
  endfacet
  facet normal -0.597766 0.213809 -0.772633
    outer loop
      vertex -13.6051 16.7594 0.295188
      vertex -13.714 16.7924 0.388573
      vertex -13.6807 16.8855 0.388573
    endloop
  endfacet
  facet normal -0.523506 0.186756 -0.831302
    outer loop
      vertex -13.4879 16.7239 0.213407
      vertex -13.6051 16.7594 0.295188
      vertex -13.4625 16.7951 0.213407
    endloop
  endfacet
  facet normal -0.421526 0.568237 -0.706699
    outer loop
      vertex -13.3096 17.3376 0.388573
      vertex -13.389 17.2787 0.388573
      vertex -13.3675 17.4241 0.492661
    endloop
  endfacet
  facet normal -0.469969 0.42652 -0.772794
    outer loop
      vertex -13.4407 17.0669 0.295188
      vertex -13.4623 17.2123 0.388573
      vertex -13.3818 17.1318 0.295188
    endloop
  endfacet
  facet normal -0.477015 0.285915 -0.831089
    outer loop
      vertex -13.4301 16.8635 0.213407
      vertex -13.538 16.9212 0.295188
      vertex -13.3912 16.9284 0.213407
    endloop
  endfacet
  facet normal -0.404624 0.242525 -0.881737
    outer loop
      vertex -13.2832 16.8563 0.144015
      vertex -13.4301 16.8635 0.213407
      vertex -13.3912 16.9284 0.213407
    endloop
  endfacet
  facet normal -0.373809 0.411888 -0.831033
    outer loop
      vertex -13.2953 17.0453 0.213407
      vertex -13.3818 17.1318 0.295188
      vertex -13.3169 17.1907 0.295188
    endloop
  endfacet
  facet normal -0.363792 0.606969 -0.706572
    outer loop
      vertex -13.2249 17.3884 0.388573
      vertex -13.3675 17.4241 0.492661
      vertex -13.2739 17.4802 0.492661
    endloop
  endfacet
  facet normal -0.426558 0.201659 -0.881693
    outer loop
      vertex -13.3425 16.7454 0.144015
      vertex -13.4301 16.8635 0.213407
      vertex -13.3156 16.8023 0.144015
    endloop
  endfacet
  facet normal -0.446524 0.331221 -0.831209
    outer loop
      vertex -13.3912 16.9284 0.213407
      vertex -13.4407 17.0669 0.295188
      vertex -13.3461 16.9892 0.213407
    endloop
  endfacet
  facet normal -0.154146 0.61586 -0.772629
    outer loop
      vertex -12.9243 17.3764 0.295188
      vertex -13.0094 17.3551 0.295188
      vertex -12.9465 17.488 0.388573
    endloop
  endfacet
  facet normal -0.0927249 0.628066 -0.772616
    outer loop
      vertex -12.9243 17.3764 0.295188
      vertex -12.9465 17.488 0.388573
      vertex -12.8376 17.3892 0.295188
    endloop
  endfacet
  facet normal -0.186756 0.523506 -0.831302
    outer loop
      vertex -12.9739 17.2379 0.213407
      vertex -13.0451 17.2125 0.213407
      vertex -13.0094 17.3551 0.295188
    endloop
  endfacet
  facet normal -0.13498 0.539187 -0.831299
    outer loop
      vertex -12.9739 17.2379 0.213407
      vertex -13.0094 17.3551 0.295188
      vertex -12.9004 17.2563 0.213407
    endloop
  endfacet
  facet normal -0.023677 0.471048 -0.88179
    outer loop
      vertex -12.75 17.1413 0.144015
      vertex -12.8256 17.2674 0.213407
      vertex -12.75 17.2712 0.213407
    endloop
  endfacet
  facet normal -0.328567 0.19714 -0.923677
    outer loop
      vertex -13.1957 16.7382 0.0876837
      vertex -13.2832 16.8563 0.144015
      vertex -13.1702 16.7807 0.0876837
    endloop
  endfacet
  facet normal -0.872514 -0.129235 -0.471187
    outer loop
      vertex -14.0119 -16.751 0.728846
      vertex -14.0995 -16.6329 0.858666
      vertex -14.0304 -16.6261 0.728846
    endloop
  endfacet
  facet normal -0.880983 -0.0430879 -0.471182
    outer loop
      vertex -14.0995 -16.6329 0.858666
      vertex -14.106 -16.5 0.858666
      vertex -14.0304 -16.6261 0.728846
    endloop
  endfacet
  facet normal -0.0343921 0.70666 -0.706717
    outer loop
      vertex -12.8487 17.5025 0.388573
      vertex -12.8589 17.6061 0.492661
      vertex -12.75 17.6114 0.492661
    endloop
  endfacet
  facet normal -0.103776 0.699836 -0.706725
    outer loop
      vertex -12.8487 17.5025 0.388573
      vertex -12.9668 17.5901 0.492661
      vertex -12.8589 17.6061 0.492661
    endloop
  endfacet
  facet normal -0.260954 0.72826 -0.633672
    outer loop
      vertex -13.0726 17.5636 0.492661
      vertex -13.1753 17.5268 0.492661
      vertex -13.0997 17.6529 0.606451
    endloop
  endfacet
  facet normal -0.187959 0.750417 -0.633676
    outer loop
      vertex -13.0726 17.5636 0.492661
      vertex -13.0997 17.6529 0.606451
      vertex -12.9668 17.5901 0.492661
    endloop
  endfacet
  facet normal -0.421624 0.568219 -0.706654
    outer loop
      vertex -13.389 17.2787 0.388573
      vertex -13.4551 17.3591 0.492661
      vertex -13.3675 17.4241 0.492661
    endloop
  endfacet
  facet normal -0.363919 0.606771 -0.706677
    outer loop
      vertex -13.3096 17.3376 0.388573
      vertex -13.3675 17.4241 0.492661
      vertex -13.2249 17.3884 0.388573
    endloop
  endfacet
  facet normal -0.750095 -0.188341 -0.633944
    outer loop
      vertex -13.9029 -16.8497 0.606451
      vertex -13.9317 -16.735 0.606451
      vertex -13.8401 -16.7168 0.492661
    endloop
  endfacet
  facet normal -0.751573 -0.356082 -0.555287
    outer loop
      vertex -13.8125 -17.0679 0.606451
      vertex -13.9387 -16.9924 0.728846
      vertex -13.8631 -16.9611 0.606451
    endloop
  endfacet
  facet normal 0.0925163 0.0326528 -0.995176
    outer loop
      vertex 12.8204 16.5214 0.00180626
      vertex 12.818 16.5282 0.00180626
      vertex 12.9606 16.5639 0.0162344
    endloop
  endfacet
  facet normal -0.262575 -0.124254 -0.956878
    outer loop
      vertex -13.1957 -16.7382 0.0876837
      vertex -13.2169 -16.6934 0.0876837
      vertex -13.0714 -16.6718 0.0449524
    endloop
  endfacet
  facet normal -0.084145 -0.050487 -0.995174
    outer loop
      vertex -12.933 -16.6223 0.0162344
      vertex -12.9441 -16.6038 0.0162344
      vertex -12.8112 -16.5409 0.00180626
    endloop
  endfacet
  facet normal -0.249107 -0.149464 -0.956873
    outer loop
      vertex -13.1702 -16.7807 0.0876837
      vertex -13.1957 -16.7382 0.0876837
      vertex -13.0714 -16.6718 0.0449524
    endloop
  endfacet
  facet normal 0.097241 -0.0135057 -0.995169
    outer loop
      vertex 12.9659 -16.5429 0.0162344
      vertex 12.8222 -16.5144 0.00180626
      vertex 12.8232 -16.5072 0.00180626
    endloop
  endfacet
  facet normal 0.0842454 -0.0502755 -0.995176
    outer loop
      vertex 12.9441 -16.6038 0.0162344
      vertex 12.8112 -16.5409 0.00180626
      vertex 12.8149 -16.5347 0.00180626
    endloop
  endfacet
  facet normal -0.0417097 0.0888597 -0.99517
    outer loop
      vertex -12.7782 16.568 0.00180626
      vertex -12.8538 16.6941 0.0162344
      vertex -12.8342 16.7033 0.0162344
    endloop
  endfacet
  facet normal -0.149464 0.249107 -0.956873
    outer loop
      vertex -12.9218 16.8214 0.0449524
      vertex -13.0307 16.9202 0.0876837
      vertex -12.9882 16.9457 0.0876837
    endloop
  endfacet
  facet normal 0.00499014 0.0979881 -0.995175
    outer loop
      vertex 12.7572 16.5732 0.00180626
      vertex 12.75 16.7201 0.0162344
      vertex 12.7716 16.719 0.0162344
    endloop
  endfacet
  facet normal -0.287546 0.0427513 -0.956812
    outer loop
      vertex -13.1075 16.5711 0.0449524
      vertex -13.2529 16.5495 0.0876837
      vertex -13.2456 16.5986 0.0876837
    endloop
  endfacet
  facet normal -0.193251 0.0283871 -0.980739
    outer loop
      vertex -12.9659 16.5429 0.0162344
      vertex -13.1127 16.5357 0.0449524
      vertex -13.1075 16.5711 0.0449524
    endloop
  endfacet
  facet normal -0.176569 -0.0836378 -0.980728
    outer loop
      vertex -13.0714 -16.6718 0.0449524
      vertex -13.0867 -16.6395 0.0449524
      vertex -12.9441 -16.6038 0.0162344
    endloop
  endfacet
  facet normal -0.176743 -0.0829611 -0.980754
    outer loop
      vertex -12.9441 -16.6038 0.0162344
      vertex -13.0867 -16.6395 0.0449524
      vertex -12.9533 -16.5842 0.0162344
    endloop
  endfacet
  facet normal -0.1311 -0.144757 -0.980744
    outer loop
      vertex -12.9812 -16.7817 0.0449524
      vertex -13.0077 -16.7577 0.0449524
      vertex -12.9056 -16.6556 0.0162344
    endloop
  endfacet
  facet normal -0.215179 -0.195244 -0.956858
    outer loop
      vertex -13.1073 -16.8573 0.0876837
      vertex -13.1406 -16.8206 0.0876837
      vertex -13.0317 -16.7312 0.0449524
    endloop
  endfacet
  facet normal -0.0706718 -0.281875 -0.956845
    outer loop
      vertex -12.8211 -16.8575 0.0449524
      vertex -12.8967 -16.9836 0.0876837
      vertex -12.8558 -16.8488 0.0449524
    endloop
  endfacet
  facet normal -0.00993183 -0.195025 -0.980748
    outer loop
      vertex -12.75 -16.7201 0.0162344
      vertex -12.7857 -16.8627 0.0449524
      vertex -12.7716 -16.719 0.0162344
    endloop
  endfacet
  facet normal 0.084145 -0.050487 -0.995174
    outer loop
      vertex 12.933 -16.6223 0.0162344
      vertex 12.8112 -16.5409 0.00180626
      vertex 12.9441 -16.6038 0.0162344
    endloop
  endfacet
  facet normal -0.19714 -0.328567 -0.923677
    outer loop
      vertex -12.9882 -16.9457 0.0876837
      vertex -13.1063 -17.0332 0.144015
      vertex -13.0307 -16.9202 0.0876837
    endloop
  endfacet
  facet normal -0.124254 -0.262575 -0.956878
    outer loop
      vertex -12.9434 -16.9669 0.0876837
      vertex -12.9882 -16.9457 0.0876837
      vertex -12.9218 -16.8214 0.0449524
    endloop
  endfacet
  facet normal -0.257306 -0.283578 -0.923784
    outer loop
      vertex -13.0706 -16.8906 0.0876837
      vertex -13.1569 -16.9958 0.144015
      vertex -13.1073 -16.8573 0.0876837
    endloop
  endfacet
  facet normal -0.195244 -0.215179 -0.956858
    outer loop
      vertex -13.0706 -16.8906 0.0876837
      vertex -13.1073 -16.8573 0.0876837
      vertex -12.9812 -16.7817 0.0449524
    endloop
  endfacet
  facet normal -0.378877 -0.05633 -0.923731
    outer loop
      vertex -13.2456 -16.5986 0.0876837
      vertex -13.379 -16.6251 0.144015
      vertex -13.2529 -16.5495 0.0876837
    endloop
  endfacet
  facet normal -0.282049 -0.0703656 -0.956816
    outer loop
      vertex -13.2336 -16.6467 0.0876837
      vertex -13.2456 -16.5986 0.0876837
      vertex -13.1075 -16.5711 0.0449524
    endloop
  endfacet
  facet normal -0.328567 -0.19714 -0.923677
    outer loop
      vertex -13.1702 -16.7807 0.0876837
      vertex -13.2832 -16.8563 0.144015
      vertex -13.1957 -16.7382 0.0876837
    endloop
  endfacet
  facet normal -0.307729 -0.22829 -0.923681
    outer loop
      vertex -13.1406 -16.8206 0.0876837
      vertex -13.2832 -16.8563 0.144015
      vertex -13.1702 -16.7807 0.0876837
    endloop
  endfacet
  facet normal -0.466758 0.0690382 -0.881686
    outer loop
      vertex -13.3882 16.5629 0.144015
      vertex -13.5174 16.5756 0.213407
      vertex -13.379 16.6251 0.144015
    endloop
  endfacet
  facet normal -0.3827 0.0188612 -0.92368
    outer loop
      vertex -13.2529 16.5495 0.0876837
      vertex -13.3913 16.5 0.144015
      vertex -13.3882 16.5629 0.144015
    endloop
  endfacet
  facet normal -0.444289 0.159104 -0.881642
    outer loop
      vertex -13.3637 16.6862 0.144015
      vertex -13.4879 16.7239 0.213407
      vertex -13.3425 16.7454 0.144015
    endloop
  endfacet
  facet normal -0.360721 0.129177 -0.923685
    outer loop
      vertex -13.2336 16.6467 0.0876837
      vertex -13.3637 16.6862 0.144015
      vertex -13.3425 16.7454 0.144015
    endloop
  endfacet
  facet normal 0 -0.555865 -0.831273
    outer loop
      vertex -12.75 -17.3935 0.295188
      vertex 12.75 -17.2712 0.213407
      vertex 12.75 -17.3935 0.295188
    endloop
  endfacet
  facet normal -0 -0.555865 -0.831273
    outer loop
      vertex 12.75 -17.2712 0.213407
      vertex -12.75 -17.3935 0.295188
      vertex -12.75 -17.2712 0.213407
    endloop
  endfacet
  facet normal 0 -0.47118 -0.882037
    outer loop
      vertex -12.75 -17.2712 0.213407
      vertex 12.75 -17.1413 0.144015
      vertex 12.75 -17.2712 0.213407
    endloop
  endfacet
  facet normal -0 -0.47118 -0.882037
    outer loop
      vertex 12.75 -17.1413 0.144015
      vertex -12.75 -17.2712 0.213407
      vertex -12.75 -17.1413 0.144015
    endloop
  endfacet
  facet normal -0.0140791 -0.290381 -0.956808
    outer loop
      vertex -12.75 -17.0053 0.0876837
      vertex -12.7995 -17.0029 0.0876837
      vertex -12.75 -16.8645 0.0449524
    endloop
  endfacet
  facet normal -0.0185507 -0.382607 -0.923725
    outer loop
      vertex -12.75 -17.1413 0.144015
      vertex -12.7995 -17.0029 0.0876837
      vertex -12.75 -17.0053 0.0876837
    endloop
  endfacet
  facet normal -0.684538 -0.620666 -0.382336
    outer loop
      vertex -13.7088 -17.4588 0.858666
      vertex -13.8417 -17.396 0.994665
      vertex -13.7982 -17.3602 0.858666
    endloop
  endfacet
  facet normal -0.653717 -0.592721 -0.470463
    outer loop
      vertex -13.7088 -17.4588 0.858666
      vertex -13.7982 -17.3602 0.858666
      vertex -13.6598 -17.4098 0.728846
    endloop
  endfacet
  facet normal -0.78317 -0.279804 -0.555297
    outer loop
      vertex -13.8631 -16.9611 0.606451
      vertex -13.9387 -16.9924 0.728846
      vertex -13.9029 -16.8497 0.606451
    endloop
  endfacet
  facet normal -0.728171 -0.260154 -0.634104
    outer loop
      vertex -13.8631 -16.9611 0.606451
      vertex -13.9029 -16.8497 0.606451
      vertex -13.7768 -16.9253 0.492661
    endloop
  endfacet
  facet normal -0.404624 -0.242525 -0.881737
    outer loop
      vertex -13.3912 -16.9284 0.213407
      vertex -13.4301 -16.8635 0.213407
      vertex -13.2832 -16.8563 0.144015
    endloop
  endfacet
  facet normal -0.477015 -0.285915 -0.831089
    outer loop
      vertex -13.3912 -16.9284 0.213407
      vertex -13.538 -16.9212 0.295188
      vertex -13.4301 -16.8635 0.213407
    endloop
  endfacet
  facet normal -0.331221 -0.446524 -0.831209
    outer loop
      vertex -13.1784 -17.1412 0.213407
      vertex -13.3169 -17.1907 0.295188
      vertex -13.2392 -17.0961 0.213407
    endloop
  endfacet
  facet normal -0.373159 -0.412091 -0.831224
    outer loop
      vertex -13.2392 -17.0961 0.213407
      vertex -13.3169 -17.1907 0.295188
      vertex -13.2953 -17.0453 0.213407
    endloop
  endfacet
  facet normal -0.0930727 -0.371682 -0.923683
    outer loop
      vertex -12.8751 -17.129 0.144015
      vertex -12.9362 -17.1137 0.144015
      vertex -12.8967 -16.9836 0.0876837
    endloop
  endfacet
  facet normal -0.129177 -0.360721 -0.923685
    outer loop
      vertex -12.9362 -17.1137 0.144015
      vertex -12.9954 -17.0925 0.144015
      vertex -12.8967 -16.9836 0.0876837
    endloop
  endfacet
  facet normal 0.788046 -0.583992 -0.194776
    outer loop
      vertex 13.9837 -17.3243 1.2799
      vertex 13.8748 -17.4231 1.13553
      vertex 13.9598 -17.3084 1.13553
    endloop
  endfacet
  facet normal 0.841367 -0.504134 -0.194808
    outer loop
      vertex 13.9837 -17.3243 1.2799
      vertex 13.9598 -17.3084 1.13553
      vertex 14.0332 -17.1859 1.13553
    endloop
  endfacet
  facet normal 0.163768 -0.346409 -0.923678
    outer loop
      vertex 12.9954 -17.0925 0.144015
      vertex 12.9882 -16.9457 0.0876837
      vertex 13.0523 -17.0656 0.144015
    endloop
  endfacet
  facet normal 0.19714 -0.328567 -0.923677
    outer loop
      vertex 13.1063 -17.0332 0.144015
      vertex 12.9882 -16.9457 0.0876837
      vertex 13.0307 -16.9202 0.0876837
    endloop
  endfacet
  facet normal 0.0706718 -0.281875 -0.956845
    outer loop
      vertex 12.8967 -16.9836 0.0876837
      vertex 12.8211 -16.8575 0.0449524
      vertex 12.8558 -16.8488 0.0449524
    endloop
  endfacet
  facet normal 0.0140791 -0.290381 -0.956808
    outer loop
      vertex 12.7995 -17.0029 0.0876837
      vertex 12.75 -17.0053 0.0876837
      vertex 12.75 -16.8645 0.0449524
    endloop
  endfacet
  facet normal 0 -0.195058 -0.980792
    outer loop
      vertex -12.75 -16.8645 0.0449524
      vertex 12.75 -16.7201 0.0162344
      vertex 12.75 -16.8645 0.0449524
    endloop
  endfacet
  facet normal -0 -0.195058 -0.980792
    outer loop
      vertex 12.75 -16.7201 0.0162344
      vertex -12.75 -16.8645 0.0449524
      vertex -12.75 -16.7201 0.0162344
    endloop
  endfacet
  facet normal 0.0586673 -0.0786779 -0.995172
    outer loop
      vertex 12.8723 -16.683 0.0162344
      vertex 12.7909 -16.5612 0.00180626
      vertex 12.8896 -16.6701 0.0162344
    endloop
  endfacet
  facet normal 0.149365 -0.249212 -0.956861
    outer loop
      vertex 13.0307 -16.9202 0.0876837
      vertex 12.9218 -16.8214 0.0449524
      vertex 12.9525 -16.803 0.0449524
    endloop
  endfacet
  facet normal -0.0135057 0.097241 -0.995169
    outer loop
      vertex -12.7644 16.5722 0.00180626
      vertex -12.7929 16.7159 0.0162344
      vertex -12.7572 16.5732 0.00180626
    endloop
  endfacet
  facet normal 0.0135057 -0.097241 -0.995169
    outer loop
      vertex 12.7929 -16.7159 0.0162344
      vertex 12.7572 -16.5732 0.00180626
      vertex 12.7644 -16.5722 0.00180626
    endloop
  endfacet
  facet normal -0.095136 -0.0240105 -0.995175
    outer loop
      vertex -12.9606 -16.5639 0.0162344
      vertex -12.9659 -16.5429 0.0162344
      vertex -12.8204 -16.5214 0.00180626
    endloop
  endfacet
  facet normal 0.249212 -0.149365 -0.956861
    outer loop
      vertex 13.1702 -16.7807 0.0876837
      vertex 13.053 -16.7025 0.0449524
      vertex 13.0714 -16.6718 0.0449524
    endloop
  endfacet
  facet normal 0.167527 -0.100516 -0.98073
    outer loop
      vertex 13.053 -16.7025 0.0449524
      vertex 12.933 -16.6223 0.0162344
      vertex 12.9441 -16.6038 0.0162344
    endloop
  endfacet
  facet normal 0.195094 -0.215416 -0.956835
    outer loop
      vertex 13.1073 -16.8573 0.0876837
      vertex 12.9812 -16.7817 0.0449524
      vertex 13.0077 -16.7577 0.0449524
    endloop
  endfacet
  facet normal 0.173111 -0.233349 -0.95686
    outer loop
      vertex 13.0307 -16.9202 0.0876837
      vertex 12.9812 -16.7817 0.0449524
      vertex 13.0706 -16.8906 0.0876837
    endloop
  endfacet
  facet normal 0.32603 -0.544833 -0.772568
    outer loop
      vertex 13.3096 -17.3376 0.388573
      vertex 13.1712 -17.288 0.295188
      vertex 13.2464 -17.243 0.295188
    endloop
  endfacet
  facet normal 0.317294 -0.349548 -0.881556
    outer loop
      vertex 13.2392 -17.0961 0.213407
      vertex 13.1569 -16.9958 0.144015
      vertex 13.2035 -16.9535 0.144015
    endloop
  endfacet
  facet normal 0.412091 -0.373159 -0.831224
    outer loop
      vertex 13.4407 -17.0669 0.295188
      vertex 13.2953 -17.0453 0.213407
      vertex 13.3461 -16.9892 0.213407
    endloop
  endfacet
  facet normal 0.411888 -0.373809 -0.831033
    outer loop
      vertex 13.3818 -17.1318 0.295188
      vertex 13.2953 -17.0453 0.213407
      vertex 13.4407 -17.0669 0.295188
    endloop
  endfacet
  facet normal 0.461101 -0.620688 -0.634139
    outer loop
      vertex 13.4194 -17.5018 0.606451
      vertex 13.3675 -17.4241 0.492661
      vertex 13.5143 -17.4313 0.606451
    endloop
  endfacet
  facet normal 0.496067 -0.667755 -0.554996
    outer loop
      vertex 13.4648 -17.5698 0.728846
      vertex 13.4194 -17.5018 0.606451
      vertex 13.5143 -17.4313 0.606451
    endloop
  endfacet
  facet normal 0.237818 -0.502907 -0.83098
    outer loop
      vertex 13.0919 -17.3255 0.295188
      vertex 13.0451 -17.2125 0.213407
      vertex 13.1712 -17.288 0.295188
    endloop
  endfacet
  facet normal 0.187863 -0.523604 -0.830991
    outer loop
      vertex 13.0919 -17.3255 0.295188
      vertex 13.0094 -17.3551 0.295188
      vertex 13.0451 -17.2125 0.213407
    endloop
  endfacet
  facet normal 0.539203 -0.134959 -0.831292
    outer loop
      vertex 13.6051 -16.7594 0.295188
      vertex 13.5063 -16.6504 0.213407
      vertex 13.6264 -16.6743 0.295188
    endloop
  endfacet
  facet normal 0.549821 -0.0815911 -0.831288
    outer loop
      vertex 13.6264 -16.6743 0.295188
      vertex 13.5063 -16.6504 0.213407
      vertex 13.5174 -16.5756 0.213407
    endloop
  endfacet
  facet normal 0.466758 -0.0690382 -0.881686
    outer loop
      vertex 13.5174 -16.5756 0.213407
      vertex 13.379 -16.6251 0.144015
      vertex 13.3882 -16.5629 0.144015
    endloop
  endfacet
  facet normal 0.37902 -0.0560608 -0.923689
    outer loop
      vertex 13.379 -16.6251 0.144015
      vertex 13.2529 -16.5495 0.0876837
      vertex 13.3882 -16.5629 0.144015
    endloop
  endfacet
  facet normal 0.145519 0.984474 -0.098158
    outer loop
      vertex 13.0395 17.9553 1.2799
      vertex 12.8954 17.9766 1.2799
      vertex 12.8968 17.991 1.4264
    endloop
  endfacet
  facet normal 0.143418 0.970262 -0.194993
    outer loop
      vertex 13.0395 17.9553 1.2799
      vertex 12.8926 17.948 1.13553
      vertex 12.8954 17.9766 1.2799
    endloop
  endfacet
  facet normal 0.923958 0 -0.382494
    outer loop
      vertex 14.1623 -16.5 0.994665
      vertex 14.106 16.5 0.858666
      vertex 14.1623 16.5 0.994665
    endloop
  endfacet
  facet normal 0.923958 0 -0.382494
    outer loop
      vertex 14.106 16.5 0.858666
      vertex 14.1623 -16.5 0.994665
      vertex 14.106 -16.5 0.858666
    endloop
  endfacet
  facet normal 0.896324 0.224581 -0.382319
    outer loop
      vertex 14.1352 16.7755 0.994665
      vertex 14.0476 16.8936 0.858666
      vertex 14.1015 16.91 0.994665
    endloop
  endfacet
  facet normal 0.806664 0.20216 -0.555359
    outer loop
      vertex 14.0119 16.751 0.728846
      vertex 13.9029 16.8497 0.606451
      vertex 13.9812 16.8735 0.728846
    endloop
  endfacet
  facet normal 0.855872 0.214492 -0.470613
    outer loop
      vertex 14.0119 16.751 0.728846
      vertex 13.9812 16.8735 0.728846
      vertex 14.0799 16.7645 0.858666
    endloop
  endfacet
  facet normal 0.797369 0.37737 -0.470952
    outer loop
      vertex 13.9387 16.9924 0.728846
      vertex 13.8847 17.1065 0.728846
      vertex 13.9459 17.1392 0.858666
    endloop
  endfacet
  facet normal 0.830758 0.296949 -0.470811
    outer loop
      vertex 13.9812 16.8735 0.728846
      vertex 13.9387 16.9924 0.728846
      vertex 14.0028 17.0189 0.858666
    endloop
  endfacet
  facet normal 0.76869 0.569962 -0.290275
    outer loop
      vertex 13.9243 17.2846 0.994665
      vertex 13.8417 17.396 0.994665
      vertex 13.8748 17.4231 1.13553
    endloop
  endfacet
  facet normal 0.896292 0.224247 -0.382589
    outer loop
      vertex 14.0799 16.7645 0.858666
      vertex 14.0476 16.8936 0.858666
      vertex 14.1352 16.7755 0.994665
    endloop
  endfacet
  facet normal 0.92309 0.0451474 -0.381925
    outer loop
      vertex 14.106 16.5 0.858666
      vertex 14.0995 16.6329 0.858666
      vertex 14.1555 16.6384 0.994665
    endloop
  endfacet
  facet normal 0.765112 0.113455 -0.633823
    outer loop
      vertex 13.8561 16.6089 0.492661
      vertex 13.8401 16.7168 0.492661
      vertex 13.949 16.6181 0.606451
    endloop
  endfacet
  facet normal 0.699836 0.103776 -0.706725
    outer loop
      vertex 13.8561 16.6089 0.492661
      vertex 13.7525 16.5987 0.388573
      vertex 13.8401 16.7168 0.492661
    endloop
  endfacet
  facet normal 0.523604 0.187863 -0.830991
    outer loop
      vertex 13.6051 16.7594 0.295188
      vertex 13.4625 16.7951 0.213407
      vertex 13.5755 16.8419 0.295188
    endloop
  endfacet
  facet normal 0.502907 0.237818 -0.83098
    outer loop
      vertex 13.5755 16.8419 0.295188
      vertex 13.4625 16.7951 0.213407
      vertex 13.538 16.9212 0.295188
    endloop
  endfacet
  facet normal 0.550071 0.08121 -0.83116
    outer loop
      vertex 13.6392 16.5876 0.295188
      vertex 13.5174 16.5756 0.213407
      vertex 13.6264 16.6743 0.295188
    endloop
  endfacet
  facet normal 0.549821 0.0815911 -0.831288
    outer loop
      vertex 13.5174 16.5756 0.213407
      vertex 13.5063 16.6504 0.213407
      vertex 13.6264 16.6743 0.295188
    endloop
  endfacet
  facet normal 0.728171 0.260154 -0.634104
    outer loop
      vertex 13.9029 16.8497 0.606451
      vertex 13.7768 16.9253 0.492661
      vertex 13.8631 16.9611 0.606451
    endloop
  endfacet
  facet normal 0.72826 0.260954 -0.633672
    outer loop
      vertex 13.8136 16.8226 0.492661
      vertex 13.7768 16.9253 0.492661
      vertex 13.9029 16.8497 0.606451
    endloop
  endfacet
  facet normal 0.54424 0.326415 -0.772824
    outer loop
      vertex 13.6384 16.9749 0.388573
      vertex 13.538 16.9212 0.295188
      vertex 13.5876 17.0596 0.388573
    endloop
  endfacet
  facet normal 0.606771 0.363919 -0.706677
    outer loop
      vertex 13.6384 16.9749 0.388573
      vertex 13.5876 17.0596 0.388573
      vertex 13.6741 17.1175 0.492661
    endloop
  endfacet
  facet normal 0.509928 0.378287 -0.772575
    outer loop
      vertex 13.493 16.9964 0.295188
      vertex 13.4407 17.0669 0.295188
      vertex 13.5876 17.0596 0.388573
    endloop
  endfacet
  facet normal 0.544833 0.32603 -0.772568
    outer loop
      vertex 13.538 16.9212 0.295188
      vertex 13.493 16.9964 0.295188
      vertex 13.5876 17.0596 0.388573
    endloop
  endfacet
  facet normal 0.668386 0.737411 -0.0973896
    outer loop
      vertex 13.7992 17.5492 1.2799
      vertex 13.6913 17.647 1.2799
      vertex 13.7004 17.6581 1.4264
    endloop
  endfacet
  facet normal 0.658714 0.726741 -0.194793
    outer loop
      vertex 13.7992 17.5492 1.2799
      vertex 13.6731 17.6248 1.13553
      vertex 13.6913 17.647 1.2799
    endloop
  endfacet
  facet normal 0.80293 0.596073 -0.000222455
    outer loop
      vertex 13.9957 17.3324 1.4264
      vertex 13.9081 17.4504 1.4264
      vertex 13.9095 17.4516 9.695
    endloop
  endfacet
  facet normal 0.792223 0.475467 -0.38251
    outer loop
      vertex 13.9459 17.1392 0.858666
      vertex 13.9243 17.2846 0.994665
      vertex 13.9956 17.1658 0.994665
    endloop
  endfacet
  facet normal 0.92343 0.33071 -0.194699
    outer loop
      vertex 14.1699 16.9307 1.2799
      vertex 14.0943 17.0568 1.13553
      vertex 14.1208 17.0678 1.2799
    endloop
  endfacet
  facet normal 0.709335 0.642338 -0.290252
    outer loop
      vertex 13.8417 17.396 0.994665
      vertex 13.7487 17.4987 0.994665
      vertex 13.8748 17.4231 1.13553
    endloop
  endfacet
  facet normal 0.70912 0.642766 -0.28983
    outer loop
      vertex 13.8748 17.4231 1.13553
      vertex 13.7487 17.4987 0.994665
      vertex 13.7789 17.5289 1.13553
    endloop
  endfacet
  facet normal 0.756674 0.453606 -0.470836
    outer loop
      vertex 13.9459 17.1392 0.858666
      vertex 13.8198 17.2148 0.728846
      vertex 13.8775 17.2533 0.858666
    endloop
  endfacet
  facet normal 0.708562 0.525622 -0.470809
    outer loop
      vertex 13.8198 17.2148 0.728846
      vertex 13.7982 17.3602 0.858666
      vertex 13.8775 17.2533 0.858666
    endloop
  endfacet
  facet normal 0.726726 0.658725 -0.19481
    outer loop
      vertex 13.8748 17.4231 1.13553
      vertex 13.7789 17.5289 1.13553
      vertex 13.7992 17.5492 1.2799
    endloop
  endfacet
  facet normal 0.642766 0.70912 -0.28983
    outer loop
      vertex 13.7487 17.4987 0.994665
      vertex 13.6731 17.6248 1.13553
      vertex 13.7789 17.5289 1.13553
    endloop
  endfacet
  facet normal 0.699416 0.330556 -0.63368
    outer loop
      vertex 13.7768 16.9253 0.492661
      vertex 13.7302 17.0239 0.492661
      vertex 13.8125 17.0679 0.606451
    endloop
  endfacet
  facet normal 0.713922 0.426946 -0.555007
    outer loop
      vertex 13.8125 17.0679 0.606451
      vertex 13.7518 17.1694 0.606451
      vertex 13.8198 17.2148 0.728846
    endloop
  endfacet
  facet normal 0.37737 0.797369 -0.470952
    outer loop
      vertex 13.3565 17.6347 0.728846
      vertex 13.2424 17.6887 0.728846
      vertex 13.3892 17.6959 0.858666
    endloop
  endfacet
  facet normal 0.620099 0.684776 -0.38283
    outer loop
      vertex 13.7088 17.4588 0.858666
      vertex 13.646 17.5917 0.994665
      vertex 13.7487 17.4987 0.994665
    endloop
  endfacet
  facet normal 0.708145 0.525871 -0.471158
    outer loop
      vertex 13.8198 17.2148 0.728846
      vertex 13.7445 17.3162 0.728846
      vertex 13.7982 17.3602 0.858666
    endloop
  endfacet
  facet normal 0.606969 0.363792 -0.706572
    outer loop
      vertex 13.7302 17.0239 0.492661
      vertex 13.6384 16.9749 0.388573
      vertex 13.6741 17.1175 0.492661
    endloop
  endfacet
  facet normal 0.238682 0.666105 -0.706636
    outer loop
      vertex 13.1753 17.5268 0.492661
      vertex 13.0424 17.464 0.388573
      vertex 13.0726 17.5636 0.492661
    endloop
  endfacet
  facet normal 0.171915 0.686363 -0.706648
    outer loop
      vertex 13.0424 17.464 0.388573
      vertex 12.9668 17.5901 0.492661
      vertex 13.0726 17.5636 0.492661
    endloop
  endfacet
  facet normal 0.377221 0.797533 -0.470792
    outer loop
      vertex 13.3892 17.6959 0.858666
      vertex 13.2424 17.6887 0.728846
      vertex 13.2689 17.7528 0.858666
    endloop
  endfacet
  facet normal 0.475467 0.792223 -0.38251
    outer loop
      vertex 13.5346 17.6743 0.994665
      vertex 13.3892 17.6959 0.858666
      vertex 13.4158 17.7456 0.994665
    endloop
  endfacet
  facet normal 0.31136 0.870075 -0.38213
    outer loop
      vertex 13.2689 17.7528 0.858666
      vertex 13.16 17.8515 0.994665
      vertex 13.2905 17.8048 0.994665
    endloop
  endfacet
  facet normal 0.620666 0.684538 -0.382336
    outer loop
      vertex 13.7088 17.4588 0.858666
      vertex 13.6102 17.5482 0.858666
      vertex 13.646 17.5917 0.994665
    endloop
  endfacet
  facet normal 0.144757 -0.1311 -0.980744
    outer loop
      vertex 13.0077 -16.7577 0.0449524
      vertex 12.9056 -16.6556 0.0162344
      vertex 13.0317 -16.7312 0.0449524
    endloop
  endfacet
  facet normal 0.215416 -0.195094 -0.956835
    outer loop
      vertex 13.1073 -16.8573 0.0876837
      vertex 13.0077 -16.7577 0.0449524
      vertex 13.0317 -16.7312 0.0449524
    endloop
  endfacet
  facet normal 0.346409 -0.163768 -0.923678
    outer loop
      vertex 13.3156 -16.8023 0.144015
      vertex 13.1957 -16.7382 0.0876837
      vertex 13.3425 -16.7454 0.144015
    endloop
  endfacet
  facet normal 0.371649 -0.092719 -0.923732
    outer loop
      vertex 13.379 -16.6251 0.144015
      vertex 13.2336 -16.6467 0.0876837
      vertex 13.2456 -16.5986 0.0876837
    endloop
  endfacet
  facet normal 0.281875 -0.0706718 -0.956845
    outer loop
      vertex 13.2336 -16.6467 0.0876837
      vertex 13.0988 -16.6058 0.0449524
      vertex 13.1075 -16.5711 0.0449524
    endloop
  endfacet
  facet normal 0.273406 -0.0981664 -0.956877
    outer loop
      vertex 13.2169 -16.6934 0.0876837
      vertex 13.0867 -16.6395 0.0449524
      vertex 13.0988 -16.6058 0.0449524
    endloop
  endfacet
  facet normal 0.189315 -0.0477795 -0.980753
    outer loop
      vertex 13.0988 -16.6058 0.0449524
      vertex 12.9606 -16.5639 0.0162344
      vertex 12.9659 -16.5429 0.0162344
    endloop
  endfacet
  facet normal -0.0842454 -0.0502755 -0.995176
    outer loop
      vertex -12.8112 -16.5409 0.00180626
      vertex -12.9441 -16.6038 0.0162344
      vertex -12.8149 -16.5347 0.00180626
    endloop
  endfacet
  facet normal 0.195049 -0.00983438 -0.980744
    outer loop
      vertex 13.1127 -16.5357 0.0449524
      vertex 12.9701 -16.5 0.0162344
      vertex 13.1145 -16.5 0.0449524
    endloop
  endfacet
  facet normal 0.290198 -0.0146318 -0.956855
    outer loop
      vertex 13.2529 -16.5495 0.0876837
      vertex 13.1127 -16.5357 0.0449524
      vertex 13.1145 -16.5 0.0449524
    endloop
  endfacet
  facet normal -0.116739 -0.156557 -0.980746
    outer loop
      vertex -12.8723 -16.683 0.0162344
      vertex -12.9812 -16.7817 0.0449524
      vertex -12.8896 -16.6701 0.0162344
    endloop
  endfacet
  facet normal 0.0925163 -0.0326528 -0.995176
    outer loop
      vertex 12.9606 -16.5639 0.0162344
      vertex 12.818 -16.5282 0.00180626
      vertex 12.8204 -16.5214 0.00180626
    endloop
  endfacet
  facet normal -0.0584655 -0.0788604 -0.99517
    outer loop
      vertex -12.7909 -16.5612 0.00180626
      vertex -12.8896 -16.6701 0.0162344
      vertex -12.7967 -16.5569 0.00180626
    endloop
  endfacet
  facet normal 0.0502755 0.0842454 -0.995176
    outer loop
      vertex 12.7909 16.5612 0.00180626
      vertex 12.7847 16.5649 0.00180626
      vertex 12.8538 16.6941 0.0162344
    endloop
  endfacet
  facet normal 0.0326528 0.0925163 -0.995176
    outer loop
      vertex 12.7782 16.568 0.00180626
      vertex 12.7714 16.5704 0.00180626
      vertex 12.8139 16.7106 0.0162344
    endloop
  endfacet
  facet normal 0.0786779 0.0586673 -0.995172
    outer loop
      vertex 12.933 16.6223 0.0162344
      vertex 12.8112 16.5409 0.00180626
      vertex 12.9201 16.6396 0.0162344
    endloop
  endfacet
  facet normal 0.156557 0.116739 -0.980746
    outer loop
      vertex 12.933 16.6223 0.0162344
      vertex 12.9201 16.6396 0.0162344
      vertex 13.0317 16.7312 0.0449524
    endloop
  endfacet
  facet normal 0.195094 0.215416 -0.956835
    outer loop
      vertex 13.0077 16.7577 0.0449524
      vertex 12.9812 16.7817 0.0449524
      vertex 13.1073 16.8573 0.0876837
    endloop
  endfacet
  facet normal 0.215416 0.195094 -0.956835
    outer loop
      vertex 13.0317 16.7312 0.0449524
      vertex 13.0077 16.7577 0.0449524
      vertex 13.1073 16.8573 0.0876837
    endloop
  endfacet
  facet normal 0.116739 0.156557 -0.980746
    outer loop
      vertex 12.8896 16.6701 0.0162344
      vertex 12.8723 16.683 0.0162344
      vertex 12.9812 16.7817 0.0449524
    endloop
  endfacet
  facet normal 0.0586673 0.0786779 -0.995172
    outer loop
      vertex 12.8896 16.6701 0.0162344
      vertex 12.7909 16.5612 0.00180626
      vertex 12.8723 16.683 0.0162344
    endloop
  endfacet
  facet normal 0.124369 0.262556 -0.956868
    outer loop
      vertex 12.9218 16.8214 0.0449524
      vertex 12.8895 16.8367 0.0449524
      vertex 12.9434 16.9669 0.0876837
    endloop
  endfacet
  facet normal 0.124254 0.262575 -0.956878
    outer loop
      vertex 12.9882 16.9457 0.0876837
      vertex 12.9218 16.8214 0.0449524
      vertex 12.9434 16.9669 0.0876837
    endloop
  endfacet
  facet normal 0.257306 0.283578 -0.923784
    outer loop
      vertex 13.1073 16.8573 0.0876837
      vertex 13.0706 16.8906 0.0876837
      vertex 13.1569 16.9958 0.144015
    endloop
  endfacet
  facet normal 0.195244 0.215179 -0.956858
    outer loop
      vertex 13.1073 16.8573 0.0876837
      vertex 12.9812 16.7817 0.0449524
      vertex 13.0706 16.8906 0.0876837
    endloop
  endfacet
  facet normal 0.0660827 0.183764 -0.980747
    outer loop
      vertex 12.8342 16.7033 0.0162344
      vertex 12.8139 16.7106 0.0162344
      vertex 12.8558 16.8488 0.0449524
    endloop
  endfacet
  facet normal 0.0332183 0.0923742 -0.99517
    outer loop
      vertex 12.8342 16.7033 0.0162344
      vertex 12.7782 16.568 0.00180626
      vertex 12.8139 16.7106 0.0162344
    endloop
  endfacet
  facet normal 0.0244469 0.0950711 -0.99517
    outer loop
      vertex 12.7714 16.5704 0.00180626
      vertex 12.7644 16.5722 0.00180626
      vertex 12.7929 16.7159 0.0162344
    endloop
  endfacet
  facet normal -0.0720157 -0.0665806 -0.995179
    outer loop
      vertex -12.802 -16.552 0.00180626
      vertex -12.9056 -16.6556 0.0162344
      vertex -12.8069 -16.5467 0.00180626
    endloop
  endfacet
  facet normal 0.0240105 0.095136 -0.995175
    outer loop
      vertex 12.8139 16.7106 0.0162344
      vertex 12.7714 16.5704 0.00180626
      vertex 12.7929 16.7159 0.0162344
    endloop
  endfacet
  facet normal 0.0141298 -0.0970855 -0.995176
    outer loop
      vertex 12.7716 -16.719 0.0162344
      vertex 12.7572 -16.5732 0.00180626
      vertex 12.7929 -16.7159 0.0162344
    endloop
  endfacet
  facet normal 0.0502755 -0.0842454 -0.995176
    outer loop
      vertex 12.8538 -16.6941 0.0162344
      vertex 12.7847 -16.5649 0.00180626
      vertex 12.7909 -16.5612 0.00180626
    endloop
  endfacet
  facet normal -0.396855 0.663605 -0.634141
    outer loop
      vertex -13.3675 17.4241 0.492661
      vertex -13.4194 17.5018 0.606451
      vertex -13.3179 17.5625 0.606451
    endloop
  endfacet
  facet normal -0.331068 0.698775 -0.63412
    outer loop
      vertex -13.1753 17.5268 0.492661
      vertex -13.3179 17.5625 0.606451
      vertex -13.2111 17.6131 0.606451
    endloop
  endfacet
  facet normal -0.495903 0.667789 -0.555101
    outer loop
      vertex -13.5143 17.4313 0.606451
      vertex -13.5662 17.4945 0.728846
      vertex -13.4648 17.5698 0.728846
    endloop
  endfacet
  facet normal -0.475467 0.792223 -0.38251
    outer loop
      vertex -13.3892 17.6959 0.858666
      vertex -13.5346 17.6743 0.994665
      vertex -13.4158 17.7456 0.994665
    endloop
  endfacet
  facet normal -0.356082 0.751573 -0.555287
    outer loop
      vertex -13.2111 17.6131 0.606451
      vertex -13.3179 17.5625 0.606451
      vertex -13.2424 17.6887 0.728846
    endloop
  endfacet
  facet normal -0.330556 0.699416 -0.63368
    outer loop
      vertex -13.2739 17.4802 0.492661
      vertex -13.3179 17.5625 0.606451
      vertex -13.1753 17.5268 0.492661
    endloop
  endfacet
  facet normal 0.302645 0.639633 -0.706594
    outer loop
      vertex 13.2249 17.3884 0.388573
      vertex 13.1355 17.4307 0.388573
      vertex 13.2739 17.4802 0.492661
    endloop
  endfacet
  facet normal 0.363919 0.606771 -0.706677
    outer loop
      vertex 13.3096 17.3376 0.388573
      vertex 13.2249 17.3884 0.388573
      vertex 13.3675 17.4241 0.492661
    endloop
  endfacet
  facet normal 0.285476 0.477063 -0.831213
    outer loop
      vertex 13.1784 17.1412 0.213407
      vertex 13.1712 17.288 0.295188
      vertex 13.2464 17.243 0.295188
    endloop
  endfacet
  facet normal 0.32603 0.544833 -0.772568
    outer loop
      vertex 13.2464 17.243 0.295188
      vertex 13.1712 17.288 0.295188
      vertex 13.3096 17.3376 0.388573
    endloop
  endfacet
  facet normal 0.356082 0.751573 -0.555287
    outer loop
      vertex 13.3179 17.5625 0.606451
      vertex 13.2111 17.6131 0.606451
      vertex 13.2424 17.6887 0.728846
    endloop
  endfacet
  facet normal 0.331068 0.698775 -0.63412
    outer loop
      vertex 13.3179 17.5625 0.606451
      vertex 13.1753 17.5268 0.492661
      vertex 13.2111 17.6131 0.606451
    endloop
  endfacet
  facet normal 0.421624 0.568219 -0.706654
    outer loop
      vertex 13.389 17.2787 0.388573
      vertex 13.3675 17.4241 0.492661
      vertex 13.4551 17.3591 0.492661
    endloop
  endfacet
  facet normal 0.460878 0.621121 -0.633877
    outer loop
      vertex 13.4551 17.3591 0.492661
      vertex 13.3675 17.4241 0.492661
      vertex 13.5143 17.4313 0.606451
    endloop
  endfacet
  facet normal 0.159104 0.444289 -0.881642
    outer loop
      vertex 12.9954 17.0925 0.144015
      vertex 12.9362 17.1137 0.144015
      vertex 12.9739 17.2379 0.213407
    endloop
  endfacet
  facet normal 0.129177 0.360721 -0.923685
    outer loop
      vertex 12.9954 17.0925 0.144015
      vertex 12.8967 16.9836 0.0876837
      vertex 12.9362 17.1137 0.144015
    endloop
  endfacet
  facet normal 0.13498 0.539187 -0.831299
    outer loop
      vertex 12.9739 17.2379 0.213407
      vertex 12.9004 17.2563 0.213407
      vertex 13.0094 17.3551 0.295188
    endloop
  endfacet
  facet normal 0.114607 0.457807 -0.881634
    outer loop
      vertex 12.9739 17.2379 0.213407
      vertex 12.8751 17.129 0.144015
      vertex 12.9004 17.2563 0.213407
    endloop
  endfacet
  facet normal -0.0815911 0.549821 -0.831288
    outer loop
      vertex -12.9004 17.2563 0.213407
      vertex -12.9243 17.3764 0.295188
      vertex -12.8256 17.2674 0.213407
    endloop
  endfacet
  facet normal -0.08121 0.550071 -0.83116
    outer loop
      vertex -12.8256 17.2674 0.213407
      vertex -12.9243 17.3764 0.295188
      vertex -12.8376 17.3892 0.295188
    endloop
  endfacet
  facet normal 0.583992 0.788046 -0.194776
    outer loop
      vertex 13.6731 17.6248 1.13553
      vertex 13.5584 17.7098 1.13553
      vertex 13.5743 17.7337 1.2799
    endloop
  endfacet
  facet normal 0.453606 0.756674 -0.470836
    outer loop
      vertex 13.4648 17.5698 0.728846
      vertex 13.3892 17.6959 0.858666
      vertex 13.5033 17.6275 0.858666
    endloop
  endfacet
  facet normal -0.0408442 0.830718 -0.555192
    outer loop
      vertex -12.75 17.7048 0.606451
      vertex -12.8761 17.7804 0.728846
      vertex -12.75 17.7866 0.728846
    endloop
  endfacet
  facet normal -0.113218 0.765037 -0.633956
    outer loop
      vertex -12.9668 17.5901 0.492661
      vertex -12.985 17.6817 0.606451
      vertex -12.8681 17.699 0.606451
    endloop
  endfacet
  facet normal 0.297011 0.830702 -0.470871
    outer loop
      vertex 13.2689 17.7528 0.858666
      vertex 13.1235 17.7312 0.728846
      vertex 13.1436 17.7976 0.858666
    endloop
  endfacet
  facet normal 0.296949 0.830758 -0.470811
    outer loop
      vertex 13.2424 17.6887 0.728846
      vertex 13.1235 17.7312 0.728846
      vertex 13.2689 17.7528 0.858666
    endloop
  endfacet
  facet normal 0.0379414 0.772564 -0.633802
    outer loop
      vertex 12.8589 17.6061 0.492661
      vertex 12.75 17.7048 0.606451
      vertex 12.8681 17.699 0.606451
    endloop
  endfacet
  facet normal 0.0408442 0.830718 -0.555192
    outer loop
      vertex 12.8761 17.7804 0.728846
      vertex 12.75 17.7048 0.606451
      vertex 12.75 17.7866 0.728846
    endloop
  endfacet
  facet normal 0.140034 0.94674 -0.289956
    outer loop
      vertex 13.0255 17.8852 0.994665
      vertex 12.8926 17.948 1.13553
      vertex 13.0339 17.9271 1.13553
    endloop
  endfacet
  facet normal 0.232586 0.928334 -0.29
    outer loop
      vertex 13.1724 17.8924 1.13553
      vertex 13.0255 17.8852 0.994665
      vertex 13.0339 17.9271 1.13553
    endloop
  endfacet
  facet normal -0.355698 -0.751577 -0.555528
    outer loop
      vertex -13.2424 -17.6887 0.728846
      vertex -13.3565 -17.6347 0.728846
      vertex -13.3179 -17.5625 0.606451
    endloop
  endfacet
  facet normal -0.427415 -0.713236 -0.555528
    outer loop
      vertex -13.3565 -17.6347 0.728846
      vertex -13.4648 -17.5698 0.728846
      vertex -13.3179 -17.5625 0.606451
    endloop
  endfacet
  facet normal -0.271425 -0.57365 -0.772822
    outer loop
      vertex -13.1355 -17.4307 0.388573
      vertex -13.2249 -17.3884 0.388573
      vertex -13.1712 -17.288 0.295188
    endloop
  endfacet
  facet normal -0.302645 -0.639633 -0.706594
    outer loop
      vertex -13.1355 -17.4307 0.388573
      vertex -13.2739 -17.4802 0.492661
      vertex -13.2249 -17.3884 0.388573
    endloop
  endfacet
  facet normal -0.186756 -0.523506 -0.831302
    outer loop
      vertex -13.0094 -17.3551 0.295188
      vertex -13.0451 -17.2125 0.213407
      vertex -12.9739 -17.2379 0.213407
    endloop
  endfacet
  facet normal -0.158485 -0.444258 -0.881769
    outer loop
      vertex -12.9739 -17.2379 0.213407
      vertex -13.0451 -17.2125 0.213407
      vertex -12.9954 -17.0925 0.144015
    endloop
  endfacet
  facet normal -0.114607 -0.457807 -0.881634
    outer loop
      vertex -12.9004 -17.2563 0.213407
      vertex -12.9739 -17.2379 0.213407
      vertex -12.8751 -17.129 0.144015
    endloop
  endfacet
  facet normal -0.08121 -0.550071 -0.83116
    outer loop
      vertex -12.8376 -17.3892 0.295188
      vertex -12.9243 -17.3764 0.295188
      vertex -12.8256 -17.2674 0.213407
    endloop
  endfacet
  facet normal -0.511808 0.853468 -0.0982066
    outer loop
      vertex -13.5743 17.7337 1.2799
      vertex -13.5824 17.7457 1.4264
      vertex -13.4494 17.8086 1.2799
    endloop
  endfacet
  facet normal -0.511435 0.853744 -0.0977496
    outer loop
      vertex -13.4494 17.8086 1.2799
      vertex -13.5824 17.7457 1.4264
      vertex -13.4562 17.8213 1.4264
    endloop
  endfacet
  facet normal -0.550529 0.742137 -0.382296
    outer loop
      vertex -13.6102 17.5482 0.858666
      vertex -13.646 17.5917 0.994665
      vertex -13.5033 17.6275 0.858666
    endloop
  endfacet
  facet normal -0.642338 0.709335 -0.290252
    outer loop
      vertex -13.646 17.5917 0.994665
      vertex -13.7487 17.4987 0.994665
      vertex -13.6731 17.6248 1.13553
    endloop
  endfacet
  facet normal -0.666432 0.238369 -0.706433
    outer loop
      vertex -13.714 16.7924 0.388573
      vertex -13.7768 16.9253 0.492661
      vertex -13.6807 16.8855 0.388573
    endloop
  endfacet
  facet normal -0.72826 0.260954 -0.633672
    outer loop
      vertex -13.8136 16.8226 0.492661
      vertex -13.9029 16.8497 0.606451
      vertex -13.7768 16.9253 0.492661
    endloop
  endfacet
  facet normal -0.772961 0 -0.634454
    outer loop
      vertex -13.8614 -16.5 0.492661
      vertex -13.9548 16.5 0.606451
      vertex -13.8614 16.5 0.492661
    endloop
  endfacet
  facet normal -0.772961 -0 -0.634454
    outer loop
      vertex -13.9548 16.5 0.606451
      vertex -13.8614 -16.5 0.492661
      vertex -13.9548 -16.5 0.606451
    endloop
  endfacet
  facet normal -0.606771 0.363919 -0.706677
    outer loop
      vertex -13.6384 16.9749 0.388573
      vertex -13.6741 17.1175 0.492661
      vertex -13.5876 17.0596 0.388573
    endloop
  endfacet
  facet normal -0.524381 0.475019 -0.70667
    outer loop
      vertex -13.5287 17.139 0.388573
      vertex -13.5359 17.2859 0.492661
      vertex -13.4623 17.2123 0.388573
    endloop
  endfacet
  facet normal -0.708145 0.525871 -0.471158
    outer loop
      vertex -13.7445 17.3162 0.728846
      vertex -13.8198 17.2148 0.728846
      vertex -13.7982 17.3602 0.858666
    endloop
  endfacet
  facet normal -0.708562 0.525622 -0.470809
    outer loop
      vertex -13.8198 17.2148 0.728846
      vertex -13.8775 17.2533 0.858666
      vertex -13.7982 17.3602 0.858666
    endloop
  endfacet
  facet normal -0.627821 0.0930818 -0.772772
    outer loop
      vertex -13.6392 16.5876 0.295188
      vertex -13.7525 16.5987 0.388573
      vertex -13.738 16.6965 0.388573
    endloop
  endfacet
  facet normal -0.699847 0.103761 -0.706716
    outer loop
      vertex -13.7525 16.5987 0.388573
      vertex -13.8401 16.7168 0.492661
      vertex -13.738 16.6965 0.388573
    endloop
  endfacet
  facet normal -0.597268 0.214293 -0.772884
    outer loop
      vertex -13.6051 16.7594 0.295188
      vertex -13.6807 16.8855 0.388573
      vertex -13.5755 16.8419 0.295188
    endloop
  endfacet
  facet normal -0.573648 0.271271 -0.772878
    outer loop
      vertex -13.5755 16.8419 0.295188
      vertex -13.6807 16.8855 0.388573
      vertex -13.538 16.9212 0.295188
    endloop
  endfacet
  facet normal -0.663534 0.397695 -0.633689
    outer loop
      vertex -13.7302 17.0239 0.492661
      vertex -13.8125 17.0679 0.606451
      vertex -13.6741 17.1175 0.492661
    endloop
  endfacet
  facet normal -0.663605 0.396855 -0.634141
    outer loop
      vertex -13.6741 17.1175 0.492661
      vertex -13.8125 17.0679 0.606451
      vertex -13.7518 17.1694 0.606451
    endloop
  endfacet
  facet normal -0.238369 0.666432 -0.706433
    outer loop
      vertex -13.1355 17.4307 0.388573
      vertex -13.1753 17.5268 0.492661
      vertex -13.0424 17.464 0.388573
    endloop
  endfacet
  facet normal -0.316712 0.349755 -0.881683
    outer loop
      vertex -13.2035 16.9535 0.144015
      vertex -13.2953 17.0453 0.213407
      vertex -13.2392 17.0961 0.213407
    endloop
  endfacet
  facet normal -0.523604 0.187863 -0.830991
    outer loop
      vertex -13.4625 16.7951 0.213407
      vertex -13.6051 16.7594 0.295188
      vertex -13.5755 16.8419 0.295188
    endloop
  endfacet
  facet normal -0.502907 0.237818 -0.83098
    outer loop
      vertex -13.4625 16.7951 0.213407
      vertex -13.5755 16.8419 0.295188
      vertex -13.538 16.9212 0.295188
    endloop
  endfacet
  facet normal -0.378287 0.509928 -0.772575
    outer loop
      vertex -13.2464 17.243 0.295188
      vertex -13.3169 17.1907 0.295188
      vertex -13.3096 17.3376 0.388573
    endloop
  endfacet
  facet normal -0.302431 0.639907 -0.706438
    outer loop
      vertex -13.1355 17.4307 0.388573
      vertex -13.2739 17.4802 0.492661
      vertex -13.1753 17.5268 0.492661
    endloop
  endfacet
  facet normal -0.558099 0.616742 -0.555116
    outer loop
      vertex -13.5143 17.4313 0.606451
      vertex -13.6598 17.4098 0.728846
      vertex -13.5662 17.4945 0.728846
    endloop
  endfacet
  facet normal -0.397695 0.663534 -0.633689
    outer loop
      vertex -13.2739 17.4802 0.492661
      vertex -13.3675 17.4241 0.492661
      vertex -13.3179 17.5625 0.606451
    endloop
  endfacet
  facet normal -0.379646 0.280608 -0.881549
    outer loop
      vertex -13.2832 16.8563 0.144015
      vertex -13.3461 16.9892 0.213407
      vertex -13.2458 16.9069 0.144015
    endloop
  endfacet
  facet normal -0.378896 0.281056 -0.881729
    outer loop
      vertex -13.2832 16.8563 0.144015
      vertex -13.3912 16.9284 0.213407
      vertex -13.3461 16.9892 0.213407
    endloop
  endfacet
  facet normal -0.404591 0.242754 -0.88169
    outer loop
      vertex -13.3156 16.8023 0.144015
      vertex -13.4301 16.8635 0.213407
      vertex -13.2832 16.8563 0.144015
    endloop
  endfacet
  facet normal -0.273629 0.0978501 -0.956845
    outer loop
      vertex -13.0988 16.6058 0.0449524
      vertex -13.2336 16.6467 0.0876837
      vertex -13.2169 16.6934 0.0876837
    endloop
  endfacet
  facet normal -0.114634 0.457787 -0.881641
    outer loop
      vertex -12.9362 17.1137 0.144015
      vertex -12.9739 17.2379 0.213407
      vertex -12.8751 17.129 0.144015
    endloop
  endfacet
  facet normal -0.765112 -0.113455 -0.633823
    outer loop
      vertex -13.8401 -16.7168 0.492661
      vertex -13.949 -16.6181 0.606451
      vertex -13.8561 -16.6089 0.492661
    endloop
  endfacet
  facet normal -0.765037 -0.113218 -0.633956
    outer loop
      vertex -13.9317 -16.735 0.606451
      vertex -13.949 -16.6181 0.606451
      vertex -13.8401 -16.7168 0.492661
    endloop
  endfacet
  facet normal -0.238682 0.666105 -0.706636
    outer loop
      vertex -13.0424 17.464 0.388573
      vertex -13.1753 17.5268 0.492661
      vertex -13.0726 17.5636 0.492661
    endloop
  endfacet
  facet normal -0.171915 0.686363 -0.706648
    outer loop
      vertex -13.0424 17.464 0.388573
      vertex -13.0726 17.5636 0.492661
      vertex -12.9668 17.5901 0.492661
    endloop
  endfacet
  facet normal -0.214293 0.597268 -0.772884
    outer loop
      vertex -13.0919 17.3255 0.295188
      vertex -13.1355 17.4307 0.388573
      vertex -13.0094 17.3551 0.295188
    endloop
  endfacet
  facet normal -0.331221 0.446524 -0.831209
    outer loop
      vertex -13.2392 17.0961 0.213407
      vertex -13.3169 17.1907 0.295188
      vertex -13.1784 17.1412 0.213407
    endloop
  endfacet
  facet normal -0.699847 -0.103761 -0.706716
    outer loop
      vertex -13.738 -16.6965 0.388573
      vertex -13.8401 -16.7168 0.492661
      vertex -13.7525 -16.5987 0.388573
    endloop
  endfacet
  facet normal -0.627821 -0.0930818 -0.772772
    outer loop
      vertex -13.738 -16.6965 0.388573
      vertex -13.7525 -16.5987 0.388573
      vertex -13.6392 -16.5876 0.295188
    endloop
  endfacet
  facet normal -0.72826 -0.260954 -0.633672
    outer loop
      vertex -13.7768 -16.9253 0.492661
      vertex -13.9029 -16.8497 0.606451
      vertex -13.8136 -16.8226 0.492661
    endloop
  endfacet
  facet normal -0.750417 -0.187959 -0.633676
    outer loop
      vertex -13.8136 -16.8226 0.492661
      vertex -13.9029 -16.8497 0.606451
      vertex -13.8401 -16.7168 0.492661
    endloop
  endfacet
  facet normal -0.0788604 -0.0584655 -0.99517
    outer loop
      vertex -12.8069 -16.5467 0.00180626
      vertex -12.9201 -16.6396 0.0162344
      vertex -12.8112 -16.5409 0.00180626
    endloop
  endfacet
  facet normal -0.19324 -0.0281241 -0.980748
    outer loop
      vertex -12.9659 -16.5429 0.0162344
      vertex -13.1127 -16.5357 0.0449524
      vertex -12.969 -16.5216 0.0162344
    endloop
  endfacet
  facet normal 0.100516 -0.167527 -0.98073
    outer loop
      vertex 12.9525 -16.803 0.0449524
      vertex 12.8538 -16.6941 0.0162344
      vertex 12.8723 -16.683 0.0162344
    endloop
  endfacet
  facet normal -0.156557 -0.116739 -0.980746
    outer loop
      vertex -12.9201 -16.6396 0.0162344
      vertex -13.0317 -16.7312 0.0449524
      vertex -12.933 -16.6223 0.0162344
    endloop
  endfacet
  facet normal -0.156887 -0.116435 -0.980729
    outer loop
      vertex -13.0317 -16.7312 0.0449524
      vertex -13.053 -16.7025 0.0449524
      vertex -12.933 -16.6223 0.0162344
    endloop
  endfacet
  facet normal -0.0665806 -0.0720157 -0.995179
    outer loop
      vertex -12.7967 -16.5569 0.00180626
      vertex -12.9056 -16.6556 0.0162344
      vertex -12.802 -16.552 0.00180626
    endloop
  endfacet
  facet normal -0.0925163 -0.0326528 -0.995176
    outer loop
      vertex -12.818 -16.5282 0.00180626
      vertex -12.9606 -16.5639 0.0162344
      vertex -12.8204 -16.5214 0.00180626
    endloop
  endfacet
  facet normal -0.0703656 0.282049 -0.956816
    outer loop
      vertex -12.8211 16.8575 0.0449524
      vertex -12.8967 16.9836 0.0876837
      vertex -12.8486 16.9956 0.0876837
    endloop
  endfacet
  facet normal -0.163918 0.346394 -0.923657
    outer loop
      vertex -12.9882 16.9457 0.0876837
      vertex -12.9954 17.0925 0.144015
      vertex -12.9434 16.9669 0.0876837
    endloop
  endfacet
  facet normal -0.0930727 0.371682 -0.923683
    outer loop
      vertex -12.8967 16.9836 0.0876837
      vertex -12.9362 17.1137 0.144015
      vertex -12.8751 17.129 0.144015
    endloop
  endfacet
  facet normal -0.023226 0.471262 -0.881687
    outer loop
      vertex -12.8129 17.1382 0.144015
      vertex -12.8256 17.2674 0.213407
      vertex -12.75 17.1413 0.144015
    endloop
  endfacet
  facet normal -0.0185507 0.382607 -0.923725
    outer loop
      vertex -12.75 17.0053 0.0876837
      vertex -12.7995 17.0029 0.0876837
      vertex -12.75 17.1413 0.144015
    endloop
  endfacet
  facet normal 0 0.0980114 -0.995185
    outer loop
      vertex -12.75 16.5736 0.00180626
      vertex 12.75 16.7201 0.0162344
      vertex 12.75 16.5736 0.00180626
    endloop
  endfacet
  facet normal 0 0.0980114 -0.995185
    outer loop
      vertex 12.75 16.7201 0.0162344
      vertex -12.75 16.5736 0.00180626
      vertex -12.75 16.7201 0.0162344
    endloop
  endfacet
  facet normal -0.09801 -0.005445 -0.995171
    outer loop
      vertex -12.8232 -16.5072 0.00180626
      vertex -12.9701 -16.5 0.0162344
      vertex -12.8236 -16.5 0.00180626
    endloop
  endfacet
  facet normal -0.195049 0.00983438 -0.980744
    outer loop
      vertex -12.9701 16.5 0.0162344
      vertex -13.1145 16.5 0.0449524
      vertex -13.1127 16.5357 0.0449524
    endloop
  endfacet
  facet normal -0.287481 0.0422289 -0.956855
    outer loop
      vertex -13.1127 16.5357 0.0449524
      vertex -13.2529 16.5495 0.0876837
      vertex -13.1075 16.5711 0.0449524
    endloop
  endfacet
  facet normal -0.281875 -0.0706718 -0.956845
    outer loop
      vertex -13.0988 -16.6058 0.0449524
      vertex -13.2336 -16.6467 0.0876837
      vertex -13.1075 -16.5711 0.0449524
    endloop
  endfacet
  facet normal -0.189446 -0.0474979 -0.980742
    outer loop
      vertex -13.0988 -16.6058 0.0449524
      vertex -13.1075 -16.5711 0.0449524
      vertex -12.9659 -16.5429 0.0162344
    endloop
  endfacet
  facet normal -0.0422289 -0.287481 -0.956855
    outer loop
      vertex -12.7995 -17.0029 0.0876837
      vertex -12.8211 -16.8575 0.0449524
      vertex -12.7857 -16.8627 0.0449524
    endloop
  endfacet
  facet normal -0.0283871 -0.193251 -0.980739
    outer loop
      vertex -12.7857 -16.8627 0.0449524
      vertex -12.8211 -16.8575 0.0449524
      vertex -12.7929 -16.7159 0.0162344
    endloop
  endfacet
  facet normal -0.149464 -0.249107 -0.956873
    outer loop
      vertex -12.9882 -16.9457 0.0876837
      vertex -13.0307 -16.9202 0.0876837
      vertex -12.9218 -16.8214 0.0449524
    endloop
  endfacet
  facet normal -0.100445 -0.16759 -0.980726
    outer loop
      vertex -12.9218 -16.8214 0.0449524
      vertex -12.9525 -16.803 0.0449524
      vertex -12.8538 -16.6941 0.0162344
    endloop
  endfacet
  facet normal -0.0281241 -0.19324 -0.980748
    outer loop
      vertex -12.7857 -16.8627 0.0449524
      vertex -12.7929 -16.7159 0.0162344
      vertex -12.7716 -16.719 0.0162344
    endloop
  endfacet
  facet normal -0.144757 -0.1311 -0.980744
    outer loop
      vertex -13.0077 -16.7577 0.0449524
      vertex -13.0317 -16.7312 0.0449524
      vertex -12.9056 -16.6556 0.0162344
    endloop
  endfacet
  facet normal -0.144723 -0.131155 -0.980741
    outer loop
      vertex -12.9056 -16.6556 0.0162344
      vertex -13.0317 -16.7312 0.0449524
      vertex -12.9201 -16.6396 0.0162344
    endloop
  endfacet
  facet normal -0.290198 0.0146318 -0.956855
    outer loop
      vertex -13.1145 16.5 0.0449524
      vertex -13.2529 16.5495 0.0876837
      vertex -13.1127 16.5357 0.0449524
    endloop
  endfacet
  facet normal -0.290381 0.0140791 -0.956808
    outer loop
      vertex -13.1145 16.5 0.0449524
      vertex -13.2553 16.5 0.0876837
      vertex -13.2529 16.5495 0.0876837
    endloop
  endfacet
  facet normal 0.0815911 -0.549821 -0.831288
    outer loop
      vertex 12.9243 -17.3764 0.295188
      vertex 12.8256 -17.2674 0.213407
      vertex 12.9004 -17.2563 0.213407
    endloop
  endfacet
  facet normal 0.08121 -0.550071 -0.83116
    outer loop
      vertex 12.8376 -17.3892 0.295188
      vertex 12.8256 -17.2674 0.213407
      vertex 12.9243 -17.3764 0.295188
    endloop
  endfacet
  facet normal -0.708562 -0.525622 -0.470809
    outer loop
      vertex -13.7982 -17.3602 0.858666
      vertex -13.8775 -17.2533 0.858666
      vertex -13.8198 -17.2148 0.728846
    endloop
  endfacet
  facet normal -0.708145 -0.525871 -0.471158
    outer loop
      vertex -13.7982 -17.3602 0.858666
      vertex -13.8198 -17.2148 0.728846
      vertex -13.7445 -17.3162 0.728846
    endloop
  endfacet
  facet normal -0.404591 -0.242754 -0.88169
    outer loop
      vertex -13.2832 -16.8563 0.144015
      vertex -13.4301 -16.8635 0.213407
      vertex -13.3156 -16.8023 0.144015
    endloop
  endfacet
  facet normal -0.426558 -0.201659 -0.881693
    outer loop
      vertex -13.3156 -16.8023 0.144015
      vertex -13.4301 -16.8635 0.213407
      vertex -13.3425 -16.7454 0.144015
    endloop
  endfacet
  facet normal -0.317294 -0.349548 -0.881556
    outer loop
      vertex -13.1569 -16.9958 0.144015
      vertex -13.2392 -17.0961 0.213407
      vertex -13.2035 -16.9535 0.144015
    endloop
  endfacet
  facet normal -0.280608 -0.379646 -0.881549
    outer loop
      vertex -13.1063 -17.0332 0.144015
      vertex -13.2392 -17.0961 0.213407
      vertex -13.1569 -16.9958 0.144015
    endloop
  endfacet
  facet normal -0.0829611 -0.176743 -0.980754
    outer loop
      vertex -12.8342 -16.7033 0.0162344
      vertex -12.8895 -16.8367 0.0449524
      vertex -12.8538 -16.6941 0.0162344
    endloop
  endfacet
  facet normal -0.0477795 -0.189315 -0.980753
    outer loop
      vertex -12.7929 -16.7159 0.0162344
      vertex -12.8558 -16.8488 0.0449524
      vertex -12.8139 -16.7106 0.0162344
    endloop
  endfacet
  facet normal 0.19714 -0.328567 -0.923677
    outer loop
      vertex 13.0523 -17.0656 0.144015
      vertex 12.9882 -16.9457 0.0876837
      vertex 13.1063 -17.0332 0.144015
    endloop
  endfacet
  facet normal 0.242754 -0.404591 -0.88169
    outer loop
      vertex 13.1135 -17.1801 0.213407
      vertex 13.0523 -17.0656 0.144015
      vertex 13.1063 -17.0332 0.144015
    endloop
  endfacet
  facet normal 0.05633 -0.378877 -0.923731
    outer loop
      vertex 12.8751 -17.129 0.144015
      vertex 12.7995 -17.0029 0.0876837
      vertex 12.8486 -16.9956 0.0876837
    endloop
  endfacet
  facet normal 0.092719 -0.371649 -0.923732
    outer loop
      vertex 12.8751 -17.129 0.144015
      vertex 12.8486 -16.9956 0.0876837
      vertex 12.8967 -16.9836 0.0876837
    endloop
  endfacet
  facet normal 0.0660827 -0.183764 -0.980747
    outer loop
      vertex 12.8558 -16.8488 0.0449524
      vertex 12.8139 -16.7106 0.0162344
      vertex 12.8342 -16.7033 0.0162344
    endloop
  endfacet
  facet normal 0.0422289 -0.287481 -0.956855
    outer loop
      vertex 12.7995 -17.0029 0.0876837
      vertex 12.7857 -16.8627 0.0449524
      vertex 12.8211 -16.8575 0.0449524
    endloop
  endfacet
  facet normal 0.050487 -0.084145 -0.995174
    outer loop
      vertex 12.8538 -16.6941 0.0162344
      vertex 12.7909 -16.5612 0.00180626
      vertex 12.8723 -16.683 0.0162344
    endloop
  endfacet
  facet normal -0.0240105 -0.095136 -0.995175
    outer loop
      vertex -12.7929 -16.7159 0.0162344
      vertex -12.8139 -16.7106 0.0162344
      vertex -12.7714 -16.5704 0.00180626
    endloop
  endfacet
  facet normal -0.050487 -0.084145 -0.995174
    outer loop
      vertex -12.8538 -16.6941 0.0162344
      vertex -12.8723 -16.683 0.0162344
      vertex -12.7909 -16.5612 0.00180626
    endloop
  endfacet
  facet normal 0.0727413 -0.0659218 -0.99517
    outer loop
      vertex 12.9056 -16.6556 0.0162344
      vertex 12.8069 -16.5467 0.00180626
      vertex 12.9201 -16.6396 0.0162344
    endloop
  endfacet
  facet normal 0.095136 -0.0240105 -0.995175
    outer loop
      vertex 12.9606 -16.5639 0.0162344
      vertex 12.8204 -16.5214 0.00180626
      vertex 12.9659 -16.5429 0.0162344
    endloop
  endfacet
  facet normal -0.0240105 0.095136 -0.995175
    outer loop
      vertex -12.7714 16.5704 0.00180626
      vertex -12.8139 16.7106 0.0162344
      vertex -12.7929 16.7159 0.0162344
    endloop
  endfacet
  facet normal 0.0888597 -0.0417097 -0.99517
    outer loop
      vertex 12.9441 -16.6038 0.0162344
      vertex 12.818 -16.5282 0.00180626
      vertex 12.9533 -16.5842 0.0162344
    endloop
  endfacet
  facet normal 0.176743 -0.0829611 -0.980754
    outer loop
      vertex 13.0867 -16.6395 0.0449524
      vertex 12.9441 -16.6038 0.0162344
      vertex 12.9533 -16.5842 0.0162344
    endloop
  endfacet
  facet normal 0.227607 -0.307939 -0.923779
    outer loop
      vertex 13.1063 -17.0332 0.144015
      vertex 13.0706 -16.8906 0.0876837
      vertex 13.1569 -16.9958 0.144015
    endloop
  endfacet
  facet normal 0.22829 -0.307729 -0.923681
    outer loop
      vertex 13.1063 -17.0332 0.144015
      vertex 13.0307 -16.9202 0.0876837
      vertex 13.0706 -16.8906 0.0876837
    endloop
  endfacet
  facet normal 0.285476 -0.477063 -0.831213
    outer loop
      vertex 13.2464 -17.243 0.295188
      vertex 13.1712 -17.288 0.295188
      vertex 13.1784 -17.1412 0.213407
    endloop
  endfacet
  facet normal 0.285915 -0.477015 -0.831089
    outer loop
      vertex 13.1712 -17.288 0.295188
      vertex 13.1135 -17.1801 0.213407
      vertex 13.1784 -17.1412 0.213407
    endloop
  endfacet
  facet normal 0.158485 -0.444258 -0.881769
    outer loop
      vertex 13.0451 -17.2125 0.213407
      vertex 12.9739 -17.2379 0.213407
      vertex 12.9954 -17.0925 0.144015
    endloop
  endfacet
  facet normal 0.186756 -0.523506 -0.831302
    outer loop
      vertex 13.0094 -17.3551 0.295188
      vertex 12.9739 -17.2379 0.213407
      vertex 13.0451 -17.2125 0.213407
    endloop
  endfacet
  facet normal 0.3827 -0.0188612 -0.92368
    outer loop
      vertex 13.3882 -16.5629 0.144015
      vertex 13.2529 -16.5495 0.0876837
      vertex 13.3913 -16.5 0.144015
    endloop
  endfacet
  facet normal 0.471262 -0.023226 -0.881687
    outer loop
      vertex 13.5174 -16.5756 0.213407
      vertex 13.3882 -16.5629 0.144015
      vertex 13.3913 -16.5 0.144015
    endloop
  endfacet
  facet normal 0.335544 0.936926 -0.0978762
    outer loop
      vertex 13.3178 17.8708 1.2799
      vertex 13.1807 17.9199 1.2799
      vertex 13.1849 17.9337 1.4264
    endloop
  endfacet
  facet normal 0.409483 0.865209 -0.289373
    outer loop
      vertex 13.4158 17.7456 0.994665
      vertex 13.3068 17.8443 1.13553
      vertex 13.4359 17.7832 1.13553
    endloop
  endfacet
  facet normal 0.0492213 0.993998 -0.0977035
    outer loop
      vertex 12.8954 17.9766 1.2799
      vertex 12.75 17.9838 1.2799
      vertex 12.75 17.9982 1.4264
    endloop
  endfacet
  facet normal 0.0487508 0.993975 -0.0981672
    outer loop
      vertex 12.8954 17.9766 1.2799
      vertex 12.75 17.9982 1.4264
      vertex 12.8968 17.991 1.4264
    endloop
  endfacet
  facet normal 0.831412 0 -0.555656
    outer loop
      vertex 14.0366 -16.5 0.728846
      vertex 13.9548 16.5 0.606451
      vertex 14.0366 16.5 0.728846
    endloop
  endfacet
  facet normal 0.831412 0 -0.555656
    outer loop
      vertex 13.9548 16.5 0.606451
      vertex 14.0366 -16.5 0.728846
      vertex 13.9548 -16.5 0.606451
    endloop
  endfacet
  facet normal 0.872514 0.129235 -0.471187
    outer loop
      vertex 14.0304 16.6261 0.728846
      vertex 14.0119 16.751 0.728846
      vertex 14.0995 16.6329 0.858666
    endloop
  endfacet
  facet normal 0.8727 0.129977 -0.470639
    outer loop
      vertex 14.0995 16.6329 0.858666
      vertex 14.0119 16.751 0.728846
      vertex 14.0799 16.7645 0.858666
    endloop
  endfacet
  facet normal 0.951373 0.238517 -0.194933
    outer loop
      vertex 14.2053 16.7895 1.2799
      vertex 14.1424 16.9224 1.13553
      vertex 14.1699 16.9307 1.2799
    endloop
  endfacet
  facet normal 0.830702 0.297011 -0.470871
    outer loop
      vertex 14.0476 16.8936 0.858666
      vertex 13.9812 16.8735 0.728846
      vertex 14.0028 17.0189 0.858666
    endloop
  endfacet
  facet normal 0.995204 0 -0.0978221
    outer loop
      vertex 14.2482 -16.5 1.4264
      vertex 14.2338 16.5 1.2799
      vertex 14.2482 16.5 1.4264
    endloop
  endfacet
  facet normal 0.995204 0 -0.0978221
    outer loop
      vertex 14.2338 16.5 1.2799
      vertex 14.2482 -16.5 1.4264
      vertex 14.2338 -16.5 1.2799
    endloop
  endfacet
  facet normal 0.913837 0.136103 -0.382593
    outer loop
      vertex 14.0995 16.6329 0.858666
      vertex 14.0799 16.7645 0.858666
      vertex 14.1352 16.7755 0.994665
    endloop
  endfacet
  facet normal 0.956999 0 -0.290092
    outer loop
      vertex 14.205 -16.5 1.13553
      vertex 14.1623 16.5 0.994665
      vertex 14.205 16.5 1.13553
    endloop
  endfacet
  facet normal 0.956999 0 -0.290092
    outer loop
      vertex 14.1623 16.5 0.994665
      vertex 14.205 -16.5 1.13553
      vertex 14.1623 -16.5 0.994665
    endloop
  endfacet
  facet normal 0.524381 0.475019 -0.70667
    outer loop
      vertex 13.5287 17.139 0.388573
      vertex 13.4623 17.2123 0.388573
      vertex 13.5359 17.2859 0.492661
    endloop
  endfacet
  facet normal 0.524351 0.475031 -0.706684
    outer loop
      vertex 13.6091 17.2051 0.492661
      vertex 13.5287 17.139 0.388573
      vertex 13.5359 17.2859 0.492661
    endloop
  endfacet
  facet normal 0.568237 0.421526 -0.706699
    outer loop
      vertex 13.5876 17.0596 0.388573
      vertex 13.5287 17.139 0.388573
      vertex 13.6741 17.1175 0.492661
    endloop
  endfacet
  facet normal 0.568219 0.421624 -0.706654
    outer loop
      vertex 13.6741 17.1175 0.492661
      vertex 13.5287 17.139 0.388573
      vertex 13.6091 17.2051 0.492661
    endloop
  endfacet
  facet normal 0.639633 0.302645 -0.706594
    outer loop
      vertex 13.6807 16.8855 0.388573
      vertex 13.6384 16.9749 0.388573
      vertex 13.7302 17.0239 0.492661
    endloop
  endfacet
  facet normal 0.57365 0.271425 -0.772822
    outer loop
      vertex 13.6807 16.8855 0.388573
      vertex 13.538 16.9212 0.295188
      vertex 13.6384 16.9749 0.388573
    endloop
  endfacet
  facet normal 0.799113 0.593239 -0.0973968
    outer loop
      vertex 13.9957 17.3324 1.4264
      vertex 13.897 17.4413 1.2799
      vertex 13.9081 17.4504 1.4264
    endloop
  endfacet
  facet normal 0.79956 0.592495 -0.0982521
    outer loop
      vertex 13.9837 17.3243 1.2799
      vertex 13.897 17.4413 1.2799
      vertex 13.9957 17.3324 1.4264
    endloop
  endfacet
  facet normal 0.970062 0.242856 -0.000214127
    outer loop
      vertex 14.2194 16.7923 1.4264
      vertex 14.1837 16.9349 1.4264
      vertex 14.1854 16.9354 9.695
    endloop
  endfacet
  facet normal 0.984443 0.146144 -0.0975416
    outer loop
      vertex 14.241 16.6468 1.4264
      vertex 14.2053 16.7895 1.2799
      vertex 14.2194 16.7923 1.4264
    endloop
  endfacet
  facet normal 0.768896 0.569801 -0.290044
    outer loop
      vertex 13.9243 17.2846 0.994665
      vertex 13.8748 17.4231 1.13553
      vertex 13.9598 17.3084 1.13553
    endloop
  endfacet
  facet normal 0.841367 0.504134 -0.194808
    outer loop
      vertex 14.0332 17.1859 1.13553
      vertex 13.9598 17.3084 1.13553
      vertex 13.9837 17.3243 1.2799
    endloop
  endfacet
  facet normal 0.698775 0.331068 -0.63412
    outer loop
      vertex 13.8631 16.9611 0.606451
      vertex 13.7768 16.9253 0.492661
      vertex 13.8125 17.0679 0.606451
    endloop
  endfacet
  facet normal 0.751573 0.356082 -0.555287
    outer loop
      vertex 13.8631 16.9611 0.606451
      vertex 13.8125 17.0679 0.606451
      vertex 13.9387 16.9924 0.728846
    endloop
  endfacet
  facet normal 0.663605 0.396855 -0.634141
    outer loop
      vertex 13.8125 17.0679 0.606451
      vertex 13.6741 17.1175 0.492661
      vertex 13.7518 17.1694 0.606451
    endloop
  endfacet
  facet normal 0.621121 0.460878 -0.633877
    outer loop
      vertex 13.6741 17.1175 0.492661
      vertex 13.6091 17.2051 0.492661
      vertex 13.6813 17.2643 0.606451
    endloop
  endfacet
  facet normal 0.684776 0.620099 -0.38283
    outer loop
      vertex 13.8417 17.396 0.994665
      vertex 13.7088 17.4588 0.858666
      vertex 13.7487 17.4987 0.994665
    endloop
  endfacet
  facet normal 0.684538 0.620666 -0.382336
    outer loop
      vertex 13.7982 17.3602 0.858666
      vertex 13.7088 17.4588 0.858666
      vertex 13.8417 17.396 0.994665
    endloop
  endfacet
  facet normal 0.461101 0.620688 -0.634139
    outer loop
      vertex 13.5143 17.4313 0.606451
      vertex 13.3675 17.4241 0.492661
      vertex 13.4194 17.5018 0.606451
    endloop
  endfacet
  facet normal 0.495903 0.667789 -0.555101
    outer loop
      vertex 13.5143 17.4313 0.606451
      vertex 13.4648 17.5698 0.728846
      vertex 13.5662 17.4945 0.728846
    endloop
  endfacet
  facet normal 0.224581 0.896324 -0.382319
    outer loop
      vertex 13.1436 17.7976 0.858666
      vertex 13.0255 17.8852 0.994665
      vertex 13.16 17.8515 0.994665
    endloop
  endfacet
  facet normal 0.232599 0.928326 -0.290014
    outer loop
      vertex 13.16 17.8515 0.994665
      vertex 13.0255 17.8852 0.994665
      vertex 13.1724 17.8924 1.13553
    endloop
  endfacet
  facet normal 0.346394 -0.163918 -0.923657
    outer loop
      vertex 13.3425 -16.7454 0.144015
      vertex 13.1957 -16.7382 0.0876837
      vertex 13.2169 -16.6934 0.0876837
    endloop
  endfacet
  facet normal 0.404591 -0.242754 -0.88169
    outer loop
      vertex 13.4301 -16.8635 0.213407
      vertex 13.2832 -16.8563 0.144015
      vertex 13.3156 -16.8023 0.144015
    endloop
  endfacet
  facet normal 0.249107 -0.149464 -0.956873
    outer loop
      vertex 13.1702 -16.7807 0.0876837
      vertex 13.0714 -16.6718 0.0449524
      vertex 13.1957 -16.7382 0.0876837
    endloop
  endfacet
  facet normal 0.262575 -0.124254 -0.956878
    outer loop
      vertex 13.1957 -16.7382 0.0876837
      vertex 13.0714 -16.6718 0.0449524
      vertex 13.2169 -16.6934 0.0876837
    endloop
  endfacet
  facet normal 0.444258 -0.158485 -0.881769
    outer loop
      vertex 13.4625 -16.7951 0.213407
      vertex 13.3425 -16.7454 0.144015
      vertex 13.4879 -16.7239 0.213407
    endloop
  endfacet
  facet normal 0.426272 -0.201918 -0.881772
    outer loop
      vertex 13.4301 -16.8635 0.213407
      vertex 13.3425 -16.7454 0.144015
      vertex 13.4625 -16.7951 0.213407
    endloop
  endfacet
  facet normal 0.360721 -0.129177 -0.923685
    outer loop
      vertex 13.3425 -16.7454 0.144015
      vertex 13.2336 -16.6467 0.0876837
      vertex 13.3637 -16.6862 0.144015
    endloop
  endfacet
  facet normal 0.360837 -0.129036 -0.923659
    outer loop
      vertex 13.3425 -16.7454 0.144015
      vertex 13.2169 -16.6934 0.0876837
      vertex 13.2336 -16.6467 0.0876837
    endloop
  endfacet
  facet normal 0.183764 -0.0660827 -0.980747
    outer loop
      vertex 13.0988 -16.6058 0.0449524
      vertex 12.9533 -16.5842 0.0162344
      vertex 12.9606 -16.5639 0.0162344
    endloop
  endfacet
  facet normal 0.0923742 -0.0332183 -0.99517
    outer loop
      vertex 12.9533 -16.5842 0.0162344
      vertex 12.818 -16.5282 0.00180626
      vertex 12.9606 -16.5639 0.0162344
    endloop
  endfacet
  facet normal 0.0970855 -0.0141298 -0.995176
    outer loop
      vertex 12.9659 -16.5429 0.0162344
      vertex 12.8232 -16.5072 0.00180626
      vertex 12.969 -16.5216 0.0162344
    endloop
  endfacet
  facet normal 0.0979881 -0.00499014 -0.995175
    outer loop
      vertex 12.969 -16.5216 0.0162344
      vertex 12.8232 -16.5072 0.00180626
      vertex 12.9701 -16.5 0.0162344
    endloop
  endfacet
  facet normal 0.1311 0.144757 -0.980744
    outer loop
      vertex 13.0077 16.7577 0.0449524
      vertex 12.9056 16.6556 0.0162344
      vertex 12.9812 16.7817 0.0449524
    endloop
  endfacet
  facet normal 0.144757 0.1311 -0.980744
    outer loop
      vertex 13.0317 16.7312 0.0449524
      vertex 12.9056 16.6556 0.0162344
      vertex 13.0077 16.7577 0.0449524
    endloop
  endfacet
  facet normal 0.100445 0.16759 -0.980726
    outer loop
      vertex 12.9525 16.803 0.0449524
      vertex 12.8538 16.6941 0.0162344
      vertex 12.9218 16.8214 0.0449524
    endloop
  endfacet
  facet normal 0.100516 0.167527 -0.98073
    outer loop
      vertex 12.8723 16.683 0.0162344
      vertex 12.8538 16.6941 0.0162344
      vertex 12.9525 16.803 0.0449524
    endloop
  endfacet
  facet normal 0.149365 0.249212 -0.956861
    outer loop
      vertex 12.9525 16.803 0.0449524
      vertex 12.9218 16.8214 0.0449524
      vertex 13.0307 16.9202 0.0876837
    endloop
  endfacet
  facet normal 0.173167 0.233328 -0.956855
    outer loop
      vertex 12.9812 16.7817 0.0449524
      vertex 12.9525 16.803 0.0449524
      vertex 13.0307 16.9202 0.0876837
    endloop
  endfacet
  facet normal -0.0786779 0.0586673 -0.995172
    outer loop
      vertex -12.8112 16.5409 0.00180626
      vertex -12.933 16.6223 0.0162344
      vertex -12.9201 16.6396 0.0162344
    endloop
  endfacet
  facet normal -0.224581 0.896324 -0.382319
    outer loop
      vertex -13.1436 17.7976 0.858666
      vertex -13.16 17.8515 0.994665
      vertex -13.0255 17.8852 0.994665
    endloop
  endfacet
  facet normal -0.21412 0.855817 -0.470883
    outer loop
      vertex -13.1235 17.7312 0.728846
      vertex -13.1436 17.7976 0.858666
      vertex -13.0145 17.8299 0.858666
    endloop
  endfacet
  facet normal -0.550407 0.742317 -0.382122
    outer loop
      vertex -13.5033 17.6275 0.858666
      vertex -13.646 17.5917 0.994665
      vertex -13.5346 17.6743 0.994665
    endloop
  endfacet
  facet normal -0.525622 0.708562 -0.470809
    outer loop
      vertex -13.4648 17.5698 0.728846
      vertex -13.6102 17.5482 0.858666
      vertex -13.5033 17.6275 0.858666
    endloop
  endfacet
  facet normal -0.504406 0.841125 -0.195152
    outer loop
      vertex -13.4359 17.7832 1.13553
      vertex -13.5743 17.7337 1.2799
      vertex -13.4494 17.8086 1.2799
    endloop
  endfacet
  facet normal -0.491894 0.82094 -0.289997
    outer loop
      vertex -13.5346 17.6743 0.994665
      vertex -13.5584 17.7098 1.13553
      vertex -13.4359 17.7832 1.13553
    endloop
  endfacet
  facet normal -0.37737 0.797369 -0.470952
    outer loop
      vertex -13.3565 17.6347 0.728846
      vertex -13.3892 17.6959 0.858666
      vertex -13.2424 17.6887 0.728846
    endloop
  endfacet
  facet normal -0.377221 0.797533 -0.470792
    outer loop
      vertex -13.2424 17.6887 0.728846
      vertex -13.3892 17.6959 0.858666
      vertex -13.2689 17.7528 0.858666
    endloop
  endfacet
  facet normal 0.260154 0.728171 -0.634104
    outer loop
      vertex 13.1753 17.5268 0.492661
      vertex 13.0997 17.6529 0.606451
      vertex 13.2111 17.6131 0.606451
    endloop
  endfacet
  facet normal 0.279804 0.78317 -0.555297
    outer loop
      vertex 13.2111 17.6131 0.606451
      vertex 13.0997 17.6529 0.606451
      vertex 13.2424 17.6887 0.728846
    endloop
  endfacet
  facet normal 0.519287 0.573202 -0.633861
    outer loop
      vertex 13.5359 17.2859 0.492661
      vertex 13.4551 17.3591 0.492661
      vertex 13.5143 17.4313 0.606451
    endloop
  endfacet
  facet normal 0.475031 0.524351 -0.706684
    outer loop
      vertex 13.5359 17.2859 0.492661
      vertex 13.389 17.2787 0.388573
      vertex 13.4551 17.3591 0.492661
    endloop
  endfacet
  facet normal -0.0188612 0.3827 -0.92368
    outer loop
      vertex -12.7995 17.0029 0.0876837
      vertex -12.8129 17.1382 0.144015
      vertex -12.75 17.1413 0.144015
    endloop
  endfacet
  facet normal -0.0560608 0.37902 -0.923689
    outer loop
      vertex -12.7995 17.0029 0.0876837
      vertex -12.8751 17.129 0.144015
      vertex -12.8129 17.1382 0.144015
    endloop
  endfacet
  facet normal 0.504134 0.841367 -0.194808
    outer loop
      vertex 13.5584 17.7098 1.13553
      vertex 13.4359 17.7832 1.13553
      vertex 13.5743 17.7337 1.2799
    endloop
  endfacet
  facet normal 0.511808 0.853468 -0.0982066
    outer loop
      vertex 13.5743 17.7337 1.2799
      vertex 13.4494 17.8086 1.2799
      vertex 13.5824 17.7457 1.4264
    endloop
  endfacet
  facet normal 0.504406 0.841125 -0.195152
    outer loop
      vertex 13.5743 17.7337 1.2799
      vertex 13.4359 17.7832 1.13553
      vertex 13.4494 17.8086 1.2799
    endloop
  endfacet
  facet normal 0.419556 0.886493 -0.195199
    outer loop
      vertex 13.4359 17.7832 1.13553
      vertex 13.3068 17.8443 1.13553
      vertex 13.4494 17.8086 1.2799
    endloop
  endfacet
  facet normal -0.0379414 0.772564 -0.633802
    outer loop
      vertex -12.8589 17.6061 0.492661
      vertex -12.8681 17.699 0.606451
      vertex -12.75 17.7048 0.606451
    endloop
  endfacet
  facet normal -0.113455 0.765112 -0.633823
    outer loop
      vertex -12.8589 17.6061 0.492661
      vertex -12.9668 17.5901 0.492661
      vertex -12.8681 17.699 0.606451
    endloop
  endfacet
  facet normal 0.0430879 0.880983 -0.471182
    outer loop
      vertex 12.8761 17.7804 0.728846
      vertex 12.75 17.856 0.858666
      vertex 12.8829 17.8495 0.858666
    endloop
  endfacet
  facet normal 0.0469252 0.955933 -0.289811
    outer loop
      vertex 12.8884 17.9055 0.994665
      vertex 12.75 17.955 1.13553
      vertex 12.8926 17.948 1.13553
    endloop
  endfacet
  facet normal 0.113218 0.765037 -0.633956
    outer loop
      vertex 12.9668 17.5901 0.492661
      vertex 12.8681 17.699 0.606451
      vertex 12.985 17.6817 0.606451
    endloop
  endfacet
  facet normal 0.113455 0.765112 -0.633823
    outer loop
      vertex 12.9668 17.5901 0.492661
      vertex 12.8589 17.6061 0.492661
      vertex 12.8681 17.699 0.606451
    endloop
  endfacet
  facet normal -0.213809 -0.597766 -0.772633
    outer loop
      vertex -13.0424 -17.464 0.388573
      vertex -13.1355 -17.4307 0.388573
      vertex -13.0094 -17.3551 0.295188
    endloop
  endfacet
  facet normal -0.238369 -0.666432 -0.706433
    outer loop
      vertex -13.0424 -17.464 0.388573
      vertex -13.1753 -17.5268 0.492661
      vertex -13.1355 -17.4307 0.388573
    endloop
  endfacet
  facet normal -0.0815911 -0.549821 -0.831288
    outer loop
      vertex -12.8256 -17.2674 0.213407
      vertex -12.9243 -17.3764 0.295188
      vertex -12.9004 -17.2563 0.213407
    endloop
  endfacet
  facet normal -0.134959 -0.539203 -0.831292
    outer loop
      vertex -12.9243 -17.3764 0.295188
      vertex -13.0094 -17.3551 0.295188
      vertex -12.9004 -17.2563 0.213407
    endloop
  endfacet
  facet normal -0.419556 0.886493 -0.195199
    outer loop
      vertex -13.4359 17.7832 1.13553
      vertex -13.4494 17.8086 1.2799
      vertex -13.3068 17.8443 1.13553
    endloop
  endfacet
  facet normal -0.409483 0.865209 -0.289373
    outer loop
      vertex -13.4158 17.7456 0.994665
      vertex -13.4359 17.7832 1.13553
      vertex -13.3068 17.8443 1.13553
    endloop
  endfacet
  facet normal -0.666105 0.238682 -0.706636
    outer loop
      vertex -13.714 16.7924 0.388573
      vertex -13.8136 16.8226 0.492661
      vertex -13.7768 16.9253 0.492661
    endloop
  endfacet
  facet normal -0.686363 0.171915 -0.706648
    outer loop
      vertex -13.714 16.7924 0.388573
      vertex -13.8401 16.7168 0.492661
      vertex -13.8136 16.8226 0.492661
    endloop
  endfacet
  facet normal -0.573143 0.519493 -0.633746
    outer loop
      vertex -13.5359 17.2859 0.492661
      vertex -13.6813 17.2643 0.606451
      vertex -13.6019 17.3519 0.606451
    endloop
  endfacet
  facet normal -0.616058 0.558391 -0.555583
    outer loop
      vertex -13.6019 17.3519 0.606451
      vertex -13.6813 17.2643 0.606451
      vertex -13.6598 17.4098 0.728846
    endloop
  endfacet
  facet normal -0.621121 0.460878 -0.633877
    outer loop
      vertex -13.6741 17.1175 0.492661
      vertex -13.6813 17.2643 0.606451
      vertex -13.6091 17.2051 0.492661
    endloop
  endfacet
  facet normal -0.573202 0.519287 -0.633861
    outer loop
      vertex -13.6091 17.2051 0.492661
      vertex -13.6813 17.2643 0.606451
      vertex -13.5359 17.2859 0.492661
    endloop
  endfacet
  facet normal -0.426272 0.201918 -0.881772
    outer loop
      vertex -13.3425 16.7454 0.144015
      vertex -13.4625 16.7951 0.213407
      vertex -13.4301 16.8635 0.213407
    endloop
  endfacet
  facet normal -0.502601 0.238074 -0.831092
    outer loop
      vertex -13.4625 16.7951 0.213407
      vertex -13.538 16.9212 0.295188
      vertex -13.4301 16.8635 0.213407
    endloop
  endfacet
  facet normal -0.411888 0.373809 -0.831033
    outer loop
      vertex -13.2953 17.0453 0.213407
      vertex -13.4407 17.0669 0.295188
      vertex -13.3818 17.1318 0.295188
    endloop
  endfacet
  facet normal -0.568237 0.421526 -0.706699
    outer loop
      vertex -13.5876 17.0596 0.388573
      vertex -13.6741 17.1175 0.492661
      vertex -13.5287 17.139 0.388573
    endloop
  endfacet
  facet normal -0.378273 0.509931 -0.77258
    outer loop
      vertex -13.3169 17.1907 0.295188
      vertex -13.389 17.2787 0.388573
      vertex -13.3096 17.3376 0.388573
    endloop
  endfacet
  facet normal -0.42652 0.469969 -0.772794
    outer loop
      vertex -13.3818 17.1318 0.295188
      vertex -13.4623 17.2123 0.388573
      vertex -13.3169 17.1907 0.295188
    endloop
  endfacet
  facet normal -0.412091 0.373159 -0.831224
    outer loop
      vertex -13.3461 16.9892 0.213407
      vertex -13.4407 17.0669 0.295188
      vertex -13.2953 17.0453 0.213407
    endloop
  endfacet
  facet normal -0.349755 0.316712 -0.881683
    outer loop
      vertex -13.2035 16.9535 0.144015
      vertex -13.3461 16.9892 0.213407
      vertex -13.2953 17.0453 0.213407
    endloop
  endfacet
  facet normal -0.32603 0.544833 -0.772568
    outer loop
      vertex -13.2464 17.243 0.295188
      vertex -13.3096 17.3376 0.388573
      vertex -13.1712 17.288 0.295188
    endloop
  endfacet
  facet normal -0.331234 0.446501 -0.831216
    outer loop
      vertex -13.1784 17.1412 0.213407
      vertex -13.3169 17.1907 0.295188
      vertex -13.2464 17.243 0.295188
    endloop
  endfacet
  facet normal -0.271425 0.57365 -0.772822
    outer loop
      vertex -13.1712 17.288 0.295188
      vertex -13.2249 17.3884 0.388573
      vertex -13.1355 17.4307 0.388573
    endloop
  endfacet
  facet normal -0.302645 0.639633 -0.706594
    outer loop
      vertex -13.2249 17.3884 0.388573
      vertex -13.2739 17.4802 0.492661
      vertex -13.1355 17.4307 0.388573
    endloop
  endfacet
  facet normal -0.201918 0.426272 -0.881772
    outer loop
      vertex -12.9954 17.0925 0.144015
      vertex -13.1135 17.1801 0.213407
      vertex -13.0451 17.2125 0.213407
    endloop
  endfacet
  facet normal -0.285476 0.477063 -0.831213
    outer loop
      vertex -13.1784 17.1412 0.213407
      vertex -13.2464 17.243 0.295188
      vertex -13.1712 17.288 0.295188
    endloop
  endfacet
  facet normal -0.806664 -0.20216 -0.555359
    outer loop
      vertex -13.9812 -16.8735 0.728846
      vertex -14.0119 -16.751 0.728846
      vertex -13.9029 -16.8497 0.606451
    endloop
  endfacet
  facet normal -0.806741 -0.202564 -0.555101
    outer loop
      vertex -13.9029 -16.8497 0.606451
      vertex -14.0119 -16.751 0.728846
      vertex -13.9317 -16.735 0.606451
    endloop
  endfacet
  facet normal -0.116435 -0.156887 -0.980729
    outer loop
      vertex -12.9525 -16.803 0.0449524
      vertex -12.9812 -16.7817 0.0449524
      vertex -12.8723 -16.683 0.0162344
    endloop
  endfacet
  facet normal -0.100516 -0.167527 -0.98073
    outer loop
      vertex -12.8538 -16.6941 0.0162344
      vertex -12.9525 -16.803 0.0449524
      vertex -12.8723 -16.683 0.0162344
    endloop
  endfacet
  facet normal -0.0586673 -0.0786779 -0.995172
    outer loop
      vertex -12.8723 -16.683 0.0162344
      vertex -12.8896 -16.6701 0.0162344
      vertex -12.7909 -16.5612 0.00180626
    endloop
  endfacet
  facet normal -0.0502755 -0.0842454 -0.995176
    outer loop
      vertex -12.7847 -16.5649 0.00180626
      vertex -12.8538 -16.6941 0.0162344
      vertex -12.7909 -16.5612 0.00180626
    endloop
  endfacet
  facet normal 0.0584655 -0.0788604 -0.99517
    outer loop
      vertex 12.8896 -16.6701 0.0162344
      vertex 12.7909 -16.5612 0.00180626
      vertex 12.7967 -16.5569 0.00180626
    endloop
  endfacet
  facet normal 0.0665806 -0.0720157 -0.995179
    outer loop
      vertex 12.9056 -16.6556 0.0162344
      vertex 12.7967 -16.5569 0.00180626
      vertex 12.802 -16.552 0.00180626
    endloop
  endfacet
  facet normal 0.0659218 -0.0727413 -0.99517
    outer loop
      vertex 12.8896 -16.6701 0.0162344
      vertex 12.7967 -16.5569 0.00180626
      vertex 12.9056 -16.6556 0.0162344
    endloop
  endfacet
  facet normal -0.0923742 -0.0332183 -0.99517
    outer loop
      vertex -12.9533 -16.5842 0.0162344
      vertex -12.9606 -16.5639 0.0162344
      vertex -12.818 -16.5282 0.00180626
    endloop
  endfacet
  facet normal -0.167527 0.100516 -0.98073
    outer loop
      vertex -12.9441 16.6038 0.0162344
      vertex -13.053 16.7025 0.0449524
      vertex -12.933 16.6223 0.0162344
    endloop
  endfacet
  facet normal -0.262575 0.124254 -0.956878
    outer loop
      vertex -13.0714 16.6718 0.0449524
      vertex -13.2169 16.6934 0.0876837
      vertex -13.1957 16.7382 0.0876837
    endloop
  endfacet
  facet normal -0.0950711 0.0244469 -0.99517
    outer loop
      vertex -12.8222 16.5144 0.00180626
      vertex -12.9659 16.5429 0.0162344
      vertex -12.8204 16.5214 0.00180626
    endloop
  endfacet
  facet normal -0.0979881 -0.00499014 -0.995175
    outer loop
      vertex -12.969 -16.5216 0.0162344
      vertex -12.9701 -16.5 0.0162344
      vertex -12.8232 -16.5072 0.00180626
    endloop
  endfacet
  facet normal -0.307939 0.227607 -0.923779
    outer loop
      vertex -13.1406 16.8206 0.0876837
      vertex -13.2832 16.8563 0.144015
      vertex -13.2458 16.9069 0.144015
    endloop
  endfacet
  facet normal -0.00499014 -0.0979881 -0.995175
    outer loop
      vertex -12.75 -16.7201 0.0162344
      vertex -12.7716 -16.719 0.0162344
      vertex -12.7572 -16.5732 0.00180626
    endloop
  endfacet
  facet normal -0.183764 0.0660827 -0.980747
    outer loop
      vertex -12.9606 16.5639 0.0162344
      vertex -13.0988 16.6058 0.0449524
      vertex -12.9533 16.5842 0.0162344
    endloop
  endfacet
  facet normal -0.176569 0.0836378 -0.980728
    outer loop
      vertex -12.9441 16.6038 0.0162344
      vertex -13.0867 16.6395 0.0449524
      vertex -13.0714 16.6718 0.0449524
    endloop
  endfacet
  facet normal -0.097241 -0.0135057 -0.995169
    outer loop
      vertex -12.8222 -16.5144 0.00180626
      vertex -12.9659 -16.5429 0.0162344
      vertex -12.8232 -16.5072 0.00180626
    endloop
  endfacet
  facet normal -0.131155 0.144723 -0.980741
    outer loop
      vertex -12.9056 16.6556 0.0162344
      vertex -12.9812 16.7817 0.0449524
      vertex -12.8896 16.6701 0.0162344
    endloop
  endfacet
  facet normal -0.287546 -0.0427513 -0.956812
    outer loop
      vertex -13.2456 -16.5986 0.0876837
      vertex -13.2529 -16.5495 0.0876837
      vertex -13.1075 -16.5711 0.0449524
    endloop
  endfacet
  facet normal -0.287481 -0.0422289 -0.956855
    outer loop
      vertex -13.1075 -16.5711 0.0449524
      vertex -13.2529 -16.5495 0.0876837
      vertex -13.1127 -16.5357 0.0449524
    endloop
  endfacet
  facet normal -0.273406 -0.0981664 -0.956877
    outer loop
      vertex -13.0867 -16.6395 0.0449524
      vertex -13.2169 -16.6934 0.0876837
      vertex -13.0988 -16.6058 0.0449524
    endloop
  endfacet
  facet normal -0.183779 -0.065986 -0.98075
    outer loop
      vertex -13.0867 -16.6395 0.0449524
      vertex -13.0988 -16.6058 0.0449524
      vertex -12.9533 -16.5842 0.0162344
    endloop
  endfacet
  facet normal -0.0842454 0.0502755 -0.995176
    outer loop
      vertex -12.8149 16.5347 0.00180626
      vertex -12.9441 16.6038 0.0162344
      vertex -12.8112 16.5409 0.00180626
    endloop
  endfacet
  facet normal -0.262556 0.124369 -0.956868
    outer loop
      vertex -13.0867 16.6395 0.0449524
      vertex -13.2169 16.6934 0.0876837
      vertex -13.0714 16.6718 0.0449524
    endloop
  endfacet
  facet normal -0.131155 -0.144723 -0.980741
    outer loop
      vertex -12.8896 -16.6701 0.0162344
      vertex -12.9812 -16.7817 0.0449524
      vertex -12.9056 -16.6556 0.0162344
    endloop
  endfacet
  facet normal -0.378877 0.05633 -0.923731
    outer loop
      vertex -13.2529 16.5495 0.0876837
      vertex -13.379 16.6251 0.144015
      vertex -13.2456 16.5986 0.0876837
    endloop
  endfacet
  facet normal -0.371649 0.092719 -0.923732
    outer loop
      vertex -13.2456 16.5986 0.0876837
      vertex -13.379 16.6251 0.144015
      vertex -13.2336 16.6467 0.0876837
    endloop
  endfacet
  facet normal -0.065986 -0.183779 -0.98075
    outer loop
      vertex -12.8558 -16.8488 0.0449524
      vertex -12.8895 -16.8367 0.0449524
      vertex -12.8342 -16.7033 0.0162344
    endloop
  endfacet
  facet normal -0.0981664 -0.273406 -0.956877
    outer loop
      vertex -12.8558 -16.8488 0.0449524
      vertex -12.9434 -16.9669 0.0876837
      vertex -12.8895 -16.8367 0.0449524
    endloop
  endfacet
  facet normal -0.124369 -0.262556 -0.956868
    outer loop
      vertex -12.8895 -16.8367 0.0449524
      vertex -12.9434 -16.9669 0.0876837
      vertex -12.9218 -16.8214 0.0449524
    endloop
  endfacet
  facet normal -0.0836378 -0.176569 -0.980728
    outer loop
      vertex -12.8895 -16.8367 0.0449524
      vertex -12.9218 -16.8214 0.0449524
      vertex -12.8538 -16.6941 0.0162344
    endloop
  endfacet
  facet normal 0.023226 -0.471262 -0.881687
    outer loop
      vertex 12.8256 -17.2674 0.213407
      vertex 12.75 -17.1413 0.144015
      vertex 12.8129 -17.1382 0.144015
    endloop
  endfacet
  facet normal 0.0188612 -0.3827 -0.92368
    outer loop
      vertex 12.8129 -17.1382 0.144015
      vertex 12.75 -17.1413 0.144015
      vertex 12.7995 -17.0029 0.0876837
    endloop
  endfacet
  facet normal 0.0474979 -0.189446 -0.980742
    outer loop
      vertex 12.8211 -16.8575 0.0449524
      vertex 12.7929 -16.7159 0.0162344
      vertex 12.8558 -16.8488 0.0449524
    endloop
  endfacet
  facet normal 0.0829611 -0.176743 -0.980754
    outer loop
      vertex 12.8895 -16.8367 0.0449524
      vertex 12.8342 -16.7033 0.0162344
      vertex 12.8538 -16.6941 0.0162344
    endloop
  endfacet
  facet normal 0.100445 -0.16759 -0.980726
    outer loop
      vertex 12.9218 -16.8214 0.0449524
      vertex 12.8538 -16.6941 0.0162344
      vertex 12.9525 -16.803 0.0449524
    endloop
  endfacet
  facet normal 0.124369 -0.262556 -0.956868
    outer loop
      vertex 12.9434 -16.9669 0.0876837
      vertex 12.8895 -16.8367 0.0449524
      vertex 12.9218 -16.8214 0.0449524
    endloop
  endfacet
  facet normal 0.156887 -0.116435 -0.980729
    outer loop
      vertex 13.0317 -16.7312 0.0449524
      vertex 12.933 -16.6223 0.0162344
      vertex 13.053 -16.7025 0.0449524
    endloop
  endfacet
  facet normal 0.233328 -0.173167 -0.956855
    outer loop
      vertex 13.1702 -16.7807 0.0876837
      vertex 13.0317 -16.7312 0.0449524
      vertex 13.053 -16.7025 0.0449524
    endloop
  endfacet
  facet normal -0.088548 0.0422306 -0.995176
    outer loop
      vertex -12.818 16.5282 0.00180626
      vertex -12.9441 16.6038 0.0162344
      vertex -12.8149 16.5347 0.00180626
    endloop
  endfacet
  facet normal 0.281056 -0.378896 -0.881729
    outer loop
      vertex 13.1784 -17.1412 0.213407
      vertex 13.1063 -17.0332 0.144015
      vertex 13.2392 -17.0961 0.213407
    endloop
  endfacet
  facet normal 0.280608 -0.379646 -0.881549
    outer loop
      vertex 13.2392 -17.0961 0.213407
      vertex 13.1063 -17.0332 0.144015
      vertex 13.1569 -16.9958 0.144015
    endloop
  endfacet
  facet normal 0.870077 0.311089 -0.382348
    outer loop
      vertex 14.0476 16.8936 0.858666
      vertex 14.0028 17.0189 0.858666
      vertex 14.1015 16.91 0.994665
    endloop
  endfacet
  facet normal 0.835239 0.395055 -0.382502
    outer loop
      vertex 14.0028 17.0189 0.858666
      vertex 13.9459 17.1392 0.858666
      vertex 13.9956 17.1658 0.994665
    endloop
  endfacet
  facet normal 0.955943 0.0469683 -0.289772
    outer loop
      vertex 14.1623 16.5 0.994665
      vertex 14.1555 16.6384 0.994665
      vertex 14.205 16.5 1.13553
    endloop
  endfacet
  facet normal 0.923007 0.0453501 -0.382101
    outer loop
      vertex 14.1623 16.5 0.994665
      vertex 14.106 16.5 0.858666
      vertex 14.1555 16.6384 0.994665
    endloop
  endfacet
  facet normal 0.726741 0.658714 -0.194793
    outer loop
      vertex 13.8748 17.4231 1.13553
      vertex 13.7992 17.5492 1.2799
      vertex 13.897 17.4413 1.2799
    endloop
  endfacet
  facet normal 0.788056 0.58397 -0.194799
    outer loop
      vertex 13.9837 17.3243 1.2799
      vertex 13.8748 17.4231 1.13553
      vertex 13.897 17.4413 1.2799
    endloop
  endfacet
  facet normal 0.984474 0.145519 -0.098158
    outer loop
      vertex 14.2266 16.6454 1.2799
      vertex 14.2053 16.7895 1.2799
      vertex 14.241 16.6468 1.4264
    endloop
  endfacet
  facet normal 0.98916 0.146844 -0.000218883
    outer loop
      vertex 14.241 16.6468 1.4264
      vertex 14.2194 16.7923 1.4264
      vertex 14.2428 16.647 9.695
    endloop
  endfacet
  facet normal 0.928334 0.232586 -0.29
    outer loop
      vertex 14.1771 16.7839 1.13553
      vertex 14.1352 16.7755 0.994665
      vertex 14.1424 16.9224 1.13553
    endloop
  endfacet
  facet normal 0.951382 0.238361 -0.195081
    outer loop
      vertex 14.1771 16.7839 1.13553
      vertex 14.1424 16.9224 1.13553
      vertex 14.2053 16.7895 1.2799
    endloop
  endfacet
  facet normal 0.936872 0.335758 -0.0976592
    outer loop
      vertex 14.1837 16.9349 1.4264
      vertex 14.1208 17.0678 1.2799
      vertex 14.1341 17.0733 1.4264
    endloop
  endfacet
  facet normal 0.941372 0.33737 -0.000213944
    outer loop
      vertex 14.1837 16.9349 1.4264
      vertex 14.1341 17.0733 1.4264
      vertex 14.1854 16.9354 9.695
    endloop
  endfacet
  facet normal 0.820748 0.492587 -0.289363
    outer loop
      vertex 13.9956 17.1658 0.994665
      vertex 13.9243 17.2846 0.994665
      vertex 14.0332 17.1859 1.13553
    endloop
  endfacet
  facet normal 0.865209 0.409483 -0.289373
    outer loop
      vertex 14.0943 17.0568 1.13553
      vertex 13.9956 17.1658 0.994665
      vertex 14.0332 17.1859 1.13553
    endloop
  endfacet
  facet normal 0.573143 0.519493 -0.633746
    outer loop
      vertex 13.6813 17.2643 0.606451
      vertex 13.5359 17.2859 0.492661
      vertex 13.6019 17.3519 0.606451
    endloop
  endfacet
  facet normal 0.519493 0.573143 -0.633746
    outer loop
      vertex 13.5359 17.2859 0.492661
      vertex 13.5143 17.4313 0.606451
      vertex 13.6019 17.3519 0.606451
    endloop
  endfacet
  facet normal 0.620688 0.461101 -0.634139
    outer loop
      vertex 13.7518 17.1694 0.606451
      vertex 13.6741 17.1175 0.492661
      vertex 13.6813 17.2643 0.606451
    endloop
  endfacet
  facet normal 0.667755 0.496067 -0.554996
    outer loop
      vertex 13.7518 17.1694 0.606451
      vertex 13.6813 17.2643 0.606451
      vertex 13.8198 17.2148 0.728846
    endloop
  endfacet
  facet normal 0.525622 0.708562 -0.470809
    outer loop
      vertex 13.6102 17.5482 0.858666
      vertex 13.4648 17.5698 0.728846
      vertex 13.5033 17.6275 0.858666
    endloop
  endfacet
  facet normal 0.653717 0.592721 -0.470463
    outer loop
      vertex 13.7982 17.3602 0.858666
      vertex 13.6598 17.4098 0.728846
      vertex 13.7088 17.4588 0.858666
    endloop
  endfacet
  facet normal 0.491894 0.82094 -0.289997
    outer loop
      vertex 13.5346 17.6743 0.994665
      vertex 13.4359 17.7832 1.13553
      vertex 13.5584 17.7098 1.13553
    endloop
  endfacet
  facet normal 0.569801 0.768896 -0.290044
    outer loop
      vertex 13.6731 17.6248 1.13553
      vertex 13.5346 17.6743 0.994665
      vertex 13.5584 17.7098 1.13553
    endloop
  endfacet
  facet normal 0.592721 0.653717 -0.470463
    outer loop
      vertex 13.6598 17.4098 0.728846
      vertex 13.6102 17.5482 0.858666
      vertex 13.7088 17.4588 0.858666
    endloop
  endfacet
  facet normal 0.496067 0.667755 -0.554996
    outer loop
      vertex 13.5143 17.4313 0.606451
      vertex 13.4194 17.5018 0.606451
      vertex 13.4648 17.5698 0.728846
    endloop
  endfacet
  facet normal 0.550529 0.742137 -0.382296
    outer loop
      vertex 13.6102 17.5482 0.858666
      vertex 13.5033 17.6275 0.858666
      vertex 13.646 17.5917 0.994665
    endloop
  endfacet
  facet normal 0.525871 0.708145 -0.471158
    outer loop
      vertex 13.5662 17.4945 0.728846
      vertex 13.4648 17.5698 0.728846
      vertex 13.6102 17.5482 0.858666
    endloop
  endfacet
  facet normal 0.39476 0.835531 -0.382168
    outer loop
      vertex 13.4158 17.7456 0.994665
      vertex 13.2689 17.7528 0.858666
      vertex 13.2905 17.8048 0.994665
    endloop
  endfacet
  facet normal 0.322477 0.901057 -0.290008
    outer loop
      vertex 13.3068 17.8443 1.13553
      vertex 13.16 17.8515 0.994665
      vertex 13.1724 17.8924 1.13553
    endloop
  endfacet
  facet normal 0.16759 -0.100445 -0.980726
    outer loop
      vertex 13.053 -16.7025 0.0449524
      vertex 12.9441 -16.6038 0.0162344
      vertex 13.0714 -16.6718 0.0449524
    endloop
  endfacet
  facet normal 0.176569 -0.0836378 -0.980728
    outer loop
      vertex 13.0714 -16.6718 0.0449524
      vertex 12.9441 -16.6038 0.0162344
      vertex 13.0867 -16.6395 0.0449524
    endloop
  endfacet
  facet normal -0.0727413 -0.0659218 -0.99517
    outer loop
      vertex -12.9056 -16.6556 0.0162344
      vertex -12.9201 -16.6396 0.0162344
      vertex -12.8069 -16.5467 0.00180626
    endloop
  endfacet
  facet normal -0.224247 0.896292 -0.382589
    outer loop
      vertex -13.0145 17.8299 0.858666
      vertex -13.1436 17.7976 0.858666
      vertex -13.0255 17.8852 0.994665
    endloop
  endfacet
  facet normal -0.136103 0.913837 -0.382593
    outer loop
      vertex -13.0145 17.8299 0.858666
      vertex -13.0255 17.8852 0.994665
      vertex -12.8829 17.8495 0.858666
    endloop
  endfacet
  facet normal -0.475148 0.792608 -0.382107
    outer loop
      vertex -13.5033 17.6275 0.858666
      vertex -13.5346 17.6743 0.994665
      vertex -13.3892 17.6959 0.858666
    endloop
  endfacet
  facet normal -0.525871 0.708145 -0.471158
    outer loop
      vertex -13.5662 17.4945 0.728846
      vertex -13.6102 17.5482 0.858666
      vertex -13.4648 17.5698 0.728846
    endloop
  endfacet
  facet normal -0.279804 0.78317 -0.555297
    outer loop
      vertex -13.2111 17.6131 0.606451
      vertex -13.2424 17.6887 0.728846
      vertex -13.0997 17.6529 0.606451
    endloop
  endfacet
  facet normal -0.260154 0.728171 -0.634104
    outer loop
      vertex -13.1753 17.5268 0.492661
      vertex -13.2111 17.6131 0.606451
      vertex -13.0997 17.6529 0.606451
    endloop
  endfacet
  facet normal 0.592495 0.79956 -0.0982521
    outer loop
      vertex 13.6913 17.647 1.2799
      vertex 13.5743 17.7337 1.2799
      vertex 13.5824 17.7457 1.4264
    endloop
  endfacet
  facet normal 0.58397 0.788056 -0.194799
    outer loop
      vertex 13.6731 17.6248 1.13553
      vertex 13.5743 17.7337 1.2799
      vertex 13.6913 17.647 1.2799
    endloop
  endfacet
  facet normal 0.0451474 0.92309 -0.381925
    outer loop
      vertex 12.8829 17.8495 0.858666
      vertex 12.75 17.856 0.858666
      vertex 12.8884 17.9055 0.994665
    endloop
  endfacet
  facet normal 0.0453501 0.923007 -0.382101
    outer loop
      vertex 12.8884 17.9055 0.994665
      vertex 12.75 17.856 0.858666
      vertex 12.75 17.9123 0.994665
    endloop
  endfacet
  facet normal -0.569801 0.768896 -0.290044
    outer loop
      vertex -13.5346 17.6743 0.994665
      vertex -13.6731 17.6248 1.13553
      vertex -13.5584 17.7098 1.13553
    endloop
  endfacet
  facet normal -0.583992 0.788046 -0.194776
    outer loop
      vertex -13.5584 17.7098 1.13553
      vertex -13.6731 17.6248 1.13553
      vertex -13.5743 17.7337 1.2799
    endloop
  endfacet
  facet normal -0.496067 0.667755 -0.554996
    outer loop
      vertex -13.4194 17.5018 0.606451
      vertex -13.5143 17.4313 0.606451
      vertex -13.4648 17.5698 0.728846
    endloop
  endfacet
  facet normal -0.519287 0.573202 -0.633861
    outer loop
      vertex -13.4551 17.3591 0.492661
      vertex -13.5359 17.2859 0.492661
      vertex -13.5143 17.4313 0.606451
    endloop
  endfacet
  facet normal -0.509928 0.378287 -0.772575
    outer loop
      vertex -13.493 16.9964 0.295188
      vertex -13.5876 17.0596 0.388573
      vertex -13.4407 17.0669 0.295188
    endloop
  endfacet
  facet normal -0.544833 0.32603 -0.772568
    outer loop
      vertex -13.538 16.9212 0.295188
      vertex -13.5876 17.0596 0.388573
      vertex -13.493 16.9964 0.295188
    endloop
  endfacet
  facet normal -0.470575 0.426278 -0.772558
    outer loop
      vertex -13.4407 17.0669 0.295188
      vertex -13.5287 17.139 0.388573
      vertex -13.4623 17.2123 0.388573
    endloop
  endfacet
  facet normal -0.509931 0.378273 -0.77258
    outer loop
      vertex -13.4407 17.0669 0.295188
      vertex -13.5876 17.0596 0.388573
      vertex -13.5287 17.139 0.388573
    endloop
  endfacet
  facet normal -0.19714 0.328567 -0.923677
    outer loop
      vertex -13.0307 16.9202 0.0876837
      vertex -13.1063 17.0332 0.144015
      vertex -12.9882 16.9457 0.0876837
    endloop
  endfacet
  facet normal -0.281056 0.378896 -0.881729
    outer loop
      vertex -13.1063 17.0332 0.144015
      vertex -13.2392 17.0961 0.213407
      vertex -13.1784 17.1412 0.213407
    endloop
  endfacet
  facet normal -0.187863 0.523604 -0.830991
    outer loop
      vertex -13.0451 17.2125 0.213407
      vertex -13.0919 17.3255 0.295188
      vertex -13.0094 17.3551 0.295188
    endloop
  endfacet
  facet normal -0.237818 0.502907 -0.83098
    outer loop
      vertex -13.0451 17.2125 0.213407
      vertex -13.1712 17.288 0.295188
      vertex -13.0919 17.3255 0.295188
    endloop
  endfacet
  facet normal -0.149365 -0.249212 -0.956861
    outer loop
      vertex -12.9218 -16.8214 0.0449524
      vertex -13.0307 -16.9202 0.0876837
      vertex -12.9525 -16.803 0.0449524
    endloop
  endfacet
  facet normal -0.173167 -0.233328 -0.956855
    outer loop
      vertex -12.9525 -16.803 0.0449524
      vertex -13.0307 -16.9202 0.0876837
      vertex -12.9812 -16.7817 0.0449524
    endloop
  endfacet
  facet normal -0.095136 0.0240105 -0.995175
    outer loop
      vertex -12.8204 16.5214 0.00180626
      vertex -12.9659 16.5429 0.0162344
      vertex -12.9606 16.5639 0.0162344
    endloop
  endfacet
  facet normal -0.0659218 -0.0727413 -0.99517
    outer loop
      vertex -12.8896 -16.6701 0.0162344
      vertex -12.9056 -16.6556 0.0162344
      vertex -12.7967 -16.5569 0.00180626
    endloop
  endfacet
  facet normal -0.0979881 0.00499014 -0.995175
    outer loop
      vertex -12.8232 16.5072 0.00180626
      vertex -12.9701 16.5 0.0162344
      vertex -12.969 16.5216 0.0162344
    endloop
  endfacet
  facet normal -0.05633 0.378877 -0.923731
    outer loop
      vertex -12.8486 16.9956 0.0876837
      vertex -12.8751 17.129 0.144015
      vertex -12.7995 17.0029 0.0876837
    endloop
  endfacet
  facet normal -0.280608 0.379646 -0.881549
    outer loop
      vertex -13.1569 16.9958 0.144015
      vertex -13.2392 17.0961 0.213407
      vertex -13.1063 17.0332 0.144015
    endloop
  endfacet
  facet normal -0.100516 0.167527 -0.98073
    outer loop
      vertex -12.8723 16.683 0.0162344
      vertex -12.9525 16.803 0.0449524
      vertex -12.8538 16.6941 0.0162344
    endloop
  endfacet
  facet normal -0.0474979 0.189446 -0.980742
    outer loop
      vertex -12.7929 16.7159 0.0162344
      vertex -12.8558 16.8488 0.0449524
      vertex -12.8211 16.8575 0.0449524
    endloop
  endfacet
  facet normal -0.084145 0.050487 -0.995174
    outer loop
      vertex -12.8112 16.5409 0.00180626
      vertex -12.9441 16.6038 0.0162344
      vertex -12.933 16.6223 0.0162344
    endloop
  endfacet
  facet normal -0.176743 0.0829611 -0.980754
    outer loop
      vertex -12.9533 16.5842 0.0162344
      vertex -13.0867 16.6395 0.0449524
      vertex -12.9441 16.6038 0.0162344
    endloop
  endfacet
  facet normal 0.088548 -0.0422306 -0.995176
    outer loop
      vertex 12.9441 -16.6038 0.0162344
      vertex 12.8149 -16.5347 0.00180626
      vertex 12.818 -16.5282 0.00180626
    endloop
  endfacet
  facet normal -0.156557 0.116739 -0.980746
    outer loop
      vertex -12.933 16.6223 0.0162344
      vertex -13.0317 16.7312 0.0449524
      vertex -12.9201 16.6396 0.0162344
    endloop
  endfacet
  facet normal -0.050487 0.084145 -0.995174
    outer loop
      vertex -12.7909 16.5612 0.00180626
      vertex -12.8723 16.683 0.0162344
      vertex -12.8538 16.6941 0.0162344
    endloop
  endfacet
  facet normal -0.0925163 0.0326528 -0.995176
    outer loop
      vertex -12.8204 16.5214 0.00180626
      vertex -12.9606 16.5639 0.0162344
      vertex -12.818 16.5282 0.00180626
    endloop
  endfacet
  facet normal -0.0888597 0.0417097 -0.99517
    outer loop
      vertex -12.818 16.5282 0.00180626
      vertex -12.9533 16.5842 0.0162344
      vertex -12.9441 16.6038 0.0162344
    endloop
  endfacet
  facet normal -0.0146318 0.290198 -0.956855
    outer loop
      vertex -12.7857 16.8627 0.0449524
      vertex -12.7995 17.0029 0.0876837
      vertex -12.75 16.8645 0.0449524
    endloop
  endfacet
  facet normal -0.0332183 0.0923742 -0.99517
    outer loop
      vertex -12.7782 16.568 0.00180626
      vertex -12.8342 16.7033 0.0162344
      vertex -12.8139 16.7106 0.0162344
    endloop
  endfacet
  facet normal -0.0829611 0.176743 -0.980754
    outer loop
      vertex -12.8538 16.6941 0.0162344
      vertex -12.8895 16.8367 0.0449524
      vertex -12.8342 16.7033 0.0162344
    endloop
  endfacet
  facet normal 0 0 -1
    outer loop
      vertex 12.75 -16.5736 0.00180626
      vertex 12.8236 -16.5 0.00180626
      vertex 12.8232 -16.5072 0.00180626
    endloop
  endfacet
  facet normal 0 0 -1
    outer loop
      vertex 12.8236 -16.5 0.00180626
      vertex 12.25 -10 0.00180626
      vertex 12.8236 16.5 0.00180626
    endloop
  endfacet
  facet normal 0 0 -1
    outer loop
      vertex 12.75 -16.5736 0.00180626
      vertex 12.8232 -16.5072 0.00180626
      vertex 12.8222 -16.5144 0.00180626
    endloop
  endfacet
  facet normal 0 0 -1
    outer loop
      vertex 12.25 10 0.00180626
      vertex 12.8236 16.5 0.00180626
      vertex 12.25 -10 0.00180626
    endloop
  endfacet
  facet normal 0 0 -1
    outer loop
      vertex 12.75 -16.5736 0.00180626
      vertex 12.8222 -16.5144 0.00180626
      vertex 12.8204 -16.5214 0.00180626
    endloop
  endfacet
  facet normal 0 -0 -1
    outer loop
      vertex 12.75 16.5736 0.00180626
      vertex 12.8236 16.5 0.00180626
      vertex 12.25 10 0.00180626
    endloop
  endfacet
  facet normal 0 0 -1
    outer loop
      vertex 12.75 -16.5736 0.00180626
      vertex 12.8204 -16.5214 0.00180626
      vertex 12.818 -16.5282 0.00180626
    endloop
  endfacet
  facet normal 0 0 -1
    outer loop
      vertex 12.8236 16.5 0.00180626
      vertex 12.75 16.5736 0.00180626
      vertex 12.8232 16.5072 0.00180626
    endloop
  endfacet
  facet normal 0 0 -1
    outer loop
      vertex 12.75 -16.5736 0.00180626
      vertex 12.818 -16.5282 0.00180626
      vertex 12.8149 -16.5347 0.00180626
    endloop
  endfacet
  facet normal 0 0 -1
    outer loop
      vertex 12.8232 16.5072 0.00180626
      vertex 12.75 16.5736 0.00180626
      vertex 12.8222 16.5144 0.00180626
    endloop
  endfacet
  facet normal 0 0 -1
    outer loop
      vertex 12.75 -16.5736 0.00180626
      vertex 12.8149 -16.5347 0.00180626
      vertex 12.8112 -16.5409 0.00180626
    endloop
  endfacet
  facet normal 0 0 -1
    outer loop
      vertex 12.8222 16.5144 0.00180626
      vertex 12.75 16.5736 0.00180626
      vertex 12.8204 16.5214 0.00180626
    endloop
  endfacet
  facet normal 0 0 -1
    outer loop
      vertex 12.75 -16.5736 0.00180626
      vertex 12.8112 -16.5409 0.00180626
      vertex 12.8069 -16.5467 0.00180626
    endloop
  endfacet
  facet normal 0 0 -1
    outer loop
      vertex 12.8204 16.5214 0.00180626
      vertex 12.75 16.5736 0.00180626
      vertex 12.818 16.5282 0.00180626
    endloop
  endfacet
  facet normal 0 0 -1
    outer loop
      vertex 12.75 -16.5736 0.00180626
      vertex 12.8069 -16.5467 0.00180626
      vertex 12.802 -16.552 0.00180626
    endloop
  endfacet
  facet normal 0 0 -1
    outer loop
      vertex 12.818 16.5282 0.00180626
      vertex 12.75 16.5736 0.00180626
      vertex 12.8149 16.5347 0.00180626
    endloop
  endfacet
  facet normal 0 0 -1
    outer loop
      vertex 12.75 -16.5736 0.00180626
      vertex 12.802 -16.552 0.00180626
      vertex 12.7967 -16.5569 0.00180626
    endloop
  endfacet
  facet normal 0 0 -1
    outer loop
      vertex 12.8149 16.5347 0.00180626
      vertex 12.75 16.5736 0.00180626
      vertex 12.8112 16.5409 0.00180626
    endloop
  endfacet
  facet normal 0 0 -1
    outer loop
      vertex 12.75 -16.5736 0.00180626
      vertex 12.7967 -16.5569 0.00180626
      vertex 12.7909 -16.5612 0.00180626
    endloop
  endfacet
  facet normal 0 0 -1
    outer loop
      vertex 12.8112 16.5409 0.00180626
      vertex 12.75 16.5736 0.00180626
      vertex 12.8069 16.5467 0.00180626
    endloop
  endfacet
  facet normal 0 0 -1
    outer loop
      vertex 12.75 -16.5736 0.00180626
      vertex 12.7909 -16.5612 0.00180626
      vertex 12.7847 -16.5649 0.00180626
    endloop
  endfacet
  facet normal 0 0 -1
    outer loop
      vertex 12.8069 16.5467 0.00180626
      vertex 12.75 16.5736 0.00180626
      vertex 12.802 16.552 0.00180626
    endloop
  endfacet
  facet normal 0 0 -1
    outer loop
      vertex 12.75 -16.5736 0.00180626
      vertex 12.7847 -16.5649 0.00180626
      vertex 12.7782 -16.568 0.00180626
    endloop
  endfacet
  facet normal 0 0 -1
    outer loop
      vertex 12.802 16.552 0.00180626
      vertex 12.75 16.5736 0.00180626
      vertex 12.7967 16.5569 0.00180626
    endloop
  endfacet
  facet normal 0 0 -1
    outer loop
      vertex 12.75 -16.5736 0.00180626
      vertex 12.7782 -16.568 0.00180626
      vertex 12.7714 -16.5704 0.00180626
    endloop
  endfacet
  facet normal 0 0 -1
    outer loop
      vertex 12.7967 16.5569 0.00180626
      vertex 12.75 16.5736 0.00180626
      vertex 12.7909 16.5612 0.00180626
    endloop
  endfacet
  facet normal 0 0 -1
    outer loop
      vertex 12.75 -16.5736 0.00180626
      vertex 12.7714 -16.5704 0.00180626
      vertex 12.7644 -16.5722 0.00180626
    endloop
  endfacet
  facet normal 0 0 -1
    outer loop
      vertex 12.7909 16.5612 0.00180626
      vertex 12.75 16.5736 0.00180626
      vertex 12.7847 16.5649 0.00180626
    endloop
  endfacet
  facet normal 0 0 -1
    outer loop
      vertex 12.75 -16.5736 0.00180626
      vertex 12.7644 -16.5722 0.00180626
      vertex 12.7572 -16.5732 0.00180626
    endloop
  endfacet
  facet normal 0 0 -1
    outer loop
      vertex 12.7847 16.5649 0.00180626
      vertex 12.75 16.5736 0.00180626
      vertex 12.7782 16.568 0.00180626
    endloop
  endfacet
  facet normal -0 0 -1
    outer loop
      vertex 12.8236 -16.5 0.00180626
      vertex 12.75 -16.5736 0.00180626
      vertex 12.25 -10 0.00180626
    endloop
  endfacet
  facet normal 0 0 -1
    outer loop
      vertex 12.7782 16.568 0.00180626
      vertex 12.75 16.5736 0.00180626
      vertex 12.7714 16.5704 0.00180626
    endloop
  endfacet
  facet normal 0 0 -1
    outer loop
      vertex 12.7714 16.5704 0.00180626
      vertex 12.75 16.5736 0.00180626
      vertex 12.7644 16.5722 0.00180626
    endloop
  endfacet
  facet normal 0 0 -1
    outer loop
      vertex 12.75 -16.5736 0.00180626
      vertex -12.25 -10 0.00180626
      vertex 12.25 -10 0.00180626
    endloop
  endfacet
  facet normal 0 0 -1
    outer loop
      vertex -12.8236 -16.5 0.00180626
      vertex -12.25 -10 0.00180626
      vertex -12.75 -16.5736 0.00180626
    endloop
  endfacet
  facet normal 0 0 -1
    outer loop
      vertex -12.75 -16.5736 0.00180626
      vertex -12.25 -10 0.00180626
      vertex 12.75 -16.5736 0.00180626
    endloop
  endfacet
  facet normal 0 0 -1
    outer loop
      vertex 12.7644 16.5722 0.00180626
      vertex 12.75 16.5736 0.00180626
      vertex 12.7572 16.5732 0.00180626
    endloop
  endfacet
  facet normal 0 0 -1
    outer loop
      vertex -12.25 10 0.00180626
      vertex 12.75 16.5736 0.00180626
      vertex 12.25 10 0.00180626
    endloop
  endfacet
  facet normal 0 0 -1
    outer loop
      vertex -12.25 10 0.00180626
      vertex -12.75 16.5736 0.00180626
      vertex 12.75 16.5736 0.00180626
    endloop
  endfacet
  facet normal -0 0 -1
    outer loop
      vertex -12.25 -10 0.00180626
      vertex -12.8236 -16.5 0.00180626
      vertex -12.25 10 0.00180626
    endloop
  endfacet
  facet normal 0 0 -1
    outer loop
      vertex -12.8236 -16.5 0.00180626
      vertex -12.75 -16.5736 0.00180626
      vertex -12.7572 -16.5732 0.00180626
    endloop
  endfacet
  facet normal 0 0 -1
    outer loop
      vertex -12.8236 16.5 0.00180626
      vertex -12.25 10 0.00180626
      vertex -12.8236 -16.5 0.00180626
    endloop
  endfacet
  facet normal 0 0 -1
    outer loop
      vertex -12.8236 -16.5 0.00180626
      vertex -12.7572 -16.5732 0.00180626
      vertex -12.7644 -16.5722 0.00180626
    endloop
  endfacet
  facet normal 0 0 -1
    outer loop
      vertex -12.25 10 0.00180626
      vertex -12.8236 16.5 0.00180626
      vertex -12.75 16.5736 0.00180626
    endloop
  endfacet
  facet normal 0 0 -1
    outer loop
      vertex -12.8236 -16.5 0.00180626
      vertex -12.7644 -16.5722 0.00180626
      vertex -12.7714 -16.5704 0.00180626
    endloop
  endfacet
  facet normal 0 0 -1
    outer loop
      vertex -12.75 16.5736 0.00180626
      vertex -12.8236 16.5 0.00180626
      vertex -12.7572 16.5732 0.00180626
    endloop
  endfacet
  facet normal 0 0 -1
    outer loop
      vertex -12.8236 -16.5 0.00180626
      vertex -12.7714 -16.5704 0.00180626
      vertex -12.7782 -16.568 0.00180626
    endloop
  endfacet
  facet normal 0 0 -1
    outer loop
      vertex -12.7572 16.5732 0.00180626
      vertex -12.8236 16.5 0.00180626
      vertex -12.7644 16.5722 0.00180626
    endloop
  endfacet
  facet normal 0 0 -1
    outer loop
      vertex -12.8236 -16.5 0.00180626
      vertex -12.7782 -16.568 0.00180626
      vertex -12.7847 -16.5649 0.00180626
    endloop
  endfacet
  facet normal 0 0 -1
    outer loop
      vertex -12.7644 16.5722 0.00180626
      vertex -12.8236 16.5 0.00180626
      vertex -12.7714 16.5704 0.00180626
    endloop
  endfacet
  facet normal 0 0 -1
    outer loop
      vertex -12.8236 -16.5 0.00180626
      vertex -12.7847 -16.5649 0.00180626
      vertex -12.7909 -16.5612 0.00180626
    endloop
  endfacet
  facet normal 0 0 -1
    outer loop
      vertex -12.7714 16.5704 0.00180626
      vertex -12.8236 16.5 0.00180626
      vertex -12.7782 16.568 0.00180626
    endloop
  endfacet
  facet normal 0 0 -1
    outer loop
      vertex -12.8236 -16.5 0.00180626
      vertex -12.7909 -16.5612 0.00180626
      vertex -12.7967 -16.5569 0.00180626
    endloop
  endfacet
  facet normal 0 0 -1
    outer loop
      vertex -12.7782 16.568 0.00180626
      vertex -12.8236 16.5 0.00180626
      vertex -12.7847 16.5649 0.00180626
    endloop
  endfacet
  facet normal 0 0 -1
    outer loop
      vertex -12.8236 -16.5 0.00180626
      vertex -12.7967 -16.5569 0.00180626
      vertex -12.802 -16.552 0.00180626
    endloop
  endfacet
  facet normal 0 0 -1
    outer loop
      vertex -12.7847 16.5649 0.00180626
      vertex -12.8236 16.5 0.00180626
      vertex -12.7909 16.5612 0.00180626
    endloop
  endfacet
  facet normal 0 0 -1
    outer loop
      vertex -12.8236 -16.5 0.00180626
      vertex -12.802 -16.552 0.00180626
      vertex -12.8069 -16.5467 0.00180626
    endloop
  endfacet
  facet normal 0 0 -1
    outer loop
      vertex -12.7909 16.5612 0.00180626
      vertex -12.8236 16.5 0.00180626
      vertex -12.7967 16.5569 0.00180626
    endloop
  endfacet
  facet normal 0 0 -1
    outer loop
      vertex -12.8236 -16.5 0.00180626
      vertex -12.8069 -16.5467 0.00180626
      vertex -12.8112 -16.5409 0.00180626
    endloop
  endfacet
  facet normal 0 0 -1
    outer loop
      vertex -12.7967 16.5569 0.00180626
      vertex -12.8236 16.5 0.00180626
      vertex -12.802 16.552 0.00180626
    endloop
  endfacet
  facet normal 0 0 -1
    outer loop
      vertex -12.8236 -16.5 0.00180626
      vertex -12.8112 -16.5409 0.00180626
      vertex -12.8149 -16.5347 0.00180626
    endloop
  endfacet
  facet normal 0 0 -1
    outer loop
      vertex -12.802 16.552 0.00180626
      vertex -12.8236 16.5 0.00180626
      vertex -12.8069 16.5467 0.00180626
    endloop
  endfacet
  facet normal 0 0 -1
    outer loop
      vertex -12.8236 -16.5 0.00180626
      vertex -12.8149 -16.5347 0.00180626
      vertex -12.818 -16.5282 0.00180626
    endloop
  endfacet
  facet normal 0 0 -1
    outer loop
      vertex -12.8069 16.5467 0.00180626
      vertex -12.8236 16.5 0.00180626
      vertex -12.8112 16.5409 0.00180626
    endloop
  endfacet
  facet normal 0 0 -1
    outer loop
      vertex -12.8236 -16.5 0.00180626
      vertex -12.818 -16.5282 0.00180626
      vertex -12.8204 -16.5214 0.00180626
    endloop
  endfacet
  facet normal 0 0 -1
    outer loop
      vertex -12.8112 16.5409 0.00180626
      vertex -12.8236 16.5 0.00180626
      vertex -12.8149 16.5347 0.00180626
    endloop
  endfacet
  facet normal 0 0 -1
    outer loop
      vertex -12.8236 -16.5 0.00180626
      vertex -12.8204 -16.5214 0.00180626
      vertex -12.8222 -16.5144 0.00180626
    endloop
  endfacet
  facet normal 0 0 -1
    outer loop
      vertex -12.8149 16.5347 0.00180626
      vertex -12.8236 16.5 0.00180626
      vertex -12.818 16.5282 0.00180626
    endloop
  endfacet
  facet normal 0 0 -1
    outer loop
      vertex -12.8236 -16.5 0.00180626
      vertex -12.8222 -16.5144 0.00180626
      vertex -12.8232 -16.5072 0.00180626
    endloop
  endfacet
  facet normal 0 0 -1
    outer loop
      vertex -12.818 16.5282 0.00180626
      vertex -12.8236 16.5 0.00180626
      vertex -12.8204 16.5214 0.00180626
    endloop
  endfacet
  facet normal 0 0 -1
    outer loop
      vertex -12.8204 16.5214 0.00180626
      vertex -12.8236 16.5 0.00180626
      vertex -12.8222 16.5144 0.00180626
    endloop
  endfacet
  facet normal 0 0 -1
    outer loop
      vertex -12.8222 16.5144 0.00180626
      vertex -12.8236 16.5 0.00180626
      vertex -12.8232 16.5072 0.00180626
    endloop
  endfacet
  facet normal -0.195025 0.00993183 -0.980748
    outer loop
      vertex -12.9701 16.5 0.0162344
      vertex -13.1127 16.5357 0.0449524
      vertex -12.969 16.5216 0.0162344
    endloop
  endfacet
  facet normal -0.19324 0.0281241 -0.980748
    outer loop
      vertex -12.969 16.5216 0.0162344
      vertex -13.1127 16.5357 0.0449524
      vertex -12.9659 16.5429 0.0162344
    endloop
  endfacet
  facet normal -0.005445 -0.09801 -0.995171
    outer loop
      vertex -12.75 -16.7201 0.0162344
      vertex -12.7572 -16.5732 0.00180626
      vertex -12.75 -16.5736 0.00180626
    endloop
  endfacet
  facet normal 0.0244469 -0.0950711 -0.99517
    outer loop
      vertex 12.7929 -16.7159 0.0162344
      vertex 12.7644 -16.5722 0.00180626
      vertex 12.7714 -16.5704 0.00180626
    endloop
  endfacet
  facet normal 0.0477795 -0.189315 -0.980753
    outer loop
      vertex 12.8558 -16.8488 0.0449524
      vertex 12.7929 -16.7159 0.0162344
      vertex 12.8139 -16.7106 0.0162344
    endloop
  endfacet
  facet normal 0.0836378 -0.176569 -0.980728
    outer loop
      vertex 12.8895 -16.8367 0.0449524
      vertex 12.8538 -16.6941 0.0162344
      vertex 12.9218 -16.8214 0.0449524
    endloop
  endfacet
  facet normal 0.0978501 -0.273629 -0.956845
    outer loop
      vertex 12.8967 -16.9836 0.0876837
      vertex 12.8558 -16.8488 0.0449524
      vertex 12.9434 -16.9669 0.0876837
    endloop
  endfacet
  facet normal -0.0135057 -0.097241 -0.995169
    outer loop
      vertex -12.7572 -16.5732 0.00180626
      vertex -12.7929 -16.7159 0.0162344
      vertex -12.7644 -16.5722 0.00180626
    endloop
  endfacet
  facet normal 0.116739 -0.156557 -0.980746
    outer loop
      vertex 12.9812 -16.7817 0.0449524
      vertex 12.8723 -16.683 0.0162344
      vertex 12.8896 -16.6701 0.0162344
    endloop
  endfacet
  facet normal 0.116435 -0.156887 -0.980729
    outer loop
      vertex 12.9525 -16.803 0.0449524
      vertex 12.8723 -16.683 0.0162344
      vertex 12.9812 -16.7817 0.0449524
    endloop
  endfacet
  facet normal 0.156557 -0.116739 -0.980746
    outer loop
      vertex 13.0317 -16.7312 0.0449524
      vertex 12.9201 -16.6396 0.0162344
      vertex 12.933 -16.6223 0.0162344
    endloop
  endfacet
  facet normal 0.144723 -0.131155 -0.980741
    outer loop
      vertex 13.0317 -16.7312 0.0449524
      vertex 12.9056 -16.6556 0.0162344
      vertex 12.9201 -16.6396 0.0162344
    endloop
  endfacet
  facet normal -0.0970855 0.0141298 -0.995176
    outer loop
      vertex -12.8232 16.5072 0.00180626
      vertex -12.969 16.5216 0.0162344
      vertex -12.9659 16.5429 0.0162344
    endloop
  endfacet
  facet normal -0.0788604 0.0584655 -0.99517
    outer loop
      vertex -12.8112 16.5409 0.00180626
      vertex -12.9201 16.6396 0.0162344
      vertex -12.8069 16.5467 0.00180626
    endloop
  endfacet
  facet normal 0.970231 0.143509 -0.195083
    outer loop
      vertex 14.198 16.6426 1.13553
      vertex 14.1771 16.7839 1.13553
      vertex 14.2053 16.7895 1.2799
    endloop
  endfacet
  facet normal 0.993975 0.0487508 -0.0981672
    outer loop
      vertex 14.2482 16.5 1.4264
      vertex 14.2266 16.6454 1.2799
      vertex 14.241 16.6468 1.4264
    endloop
  endfacet
  facet normal 0.970262 0.143418 -0.194993
    outer loop
      vertex 14.2266 16.6454 1.2799
      vertex 14.198 16.6426 1.13553
      vertex 14.2053 16.7895 1.2799
    endloop
  endfacet
  facet normal 0.923464 0.330496 -0.194904
    outer loop
      vertex 14.1424 16.9224 1.13553
      vertex 14.0943 17.0568 1.13553
      vertex 14.1699 16.9307 1.2799
    endloop
  endfacet
  facet normal 0.835531 0.39476 -0.382168
    outer loop
      vertex 14.0028 17.0189 0.858666
      vertex 13.9956 17.1658 0.994665
      vertex 14.0548 17.0405 0.994665
    endloop
  endfacet
  facet normal 0.865321 0.408835 -0.289953
    outer loop
      vertex 14.0548 17.0405 0.994665
      vertex 13.9956 17.1658 0.994665
      vertex 14.0943 17.0568 1.13553
    endloop
  endfacet
  facet normal 0.792608 0.475148 -0.382107
    outer loop
      vertex 13.9459 17.1392 0.858666
      vertex 13.8775 17.2533 0.858666
      vertex 13.9243 17.2846 0.994665
    endloop
  endfacet
  facet normal 0.742317 0.550407 -0.382122
    outer loop
      vertex 13.8775 17.2533 0.858666
      vertex 13.8417 17.396 0.994665
      vertex 13.9243 17.2846 0.994665
    endloop
  endfacet
  facet normal 0.426946 0.713922 -0.555007
    outer loop
      vertex 13.4194 17.5018 0.606451
      vertex 13.3179 17.5625 0.606451
      vertex 13.4648 17.5698 0.728846
    endloop
  endfacet
  facet normal 0.453458 0.756695 -0.470943
    outer loop
      vertex 13.4648 17.5698 0.728846
      vertex 13.3565 17.6347 0.728846
      vertex 13.3892 17.6959 0.858666
    endloop
  endfacet
  facet normal 0.322453 0.901074 -0.289983
    outer loop
      vertex 13.2905 17.8048 0.994665
      vertex 13.16 17.8515 0.994665
      vertex 13.3068 17.8443 1.13553
    endloop
  endfacet
  facet normal 0.408835 0.865321 -0.289953
    outer loop
      vertex 13.4158 17.7456 0.994665
      vertex 13.2905 17.8048 0.994665
      vertex 13.3068 17.8443 1.13553
    endloop
  endfacet
  facet normal -0.453606 0.756674 -0.470836
    outer loop
      vertex -13.4648 17.5698 0.728846
      vertex -13.5033 17.6275 0.858666
      vertex -13.3892 17.6959 0.858666
    endloop
  endfacet
  facet normal -0.453458 0.756695 -0.470943
    outer loop
      vertex -13.3565 17.6347 0.728846
      vertex -13.4648 17.5698 0.728846
      vertex -13.3892 17.6959 0.858666
    endloop
  endfacet
  facet normal -0.426278 0.470575 -0.772558
    outer loop
      vertex -13.3169 17.1907 0.295188
      vertex -13.4623 17.2123 0.388573
      vertex -13.389 17.2787 0.388573
    endloop
  endfacet
  facet normal -0.475019 0.524381 -0.70667
    outer loop
      vertex -13.4623 17.2123 0.388573
      vertex -13.5359 17.2859 0.492661
      vertex -13.389 17.2787 0.388573
    endloop
  endfacet
  facet normal -0.568219 0.421624 -0.706654
    outer loop
      vertex -13.5287 17.139 0.388573
      vertex -13.6741 17.1175 0.492661
      vertex -13.6091 17.2051 0.492661
    endloop
  endfacet
  facet normal -0.524351 0.475031 -0.706684
    outer loop
      vertex -13.5287 17.139 0.388573
      vertex -13.6091 17.2051 0.492661
      vertex -13.5359 17.2859 0.492661
    endloop
  endfacet
  facet normal -0.0244469 -0.0950711 -0.99517
    outer loop
      vertex -12.7644 -16.5722 0.00180626
      vertex -12.7929 -16.7159 0.0162344
      vertex -12.7714 -16.5704 0.00180626
    endloop
  endfacet
  facet normal -0.257306 0.283578 -0.923784
    outer loop
      vertex -13.1073 16.8573 0.0876837
      vertex -13.1569 16.9958 0.144015
      vertex -13.0706 16.8906 0.0876837
    endloop
  endfacet
  facet normal -0.195094 0.215416 -0.956835
    outer loop
      vertex -13.0077 16.7577 0.0449524
      vertex -13.1073 16.8573 0.0876837
      vertex -12.9812 16.7817 0.0449524
    endloop
  endfacet
  facet normal -0.242754 0.404591 -0.88169
    outer loop
      vertex -13.1063 17.0332 0.144015
      vertex -13.1135 17.1801 0.213407
      vertex -13.0523 17.0656 0.144015
    endloop
  endfacet
  facet normal -0.201659 0.426558 -0.881693
    outer loop
      vertex -13.0523 17.0656 0.144015
      vertex -13.1135 17.1801 0.213407
      vertex -12.9954 17.0925 0.144015
    endloop
  endfacet
  facet normal -0.1311 0.144757 -0.980744
    outer loop
      vertex -12.9056 16.6556 0.0162344
      vertex -13.0077 16.7577 0.0449524
      vertex -12.9812 16.7817 0.0449524
    endloop
  endfacet
  facet normal -0.129036 0.360837 -0.923659
    outer loop
      vertex -12.9434 16.9669 0.0876837
      vertex -12.9954 17.0925 0.144015
      vertex -12.8967 16.9836 0.0876837
    endloop
  endfacet
  facet normal -0.215179 0.195244 -0.956858
    outer loop
      vertex -13.0317 16.7312 0.0449524
      vertex -13.1406 16.8206 0.0876837
      vertex -13.1073 16.8573 0.0876837
    endloop
  endfacet
  facet normal -0.195244 0.215179 -0.956858
    outer loop
      vertex -12.9812 16.7817 0.0449524
      vertex -13.1073 16.8573 0.0876837
      vertex -13.0706 16.8906 0.0876837
    endloop
  endfacet
  facet normal -0.0706718 0.281875 -0.956845
    outer loop
      vertex -12.8558 16.8488 0.0449524
      vertex -12.8967 16.9836 0.0876837
      vertex -12.8211 16.8575 0.0449524
    endloop
  endfacet
  facet normal -0.215416 0.195094 -0.956835
    outer loop
      vertex -13.0317 16.7312 0.0449524
      vertex -13.1073 16.8573 0.0876837
      vertex -13.0077 16.7577 0.0449524
    endloop
  endfacet
  facet normal -0.144723 0.131155 -0.980741
    outer loop
      vertex -12.9201 16.6396 0.0162344
      vertex -13.0317 16.7312 0.0449524
      vertex -12.9056 16.6556 0.0162344
    endloop
  endfacet
  facet normal -0.273406 0.0981664 -0.956877
    outer loop
      vertex -13.0988 16.6058 0.0449524
      vertex -13.2169 16.6934 0.0876837
      vertex -13.0867 16.6395 0.0449524
    endloop
  endfacet
  facet normal -0.183779 0.065986 -0.98075
    outer loop
      vertex -12.9533 16.5842 0.0162344
      vertex -13.0988 16.6058 0.0449524
      vertex -13.0867 16.6395 0.0449524
    endloop
  endfacet
  facet normal -0.124369 0.262556 -0.956868
    outer loop
      vertex -12.9218 16.8214 0.0449524
      vertex -12.9434 16.9669 0.0876837
      vertex -12.8895 16.8367 0.0449524
    endloop
  endfacet
  facet normal -0.0978501 0.273629 -0.956845
    outer loop
      vertex -12.8558 16.8488 0.0449524
      vertex -12.9434 16.9669 0.0876837
      vertex -12.8967 16.9836 0.0876837
    endloop
  endfacet
  facet normal -0.0244469 0.0950711 -0.99517
    outer loop
      vertex -12.7714 16.5704 0.00180626
      vertex -12.7929 16.7159 0.0162344
      vertex -12.7644 16.5722 0.00180626
    endloop
  endfacet
  facet normal -0.00499014 0.0979881 -0.995175
    outer loop
      vertex -12.7572 16.5732 0.00180626
      vertex -12.7716 16.719 0.0162344
      vertex -12.75 16.7201 0.0162344
    endloop
  endfacet
  facet normal -0.005445 0.09801 -0.995171
    outer loop
      vertex -12.75 16.5736 0.00180626
      vertex -12.7572 16.5732 0.00180626
      vertex -12.75 16.7201 0.0162344
    endloop
  endfacet
  facet normal -0.0727413 0.0659218 -0.99517
    outer loop
      vertex -12.8069 16.5467 0.00180626
      vertex -12.9201 16.6396 0.0162344
      vertex -12.9056 16.6556 0.0162344
    endloop
  endfacet
  facet normal -0.0720157 0.0665806 -0.995179
    outer loop
      vertex -12.8069 16.5467 0.00180626
      vertex -12.9056 16.6556 0.0162344
      vertex -12.802 16.552 0.00180626
    endloop
  endfacet
  facet normal 0.0326528 -0.0925163 -0.995176
    outer loop
      vertex 12.8139 -16.7106 0.0162344
      vertex 12.7714 -16.5704 0.00180626
      vertex 12.7782 -16.568 0.00180626
    endloop
  endfacet
  facet normal 0.0332183 -0.0923742 -0.99517
    outer loop
      vertex 12.8139 -16.7106 0.0162344
      vertex 12.7782 -16.568 0.00180626
      vertex 12.8342 -16.7033 0.0162344
    endloop
  endfacet
  facet normal 0.0981664 -0.273406 -0.956877
    outer loop
      vertex 12.9434 -16.9669 0.0876837
      vertex 12.8558 -16.8488 0.0449524
      vertex 12.8895 -16.8367 0.0449524
    endloop
  endfacet
  facet normal 0.065986 -0.183779 -0.98075
    outer loop
      vertex 12.8558 -16.8488 0.0449524
      vertex 12.8342 -16.7033 0.0162344
      vertex 12.8895 -16.8367 0.0449524
    endloop
  endfacet
  facet normal 0.946758 0.140184 -0.289824
    outer loop
      vertex 14.1555 16.6384 0.994665
      vertex 14.1352 16.7755 0.994665
      vertex 14.198 16.6426 1.13553
    endloop
  endfacet
  facet normal 0.993998 0.0492213 -0.0977035
    outer loop
      vertex 14.2338 16.5 1.2799
      vertex 14.2266 16.6454 1.2799
      vertex 14.2482 16.5 1.4264
    endloop
  endfacet
  facet normal 0.979603 0.0485085 -0.195002
    outer loop
      vertex 14.2338 16.5 1.2799
      vertex 14.198 16.6426 1.13553
      vertex 14.2266 16.6454 1.2799
    endloop
  endfacet
  facet normal 0.979543 0.0480842 -0.195406
    outer loop
      vertex 14.205 16.5 1.13553
      vertex 14.198 16.6426 1.13553
      vertex 14.2338 16.5 1.2799
    endloop
  endfacet
  facet normal 0.965324 0.242015 -0.0978698
    outer loop
      vertex 14.2053 16.7895 1.2799
      vertex 14.1699 16.9307 1.2799
      vertex 14.1837 16.9349 1.4264
    endloop
  endfacet
  facet normal 0.965437 0.241698 -0.0975387
    outer loop
      vertex 14.2053 16.7895 1.2799
      vertex 14.1837 16.9349 1.4264
      vertex 14.2194 16.7923 1.4264
    endloop
  endfacet
  facet normal 0.928326 0.232599 -0.290014
    outer loop
      vertex 14.1352 16.7755 0.994665
      vertex 14.1015 16.91 0.994665
      vertex 14.1424 16.9224 1.13553
    endloop
  endfacet
  facet normal 0.901057 0.322477 -0.290008
    outer loop
      vertex 14.1015 16.91 0.994665
      vertex 14.0943 17.0568 1.13553
      vertex 14.1424 16.9224 1.13553
    endloop
  endfacet
  facet normal 0.427415 0.713236 -0.555528
    outer loop
      vertex 13.4648 17.5698 0.728846
      vertex 13.3179 17.5625 0.606451
      vertex 13.3565 17.6347 0.728846
    endloop
  endfacet
  facet normal 0.355698 0.751577 -0.555528
    outer loop
      vertex 13.3179 17.5625 0.606451
      vertex 13.2424 17.6887 0.728846
      vertex 13.3565 17.6347 0.728846
    endloop
  endfacet
  facet normal 0.475148 0.792608 -0.382107
    outer loop
      vertex 13.5033 17.6275 0.858666
      vertex 13.3892 17.6959 0.858666
      vertex 13.5346 17.6743 0.994665
    endloop
  endfacet
  facet normal 0.550407 0.742317 -0.382122
    outer loop
      vertex 13.646 17.5917 0.994665
      vertex 13.5033 17.6275 0.858666
      vertex 13.5346 17.6743 0.994665
    endloop
  endfacet
  facet normal 0.591842 0.654031 -0.471133
    outer loop
      vertex 13.6598 17.4098 0.728846
      vertex 13.5662 17.4945 0.728846
      vertex 13.6102 17.5482 0.858666
    endloop
  endfacet
  facet normal 0.558099 0.616742 -0.555116
    outer loop
      vertex 13.6598 17.4098 0.728846
      vertex 13.5143 17.4313 0.606451
      vertex 13.5662 17.4945 0.728846
    endloop
  endfacet
  facet normal -0.460878 0.621121 -0.633877
    outer loop
      vertex -13.4551 17.3591 0.492661
      vertex -13.5143 17.4313 0.606451
      vertex -13.3675 17.4241 0.492661
    endloop
  endfacet
  facet normal -0.426946 0.713922 -0.555007
    outer loop
      vertex -13.4194 17.5018 0.606451
      vertex -13.4648 17.5698 0.728846
      vertex -13.3179 17.5625 0.606451
    endloop
  endfacet
  facet normal 0 0.29041 -0.956902
    outer loop
      vertex -12.75 16.8645 0.0449524
      vertex 12.75 17.0053 0.0876837
      vertex 12.75 16.8645 0.0449524
    endloop
  endfacet
  facet normal 0 0.29041 -0.956902
    outer loop
      vertex 12.75 17.0053 0.0876837
      vertex -12.75 16.8645 0.0449524
      vertex -12.75 17.0053 0.0876837
    endloop
  endfacet
  facet normal -0.092719 0.371649 -0.923732
    outer loop
      vertex -12.8486 16.9956 0.0876837
      vertex -12.8967 16.9836 0.0876837
      vertex -12.8751 17.129 0.144015
    endloop
  endfacet
  facet normal -0.283578 0.257306 -0.923784
    outer loop
      vertex -13.1406 16.8206 0.0876837
      vertex -13.2458 16.9069 0.144015
      vertex -13.1073 16.8573 0.0876837
    endloop
  endfacet
  facet normal -0.283546 0.257382 -0.923773
    outer loop
      vertex -13.1073 16.8573 0.0876837
      vertex -13.2458 16.9069 0.144015
      vertex -13.2035 16.9535 0.144015
    endloop
  endfacet
  facet normal -0.346394 0.163918 -0.923657
    outer loop
      vertex -13.2169 16.6934 0.0876837
      vertex -13.3425 16.7454 0.144015
      vertex -13.1957 16.7382 0.0876837
    endloop
  endfacet
  facet normal -0.189315 0.0477795 -0.980753
    outer loop
      vertex -12.9659 16.5429 0.0162344
      vertex -13.0988 16.6058 0.0449524
      vertex -12.9606 16.5639 0.0162344
    endloop
  endfacet
  facet normal -0.233328 0.173167 -0.956855
    outer loop
      vertex -13.053 16.7025 0.0449524
      vertex -13.1702 16.7807 0.0876837
      vertex -13.0317 16.7312 0.0449524
    endloop
  endfacet
  facet normal -0.156887 0.116435 -0.980729
    outer loop
      vertex -12.933 16.6223 0.0162344
      vertex -13.053 16.7025 0.0449524
      vertex -13.0317 16.7312 0.0449524
    endloop
  endfacet
  facet normal -0.189446 0.0474979 -0.980742
    outer loop
      vertex -12.9659 16.5429 0.0162344
      vertex -13.1075 16.5711 0.0449524
      vertex -13.0988 16.6058 0.0449524
    endloop
  endfacet
  facet normal -0.281875 0.0706718 -0.956845
    outer loop
      vertex -13.1075 16.5711 0.0449524
      vertex -13.2336 16.6467 0.0876837
      vertex -13.0988 16.6058 0.0449524
    endloop
  endfacet
  facet normal -0.0586673 0.0786779 -0.995172
    outer loop
      vertex -12.7909 16.5612 0.00180626
      vertex -12.8896 16.6701 0.0162344
      vertex -12.8723 16.683 0.0162344
    endloop
  endfacet
  facet normal -0.0502755 0.0842454 -0.995176
    outer loop
      vertex -12.7909 16.5612 0.00180626
      vertex -12.8538 16.6941 0.0162344
      vertex -12.7847 16.5649 0.00180626
    endloop
  endfacet
  facet normal -0.19714 0.328567 -0.923677
    outer loop
      vertex -12.9882 16.9457 0.0876837
      vertex -13.1063 17.0332 0.144015
      vertex -13.0523 17.0656 0.144015
    endloop
  endfacet
  facet normal -0.163768 0.346409 -0.923678
    outer loop
      vertex -12.9882 16.9457 0.0876837
      vertex -13.0523 17.0656 0.144015
      vertex -12.9954 17.0925 0.144015
    endloop
  endfacet
  facet normal -0.519493 0.573143 -0.633746
    outer loop
      vertex -13.5359 17.2859 0.492661
      vertex -13.6019 17.3519 0.606451
      vertex -13.5143 17.4313 0.606451
    endloop
  endfacet
  facet normal -0.558391 0.616058 -0.555583
    outer loop
      vertex -13.6019 17.3519 0.606451
      vertex -13.6598 17.4098 0.728846
      vertex -13.5143 17.4313 0.606451
    endloop
  endfacet
  facet normal -0.0427513 0.287546 -0.956812
    outer loop
      vertex -12.8211 16.8575 0.0449524
      vertex -12.8486 16.9956 0.0876837
      vertex -12.7995 17.0029 0.0876837
    endloop
  endfacet
  facet normal -0.227607 0.307939 -0.923779
    outer loop
      vertex -13.0706 16.8906 0.0876837
      vertex -13.1569 16.9958 0.144015
      vertex -13.1063 17.0332 0.144015
    endloop
  endfacet
  facet normal -0.22829 0.307729 -0.923681
    outer loop
      vertex -13.0706 16.8906 0.0876837
      vertex -13.1063 17.0332 0.144015
      vertex -13.0307 16.9202 0.0876837
    endloop
  endfacet
  facet normal -0.233349 0.173111 -0.95686
    outer loop
      vertex -13.0317 16.7312 0.0449524
      vertex -13.1702 16.7807 0.0876837
      vertex -13.1406 16.8206 0.0876837
    endloop
  endfacet
  facet normal -0.307729 0.22829 -0.923681
    outer loop
      vertex -13.1702 16.7807 0.0876837
      vertex -13.2832 16.8563 0.144015
      vertex -13.1406 16.8206 0.0876837
    endloop
  endfacet
  facet normal -0.346409 0.163768 -0.923678
    outer loop
      vertex -13.1957 16.7382 0.0876837
      vertex -13.3425 16.7454 0.144015
      vertex -13.3156 16.8023 0.144015
    endloop
  endfacet
  facet normal -0.328567 0.19714 -0.923677
    outer loop
      vertex -13.1957 16.7382 0.0876837
      vertex -13.3156 16.8023 0.144015
      vertex -13.2832 16.8563 0.144015
    endloop
  endfacet
  facet normal -0.249212 0.149365 -0.956861
    outer loop
      vertex -13.0714 16.6718 0.0449524
      vertex -13.1702 16.7807 0.0876837
      vertex -13.053 16.7025 0.0449524
    endloop
  endfacet
  facet normal -0.16759 0.100445 -0.980726
    outer loop
      vertex -12.9441 16.6038 0.0162344
      vertex -13.0714 16.6718 0.0449524
      vertex -13.053 16.7025 0.0449524
    endloop
  endfacet
  facet normal -0.0836378 0.176569 -0.980728
    outer loop
      vertex -12.8538 16.6941 0.0162344
      vertex -12.9218 16.8214 0.0449524
      vertex -12.8895 16.8367 0.0449524
    endloop
  endfacet
  facet normal -0.124254 0.262575 -0.956878
    outer loop
      vertex -12.9218 16.8214 0.0449524
      vertex -12.9882 16.9457 0.0876837
      vertex -12.9434 16.9669 0.0876837
    endloop
  endfacet
  facet normal -0.0584655 0.0788604 -0.99517
    outer loop
      vertex -12.7967 16.5569 0.00180626
      vertex -12.8896 16.6701 0.0162344
      vertex -12.7909 16.5612 0.00180626
    endloop
  endfacet
  facet normal -0.0659218 0.0727413 -0.99517
    outer loop
      vertex -12.7967 16.5569 0.00180626
      vertex -12.9056 16.6556 0.0162344
      vertex -12.8896 16.6701 0.0162344
    endloop
  endfacet
  facet normal -0.00993183 0.195025 -0.980748
    outer loop
      vertex -12.7716 16.719 0.0162344
      vertex -12.7857 16.8627 0.0449524
      vertex -12.75 16.7201 0.0162344
    endloop
  endfacet
  facet normal -0.0140791 0.290381 -0.956808
    outer loop
      vertex -12.75 16.8645 0.0449524
      vertex -12.7995 17.0029 0.0876837
      vertex -12.75 17.0053 0.0876837
    endloop
  endfacet
  facet normal -0.0477795 0.189315 -0.980753
    outer loop
      vertex -12.8139 16.7106 0.0162344
      vertex -12.8558 16.8488 0.0449524
      vertex -12.7929 16.7159 0.0162344
    endloop
  endfacet
  facet normal -0.0660827 0.183764 -0.980747
    outer loop
      vertex -12.8342 16.7033 0.0162344
      vertex -12.8558 16.8488 0.0449524
      vertex -12.8139 16.7106 0.0162344
    endloop
  endfacet
  facet normal -0.116435 0.156887 -0.980729
    outer loop
      vertex -12.8723 16.683 0.0162344
      vertex -12.9812 16.7817 0.0449524
      vertex -12.9525 16.803 0.0449524
    endloop
  endfacet
  facet normal -0.173167 0.233328 -0.956855
    outer loop
      vertex -12.9812 16.7817 0.0449524
      vertex -13.0307 16.9202 0.0876837
      vertex -12.9525 16.803 0.0449524
    endloop
  endfacet
  facet normal -0.0283871 0.193251 -0.980739
    outer loop
      vertex -12.7929 16.7159 0.0162344
      vertex -12.8211 16.8575 0.0449524
      vertex -12.7857 16.8627 0.0449524
    endloop
  endfacet
  facet normal -0.0422289 0.287481 -0.956855
    outer loop
      vertex -12.7857 16.8627 0.0449524
      vertex -12.8211 16.8575 0.0449524
      vertex -12.7995 17.0029 0.0876837
    endloop
  endfacet
  facet normal -0.0981664 0.273406 -0.956877
    outer loop
      vertex -12.8895 16.8367 0.0449524
      vertex -12.9434 16.9669 0.0876837
      vertex -12.8558 16.8488 0.0449524
    endloop
  endfacet
  facet normal -0.065986 0.183779 -0.98075
    outer loop
      vertex -12.8342 16.7033 0.0162344
      vertex -12.8895 16.8367 0.0449524
      vertex -12.8558 16.8488 0.0449524
    endloop
  endfacet
  facet normal -0.100445 0.16759 -0.980726
    outer loop
      vertex -12.8538 16.6941 0.0162344
      vertex -12.9525 16.803 0.0449524
      vertex -12.9218 16.8214 0.0449524
    endloop
  endfacet
  facet normal -0.149365 0.249212 -0.956861
    outer loop
      vertex -12.9525 16.803 0.0449524
      vertex -13.0307 16.9202 0.0876837
      vertex -12.9218 16.8214 0.0449524
    endloop
  endfacet
  facet normal -1 0 0
    outer loop
      vertex 11 -14.5 9.7
      vertex 11 3.5 12.7
      vertex 11 3.5 9.7
    endloop
  endfacet
  facet normal -1 -0 0
    outer loop
      vertex 11 3.5 12.7
      vertex 11 -14.5 9.7
      vertex 11 -14.5 12.7
    endloop
  endfacet
  facet normal -1 0 0
    outer loop
      vertex 11 5.5 9.7
      vertex 11 16.5 9.705
      vertex 11 16.5 9.7
    endloop
  endfacet
  facet normal -1 -0 0
    outer loop
      vertex 11 16.5 9.705
      vertex 11 5.5 9.7
      vertex 11 16.5 12.7
    endloop
  endfacet
  facet normal -1 -0 0
    outer loop
      vertex 11 16.5 12.7
      vertex 11 5.5 9.7
      vertex 11 5.5 12.7
    endloop
  endfacet
  facet normal 0 0 0
    outer loop
      vertex 11 16.5 9.7
      vertex 11 -16.5 9.7
      vertex 11 -14.5 9.7
    endloop
  endfacet
  facet normal 0 0 -0
    outer loop
      vertex 11 5.5 9.7
      vertex 11 16.5 9.7
      vertex 11 -14.5 9.7
    endloop
  endfacet
  facet normal 0 0 0
    outer loop
      vertex 11 -14.5 9.7
      vertex 11 3.5 9.7
      vertex 11 5.5 9.7
    endloop
  endfacet
  facet normal -1 0 0
    outer loop
      vertex 11 -16.5 3.2
      vertex 11 16.5 9.7
      vertex 11 16.5 3.2
    endloop
  endfacet
  facet normal -1 -0 0
    outer loop
      vertex 11 16.5 9.7
      vertex 11 -16.5 3.2
      vertex 11 -16.5 9.7
    endloop
  endfacet
  facet normal -0 0 1
    outer loop
      vertex -11 16.5 3.2
      vertex 11 -16.5 3.2
      vertex 11 16.5 3.2
    endloop
  endfacet
  facet normal 0 0 1
    outer loop
      vertex 11 -16.5 3.2
      vertex -11 16.5 3.2
      vertex -11 -16.5 3.2
    endloop
  endfacet
  facet normal 1 -0 0
    outer loop
      vertex -11 -14.5 12.7
      vertex -11 3.5 9.7
      vertex -11 3.5 12.7
    endloop
  endfacet
  facet normal 1 0 0
    outer loop
      vertex -11 3.5 9.7
      vertex -11 -14.5 12.7
      vertex -11 -14.5 9.7
    endloop
  endfacet
  facet normal 1 -0 0
    outer loop
      vertex -11 5.5 12.7
      vertex -11 16.5 9.705
      vertex -11 16.5 12.7
    endloop
  endfacet
  facet normal 1 0 0
    outer loop
      vertex -11 5.5 9.7
      vertex -11 16.5 9.705
      vertex -11 5.5 12.7
    endloop
  endfacet
  facet normal 1 0 0
    outer loop
      vertex -11 16.5 9.705
      vertex -11 5.5 9.7
      vertex -11 16.5 9.7
    endloop
  endfacet
  facet normal 0 0 0
    outer loop
      vertex -11 16.5 9.7
      vertex -11 5.5 9.7
      vertex -11 3.5 9.7
    endloop
  endfacet
  facet normal 0 0 0
    outer loop
      vertex -11 3.5 9.7
      vertex -11 -14.5 9.7
      vertex -11 -16.5 9.7
    endloop
  endfacet
  facet normal -0 0 0
    outer loop
      vertex -11 3.5 9.7
      vertex -11 -16.5 9.7
      vertex -11 16.5 9.7
    endloop
  endfacet
  facet normal 1 -0 0
    outer loop
      vertex -11 -16.5 9.7
      vertex -11 16.5 3.2
      vertex -11 16.5 9.7
    endloop
  endfacet
  facet normal 1 0 0
    outer loop
      vertex -11 16.5 3.2
      vertex -11 -16.5 9.7
      vertex -11 -16.5 3.2
    endloop
  endfacet
  facet normal 0 -1 0
    outer loop
      vertex 4.75 16.5 11.7
      vertex 4.75 16.5 9.705
      vertex 5.75 16.5 11.7
    endloop
  endfacet
  facet normal 0 -1 0
    outer loop
      vertex 3 16.5 19.7
      vertex 11 16.5 25.71
      vertex -3 16.5 19.7
    endloop
  endfacet
  facet normal 0 -1 0
    outer loop
      vertex -4.75 16.5 20.1
      vertex -3 16.5 15.7
      vertex -3 16.5 19.7
    endloop
  endfacet
  facet normal 0 -1 -0
    outer loop
      vertex -3 16.5 15.7
      vertex -4.75 16.5 11.71
      vertex 3 16.5 15.7
    endloop
  endfacet
  facet normal 0 -1 0
    outer loop
      vertex -4.75 16.5 11.71
      vertex -3 16.5 15.7
      vertex -4.75 16.5 20.1
    endloop
  endfacet
  facet normal 0 -1 0
    outer loop
      vertex -4.75 16.5 20.1
      vertex -11 16.5 25.71
      vertex -5.75 16.5 20.1
    endloop
  endfacet
  facet normal 0 -1 0
    outer loop
      vertex -11 16.5 12.99
      vertex -5.75 16.5 20.1
      vertex -11 16.5 25.71
    endloop
  endfacet
  facet normal 0 -1 0
    outer loop
      vertex -5.75 16.5 11.7
      vertex -11 16.5 12.99
      vertex -11 16.5 12.7
    endloop
  endfacet
  facet normal 0 -1 0
    outer loop
      vertex -11 16.5 12.99
      vertex -5.75 16.5 11.7
      vertex -5.75 16.5 20.1
    endloop
  endfacet
  facet normal 0 -1 0
    outer loop
      vertex -11 16.5 9.705
      vertex -5.75 16.5 11.7
      vertex -11 16.5 12.7
    endloop
  endfacet
  facet normal 0 -1 0
    outer loop
      vertex -11 16.5 9.7
      vertex -5.75 16.5 11.7
      vertex -11 16.5 9.705
    endloop
  endfacet
  facet normal 0 -1 0
    outer loop
      vertex -5.75 16.5 11.7
      vertex -4.75 16.5 9.705
      vertex -4.75 16.5 11.7
    endloop
  endfacet
  facet normal 0 -1 -0
    outer loop
      vertex -5.75 16.5 11.7
      vertex -11 16.5 9.7
      vertex -4.75 16.5 9.705
    endloop
  endfacet
  facet normal 0 -1 0
    outer loop
      vertex -11 16.5 3.2
      vertex -4.75 16.5 9.705
      vertex -11 16.5 9.7
    endloop
  endfacet
  facet normal 0 -1 -0
    outer loop
      vertex -4.75 16.5 9.705
      vertex -11 16.5 3.2
      vertex 4.75 16.5 9.705
    endloop
  endfacet
  facet normal 0 -1 0
    outer loop
      vertex 4.75 16.5 9.705
      vertex 11 16.5 9.7
      vertex 11 16.5 9.705
    endloop
  endfacet
  facet normal 0 -1 0
    outer loop
      vertex 11 16.5 3.2
      vertex 4.75 16.5 9.705
      vertex -11 16.5 3.2
    endloop
  endfacet
  facet normal 0 -1 0
    outer loop
      vertex 4.75 16.5 9.705
      vertex 11 16.5 3.2
      vertex 11 16.5 9.7
    endloop
  endfacet
  facet normal 0 -1 0
    outer loop
      vertex -3 16.5 19.7
      vertex -11 16.5 25.71
      vertex -4.75 16.5 20.1
    endloop
  endfacet
  facet normal 0 -1 0
    outer loop
      vertex -11 16.5 25.71
      vertex -3 16.5 19.7
      vertex 11 16.5 25.71
    endloop
  endfacet
  facet normal 0 -1 0
    outer loop
      vertex 5.75 16.5 20.1
      vertex 11 16.5 25.71
      vertex 4.75 16.5 20.1
    endloop
  endfacet
  facet normal 0 -1 0
    outer loop
      vertex 5.75 16.5 20.1
      vertex 11 16.5 12.99
      vertex 11 16.5 25.71
    endloop
  endfacet
  facet normal 0 -1 0
    outer loop
      vertex 5.75 16.5 11.7
      vertex 11 16.5 12.99
      vertex 5.75 16.5 20.1
    endloop
  endfacet
  facet normal 0 -1 -0
    outer loop
      vertex 11 16.5 12.99
      vertex 5.75 16.5 11.7
      vertex 11 16.5 12.7
    endloop
  endfacet
  facet normal 0 -1 0
    outer loop
      vertex 11 16.5 9.705
      vertex 5.75 16.5 11.7
      vertex 4.75 16.5 9.705
    endloop
  endfacet
  facet normal 0 -1 0
    outer loop
      vertex 5.75 16.5 11.7
      vertex 11 16.5 9.705
      vertex 11 16.5 12.7
    endloop
  endfacet
  facet normal 0 -1 0
    outer loop
      vertex 11 16.5 25.71
      vertex 3 16.5 19.7
      vertex 4.75 16.5 20.1
    endloop
  endfacet
  facet normal 0 -1 0
    outer loop
      vertex 3 16.5 15.7
      vertex 4.75 16.5 20.1
      vertex 3 16.5 19.7
    endloop
  endfacet
  facet normal 0 -1 0
    outer loop
      vertex 3 16.5 15.7
      vertex 4.75 16.5 11.71
      vertex 4.75 16.5 20.1
    endloop
  endfacet
  facet normal 0 -1 0
    outer loop
      vertex 4.75 16.5 11.71
      vertex 3 16.5 15.7
      vertex -4.75 16.5 11.71
    endloop
  endfacet
  facet normal 0 1 -0
    outer loop
      vertex 11 -16.5 3.2
      vertex 9 -16.5 9.7
      vertex 11 -16.5 9.7
    endloop
  endfacet
  facet normal 0 1 0
    outer loop
      vertex 9 -16.5 9.7
      vertex 11 -16.5 3.2
      vertex -9 -16.5 9.7
    endloop
  endfacet
  facet normal 0 1 0
    outer loop
      vertex -11 -16.5 3.2
      vertex -9 -16.5 9.7
      vertex 11 -16.5 3.2
    endloop
  endfacet
  facet normal 0 1 0
    outer loop
      vertex -9 -16.5 9.7
      vertex -11 -16.5 3.2
      vertex -11 -16.5 9.7
    endloop
  endfacet
  facet normal 0 1 0
    outer loop
      vertex 11 -16.5 25.71
      vertex 4.75 -16.5 16.2
      vertex -11 -16.5 25.71
    endloop
  endfacet
  facet normal 0 1 -0
    outer loop
      vertex 11 -16.5 12.99
      vertex 4.75 -16.5 16.2
      vertex 11 -16.5 25.71
    endloop
  endfacet
  facet normal 0 1 0
    outer loop
      vertex 9 -16.5 12.7
      vertex 11 -16.5 12.99
      vertex 11 -16.5 12.7
    endloop
  endfacet
  facet normal 0 1 0
    outer loop
      vertex 11 -16.5 12.99
      vertex 9 -16.5 12.7
      vertex 4.75 -16.5 16.2
    endloop
  endfacet
  facet normal 0 1 0
    outer loop
      vertex 9 -16.5 12.7
      vertex 4.75 -16.5 12.7
      vertex 4.75 -16.5 16.2
    endloop
  endfacet
  facet normal 0 1 -0
    outer loop
      vertex 9 -16.5 9.7
      vertex 4.75 -16.5 12.7
      vertex 9 -16.5 12.7
    endloop
  endfacet
  facet normal 0 1 0
    outer loop
      vertex 4.75 -16.5 12.7
      vertex 9 -16.5 9.7
      vertex -4.75 -16.5 12.7
    endloop
  endfacet
  facet normal 0 1 0
    outer loop
      vertex -9 -16.5 9.7
      vertex -4.75 -16.5 12.7
      vertex 9 -16.5 9.7
    endloop
  endfacet
  facet normal 0 1 0
    outer loop
      vertex -4.75 -16.5 12.7
      vertex -9 -16.5 9.7
      vertex -9 -16.5 12.7
    endloop
  endfacet
  facet normal 0 1 -0
    outer loop
      vertex -4.75 -16.5 16.2
      vertex -11 -16.5 25.71
      vertex 4.75 -16.5 16.2
    endloop
  endfacet
  facet normal 0 1 0
    outer loop
      vertex -4.75 -16.5 16.2
      vertex -11 -16.5 12.99
      vertex -11 -16.5 25.71
    endloop
  endfacet
  facet normal 0 1 0
    outer loop
      vertex -9 -16.5 12.7
      vertex -4.75 -16.5 16.2
      vertex -4.75 -16.5 12.7
    endloop
  endfacet
  facet normal 0 1 0
    outer loop
      vertex -4.75 -16.5 16.2
      vertex -9 -16.5 12.7
      vertex -11 -16.5 12.99
    endloop
  endfacet
  facet normal 0 1 0
    outer loop
      vertex -11 -16.5 12.99
      vertex -9 -16.5 12.7
      vertex -11 -16.5 12.7
    endloop
  endfacet
  facet normal -1 0 0
    outer loop
      vertex 12.25 -10 0.00180626
      vertex 12.25 10 2
      vertex 12.25 10 0.00180626
    endloop
  endfacet
  facet normal -1 -0 0
    outer loop
      vertex 12.25 10 2
      vertex 12.25 -10 0.00180626
      vertex 12.25 -10 2
    endloop
  endfacet
  facet normal 0 0 -1
    outer loop
      vertex -12.25 -10 2
      vertex 12.25 10 2
      vertex 12.25 -10 2
    endloop
  endfacet
  facet normal -0 0 -1
    outer loop
      vertex 12.25 10 2
      vertex -12.25 -10 2
      vertex -12.25 10 2
    endloop
  endfacet
  facet normal 1 -0 0
    outer loop
      vertex -12.25 -10 2
      vertex -12.25 10 0.00180626
      vertex -12.25 10 2
    endloop
  endfacet
  facet normal 1 0 0
    outer loop
      vertex -12.25 10 0.00180626
      vertex -12.25 -10 2
      vertex -12.25 -10 0.00180626
    endloop
  endfacet
  facet normal 0 -1 0
    outer loop
      vertex -12.25 10 0.00180626
      vertex 12.25 10 2
      vertex -12.25 10 2
    endloop
  endfacet
  facet normal 0 -1 -0
    outer loop
      vertex 12.25 10 2
      vertex -12.25 10 0.00180626
      vertex 12.25 10 0.00180626
    endloop
  endfacet
  facet normal 0 1 -0
    outer loop
      vertex 12.25 -10 0.00180626
      vertex -12.25 -10 2
      vertex 12.25 -10 2
    endloop
  endfacet
  facet normal 0 1 0
    outer loop
      vertex -12.25 -10 2
      vertex 12.25 -10 0.00180626
      vertex -12.25 -10 0.00180626
    endloop
  endfacet
  facet normal 1 -0 0
    outer loop
      vertex 12 5.5 12.7
      vertex 12 16.5 9.705
      vertex 12 16.5 12.7
    endloop
  endfacet
  facet normal 1 0 0
    outer loop
      vertex 12 16.5 9.705
      vertex 12 5.5 12.7
      vertex 12 5.5 9.705
    endloop
  endfacet
  facet normal 1 0 0
    outer loop
      vertex 12 3.5 12.7
      vertex 12 -5 12
      vertex 12 3.5 12
    endloop
  endfacet
  facet normal 1 0 0
    outer loop
      vertex 12 -5 12
      vertex 12 -14.5 12.7
      vertex 12 -5 11.2
    endloop
  endfacet
  facet normal 1 -0 0
    outer loop
      vertex 12 -14.5 12.7
      vertex 12 -5 12
      vertex 12 3.5 12.7
    endloop
  endfacet
  facet normal 1 -0 0
    outer loop
      vertex 12 -5 11.2
      vertex 12 3.5 9.705
      vertex 12 3.5 11.2
    endloop
  endfacet
  facet normal 1 0 0
    outer loop
      vertex 12 -14.5 9.705
      vertex 12 -5 11.2
      vertex 12 -14.5 12.7
    endloop
  endfacet
  facet normal 1 0 0
    outer loop
      vertex 12 -5 11.2
      vertex 12 -14.5 9.705
      vertex 12 3.5 9.705
    endloop
  endfacet
  facet normal -0 0 1
    outer loop
      vertex 11 16.5 12.7
      vertex 12 5.5 12.7
      vertex 12 16.5 12.7
    endloop
  endfacet
  facet normal 0 0 1
    outer loop
      vertex 12 5.5 12.7
      vertex 11 16.5 12.7
      vertex 11 5.5 12.7
    endloop
  endfacet
  facet normal -0 0 1
    outer loop
      vertex 11 3.5 12.7
      vertex 12 -14.5 12.7
      vertex 12 3.5 12.7
    endloop
  endfacet
  facet normal 0 0 1
    outer loop
      vertex 12 -14.5 12.7
      vertex 11 3.5 12.7
      vertex 11 -14.5 12.7
    endloop
  endfacet
  facet normal 0 1 -0
    outer loop
      vertex 12 16.5 9.705
      vertex 11 16.5 12.7
      vertex 12 16.5 12.7
    endloop
  endfacet
  facet normal 0 1 0
    outer loop
      vertex 11 16.5 12.7
      vertex 12 16.5 9.705
      vertex 11 16.5 9.705
    endloop
  endfacet
  facet normal 0 -1 0
    outer loop
      vertex 11 -16.5 9.705
      vertex 12.15 -16.5 12.7
      vertex 11 -16.5 12.7
    endloop
  endfacet
  facet normal 0 -1 -0
    outer loop
      vertex 12.15 -16.5 12.7
      vertex 11 -16.5 9.705
      vertex 12.15 -16.5 9.705
    endloop
  endfacet
  facet normal -0 0 1
    outer loop
      vertex -12 16.5 12.7
      vertex -11 5.5 12.7
      vertex -11 16.5 12.7
    endloop
  endfacet
  facet normal 0 0 1
    outer loop
      vertex -11 5.5 12.7
      vertex -12 16.5 12.7
      vertex -12 5.5 12.7
    endloop
  endfacet
  facet normal -0 0 1
    outer loop
      vertex -12 3.5 12.7
      vertex -11 -14.5 12.7
      vertex -11 3.5 12.7
    endloop
  endfacet
  facet normal 0 0 1
    outer loop
      vertex -11 -14.5 12.7
      vertex -12 3.5 12.7
      vertex -12 -14.5 12.7
    endloop
  endfacet
  facet normal -1 0 0
    outer loop
      vertex -12 5.5 9.705
      vertex -12 16.5 12.7
      vertex -12 16.5 9.705
    endloop
  endfacet
  facet normal -1 -0 0
    outer loop
      vertex -12 16.5 12.7
      vertex -12 5.5 9.705
      vertex -12 5.5 12.7
    endloop
  endfacet
  facet normal -1 0 0
    outer loop
      vertex -12 3.5 9.705
      vertex -12 -5 11.2
      vertex -12 3.5 11.2
    endloop
  endfacet
  facet normal -1 0 0
    outer loop
      vertex -12 -14.5 12.7
      vertex -12 -5 11.2
      vertex -12 -14.5 9.705
    endloop
  endfacet
  facet normal -1 0 0
    outer loop
      vertex -12 -14.5 9.705
      vertex -12 -5 11.2
      vertex -12 3.5 9.705
    endloop
  endfacet
  facet normal -1 0 0
    outer loop
      vertex -12 -5 12
      vertex -12 3.5 12.7
      vertex -12 3.5 12
    endloop
  endfacet
  facet normal -1 0 0
    outer loop
      vertex -12 -5 12
      vertex -12 -14.5 12.7
      vertex -12 3.5 12.7
    endloop
  endfacet
  facet normal -1 0 0
    outer loop
      vertex -12 -5 11.2
      vertex -12 -14.5 12.7
      vertex -12 -5 12
    endloop
  endfacet
  facet normal 0 1 -0
    outer loop
      vertex -11 16.5 9.705
      vertex -12 16.5 12.7
      vertex -11 16.5 12.7
    endloop
  endfacet
  facet normal 0 1 0
    outer loop
      vertex -12 16.5 12.7
      vertex -11 16.5 9.705
      vertex -12 16.5 9.705
    endloop
  endfacet
  facet normal 0 -1 0
    outer loop
      vertex -12.15 -16.5 9.705
      vertex -11 -16.5 12.7
      vertex -12.15 -16.5 12.7
    endloop
  endfacet
  facet normal 0 -1 -0
    outer loop
      vertex -11 -16.5 12.7
      vertex -12.15 -16.5 9.705
      vertex -11 -16.5 9.705
    endloop
  endfacet
  facet normal 1 -0 0
    outer loop
      vertex 12.3 -5 12
      vertex 12.3 3.5 11.2
      vertex 12.3 3.5 12
    endloop
  endfacet
  facet normal 1 0 0
    outer loop
      vertex 12.3 3.5 11.2
      vertex 12.3 -5 12
      vertex 12.3 -5 11.2
    endloop
  endfacet
  facet normal -0 0 1
    outer loop
      vertex 12 3.5 12
      vertex 12.3 -5 12
      vertex 12.3 3.5 12
    endloop
  endfacet
  facet normal 0 0 1
    outer loop
      vertex 12.3 -5 12
      vertex 12 3.5 12
      vertex 12 -5 12
    endloop
  endfacet
  facet normal 0 0 -1
    outer loop
      vertex 12 -5 11.2
      vertex 12.3 3.5 11.2
      vertex 12.3 -5 11.2
    endloop
  endfacet
  facet normal -0 0 -1
    outer loop
      vertex 12.3 3.5 11.2
      vertex 12 -5 11.2
      vertex 12 3.5 11.2
    endloop
  endfacet
  facet normal 0 -1 0
    outer loop
      vertex 12 -5 11.2
      vertex 12.3 -5 12
      vertex 12 -5 12
    endloop
  endfacet
  facet normal 0 -1 -0
    outer loop
      vertex 12.3 -5 12
      vertex 12 -5 11.2
      vertex 12.3 -5 11.2
    endloop
  endfacet
  facet normal -0 0 1
    outer loop
      vertex -12.3 3.5 12
      vertex -12 -5 12
      vertex -12 3.5 12
    endloop
  endfacet
  facet normal 0 0 1
    outer loop
      vertex -12 -5 12
      vertex -12.3 3.5 12
      vertex -12.3 -5 12
    endloop
  endfacet
  facet normal 0 0 -1
    outer loop
      vertex -12.3 -5 11.2
      vertex -12 3.5 11.2
      vertex -12 -5 11.2
    endloop
  endfacet
  facet normal -0 0 -1
    outer loop
      vertex -12 3.5 11.2
      vertex -12.3 -5 11.2
      vertex -12.3 3.5 11.2
    endloop
  endfacet
  facet normal -1 0 0
    outer loop
      vertex -12.3 -5 11.2
      vertex -12.3 3.5 12
      vertex -12.3 3.5 11.2
    endloop
  endfacet
  facet normal -1 -0 0
    outer loop
      vertex -12.3 3.5 12
      vertex -12.3 -5 11.2
      vertex -12.3 -5 12
    endloop
  endfacet
  facet normal 0 -1 0
    outer loop
      vertex -12.3 -5 11.2
      vertex -12 -5 12
      vertex -12.3 -5 12
    endloop
  endfacet
  facet normal 0 -1 -0
    outer loop
      vertex -12 -5 12
      vertex -12.3 -5 11.2
      vertex -12 -5 11.2
    endloop
  endfacet
  facet normal -0.14342 0.97027 0.194954
    outer loop
      vertex -12.8954 17.9766 26.2201
      vertex -13.0395 17.9553 26.2201
      vertex -12.8926 17.948 26.3645
    endloop
  endfacet
  facet normal -0.595861 -0.803088 0.00011003
    outer loop
      vertex -13.5824 -17.7457 26.0736
      vertex -13.7016 -17.6595 9.71
      vertex -13.5834 -17.7472 9.71
    endloop
  endfacet
  facet normal -0.80293 0.596073 0.000112407
    outer loop
      vertex -13.9095 17.4516 9.71
      vertex -13.9957 17.3324 26.0736
      vertex -13.9081 17.4504 26.0736
    endloop
  endfacet
  facet normal -0.0492213 0.993998 0.0977035
    outer loop
      vertex -12.75 17.9982 26.0736
      vertex -12.8954 17.9766 26.2201
      vertex -12.75 17.9838 26.2201
    endloop
  endfacet
  facet normal -0.281686 0.0706244 0.956904
    outer loop
      vertex -13.0988 16.6058 27.455
      vertex -13.2336 16.6467 27.4123
      vertex -13.1075 16.5711 27.455
    endloop
  endfacet
  facet normal -0.0485089 0.97961 0.194963
    outer loop
      vertex -12.75 17.9838 26.2201
      vertex -12.8954 17.9766 26.2201
      vertex -12.8926 17.948 26.3645
    endloop
  endfacet
  facet normal 0.0489874 0.998799 0.000110467
    outer loop
      vertex 12.897 17.9928 9.71
      vertex 12.75 17.9982 26.0736
      vertex 12.8968 17.991 26.0736
    endloop
  endfacet
  facet normal 0.941527 0.336939 0.000112228
    outer loop
      vertex 14.1358 17.074 9.71
      vertex 14.1341 17.0733 26.0736
      vertex 14.1854 16.9354 9.71
    endloop
  endfacet
  facet normal 0.238363 0.95139 0.195042
    outer loop
      vertex 13.0395 17.9553 26.2201
      vertex 13.0339 17.9271 26.3645
      vertex 13.1724 17.8924 26.3645
    endloop
  endfacet
  facet normal -0.146144 0.984443 0.0975416
    outer loop
      vertex -12.8968 17.991 26.0736
      vertex -13.0423 17.9694 26.0736
      vertex -13.0395 17.9553 26.2201
    endloop
  endfacet
  facet normal 0.188348 0.750121 0.633911
    outer loop
      vertex 12.985 17.6817 26.8935
      vertex 12.9668 17.5901 27.0073
      vertex 13.0997 17.6529 26.8935
    endloop
  endfacet
  facet normal 0.899818 0.425196 0.0976529
    outer loop
      vertex 14.1341 17.0733 26.0736
      vertex 14.0713 17.2062 26.0736
      vertex 14.1208 17.0678 26.2201
    endloop
  endfacet
  facet normal -0.699877 -0.103782 0.706684
    outer loop
      vertex -13.7525 -16.5987 27.1114
      vertex -13.8561 -16.6089 27.0073
      vertex -13.8401 -16.7168 27.0073
    endloop
  endfacet
  facet normal 0 -0.980685 0.195594
    outer loop
      vertex -12.75 -17.9838 26.2201
      vertex 12.75 -17.955 26.3645
      vertex -12.75 -17.955 26.3645
    endloop
  endfacet
  facet normal 0 -0.980685 0.195594
    outer loop
      vertex 12.75 -17.955 26.3645
      vertex -12.75 -17.9838 26.2201
      vertex 12.75 -17.9838 26.2201
    endloop
  endfacet
  facet normal -0.131515 -0.145121 0.980634
    outer loop
      vertex -12.9056 -16.6556 27.4838
      vertex -12.9812 -16.7817 27.455
      vertex -12.8896 -16.6701 27.4838
    endloop
  endfacet
  facet normal 0 0.995204 0.0978221
    outer loop
      vertex 12.75 17.9982 26.0736
      vertex -12.75 17.9838 26.2201
      vertex 12.75 17.9838 26.2201
    endloop
  endfacet
  facet normal 0 0.995204 0.0978221
    outer loop
      vertex -12.75 17.9838 26.2201
      vertex 12.75 17.9982 26.0736
      vertex -12.75 17.9982 26.0736
    endloop
  endfacet
  facet normal 1 -0 0.00011
    outer loop
      vertex 14.2482 -16.5 26.0736
      vertex 14.25 16.5 9.71
      vertex 14.2482 16.5 26.0736
    endloop
  endfacet
  facet normal 1 0 0.00011
    outer loop
      vertex 14.25 16.5 9.71
      vertex 14.2482 -16.5 26.0736
      vertex 14.25 -16.5 9.71
    endloop
  endfacet
  facet normal -0.519306 0.573223 0.633828
    outer loop
      vertex -13.5143 17.4313 26.8935
      vertex -13.5359 17.2859 27.0073
      vertex -13.4551 17.3591 27.0073
    endloop
  endfacet
  facet normal 0 -0.995204 0.0978221
    outer loop
      vertex -12.75 -17.9982 26.0736
      vertex 12.75 -17.9838 26.2201
      vertex -12.75 -17.9838 26.2201
    endloop
  endfacet
  facet normal 0 -0.995204 0.0978221
    outer loop
      vertex 12.75 -17.9838 26.2201
      vertex -12.75 -17.9982 26.0736
      vertex 12.75 -17.9982 26.0736
    endloop
  endfacet
  facet normal 0.593239 0.799113 0.0973968
    outer loop
      vertex 13.7004 17.6581 26.0736
      vertex 13.5824 17.7457 26.0736
      vertex 13.6913 17.647 26.2201
    endloop
  endfacet
  facet normal 0.33737 0.941372 0.000108107
    outer loop
      vertex 13.1854 17.9354 9.71
      vertex 13.1849 17.9337 26.0736
      vertex 13.3233 17.8841 26.0736
    endloop
  endfacet
  facet normal -0.0469665 0.955905 0.289895
    outer loop
      vertex -12.75 17.955 26.3645
      vertex -12.8884 17.9055 26.5053
      vertex -12.75 17.9123 26.5053
    endloop
  endfacet
  facet normal -0.0560342 -0.37884 0.923764
    outer loop
      vertex -12.7995 -17.0029 27.4123
      vertex -12.8751 -17.129 27.356
      vertex -12.8129 -17.1382 27.356
    endloop
  endfacet
  facet normal -0.0480845 0.979551 0.195367
    outer loop
      vertex -12.75 17.9838 26.2201
      vertex -12.8926 17.948 26.3645
      vertex -12.75 17.955 26.3645
    endloop
  endfacet
  facet normal 0.355997 0.751393 0.555585
    outer loop
      vertex 13.2424 17.6887 26.7712
      vertex 13.2111 17.6131 26.8935
      vertex 13.3179 17.5625 26.8935
    endloop
  endfacet
  facet normal 0.014622 -0.290003 0.956914
    outer loop
      vertex 12.7857 -16.8627 27.455
      vertex 12.75 -16.8645 27.455
      vertex 12.7995 -17.0029 27.4123
    endloop
  endfacet
  facet normal 0.728286 0.260963 0.633638
    outer loop
      vertex 13.9029 16.8497 26.8935
      vertex 13.7768 16.9253 27.0073
      vertex 13.8136 16.8226 27.0073
    endloop
  endfacet
  facet normal -0.195584 0.00986139 0.980637
    outer loop
      vertex -13.1127 16.5357 27.455
      vertex -13.1145 16.5 27.455
      vertex -12.9701 16.5 27.4838
    endloop
  endfacet
  facet normal 0.427238 0.904139 0.000111903
    outer loop
      vertex 13.4571 17.8229 9.71
      vertex 13.3233 17.8841 26.0736
      vertex 13.4562 17.8213 26.0736
    endloop
  endfacet
  facet normal -0.145519 0.984474 0.098158
    outer loop
      vertex -12.8968 17.991 26.0736
      vertex -13.0395 17.9553 26.2201
      vertex -12.8954 17.9766 26.2201
    endloop
  endfacet
  facet normal -0.0487508 0.993975 0.0981672
    outer loop
      vertex -12.75 17.9982 26.0736
      vertex -12.8968 17.991 26.0736
      vertex -12.8954 17.9766 26.2201
    endloop
  endfacet
  facet normal -0.0489209 0.998803 0.000109869
    outer loop
      vertex -12.75 18 9.71
      vertex -12.897 17.9928 9.71
      vertex -12.75 17.9982 26.0736
    endloop
  endfacet
  facet normal 0.177053 -0.0838674 0.980621
    outer loop
      vertex 13.0867 -16.6395 27.455
      vertex 12.9441 -16.6038 27.4838
      vertex 13.0714 -16.6718 27.455
    endloop
  endfacet
  facet normal -0.803088 -0.595861 0.00011003
    outer loop
      vertex -13.9957 -17.3324 26.0736
      vertex -13.9972 -17.3334 9.71
      vertex -13.9095 -17.4516 9.71
    endloop
  endfacet
  facet normal -0.135367 0.914228 0.381921
    outer loop
      vertex -12.8884 17.9055 26.5053
      vertex -13.0255 17.8852 26.5053
      vertex -12.8829 17.8495 26.6413
    endloop
  endfacet
  facet normal -0.477139 0.285522 0.831153
    outer loop
      vertex -13.493 16.9964 27.2048
      vertex -13.538 16.9212 27.2048
      vertex -13.3912 16.9284 27.2866
    endloop
  endfacet
  facet normal -0.36394 -0.606806 0.706636
    outer loop
      vertex -13.3096 -17.3376 27.1114
      vertex -13.3675 -17.4241 27.0073
      vertex -13.2249 -17.3884 27.1114
    endloop
  endfacet
  facet normal -0.330713 0.923437 0.19466
    outer loop
      vertex -13.1807 17.9199 26.2201
      vertex -13.3178 17.8708 26.2201
      vertex -13.3068 17.8443 26.3645
    endloop
  endfacet
  facet normal -0.0375936 0.772442 0.633972
    outer loop
      vertex -12.75 17.7048 26.8935
      vertex -12.8589 17.6061 27.0073
      vertex -12.75 17.6114 27.0073
    endloop
  endfacet
  facet normal -0.896325 0.224581 0.382316
    outer loop
      vertex -14.1015 16.91 26.5053
      vertex -14.1352 16.7755 26.5053
      vertex -14.0476 16.8936 26.6413
    endloop
  endfacet
  facet normal -0.901022 -0.322464 0.29013
    outer loop
      vertex -14.1015 -16.91 26.5053
      vertex -14.1424 -16.9224 26.3645
      vertex -14.0943 -17.0568 26.3645
    endloop
  endfacet
  facet normal -0.242015 -0.965324 0.0978698
    outer loop
      vertex -13.1807 -17.9199 26.2201
      vertex -13.1849 -17.9337 26.0736
      vertex -13.0395 -17.9553 26.2201
    endloop
  endfacet
  facet normal 0.202516 0.806547 0.555399
    outer loop
      vertex 13.001 17.7619 26.7712
      vertex 12.985 17.6817 26.8935
      vertex 13.0997 17.6529 26.8935
    endloop
  endfacet
  facet normal -0.965437 -0.241698 0.0975387
    outer loop
      vertex -14.2053 -16.7895 26.2201
      vertex -14.2194 -16.7923 26.0736
      vertex -14.1837 -16.9349 26.0736
    endloop
  endfacet
  facet normal -0.511808 -0.853468 0.0982066
    outer loop
      vertex -13.5743 -17.7337 26.2201
      vertex -13.5824 -17.7457 26.0736
      vertex -13.4494 -17.8086 26.2201
    endloop
  endfacet
  facet normal -0.639943 -0.302448 0.706398
    outer loop
      vertex -13.6807 -16.8855 27.1114
      vertex -13.7768 -16.9253 27.0073
      vertex -13.7302 -17.0239 27.0073
    endloop
  endfacet
  facet normal 0.113222 -0.765064 0.633923
    outer loop
      vertex 12.9668 -17.5901 27.0073
      vertex 12.8681 -17.699 26.8935
      vertex 12.985 -17.6817 26.8935
    endloop
  endfacet
  facet normal 0.511808 0.853468 0.0982066
    outer loop
      vertex 13.5824 17.7457 26.0736
      vertex 13.4494 17.8086 26.2201
      vertex 13.5743 17.7337 26.2201
    endloop
  endfacet
  facet normal 0.243175 0.969982 0.000111157
    outer loop
      vertex 13.0426 17.9712 9.71
      vertex 13.0423 17.9694 26.0736
      vertex 13.1854 17.9354 9.71
    endloop
  endfacet
  facet normal -0.491875 -0.820908 0.29012
    outer loop
      vertex -13.5346 -17.6743 26.5053
      vertex -13.5584 -17.7098 26.3645
      vertex -13.4359 -17.7832 26.3645
    endloop
  endfacet
  facet normal 0 1 0.000109828
    outer loop
      vertex 12.75 17.9982 26.0736
      vertex 3 17.9989 19.7
      vertex -12.75 17.9982 26.0736
    endloop
  endfacet
  facet normal -1.1257e-07 1 0.00011
    outer loop
      vertex 12.75 18 9.71
      vertex 3 17.9989 19.7
      vertex 12.75 17.9982 26.0736
    endloop
  endfacet
  facet normal 0 1 0.000125313
    outer loop
      vertex 3 17.9993 15.7
      vertex 4.75 17.9998 11.71
      vertex -3 17.9993 15.7
    endloop
  endfacet
  facet normal -1.0359e-05 1 0.0001
    outer loop
      vertex 3 17.9989 19.7
      vertex 12.75 18 9.71
      vertex 3 17.9993 15.7
    endloop
  endfacet
  facet normal 7.10767e-06 1 0.000128431
    outer loop
      vertex 3 17.9993 15.7
      vertex 12.75 18 9.71
      vertex 4.75 17.9998 11.71
    endloop
  endfacet
  facet normal 0 1 0.0001
    outer loop
      vertex 4.75 17.9998 11.71
      vertex 12.75 18 9.71
      vertex 4.75 18 9.71
    endloop
  endfacet
  facet normal -0 1 0.000109828
    outer loop
      vertex -3 17.9989 19.7
      vertex -12.75 17.9982 26.0736
      vertex 3 17.9989 19.7
    endloop
  endfacet
  facet normal 1.0359e-05 1 0.0001
    outer loop
      vertex -12.75 18 9.71
      vertex -3 17.9989 19.7
      vertex -3 17.9993 15.7
    endloop
  endfacet
  facet normal -0 1 0.000125313
    outer loop
      vertex -4.75 17.9998 11.71
      vertex -3 17.9993 15.7
      vertex 4.75 17.9998 11.71
    endloop
  endfacet
  facet normal -7.10767e-06 1 0.000128431
    outer loop
      vertex -12.75 18 9.71
      vertex -3 17.9993 15.7
      vertex -4.75 17.9998 11.71
    endloop
  endfacet
  facet normal -0 1 0.0001
    outer loop
      vertex -12.75 18 9.71
      vertex -4.75 17.9998 11.71
      vertex -4.75 18 9.71
    endloop
  endfacet
  facet normal 1.1257e-07 1 0.00011
    outer loop
      vertex -3 17.9989 19.7
      vertex -12.75 18 9.71
      vertex -12.75 17.9982 26.0736
    endloop
  endfacet
  facet normal -0.146844 0.98916 0.000110603
    outer loop
      vertex -12.897 17.9928 9.71
      vertex -13.0423 17.9694 26.0736
      vertex -12.8968 17.991 26.0736
    endloop
  endfacet
  facet normal -0.0489874 0.998799 0.000110467
    outer loop
      vertex -12.75 17.9982 26.0736
      vertex -12.897 17.9928 9.71
      vertex -12.8968 17.991 26.0736
    endloop
  endfacet
  facet normal 0 0.956962 0.290215
    outer loop
      vertex 12.75 17.955 26.3645
      vertex -12.75 17.9123 26.5053
      vertex 12.75 17.9123 26.5053
    endloop
  endfacet
  facet normal 0 0.956962 0.290215
    outer loop
      vertex -12.75 17.9123 26.5053
      vertex 12.75 17.955 26.3645
      vertex -12.75 17.955 26.3645
    endloop
  endfacet
  facet normal 0 0.980685 0.195594
    outer loop
      vertex 12.75 17.9838 26.2201
      vertex -12.75 17.955 26.3645
      vertex 12.75 17.955 26.3645
    endloop
  endfacet
  facet normal 0 0.980685 0.195594
    outer loop
      vertex -12.75 17.955 26.3645
      vertex 12.75 17.9838 26.2201
      vertex -12.75 17.9838 26.2201
    endloop
  endfacet
  facet normal -0.113459 0.765139 0.63379
    outer loop
      vertex -12.8681 17.699 26.8935
      vertex -12.9668 17.5901 27.0073
      vertex -12.8589 17.6061 27.0073
    endloop
  endfacet
  facet normal 0.121845 0.822619 0.555385
    outer loop
      vertex 13.001 17.7619 26.7712
      vertex 12.8761 17.7804 26.7712
      vertex 12.985 17.6817 26.8935
    endloop
  endfacet
  facet normal -0.555737 -0.0279339 0.830888
    outer loop
      vertex -13.5212 -16.5 27.2866
      vertex -13.6435 -16.5 27.2048
      vertex -13.5174 -16.5756 27.2866
    endloop
  endfacet
  facet normal 0.202112 0.806471 0.555658
    outer loop
      vertex 13.1235 17.7312 26.7712
      vertex 13.001 17.7619 26.7712
      vertex 13.0997 17.6529 26.8935
    endloop
  endfacet
  facet normal -0.238519 0.951381 0.194894
    outer loop
      vertex -13.0395 17.9553 26.2201
      vertex -13.1807 17.9199 26.2201
      vertex -13.1724 17.8924 26.3645
    endloop
  endfacet
  facet normal 0.853468 -0.511808 0.0982066
    outer loop
      vertex 14.0586 -17.1994 26.2201
      vertex 13.9837 -17.3243 26.2201
      vertex 13.9957 -17.3324 26.0736
    endloop
  endfacet
  facet normal -0.76866 0.56994 0.290398
    outer loop
      vertex -13.8748 17.4231 26.3645
      vertex -13.9243 17.2846 26.5053
      vertex -13.8417 17.396 26.5053
    endloop
  endfacet
  facet normal -0.569779 0.768866 0.290167
    outer loop
      vertex -13.5584 17.7098 26.3645
      vertex -13.6731 17.6248 26.3645
      vertex -13.5346 17.6743 26.5053
    endloop
  endfacet
  facet normal -0.951381 -0.238519 0.194894
    outer loop
      vertex -14.1424 -16.9224 26.3645
      vertex -14.2053 -16.7895 26.2201
      vertex -14.1699 -16.9307 26.2201
    endloop
  endfacet
  facet normal -1 0 0.00011
    outer loop
      vertex -14.25 -16.5 9.71
      vertex -14.2482 16.5 26.0736
      vertex -14.25 16.5 9.71
    endloop
  endfacet
  facet normal -1 0 0.00011
    outer loop
      vertex -14.2482 16.5 26.0736
      vertex -14.25 -16.5 9.71
      vertex -14.2482 -16.5 26.0736
    endloop
  endfacet
  facet normal -0.41956 -0.8865 0.19516
    outer loop
      vertex -13.4359 -17.7832 26.3645
      vertex -13.4494 -17.8086 26.2201
      vertex -13.3068 -17.8443 26.3645
    endloop
  endfacet
  facet normal -0.788062 0.583974 0.19476
    outer loop
      vertex -13.897 17.4413 26.2201
      vertex -13.9837 17.3243 26.2201
      vertex -13.8748 17.4231 26.3645
    endloop
  endfacet
  facet normal -0.129994 -0.872819 0.470413
    outer loop
      vertex -13.001 -17.7619 26.7712
      vertex -13.0145 -17.8299 26.6413
      vertex -12.8829 -17.8495 26.6413
    endloop
  endfacet
  facet normal 0.936926 0.335544 0.0978762
    outer loop
      vertex 14.1837 16.9349 26.0736
      vertex 14.1208 17.0678 26.2201
      vertex 14.1699 16.9307 26.2201
    endloop
  endfacet
  facet normal -0.242547 -0.404661 0.881715
    outer loop
      vertex -13.1063 -17.0332 27.356
      vertex -13.1784 -17.1412 27.2866
      vertex -13.1135 -17.1801 27.2866
    endloop
  endfacet
  facet normal -0.426319 -0.470621 0.772508
    outer loop
      vertex -13.3169 -17.1907 27.2048
      vertex -13.4623 -17.2123 27.1114
      vertex -13.389 -17.2787 27.1114
    endloop
  endfacet
  facet normal 0.446573 -0.331287 0.831157
    outer loop
      vertex 13.493 -16.9964 27.2048
      vertex 13.3912 -16.9284 27.2866
      vertex 13.4407 -17.0669 27.2048
    endloop
  endfacet
  facet normal 0.63967 0.302663 0.706553
    outer loop
      vertex 13.7302 17.0239 27.0073
      vertex 13.6384 16.9749 27.1114
      vertex 13.6807 16.8855 27.1114
    endloop
  endfacet
  facet normal -0.475058 -0.524381 0.706643
    outer loop
      vertex -13.389 -17.2787 27.1114
      vertex -13.5359 -17.2859 27.0073
      vertex -13.4551 -17.3591 27.0073
    endloop
  endfacet
  facet normal -0.0978221 0 0.995204
    outer loop
      vertex -12.9701 16.5 27.4838
      vertex -12.8236 -16.5 27.4982
      vertex -12.8236 16.5 27.4982
    endloop
  endfacet
  facet normal -0.0978221 0 0.995204
    outer loop
      vertex -12.8236 -16.5 27.4982
      vertex -12.9701 16.5 27.4838
      vertex -12.9701 -16.5 27.4838
    endloop
  endfacet
  facet normal -0.0469665 -0.955905 0.289895
    outer loop
      vertex -12.75 -17.9123 26.5053
      vertex -12.8884 -17.9055 26.5053
      vertex -12.75 -17.955 26.3645
    endloop
  endfacet
  facet normal 0.980685 -0 0.195594
    outer loop
      vertex 14.205 -16.5 26.3645
      vertex 14.2338 16.5 26.2201
      vertex 14.205 16.5 26.3645
    endloop
  endfacet
  facet normal 0.980685 0 0.195594
    outer loop
      vertex 14.2338 16.5 26.2201
      vertex 14.205 -16.5 26.3645
      vertex 14.2338 -16.5 26.2201
    endloop
  endfacet
  facet normal 0.998799 0.0489874 0.000110467
    outer loop
      vertex 14.2428 16.647 9.71
      vertex 14.241 16.6468 26.0736
      vertex 14.2482 16.5 26.0736
    endloop
  endfacet
  facet normal 0.446596 -0.331274 0.831149
    outer loop
      vertex 13.3912 -16.9284 27.2866
      vertex 13.3461 -16.9892 27.2866
      vertex 13.4407 -17.0669 27.2048
    endloop
  endfacet
  facet normal 0.707107 -0 0.707107
    outer loop
      vertex 13.7573 -16.5 27.1114
      vertex 13.8614 16.5 27.0073
      vertex 13.7573 16.5 27.1114
    endloop
  endfacet
  facet normal 0.707107 0 0.707107
    outer loop
      vertex 13.8614 16.5 27.0073
      vertex 13.7573 -16.5 27.1114
      vertex 13.8614 -16.5 27.0073
    endloop
  endfacet
  facet normal 0.0489209 -0.998803 0.000109869
    outer loop
      vertex 12.75 -17.9982 26.0736
      vertex 12.75 -18 9.71
      vertex 12.897 -17.9928 9.71
    endloop
  endfacet
  facet normal 0.995204 -0 0.0978221
    outer loop
      vertex 14.2338 -16.5 26.2201
      vertex 14.2482 16.5 26.0736
      vertex 14.2338 16.5 26.2201
    endloop
  endfacet
  facet normal 0.995204 0 0.0978221
    outer loop
      vertex 14.2482 16.5 26.0736
      vertex 14.2338 -16.5 26.2201
      vertex 14.2482 -16.5 26.0736
    endloop
  endfacet
  facet normal 0.803088 0.595861 0.00011003
    outer loop
      vertex 13.9972 17.3334 9.71
      vertex 13.9095 17.4516 9.71
      vertex 13.9957 17.3324 26.0736
    endloop
  endfacet
  facet normal 0.741262 0.671216 0.000112642
    outer loop
      vertex 13.9095 17.4516 9.71
      vertex 13.8094 17.5594 26.0736
      vertex 13.9081 17.4504 26.0736
    endloop
  endfacet
  facet normal 0.146844 0.98916 0.000110603
    outer loop
      vertex 12.897 17.9928 9.71
      vertex 12.8968 17.991 26.0736
      vertex 13.0423 17.9694 26.0736
    endloop
  endfacet
  facet normal 0.145519 0.984474 0.098158
    outer loop
      vertex 12.8968 17.991 26.0736
      vertex 12.8954 17.9766 26.2201
      vertex 13.0395 17.9553 26.2201
    endloop
  endfacet
  facet normal 0.330498 0.923471 0.194866
    outer loop
      vertex 13.1807 17.9199 26.2201
      vertex 13.1724 17.8924 26.3645
      vertex 13.3068 17.8443 26.3645
    endloop
  endfacet
  facet normal 0 0.831213 0.555954
    outer loop
      vertex 12.75 17.7866 26.7712
      vertex -12.75 17.7048 26.8935
      vertex 12.75 17.7048 26.8935
    endloop
  endfacet
  facet normal 0 0.831213 0.555954
    outer loop
      vertex -12.75 17.7048 26.8935
      vertex 12.75 17.7866 26.7712
      vertex -12.75 17.7866 26.7712
    endloop
  endfacet
  facet normal 0.425272 0.899772 0.0977403
    outer loop
      vertex 13.4562 17.8213 26.0736
      vertex 13.3178 17.8708 26.2201
      vertex 13.4494 17.8086 26.2201
    endloop
  endfacet
  facet normal 0.0407888 0.830543 0.555458
    outer loop
      vertex 12.8761 17.7804 26.7712
      vertex 12.75 17.7048 26.8935
      vertex 12.8681 17.699 26.8935
    endloop
  endfacet
  facet normal -0.331079 0.6988 0.634086
    outer loop
      vertex -13.2111 17.6131 26.8935
      vertex -13.3179 17.5625 26.8935
      vertex -13.1753 17.5268 27.0073
    endloop
  endfacet
  facet normal -0.841131 0.504409 0.195113
    outer loop
      vertex -13.9837 17.3243 26.2201
      vertex -14.0586 17.1994 26.2201
      vertex -14.0332 17.1859 26.3645
    endloop
  endfacet
  facet normal -0.14351 0.970238 0.195044
    outer loop
      vertex -12.8926 17.948 26.3645
      vertex -13.0395 17.9553 26.2201
      vertex -13.0339 17.9271 26.3645
    endloop
  endfacet
  facet normal -0.475468 0.792224 0.382507
    outer loop
      vertex -13.4158 17.7456 26.5053
      vertex -13.5346 17.6743 26.5053
      vertex -13.3892 17.6959 26.6413
    endloop
  endfacet
  facet normal -0.066452 -0.0718766 0.995197
    outer loop
      vertex -12.802 -16.552 27.4982
      vertex -12.9056 -16.6556 27.4838
      vertex -12.7967 -16.5569 27.4982
    endloop
  endfacet
  facet normal 0.421648 0.568252 0.706613
    outer loop
      vertex 13.4551 17.3591 27.0073
      vertex 13.3675 17.4241 27.0073
      vertex 13.389 17.2787 27.1114
    endloop
  endfacet
  facet normal 0.83052 0.0408344 0.555491
    outer loop
      vertex 14.0304 16.6261 26.7712
      vertex 13.9548 16.5 26.8935
      vertex 14.0366 16.5 26.7712
    endloop
  endfacet
  facet normal -0.238363 0.95139 0.195042
    outer loop
      vertex -13.0395 17.9553 26.2201
      vertex -13.1724 17.8924 26.3645
      vertex -13.0339 17.9271 26.3645
    endloop
  endfacet
  facet normal -0.0430938 0.881103 0.470957
    outer loop
      vertex -12.75 17.856 26.6413
      vertex -12.8829 17.8495 26.6413
      vertex -12.8761 17.7804 26.7712
    endloop
  endfacet
  facet normal -0.620667 -0.684539 0.382333
    outer loop
      vertex -13.6102 -17.5482 26.6413
      vertex -13.7088 -17.4588 26.6413
      vertex -13.646 -17.5917 26.5053
    endloop
  endfacet
  facet normal -0.242015 0.965324 0.0978698
    outer loop
      vertex -13.0395 17.9553 26.2201
      vertex -13.1849 17.9337 26.0736
      vertex -13.1807 17.9199 26.2201
    endloop
  endfacet
  facet normal -0.923437 -0.330713 0.19466
    outer loop
      vertex -14.0943 -17.0568 26.3645
      vertex -14.1699 -16.9307 26.2201
      vertex -14.1208 -17.0678 26.2201
    endloop
  endfacet
  facet normal -0.583997 0.788052 0.194737
    outer loop
      vertex -13.5743 17.7337 26.2201
      vertex -13.6731 17.6248 26.3645
      vertex -13.5584 17.7098 26.3645
    endloop
  endfacet
  facet normal -0.241698 0.965437 0.0975387
    outer loop
      vertex -13.0423 17.9694 26.0736
      vertex -13.1849 17.9337 26.0736
      vertex -13.0395 17.9553 26.2201
    endloop
  endfacet
  facet normal -0.951381 0.238519 0.194894
    outer loop
      vertex -14.1699 16.9307 26.2201
      vertex -14.2053 16.7895 26.2201
      vertex -14.1424 16.9224 26.3645
    endloop
  endfacet
  facet normal -0.633987 0.0308322 0.772729
    outer loop
      vertex -13.7525 16.5987 27.1114
      vertex -13.7573 16.5 27.1114
      vertex -13.6392 16.5876 27.2048
    endloop
  endfacet
  facet normal -0.504409 -0.841131 0.195113
    outer loop
      vertex -13.4359 -17.7832 26.3645
      vertex -13.5743 -17.7337 26.2201
      vertex -13.4494 -17.8086 26.2201
    endloop
  endfacet
  facet normal -0.573705 -0.271451 0.772772
    outer loop
      vertex -13.538 -16.9212 27.2048
      vertex -13.6807 -16.8855 27.1114
      vertex -13.6384 -16.9749 27.1114
    endloop
  endfacet
  facet normal -0.330713 -0.923437 0.19466
    outer loop
      vertex -13.3068 -17.8443 26.3645
      vertex -13.3178 -17.8708 26.2201
      vertex -13.1807 -17.9199 26.2201
    endloop
  endfacet
  facet normal -0.336939 -0.941527 0.000112228
    outer loop
      vertex -13.3233 -17.8841 26.0736
      vertex -13.324 -17.8858 9.71
      vertex -13.1854 -17.9354 9.71
    endloop
  endfacet
  facet normal 0.513896 -0.857853 0.000112143
    outer loop
      vertex 13.5824 -17.7457 26.0736
      vertex 13.4562 -17.8213 26.0736
      vertex 13.4571 -17.8229 9.71
    endloop
  endfacet
  facet normal 0.870078 0.311089 0.382346
    outer loop
      vertex 14.1015 16.91 26.5053
      vertex 14.0028 17.0189 26.6413
      vertex 14.0476 16.8936 26.6413
    endloop
  endfacet
  facet normal 0.998803 0.0489209 0.000109869
    outer loop
      vertex 14.25 16.5 9.71
      vertex 14.2428 16.647 9.71
      vertex 14.2482 16.5 26.0736
    endloop
  endfacet
  facet normal 0.857733 0.514096 0.000110043
    outer loop
      vertex 13.9972 17.3334 9.71
      vertex 13.9957 17.3324 26.0736
      vertex 14.0729 17.2071 9.71
    endloop
  endfacet
  facet normal 0.742138 -0.550529 0.382294
    outer loop
      vertex 13.8775 -17.2533 26.6413
      vertex 13.7982 -17.3602 26.6413
      vertex 13.8417 -17.396 26.5053
    endloop
  endfacet
  facet normal -0.621143 -0.460894 0.633844
    outer loop
      vertex -13.6741 -17.1175 27.0073
      vertex -13.6813 -17.2643 26.8935
      vertex -13.6091 -17.2051 27.0073
    endloop
  endfacet
  facet normal 0.081223 -0.550159 0.831101
    outer loop
      vertex 12.9243 -17.3764 27.2048
      vertex 12.8256 -17.2674 27.2866
      vertex 12.8376 -17.3892 27.2048
    endloop
  endfacet
  facet normal 0.606806 -0.36394 0.706636
    outer loop
      vertex 13.6384 -16.9749 27.1114
      vertex 13.5876 -17.0596 27.1114
      vertex 13.6741 -17.1175 27.0073
    endloop
  endfacet
  facet normal -0.495784 -0.66763 0.5554
    outer loop
      vertex -13.5143 -17.4313 26.8935
      vertex -13.5662 -17.4945 26.7712
      vertex -13.4648 -17.5698 26.7712
    endloop
  endfacet
  facet normal -0.1585 -0.444298 0.881747
    outer loop
      vertex -12.9954 -17.0925 27.356
      vertex -13.0451 -17.2125 27.2866
      vertex -12.9739 -17.2379 27.2866
    endloop
  endfacet
  facet normal 0.349579 -0.317322 0.881533
    outer loop
      vertex 13.2458 -16.9069 27.356
      vertex 13.2035 -16.9535 27.356
      vertex 13.3461 -16.9892 27.2866
    endloop
  endfacet
  facet normal -0.145121 -0.131515 0.980634
    outer loop
      vertex -12.9201 -16.6396 27.4838
      vertex -13.0317 -16.7312 27.455
      vertex -12.9056 -16.6556 27.4838
    endloop
  endfacet
  facet normal 0.00986139 0.195584 0.980637
    outer loop
      vertex 12.75 16.8645 27.455
      vertex 12.75 16.7201 27.4838
      vertex 12.7857 16.8627 27.455
    endloop
  endfacet
  facet normal 0.830871 0.296989 0.470585
    outer loop
      vertex 14.0028 17.0189 26.6413
      vertex 13.9387 16.9924 26.7712
      vertex 13.9812 16.8735 26.7712
    endloop
  endfacet
  facet normal 0.302663 -0.63967 0.706553
    outer loop
      vertex 13.2249 -17.3884 27.1114
      vertex 13.1355 -17.4307 27.1114
      vertex 13.2739 -17.4802 27.0073
    endloop
  endfacet
  facet normal 0.47109 0.0236791 0.881767
    outer loop
      vertex 13.5174 16.5756 27.2866
      vertex 13.3913 16.5 27.356
      vertex 13.5212 16.5 27.2866
    endloop
  endfacet
  facet normal 0.98916 0.146844 0.000110603
    outer loop
      vertex 14.2428 16.647 9.71
      vertex 14.2194 16.7923 26.0736
      vertex 14.241 16.6468 26.0736
    endloop
  endfacet
  facet normal 0.830543 0.0407888 0.555458
    outer loop
      vertex 14.0304 16.6261 26.7712
      vertex 13.949 16.6181 26.8935
      vertex 13.9548 16.5 26.8935
    endloop
  endfacet
  facet normal 0.146746 0.989174 0.0001115
    outer loop
      vertex 13.0426 17.9712 9.71
      vertex 12.897 17.9928 9.71
      vertex 13.0423 17.9694 26.0736
    endloop
  endfacet
  facet normal 0.841374 -0.504138 0.194769
    outer loop
      vertex 14.0332 -17.1859 26.3645
      vertex 13.9598 -17.3084 26.3645
      vertex 13.9837 -17.3243 26.2201
    endloop
  endfacet
  facet normal -0.671251 -0.74123 0.000112214
    outer loop
      vertex -13.8094 -17.5594 26.0736
      vertex -13.8107 -17.5607 9.71
      vertex -13.7016 -17.6595 9.71
    endloop
  endfacet
  facet normal 0.322441 -0.901039 0.290105
    outer loop
      vertex 13.2905 -17.8048 26.5053
      vertex 13.16 -17.8515 26.5053
      vertex 13.3068 -17.8443 26.3645
    endloop
  endfacet
  facet normal 0.607004 -0.363813 0.706531
    outer loop
      vertex 13.7302 -17.0239 27.0073
      vertex 13.6384 -16.9749 27.1114
      vertex 13.6741 -17.1175 27.0073
    endloop
  endfacet
  facet normal -0.0453501 -0.923008 0.382098
    outer loop
      vertex -12.75 -17.856 26.6413
      vertex -12.8884 -17.9055 26.5053
      vertex -12.75 -17.9123 26.5053
    endloop
  endfacet
  facet normal 0.0489209 0.998803 0.000109869
    outer loop
      vertex 12.75 18 9.71
      vertex 12.75 17.9982 26.0736
      vertex 12.897 17.9928 9.71
    endloop
  endfacet
  facet normal 0.595861 0.803088 0.00011003
    outer loop
      vertex 13.5834 17.7472 9.71
      vertex 13.5824 17.7457 26.0736
      vertex 13.7016 17.6595 9.71
    endloop
  endfacet
  facet normal -0.941527 0.336939 0.000112228
    outer loop
      vertex -14.1358 17.074 9.71
      vertex -14.1854 16.9354 9.71
      vertex -14.1341 17.0733 26.0736
    endloop
  endfacet
  facet normal -0.74123 -0.671251 0.000112214
    outer loop
      vertex -13.8094 -17.5594 26.0736
      vertex -13.9095 -17.4516 9.71
      vertex -13.8107 -17.5607 9.71
    endloop
  endfacet
  facet normal 0.427269 0.904125 0.000112206
    outer loop
      vertex 13.324 17.8858 9.71
      vertex 13.3233 17.8841 26.0736
      vertex 13.4571 17.8229 9.71
    endloop
  endfacet
  facet normal -0.129994 0.872819 0.470413
    outer loop
      vertex -12.8829 17.8495 26.6413
      vertex -13.0145 17.8299 26.6413
      vertex -13.001 17.7619 26.7712
    endloop
  endfacet
  facet normal 0.0480845 0.979551 0.195367
    outer loop
      vertex 12.75 17.9838 26.2201
      vertex 12.75 17.955 26.3645
      vertex 12.8926 17.948 26.3645
    endloop
  endfacet
  facet normal 0.241698 0.965437 0.0975387
    outer loop
      vertex 13.0423 17.9694 26.0736
      vertex 13.0395 17.9553 26.2201
      vertex 13.1849 17.9337 26.0736
    endloop
  endfacet
  facet normal 0.8865 0.41956 0.19516
    outer loop
      vertex 14.0586 17.1994 26.2201
      vertex 14.0332 17.1859 26.3645
      vertex 14.0943 17.0568 26.3645
    endloop
  endfacet
  facet normal 0.419143 0.886804 0.194674
    outer loop
      vertex 13.3178 17.8708 26.2201
      vertex 13.3068 17.8443 26.3645
      vertex 13.4494 17.8086 26.2201
    endloop
  endfacet
  facet normal 0.0343679 0.706689 0.706689
    outer loop
      vertex 12.75 17.6114 27.0073
      vertex 12.75 17.5073 27.1114
      vertex 12.8487 17.5025 27.1114
    endloop
  endfacet
  facet normal 0.121734 0.822586 0.555457
    outer loop
      vertex 12.8761 17.7804 26.7712
      vertex 12.8681 17.699 26.8935
      vertex 12.985 17.6817 26.8935
    endloop
  endfacet
  facet normal -0.0563033 0.378698 0.923806
    outer loop
      vertex -12.7995 17.0029 27.4123
      vertex -12.8751 17.129 27.356
      vertex -12.8486 16.9956 27.4123
    endloop
  endfacet
  facet normal -0 0.634421 0.772988
    outer loop
      vertex -12.75 17.5073 27.1114
      vertex 12.75 17.3935 27.2048
      vertex 12.75 17.5073 27.1114
    endloop
  endfacet
  facet normal 0 0.634421 0.772988
    outer loop
      vertex 12.75 17.3935 27.2048
      vertex -12.75 17.5073 27.1114
      vertex -12.75 17.3935 27.2048
    endloop
  endfacet
  facet normal -0.555468 0.0272661 0.831091
    outer loop
      vertex -13.6392 16.5876 27.2048
      vertex -13.6435 16.5 27.2048
      vertex -13.5174 16.5756 27.2866
    endloop
  endfacet
  facet normal -0.634421 0 0.772988
    outer loop
      vertex -13.7573 16.5 27.1114
      vertex -13.6435 -16.5 27.2048
      vertex -13.6435 16.5 27.2048
    endloop
  endfacet
  facet normal -0.634421 0 0.772988
    outer loop
      vertex -13.6435 -16.5 27.2048
      vertex -13.7573 16.5 27.1114
      vertex -13.7573 -16.5 27.1114
    endloop
  endfacet
  facet normal 0.233171 0.173051 0.956914
    outer loop
      vertex 13.1702 16.7807 27.4123
      vertex 13.0317 16.7312 27.455
      vertex 13.053 16.7025 27.455
    endloop
  endfacet
  facet normal 0.822586 0.121734 0.555457
    outer loop
      vertex 14.0304 16.6261 26.7712
      vertex 13.9317 16.735 26.8935
      vertex 13.949 16.6181 26.8935
    endloop
  endfacet
  facet normal 0 0.707107 0.707107
    outer loop
      vertex 12.75 17.6114 27.0073
      vertex -12.75 17.5073 27.1114
      vertex 12.75 17.5073 27.1114
    endloop
  endfacet
  facet normal 0 0.707107 0.707107
    outer loop
      vertex -12.75 17.5073 27.1114
      vertex 12.75 17.6114 27.0073
      vertex -12.75 17.6114 27.0073
    endloop
  endfacet
  facet normal -0.475058 0.524381 0.706643
    outer loop
      vertex -13.4551 17.3591 27.0073
      vertex -13.5359 17.2859 27.0073
      vertex -13.389 17.2787 27.1114
    endloop
  endfacet
  facet normal -0.0343941 0.706701 0.706676
    outer loop
      vertex -12.75 17.6114 27.0073
      vertex -12.8589 17.6061 27.0073
      vertex -12.8487 17.5025 27.1114
    endloop
  endfacet
  facet normal 0 0.772988 0.634421
    outer loop
      vertex 12.75 17.7048 26.8935
      vertex -12.75 17.6114 27.0073
      vertex 12.75 17.6114 27.0073
    endloop
  endfacet
  facet normal 0 0.772988 0.634421
    outer loop
      vertex -12.75 17.6114 27.0073
      vertex 12.75 17.7048 26.8935
      vertex -12.75 17.7048 26.8935
    endloop
  endfacet
  facet normal -0.0453501 0.923008 0.382098
    outer loop
      vertex -12.75 17.9123 26.5053
      vertex -12.8884 17.9055 26.5053
      vertex -12.75 17.856 26.6413
    endloop
  endfacet
  facet normal -0.224581 0.896325 0.382316
    outer loop
      vertex -13.0255 17.8852 26.5053
      vertex -13.16 17.8515 26.5053
      vertex -13.1436 17.7976 26.6413
    endloop
  endfacet
  facet normal 0.699887 -0.103766 0.706676
    outer loop
      vertex 13.7525 -16.5987 27.1114
      vertex 13.738 -16.6965 27.1114
      vertex 13.8401 -16.7168 27.0073
    endloop
  endfacet
  facet normal 0.569779 0.768866 0.290167
    outer loop
      vertex 13.5584 17.7098 26.3645
      vertex 13.5346 17.6743 26.5053
      vertex 13.6731 17.6248 26.3645
    endloop
  endfacet
  facet normal 0.853744 0.511435 0.0977496
    outer loop
      vertex 14.0713 17.2062 26.0736
      vertex 13.9957 17.3324 26.0736
      vertex 14.0586 17.1994 26.2201
    endloop
  endfacet
  facet normal 0.728196 0.260163 0.63407
    outer loop
      vertex 13.8631 16.9611 26.8935
      vertex 13.7768 16.9253 27.0073
      vertex 13.9029 16.8497 26.8935
    endloop
  endfacet
  facet normal 0.615914 0.154139 0.772587
    outer loop
      vertex 13.714 16.7924 27.1114
      vertex 13.6051 16.7594 27.2048
      vertex 13.738 16.6965 27.1114
    endloop
  endfacet
  facet normal -0.8865 0.41956 0.19516
    outer loop
      vertex -14.0586 17.1994 26.2201
      vertex -14.0943 17.0568 26.3645
      vertex -14.0332 17.1859 26.3645
    endloop
  endfacet
  facet normal -0.511435 0.853744 0.0977496
    outer loop
      vertex -13.4562 17.8213 26.0736
      vertex -13.5824 17.7457 26.0736
      vertex -13.4494 17.8086 26.2201
    endloop
  endfacet
  facet normal -0.419143 0.886804 0.194674
    outer loop
      vertex -13.3178 17.8708 26.2201
      vertex -13.4494 17.8086 26.2201
      vertex -13.3068 17.8443 26.3645
    endloop
  endfacet
  facet normal -0.330498 0.923471 0.194866
    outer loop
      vertex -13.1807 17.9199 26.2201
      vertex -13.3068 17.8443 26.3645
      vertex -13.1724 17.8924 26.3645
    endloop
  endfacet
  facet normal -0.408819 0.865288 0.290075
    outer loop
      vertex -13.3068 17.8443 26.3645
      vertex -13.4158 17.7456 26.5053
      vertex -13.2905 17.8048 26.5053
    endloop
  endfacet
  facet normal -0.525694 0.708659 0.470584
    outer loop
      vertex -13.5033 17.6275 26.6413
      vertex -13.6102 17.5482 26.6413
      vertex -13.4648 17.5698 26.7712
    endloop
  endfacet
  facet normal -0.471222 0 0.882014
    outer loop
      vertex -13.5212 16.5 27.2866
      vertex -13.3913 -16.5 27.356
      vertex -13.3913 16.5 27.356
    endloop
  endfacet
  facet normal -0.471222 0 0.882014
    outer loop
      vertex -13.3913 -16.5 27.356
      vertex -13.5212 16.5 27.2866
      vertex -13.5212 -16.5 27.2866
    endloop
  endfacet
  facet normal -0.6201 0.684777 0.382828
    outer loop
      vertex -13.646 17.5917 26.5053
      vertex -13.7487 17.4987 26.5053
      vertex -13.7088 17.4588 26.6413
    endloop
  endfacet
  facet normal -0.98916 0.146844 0.000110603
    outer loop
      vertex -14.2194 16.7923 26.0736
      vertex -14.2428 16.647 9.71
      vertex -14.241 16.6468 26.0736
    endloop
  endfacet
  facet normal -0.756777 0.453668 0.47061
    outer loop
      vertex -13.8775 17.2533 26.6413
      vertex -13.9459 17.1392 26.6413
      vertex -13.8198 17.2148 26.7712
    endloop
  endfacet
  facet normal -0.923959 0 0.382492
    outer loop
      vertex -14.1623 -16.5 26.5053
      vertex -14.106 16.5 26.6413
      vertex -14.1623 16.5 26.5053
    endloop
  endfacet
  facet normal -0.923959 0 0.382492
    outer loop
      vertex -14.106 16.5 26.6413
      vertex -14.1623 -16.5 26.5053
      vertex -14.106 -16.5 26.6413
    endloop
  endfacet
  facet normal -0.642313 -0.709307 0.290375
    outer loop
      vertex -13.646 -17.5917 26.5053
      vertex -13.7487 -17.4987 26.5053
      vertex -13.6731 -17.6248 26.3645
    endloop
  endfacet
  facet normal -0.0272661 -0.555468 0.831091
    outer loop
      vertex -12.8256 -17.2674 27.2866
      vertex -12.8376 -17.3892 27.2048
      vertex -12.75 -17.3935 27.2048
    endloop
  endfacet
  facet normal -0.0492213 -0.993998 0.0977035
    outer loop
      vertex -12.75 -17.9838 26.2201
      vertex -12.8954 -17.9766 26.2201
      vertex -12.75 -17.9982 26.0736
    endloop
  endfacet
  facet normal 0.0480845 -0.979551 0.195367
    outer loop
      vertex 12.75 -17.955 26.3645
      vertex 12.75 -17.9838 26.2201
      vertex 12.8926 -17.948 26.3645
    endloop
  endfacet
  facet normal -0.330498 -0.923471 0.194866
    outer loop
      vertex -13.1724 -17.8924 26.3645
      vertex -13.3068 -17.8443 26.3645
      vertex -13.1807 -17.9199 26.2201
    endloop
  endfacet
  facet normal -0.427312 -0.713065 0.555826
    outer loop
      vertex -13.3179 -17.5625 26.8935
      vertex -13.4648 -17.5698 26.7712
      vertex -13.3565 -17.6347 26.7712
    endloop
  endfacet
  facet normal -0.741262 -0.671216 0.000112642
    outer loop
      vertex -13.9081 -17.4504 26.0736
      vertex -13.9095 -17.4516 9.71
      vertex -13.8094 -17.5594 26.0736
    endloop
  endfacet
  facet normal 0.14351 -0.970238 0.195044
    outer loop
      vertex 13.0339 -17.9271 26.3645
      vertex 12.8926 -17.948 26.3645
      vertex 13.0395 -17.9553 26.2201
    endloop
  endfacet
  facet normal 0.904125 -0.427269 0.000112206
    outer loop
      vertex 14.1341 -17.0733 26.0736
      vertex 14.0729 -17.2071 9.71
      vertex 14.1358 -17.074 9.71
    endloop
  endfacet
  facet normal -0.820716 -0.492568 0.289485
    outer loop
      vertex -13.9956 -17.1658 26.5053
      vertex -14.0332 -17.1859 26.3645
      vertex -13.9243 -17.2846 26.5053
    endloop
  endfacet
  facet normal -0.822619 -0.121845 0.555385
    outer loop
      vertex -13.9317 -16.735 26.8935
      vertex -14.0304 -16.6261 26.7712
      vertex -14.0119 -16.751 26.7712
    endloop
  endfacet
  facet normal -0.544292 -0.326447 0.772774
    outer loop
      vertex -13.538 -16.9212 27.2048
      vertex -13.6384 -16.9749 27.1114
      vertex -13.5876 -17.0596 27.1114
    endloop
  endfacet
  facet normal 0 -1 0.000111408
    outer loop
      vertex -12.75 -17.9982 26.0736
      vertex -4.75 -17.9993 16.2
      vertex 12.75 -17.9982 26.0736
    endloop
  endfacet
  facet normal -1.7377e-06 -1 0.00011
    outer loop
      vertex -12.75 -18 9.71
      vertex -4.75 -17.9993 16.2
      vertex -12.75 -17.9982 26.0736
    endloop
  endfacet
  facet normal 0 -1 0.000100334
    outer loop
      vertex -4.75 -17.9997 12.7
      vertex -12.75 -18 9.71
      vertex 4.75 -17.9997 12.7
    endloop
  endfacet
  facet normal -5.21429e-06 -1 0.000114286
    outer loop
      vertex -4.75 -17.9993 16.2
      vertex -12.75 -18 9.71
      vertex -4.75 -17.9997 12.7
    endloop
  endfacet
  facet normal 0 -1 0.000111408
    outer loop
      vertex 4.75 -17.9993 16.2
      vertex 12.75 -17.9982 26.0736
      vertex -4.75 -17.9993 16.2
    endloop
  endfacet
  facet normal 5.21429e-06 -1 0.000114286
    outer loop
      vertex 12.75 -18 9.71
      vertex 4.75 -17.9993 16.2
      vertex 4.75 -17.9997 12.7
    endloop
  endfacet
  facet normal 1.7377e-06 -1 0.00011
    outer loop
      vertex 4.75 -17.9993 16.2
      vertex 12.75 -18 9.71
      vertex 12.75 -17.9982 26.0736
    endloop
  endfacet
  facet normal 0 -1 0.000100334
    outer loop
      vertex 12.75 -18 9.71
      vertex 4.75 -17.9997 12.7
      vertex -12.75 -18 9.71
    endloop
  endfacet
  facet normal 0.998803 -0.0489209 0.000109869
    outer loop
      vertex 14.2482 -16.5 26.0736
      vertex 14.2428 -16.647 9.71
      vertex 14.25 -16.5 9.71
    endloop
  endfacet
  facet normal 0.904125 0.427269 0.000112206
    outer loop
      vertex 14.1358 17.074 9.71
      vertex 14.0729 17.2071 9.71
      vertex 14.1341 17.0733 26.0736
    endloop
  endfacet
  facet normal 0.857853 0.513896 0.000112143
    outer loop
      vertex 14.0729 17.2071 9.71
      vertex 13.9957 17.3324 26.0736
      vertex 14.0713 17.2062 26.0736
    endloop
  endfacet
  facet normal -0.41956 0.8865 0.19516
    outer loop
      vertex -13.3068 17.8443 26.3645
      vertex -13.4494 17.8086 26.2201
      vertex -13.4359 17.7832 26.3645
    endloop
  endfacet
  facet normal 0.475149 -0.792609 0.382105
    outer loop
      vertex 13.5033 -17.6275 26.6413
      vertex 13.3892 -17.6959 26.6413
      vertex 13.5346 -17.6743 26.5053
    endloop
  endfacet
  facet normal 0.281081 -0.37893 0.881706
    outer loop
      vertex 13.2392 -17.0961 27.2866
      vertex 13.1063 -17.0332 27.356
      vertex 13.1784 -17.1412 27.2866
    endloop
  endfacet
  facet normal 0.129994 -0.872819 0.470413
    outer loop
      vertex 13.001 -17.7619 26.7712
      vertex 12.8829 -17.8495 26.6413
      vertex 13.0145 -17.8299 26.6413
    endloop
  endfacet
  facet normal -0.425272 -0.899772 0.0977403
    outer loop
      vertex -13.4494 -17.8086 26.2201
      vertex -13.4562 -17.8213 26.0736
      vertex -13.3178 -17.8708 26.2201
    endloop
  endfacet
  facet normal 0.0840826 -0.0501784 0.995195
    outer loop
      vertex 12.8149 -16.5347 27.4982
      vertex 12.8112 -16.5409 27.4982
      vertex 12.9441 -16.6038 27.4838
    endloop
  endfacet
  facet normal -0.634113 -0.0311266 0.772613
    outer loop
      vertex -13.6435 -16.5 27.2048
      vertex -13.7573 -16.5 27.1114
      vertex -13.6392 -16.5876 27.2048
    endloop
  endfacet
  facet normal -0.708242 -0.525943 0.470932
    outer loop
      vertex -13.7445 -17.3162 26.7712
      vertex -13.8198 -17.2148 26.7712
      vertex -13.7982 -17.3602 26.6413
    endloop
  endfacet
  facet normal -0.519306 -0.573223 0.633828
    outer loop
      vertex -13.4551 -17.3591 27.0073
      vertex -13.5359 -17.2859 27.0073
      vertex -13.5143 -17.4313 26.8935
    endloop
  endfacet
  facet normal -0.28186 0.0703184 0.956875
    outer loop
      vertex -13.2336 16.6467 27.4123
      vertex -13.2456 16.5986 27.4123
      vertex -13.1075 16.5711 27.455
    endloop
  endfacet
  facet normal 0 -0.0978221 0.995204
    outer loop
      vertex -12.75 -16.5736 27.4982
      vertex 12.75 -16.7201 27.4838
      vertex 12.75 -16.5736 27.4982
    endloop
  endfacet
  facet normal 0 -0.0978221 0.995204
    outer loop
      vertex 12.75 -16.7201 27.4838
      vertex -12.75 -16.5736 27.4982
      vertex -12.75 -16.7201 27.4838
    endloop
  endfacet
  facet normal 0.606806 0.36394 0.706636
    outer loop
      vertex 13.6741 17.1175 27.0073
      vertex 13.5876 17.0596 27.1114
      vertex 13.6384 16.9749 27.1114
    endloop
  endfacet
  facet normal -0.806547 0.202516 0.555399
    outer loop
      vertex -13.9029 16.8497 26.8935
      vertex -14.0119 16.751 26.7712
      vertex -13.9317 16.735 26.8935
    endloop
  endfacet
  facet normal 0.426319 -0.470621 0.772508
    outer loop
      vertex 13.4623 -17.2123 27.1114
      vertex 13.3169 -17.1907 27.2048
      vertex 13.389 -17.2787 27.1114
    endloop
  endfacet
  facet normal 0.706701 0.0343941 0.706676
    outer loop
      vertex 13.8561 16.6089 27.0073
      vertex 13.7525 16.5987 27.1114
      vertex 13.8614 16.5 27.0073
    endloop
  endfacet
  facet normal 0.881186 0.0433256 0.47078
    outer loop
      vertex 14.106 16.5 26.6413
      vertex 14.0304 16.6261 26.7712
      vertex 14.0366 16.5 26.7712
    endloop
  endfacet
  facet normal 0.923959 -0 0.382492
    outer loop
      vertex 14.106 -16.5 26.6413
      vertex 14.1623 16.5 26.5053
      vertex 14.106 16.5 26.6413
    endloop
  endfacet
  facet normal 0.923959 0 0.382492
    outer loop
      vertex 14.1623 16.5 26.5053
      vertex 14.106 -16.5 26.6413
      vertex 14.1623 -16.5 26.5053
    endloop
  endfacet
  facet normal 0.870076 0.311361 0.382128
    outer loop
      vertex 14.0548 17.0405 26.5053
      vertex 14.0028 17.0189 26.6413
      vertex 14.1015 16.91 26.5053
    endloop
  endfacet
  facet normal 0.573223 -0.519306 0.633828
    outer loop
      vertex 13.6091 -17.2051 27.0073
      vertex 13.5359 -17.2859 27.0073
      vertex 13.6813 -17.2643 26.8935
    endloop
  endfacet
  facet normal 0.639943 0.302448 0.706398
    outer loop
      vertex 13.7302 17.0239 27.0073
      vertex 13.6807 16.8855 27.1114
      vertex 13.7768 16.9253 27.0073
    endloop
  endfacet
  facet normal 0.881103 0.0430938 0.470957
    outer loop
      vertex 14.0995 16.6329 26.6413
      vertex 14.0304 16.6261 26.7712
      vertex 14.106 16.5 26.6413
    endloop
  endfacet
  facet normal -0.243175 -0.969982 0.000111157
    outer loop
      vertex -13.0423 -17.9694 26.0736
      vertex -13.1854 -17.9354 9.71
      vertex -13.0426 -17.9712 9.71
    endloop
  endfacet
  facet normal 0.737411 -0.668386 0.0973896
    outer loop
      vertex 13.897 -17.4413 26.2201
      vertex 13.7992 -17.5492 26.2201
      vertex 13.9081 -17.4504 26.0736
    endloop
  endfacet
  facet normal 0.886804 -0.419143 0.194674
    outer loop
      vertex 14.0943 -17.0568 26.3645
      vertex 14.0586 -17.1994 26.2201
      vertex 14.1208 -17.0678 26.2201
    endloop
  endfacet
  facet normal 0.853744 -0.511435 0.0977496
    outer loop
      vertex 14.0586 -17.1994 26.2201
      vertex 13.9957 -17.3324 26.0736
      vertex 14.0713 -17.2062 26.0736
    endloop
  endfacet
  facet normal 0.946721 -0.140178 0.289946
    outer loop
      vertex 14.1555 -16.6384 26.5053
      vertex 14.1352 -16.7755 26.5053
      vertex 14.198 -16.6426 26.3645
    endloop
  endfacet
  facet normal 0.901022 -0.322464 0.29013
    outer loop
      vertex 14.1015 -16.91 26.5053
      vertex 14.0943 -17.0568 26.3645
      vertex 14.1424 -16.9224 26.3645
    endloop
  endfacet
  facet normal 0.95139 -0.238363 0.195042
    outer loop
      vertex 14.1771 -16.7839 26.3645
      vertex 14.1424 -16.9224 26.3645
      vertex 14.2053 -16.7895 26.2201
    endloop
  endfacet
  facet normal 0.8865 -0.41956 0.19516
    outer loop
      vertex 14.0943 -17.0568 26.3645
      vertex 14.0332 -17.1859 26.3645
      vertex 14.0586 -17.1994 26.2201
    endloop
  endfacet
  facet normal 0.6201 -0.684777 0.382828
    outer loop
      vertex 13.7088 -17.4588 26.6413
      vertex 13.646 -17.5917 26.5053
      vertex 13.7487 -17.4987 26.5053
    endloop
  endfacet
  facet normal 0.195113 -0.215035 0.956917
    outer loop
      vertex 13.1073 -16.8573 27.4123
      vertex 12.9812 -16.7817 27.455
      vertex 13.0706 -16.8906 27.4123
    endloop
  endfacet
  facet normal 0.188348 -0.750121 0.633911
    outer loop
      vertex 13.0997 -17.6529 26.8935
      vertex 12.9668 -17.5901 27.0073
      vertex 12.985 -17.6817 26.8935
    endloop
  endfacet
  facet normal 0.642741 -0.709092 0.289953
    outer loop
      vertex 13.7487 -17.4987 26.5053
      vertex 13.6731 -17.6248 26.3645
      vertex 13.7789 -17.5289 26.3645
    endloop
  endfacet
  facet normal -0.857733 0.514096 0.000110043
    outer loop
      vertex -13.9972 17.3334 9.71
      vertex -14.0729 17.2071 9.71
      vertex -13.9957 17.3324 26.0736
    endloop
  endfacet
  facet normal 0.460894 0.621143 0.633844
    outer loop
      vertex 13.5143 17.4313 26.8935
      vertex 13.3675 17.4241 27.0073
      vertex 13.4551 17.3591 27.0073
    endloop
  endfacet
  facet normal 0.242015 0.965324 0.0978698
    outer loop
      vertex 13.1849 17.9337 26.0736
      vertex 13.0395 17.9553 26.2201
      vertex 13.1807 17.9199 26.2201
    endloop
  endfacet
  facet normal 0.0469234 0.955896 0.289934
    outer loop
      vertex 12.8926 17.948 26.3645
      vertex 12.75 17.955 26.3645
      vertex 12.8884 17.9055 26.5053
    endloop
  endfacet
  facet normal 0.214149 0.855933 0.470657
    outer loop
      vertex 13.1436 17.7976 26.6413
      vertex 13.0145 17.8299 26.6413
      vertex 13.1235 17.7312 26.7712
    endloop
  endfacet
  facet normal 0.140178 0.946721 0.289946
    outer loop
      vertex 12.8926 17.948 26.3645
      vertex 12.8884 17.9055 26.5053
      vertex 13.0255 17.8852 26.5053
    endloop
  endfacet
  facet normal -0.0407888 0.830543 0.555458
    outer loop
      vertex -12.75 17.7048 26.8935
      vertex -12.8761 17.7804 26.7712
      vertex -12.8681 17.699 26.8935
    endloop
  endfacet
  facet normal -0.52359 0.186786 0.831243
    outer loop
      vertex -13.4625 16.7951 27.2866
      vertex -13.6051 16.7594 27.2048
      vertex -13.4879 16.7239 27.2866
    endloop
  endfacet
  facet normal -0.663628 0.396869 0.634107
    outer loop
      vertex -13.7518 17.1694 26.8935
      vertex -13.8125 17.0679 26.8935
      vertex -13.6741 17.1175 27.0073
    endloop
  endfacet
  facet normal -0.382426 0.0185419 0.9238
    outer loop
      vertex -13.2529 16.5495 27.4123
      vertex -13.3913 16.5 27.356
      vertex -13.2553 16.5 27.4123
    endloop
  endfacet
  facet normal -0.371473 0.0926751 0.923807
    outer loop
      vertex -13.2336 16.6467 27.4123
      vertex -13.379 16.6251 27.356
      vertex -13.2456 16.5986 27.4123
    endloop
  endfacet
  facet normal -0.627881 0.0930908 0.772722
    outer loop
      vertex -13.738 16.6965 27.1114
      vertex -13.7525 16.5987 27.1114
      vertex -13.6392 16.5876 27.2048
    endloop
  endfacet
  facet normal -0.446596 0.331274 0.831149
    outer loop
      vertex -13.3461 16.9892 27.2866
      vertex -13.4407 17.0669 27.2048
      vertex -13.3912 16.9284 27.2866
    endloop
  endfacet
  facet normal -0.555737 0.0279339 0.830888
    outer loop
      vertex -13.5174 16.5756 27.2866
      vertex -13.6435 16.5 27.2048
      vertex -13.5212 16.5 27.2866
    endloop
  endfacet
  facet normal -0.457828 -0.114644 0.881618
    outer loop
      vertex -13.379 -16.6251 27.356
      vertex -13.4879 -16.7239 27.2866
      vertex -13.3637 -16.6862 27.356
    endloop
  endfacet
  facet normal -0.156987 -0.11706 0.980639
    outer loop
      vertex -12.933 -16.6223 27.4838
      vertex -13.0317 -16.7312 27.455
      vertex -12.9201 -16.6396 27.4838
    endloop
  endfacet
  facet normal -0.0583526 -0.0787081 0.995188
    outer loop
      vertex -12.7967 -16.5569 27.4982
      vertex -12.8896 -16.6701 27.4838
      vertex -12.7909 -16.5612 27.4982
    endloop
  endfacet
  facet normal 0.544292 0.326447 0.772774
    outer loop
      vertex 13.5876 17.0596 27.1114
      vertex 13.538 16.9212 27.2048
      vertex 13.6384 16.9749 27.1114
    endloop
  endfacet
  facet normal 0.0311266 0.634113 0.772613
    outer loop
      vertex 12.75 17.5073 27.1114
      vertex 12.75 17.3935 27.2048
      vertex 12.8376 17.3892 27.2048
    endloop
  endfacet
  facet normal 0.213829 0.597823 0.772583
    outer loop
      vertex 13.0424 17.464 27.1114
      vertex 13.0094 17.3551 27.2048
      vertex 13.1355 17.4307 27.1114
    endloop
  endfacet
  facet normal -0.113222 0.765064 0.633923
    outer loop
      vertex -12.8681 17.699 26.8935
      vertex -12.985 17.6817 26.8935
      vertex -12.9668 17.5901 27.0073
    endloop
  endfacet
  facet normal -0.0949523 0.0239641 0.995193
    outer loop
      vertex -12.9606 16.5639 27.4838
      vertex -12.9659 16.5429 27.4838
      vertex -12.8204 16.5214 27.4982
    endloop
  endfacet
  facet normal 0.0308322 0.633987 0.772729
    outer loop
      vertex 12.8487 17.5025 27.1114
      vertex 12.75 17.5073 27.1114
      vertex 12.8376 17.3892 27.2048
    endloop
  endfacet
  facet normal -0.260963 0.728286 0.633638
    outer loop
      vertex -13.0997 17.6529 26.8935
      vertex -13.1753 17.5268 27.0073
      vertex -13.0726 17.5636 27.0073
    endloop
  endfacet
  facet normal -0.394761 0.835532 0.382165
    outer loop
      vertex -13.2905 17.8048 26.5053
      vertex -13.4158 17.7456 26.5053
      vertex -13.2689 17.7528 26.6413
    endloop
  endfacet
  facet normal -0.355997 0.751393 0.555585
    outer loop
      vertex -13.2424 17.6887 26.7712
      vertex -13.3179 17.5625 26.8935
      vertex -13.2111 17.6131 26.8935
    endloop
  endfacet
  facet normal 0.224581 0.896325 0.382316
    outer loop
      vertex 13.16 17.8515 26.5053
      vertex 13.0255 17.8852 26.5053
      vertex 13.1436 17.7976 26.6413
    endloop
  endfacet
  facet normal 0.113459 0.765139 0.63379
    outer loop
      vertex 12.8681 17.699 26.8935
      vertex 12.8589 17.6061 27.0073
      vertex 12.9668 17.5901 27.0073
    endloop
  endfacet
  facet normal -0.23259 0.92829 0.290136
    outer loop
      vertex -13.0255 17.8852 26.5053
      vertex -13.1724 17.8924 26.3645
      vertex -13.16 17.8515 26.5053
    endloop
  endfacet
  facet normal 0 0.923959 0.382492
    outer loop
      vertex 12.75 17.9123 26.5053
      vertex -12.75 17.856 26.6413
      vertex 12.75 17.856 26.6413
    endloop
  endfacet
  facet normal 0 0.923959 0.382492
    outer loop
      vertex -12.75 17.856 26.6413
      vertex 12.75 17.9123 26.5053
      vertex -12.75 17.9123 26.5053
    endloop
  endfacet
  facet normal 0.663557 0.397709 0.633655
    outer loop
      vertex 13.8125 17.0679 26.8935
      vertex 13.6741 17.1175 27.0073
      vertex 13.7302 17.0239 27.0073
    endloop
  endfacet
  facet normal 0.74123 0.671251 0.000112214
    outer loop
      vertex 13.8107 17.5607 9.71
      vertex 13.8094 17.5594 26.0736
      vertex 13.9095 17.4516 9.71
    endloop
  endfacet
  facet normal 0.671251 0.74123 0.000112214
    outer loop
      vertex 13.8107 17.5607 9.71
      vertex 13.7016 17.6595 9.71
      vertex 13.8094 17.5594 26.0736
    endloop
  endfacet
  facet normal 0.668386 0.737411 0.0973896
    outer loop
      vertex 13.7004 17.6581 26.0736
      vertex 13.6913 17.647 26.2201
      vertex 13.7992 17.5492 26.2201
    endloop
  endfacet
  facet normal 0.706689 0.0343679 0.706689
    outer loop
      vertex 13.8614 16.5 27.0073
      vertex 13.7525 16.5987 27.1114
      vertex 13.7573 16.5 27.1114
    endloop
  endfacet
  facet normal 0.792609 0.475149 0.382105
    outer loop
      vertex 13.9243 17.2846 26.5053
      vertex 13.8775 17.2533 26.6413
      vertex 13.9459 17.1392 26.6413
    endloop
  endfacet
  facet normal -0.583974 0.788062 0.19476
    outer loop
      vertex -13.5743 17.7337 26.2201
      vertex -13.6913 17.647 26.2201
      vertex -13.6731 17.6248 26.3645
    endloop
  endfacet
  facet normal -0.74123 0.671251 0.000112214
    outer loop
      vertex -13.8107 17.5607 9.71
      vertex -13.9095 17.4516 9.71
      vertex -13.8094 17.5594 26.0736
    endloop
  endfacet
  facet normal -0.550408 0.742318 0.382119
    outer loop
      vertex -13.5346 17.6743 26.5053
      vertex -13.646 17.5917 26.5053
      vertex -13.5033 17.6275 26.6413
    endloop
  endfacet
  facet normal -0.336939 0.941527 0.000112228
    outer loop
      vertex -13.1854 17.9354 9.71
      vertex -13.324 17.8858 9.71
      vertex -13.3233 17.8841 26.0736
    endloop
  endfacet
  facet normal -0.33737 0.941372 0.000108107
    outer loop
      vertex -13.1854 17.9354 9.71
      vertex -13.3233 17.8841 26.0736
      vertex -13.1849 17.9337 26.0736
    endloop
  endfacet
  facet normal -0.242856 0.970062 0.0001082
    outer loop
      vertex -13.0423 17.9694 26.0736
      vertex -13.1854 17.9354 9.71
      vertex -13.1849 17.9337 26.0736
    endloop
  endfacet
  facet normal 0.857853 -0.513896 0.000112143
    outer loop
      vertex 14.0713 -17.2062 26.0736
      vertex 13.9957 -17.3324 26.0736
      vertex 14.0729 -17.2071 9.71
    endloop
  endfacet
  facet normal -0.668386 -0.737411 0.0973896
    outer loop
      vertex -13.6913 -17.647 26.2201
      vertex -13.7992 -17.5492 26.2201
      vertex -13.7004 -17.6581 26.0736
    endloop
  endfacet
  facet normal -0.427238 0.904139 0.000111903
    outer loop
      vertex -13.3233 17.8841 26.0736
      vertex -13.4571 17.8229 9.71
      vertex -13.4562 17.8213 26.0736
    endloop
  endfacet
  facet normal -0.495948 0.667595 0.555295
    outer loop
      vertex -13.4648 17.5698 26.7712
      vertex -13.5143 17.4313 26.8935
      vertex -13.4194 17.5018 26.8935
    endloop
  endfacet
  facet normal -0.397709 0.663557 0.633655
    outer loop
      vertex -13.3179 17.5625 26.8935
      vertex -13.3675 17.4241 27.0073
      vertex -13.2739 17.4802 27.0073
    endloop
  endfacet
  facet normal -0.453668 0.756777 0.47061
    outer loop
      vertex -13.3892 17.6959 26.6413
      vertex -13.5033 17.6275 26.6413
      vertex -13.4648 17.5698 26.7712
    endloop
  endfacet
  facet normal -0.121845 0.822619 0.555385
    outer loop
      vertex -12.8761 17.7804 26.7712
      vertex -13.001 17.7619 26.7712
      vertex -12.985 17.6817 26.8935
    endloop
  endfacet
  facet normal -0.557966 0.616595 0.555415
    outer loop
      vertex -13.5662 17.4945 26.7712
      vertex -13.6598 17.4098 26.7712
      vertex -13.5143 17.4313 26.8935
    endloop
  endfacet
  facet normal -0.616595 0.557966 0.555415
    outer loop
      vertex -13.6598 17.4098 26.7712
      vertex -13.7445 17.3162 26.7712
      vertex -13.6813 17.2643 26.8935
    endloop
  endfacet
  facet normal -0.899818 0.425196 0.0976529
    outer loop
      vertex -14.0713 17.2062 26.0736
      vertex -14.1341 17.0733 26.0736
      vertex -14.1208 17.0678 26.2201
    endloop
  endfacet
  facet normal -0.708659 0.525694 0.470584
    outer loop
      vertex -13.7982 17.3602 26.6413
      vertex -13.8775 17.2533 26.6413
      vertex -13.8198 17.2148 26.7712
    endloop
  endfacet
  facet normal -0.475046 0.524411 0.706629
    outer loop
      vertex -13.389 17.2787 27.1114
      vertex -13.5359 17.2859 27.0073
      vertex -13.4623 17.2123 27.1114
    endloop
  endfacet
  facet normal -0.238112 0.502681 0.831032
    outer loop
      vertex -13.0451 17.2125 27.2866
      vertex -13.1712 17.288 27.2048
      vertex -13.1135 17.1801 27.2866
    endloop
  endfacet
  facet normal -0.98916 -0.146844 0.000110603
    outer loop
      vertex -14.241 -16.6468 26.0736
      vertex -14.2428 -16.647 9.71
      vertex -14.2194 -16.7923 26.0736
    endloop
  endfacet
  facet normal -0.870076 0.311361 0.382128
    outer loop
      vertex -14.0548 17.0405 26.5053
      vertex -14.1015 16.91 26.5053
      vertex -14.0028 17.0189 26.6413
    endloop
  endfacet
  facet normal -0.666144 -0.238696 0.706595
    outer loop
      vertex -13.714 -16.7924 27.1114
      vertex -13.8136 -16.8226 27.0073
      vertex -13.7768 -16.9253 27.0073
    endloop
  endfacet
  facet normal -0.328412 0.197047 0.923752
    outer loop
      vertex -13.1702 16.7807 27.4123
      vertex -13.2832 16.8563 27.356
      vertex -13.1957 16.7382 27.4123
    endloop
  endfacet
  facet normal -0.914228 -0.135367 0.381921
    outer loop
      vertex -14.0995 -16.6329 26.6413
      vertex -14.1555 -16.6384 26.5053
      vertex -14.1352 -16.7755 26.5053
    endloop
  endfacet
  facet normal -0.923091 0.0451474 0.381922
    outer loop
      vertex -14.0995 16.6329 26.6413
      vertex -14.1555 16.6384 26.5053
      vertex -14.106 16.5 26.6413
    endloop
  endfacet
  facet normal -0.135367 -0.914228 0.381921
    outer loop
      vertex -12.8829 -17.8495 26.6413
      vertex -13.0255 -17.8852 26.5053
      vertex -12.8884 -17.9055 26.5053
    endloop
  endfacet
  facet normal -0.0311266 -0.634113 0.772613
    outer loop
      vertex -12.75 -17.3935 27.2048
      vertex -12.8376 -17.3892 27.2048
      vertex -12.75 -17.5073 27.1114
    endloop
  endfacet
  facet normal 0.475058 -0.524381 0.706643
    outer loop
      vertex 13.5359 -17.2859 27.0073
      vertex 13.389 -17.2787 27.1114
      vertex 13.4551 -17.3591 27.0073
    endloop
  endfacet
  facet normal -0.238363 -0.95139 0.195042
    outer loop
      vertex -13.0339 -17.9271 26.3645
      vertex -13.1724 -17.8924 26.3645
      vertex -13.0395 -17.9553 26.2201
    endloop
  endfacet
  facet normal -0.260163 -0.728196 0.63407
    outer loop
      vertex -13.1753 -17.5268 27.0073
      vertex -13.2111 -17.6131 26.8935
      vertex -13.0997 -17.6529 26.8935
    endloop
  endfacet
  facet normal -0.592495 -0.79956 0.0982521
    outer loop
      vertex -13.5743 -17.7337 26.2201
      vertex -13.6913 -17.647 26.2201
      vertex -13.5824 -17.7457 26.0736
    endloop
  endfacet
  facet normal -0.583974 -0.788062 0.19476
    outer loop
      vertex -13.6731 -17.6248 26.3645
      vertex -13.6913 -17.647 26.2201
      vertex -13.5743 -17.7337 26.2201
    endloop
  endfacet
  facet normal -0.569779 -0.768866 0.290167
    outer loop
      vertex -13.5346 -17.6743 26.5053
      vertex -13.6731 -17.6248 26.3645
      vertex -13.5584 -17.7098 26.3645
    endloop
  endfacet
  facet normal -0.667994 -0.737703 0.097871
    outer loop
      vertex -13.7992 -17.5492 26.2201
      vertex -13.8094 -17.5594 26.0736
      vertex -13.7004 -17.6581 26.0736
    endloop
  endfacet
  facet normal -0.6201 -0.684777 0.382828
    outer loop
      vertex -13.7088 -17.4588 26.6413
      vertex -13.7487 -17.4987 26.5053
      vertex -13.646 -17.5917 26.5053
    endloop
  endfacet
  facet normal -0.419143 -0.886804 0.194674
    outer loop
      vertex -13.3068 -17.8443 26.3645
      vertex -13.4494 -17.8086 26.2201
      vertex -13.3178 -17.8708 26.2201
    endloop
  endfacet
  facet normal -0.511435 -0.853744 0.0977496
    outer loop
      vertex -13.4494 -17.8086 26.2201
      vertex -13.5824 -17.7457 26.0736
      vertex -13.4562 -17.8213 26.0736
    endloop
  endfacet
  facet normal -0.742318 -0.550408 0.382119
    outer loop
      vertex -13.8775 -17.2533 26.6413
      vertex -13.9243 -17.2846 26.5053
      vertex -13.8417 -17.396 26.5053
    endloop
  endfacet
  facet normal -0.865176 -0.409467 0.289495
    outer loop
      vertex -13.9956 -17.1658 26.5053
      vertex -14.0943 -17.0568 26.3645
      vertex -14.0332 -17.1859 26.3645
    endloop
  endfacet
  facet normal -0.684777 -0.6201 0.382828
    outer loop
      vertex -13.7088 -17.4588 26.6413
      vertex -13.8417 -17.396 26.5053
      vertex -13.7487 -17.4987 26.5053
    endloop
  endfacet
  facet normal -0.788062 -0.583974 0.19476
    outer loop
      vertex -13.8748 -17.4231 26.3645
      vertex -13.9837 -17.3243 26.2201
      vertex -13.897 -17.4413 26.2201
    endloop
  endfacet
  facet normal -0.0489209 -0.998803 0.000109869
    outer loop
      vertex -12.75 -17.9982 26.0736
      vertex -12.897 -17.9928 9.71
      vertex -12.75 -18 9.71
    endloop
  endfacet
  facet normal 0.989174 0.146746 0.0001115
    outer loop
      vertex 14.2212 16.7926 9.71
      vertex 14.2194 16.7923 26.0736
      vertex 14.2428 16.647 9.71
    endloop
  endfacet
  facet normal 0.969982 0.243175 0.000111157
    outer loop
      vertex 14.2212 16.7926 9.71
      vertex 14.1854 16.9354 9.71
      vertex 14.2194 16.7923 26.0736
    endloop
  endfacet
  facet normal -0.737703 0.667994 0.097871
    outer loop
      vertex -13.8094 17.5594 26.0736
      vertex -13.9081 17.4504 26.0736
      vertex -13.7992 17.5492 26.2201
    endloop
  endfacet
  facet normal 0.941372 0.33737 0.000108107
    outer loop
      vertex 14.1854 16.9354 9.71
      vertex 14.1341 17.0733 26.0736
      vertex 14.1837 16.9349 26.0736
    endloop
  endfacet
  facet normal 0.886804 0.419143 0.194674
    outer loop
      vertex 14.1208 17.0678 26.2201
      vertex 14.0586 17.1994 26.2201
      vertex 14.0943 17.0568 26.3645
    endloop
  endfacet
  facet normal -0.184269 0.0662642 0.98064
    outer loop
      vertex -12.9533 16.5842 27.4838
      vertex -13.0988 16.6058 27.455
      vertex -12.9606 16.5639 27.4838
    endloop
  endfacet
  facet normal -0.195113 -0.215035 0.956917
    outer loop
      vertex -12.9812 -16.7817 27.455
      vertex -13.1073 -16.8573 27.4123
      vertex -13.0706 -16.8906 27.4123
    endloop
  endfacet
  facet normal 0.772988 -0 0.634421
    outer loop
      vertex 13.8614 -16.5 27.0073
      vertex 13.9548 16.5 26.8935
      vertex 13.8614 16.5 27.0073
    endloop
  endfacet
  facet normal 0.772988 0 0.634421
    outer loop
      vertex 13.9548 16.5 26.8935
      vertex 13.8614 -16.5 27.0073
      vertex 13.9548 -16.5 26.8935
    endloop
  endfacet
  facet normal 0.00986139 -0.195584 0.980637
    outer loop
      vertex 12.75 -16.7201 27.4838
      vertex 12.75 -16.8645 27.455
      vertex 12.7857 -16.8627 27.455
    endloop
  endfacet
  facet normal 0 -0.290215 0.956962
    outer loop
      vertex -12.75 -16.8645 27.455
      vertex 12.75 -17.0053 27.4123
      vertex 12.75 -16.8645 27.455
    endloop
  endfacet
  facet normal 0 -0.290215 0.956962
    outer loop
      vertex 12.75 -17.0053 27.4123
      vertex -12.75 -16.8645 27.455
      vertex -12.75 -17.0053 27.4123
    endloop
  endfacet
  facet normal 0.124171 -0.262399 0.956937
    outer loop
      vertex 12.9882 -16.9457 27.4123
      vertex 12.9218 -16.8214 27.455
      vertex 12.9434 -16.9669 27.4123
    endloop
  endfacet
  facet normal -0.37884 -0.0560342 0.923764
    outer loop
      vertex -13.2529 -16.5495 27.4123
      vertex -13.3882 -16.5629 27.356
      vertex -13.379 -16.6251 27.356
    endloop
  endfacet
  facet normal -0.408819 -0.865288 0.290075
    outer loop
      vertex -13.2905 -17.8048 26.5053
      vertex -13.4158 -17.7456 26.5053
      vertex -13.3068 -17.8443 26.3645
    endloop
  endfacet
  facet normal 0 -0.555954 0.831213
    outer loop
      vertex -12.75 -17.2712 27.2866
      vertex 12.75 -17.3935 27.2048
      vertex 12.75 -17.2712 27.2866
    endloop
  endfacet
  facet normal 0 -0.555954 0.831213
    outer loop
      vertex 12.75 -17.3935 27.2048
      vertex -12.75 -17.2712 27.2866
      vertex -12.75 -17.3935 27.2048
    endloop
  endfacet
  facet normal -0.0099591 -0.19556 0.980641
    outer loop
      vertex -12.7716 -16.719 27.4838
      vertex -12.7857 -16.8627 27.455
      vertex -12.75 -16.7201 27.4838
    endloop
  endfacet
  facet normal -0.726746 -0.658719 0.194754
    outer loop
      vertex -13.8748 -17.4231 26.3645
      vertex -13.897 -17.4413 26.2201
      vertex -13.7992 -17.5492 26.2201
    endloop
  endfacet
  facet normal -0.83052 0.0408344 0.555491
    outer loop
      vertex -14.0304 16.6261 26.7712
      vertex -14.0366 16.5 26.7712
      vertex -13.9548 16.5 26.8935
    endloop
  endfacet
  facet normal -0.322441 -0.901039 0.290105
    outer loop
      vertex -13.2905 -17.8048 26.5053
      vertex -13.3068 -17.8443 26.3645
      vertex -13.16 -17.8515 26.5053
    endloop
  endfacet
  facet normal -0.475046 -0.524411 0.706629
    outer loop
      vertex -13.4623 -17.2123 27.1114
      vertex -13.5359 -17.2859 27.0073
      vertex -13.389 -17.2787 27.1114
    endloop
  endfacet
  facet normal -0.667595 -0.495948 0.555295
    outer loop
      vertex -13.7518 -17.1694 26.8935
      vertex -13.8198 -17.2148 26.7712
      vertex -13.6813 -17.2643 26.8935
    endloop
  endfacet
  facet normal -0.66763 -0.495784 0.5554
    outer loop
      vertex -13.6813 -17.2643 26.8935
      vertex -13.8198 -17.2148 26.7712
      vertex -13.7445 -17.3162 26.7712
    endloop
  endfacet
  facet normal -0.0662642 -0.184269 0.98064
    outer loop
      vertex -12.8342 -16.7033 27.4838
      vertex -12.8558 -16.8488 27.455
      vertex -12.8139 -16.7106 27.4838
    endloop
  endfacet
  facet normal 0.4668 -0.0690444 0.881663
    outer loop
      vertex 13.3882 -16.5629 27.356
      vertex 13.379 -16.6251 27.356
      vertex 13.5174 -16.5756 27.2866
    endloop
  endfacet
  facet normal 0.882014 -0 0.471222
    outer loop
      vertex 14.0366 -16.5 26.7712
      vertex 14.106 16.5 26.6413
      vertex 14.0366 16.5 26.7712
    endloop
  endfacet
  facet normal 0.882014 0 0.471222
    outer loop
      vertex 14.106 16.5 26.6413
      vertex 14.0366 -16.5 26.7712
      vertex 14.106 -16.5 26.6413
    endloop
  endfacet
  facet normal 0.923008 0.0453501 0.382098
    outer loop
      vertex 14.1555 16.6384 26.5053
      vertex 14.106 16.5 26.6413
      vertex 14.1623 16.5 26.5053
    endloop
  endfacet
  facet normal 0.956962 -0 0.290215
    outer loop
      vertex 14.1623 -16.5 26.5053
      vertex 14.205 16.5 26.3645
      vertex 14.1623 16.5 26.5053
    endloop
  endfacet
  facet normal 0.956962 0 0.290215
    outer loop
      vertex 14.205 16.5 26.3645
      vertex 14.1623 -16.5 26.5053
      vertex 14.205 -16.5 26.3645
    endloop
  endfacet
  facet normal 0.993975 0.0487508 0.0981672
    outer loop
      vertex 14.241 16.6468 26.0736
      vertex 14.2266 16.6454 26.2201
      vertex 14.2482 16.5 26.0736
    endloop
  endfacet
  facet normal 0.979551 0.0480845 0.195367
    outer loop
      vertex 14.2338 16.5 26.2201
      vertex 14.198 16.6426 26.3645
      vertex 14.205 16.5 26.3645
    endloop
  endfacet
  facet normal 0.684777 0.6201 0.382828
    outer loop
      vertex 13.7487 17.4987 26.5053
      vertex 13.7088 17.4588 26.6413
      vertex 13.8417 17.396 26.5053
    endloop
  endfacet
  facet normal 0.686368 0.171771 0.706678
    outer loop
      vertex 13.8401 16.7168 27.0073
      vertex 13.714 16.7924 27.1114
      vertex 13.738 16.6965 27.1114
    endloop
  endfacet
  facet normal 0.709092 0.642741 0.289953
    outer loop
      vertex 13.7789 17.5289 26.3645
      vertex 13.7487 17.4987 26.5053
      vertex 13.8748 17.4231 26.3645
    endloop
  endfacet
  facet normal 0.830815 0.297051 0.470645
    outer loop
      vertex 14.0028 17.0189 26.6413
      vertex 13.9812 16.8735 26.7712
      vertex 14.0476 16.8936 26.6413
    endloop
  endfacet
  facet normal 0.855989 0.214521 0.470387
    outer loop
      vertex 14.0799 16.7645 26.6413
      vertex 13.9812 16.8735 26.7712
      vertex 14.0119 16.751 26.7712
    endloop
  endfacet
  facet normal 0.79956 0.592495 0.0982521
    outer loop
      vertex 13.9957 17.3324 26.0736
      vertex 13.897 17.4413 26.2201
      vertex 13.9837 17.3243 26.2201
    endloop
  endfacet
  facet normal -0.671251 0.74123 0.000112214
    outer loop
      vertex -13.7016 17.6595 9.71
      vertex -13.8107 17.5607 9.71
      vertex -13.8094 17.5594 26.0736
    endloop
  endfacet
  facet normal 0.642313 -0.709307 0.290375
    outer loop
      vertex 13.7487 -17.4987 26.5053
      vertex 13.646 -17.5917 26.5053
      vertex 13.6731 -17.6248 26.3645
    endloop
  endfacet
  facet normal 0.214521 -0.855989 0.470387
    outer loop
      vertex 13.1235 -17.7312 26.7712
      vertex 13.001 -17.7619 26.7712
      vertex 13.0145 -17.8299 26.6413
    endloop
  endfacet
  facet normal 0.989174 -0.146746 0.0001115
    outer loop
      vertex 14.2428 -16.647 9.71
      vertex 14.2194 -16.7923 26.0736
      vertex 14.2212 -16.7926 9.71
    endloop
  endfacet
  facet normal 0.970238 -0.14351 0.195044
    outer loop
      vertex 14.198 -16.6426 26.3645
      vertex 14.1771 -16.7839 26.3645
      vertex 14.2053 -16.7895 26.2201
    endloop
  endfacet
  facet normal 0.896293 0.224247 0.382586
    outer loop
      vertex 14.1352 16.7755 26.5053
      vertex 14.0476 16.8936 26.6413
      vertex 14.0799 16.7645 26.6413
    endloop
  endfacet
  facet normal 0.855989 -0.214521 0.470387
    outer loop
      vertex 14.0119 -16.751 26.7712
      vertex 13.9812 -16.8735 26.7712
      vertex 14.0799 -16.7645 26.6413
    endloop
  endfacet
  facet normal 0.936926 -0.335544 0.0978762
    outer loop
      vertex 14.1699 -16.9307 26.2201
      vertex 14.1208 -17.0678 26.2201
      vertex 14.1837 -16.9349 26.0736
    endloop
  endfacet
  facet normal 0.993998 -0.0492213 0.0977035
    outer loop
      vertex 14.2338 -16.5 26.2201
      vertex 14.2266 -16.6454 26.2201
      vertex 14.2482 -16.5 26.0736
    endloop
  endfacet
  facet normal 0.509977 -0.378323 0.772525
    outer loop
      vertex 13.493 -16.9964 27.2048
      vertex 13.4407 -17.0669 27.2048
      vertex 13.5876 -17.0596 27.1114
    endloop
  endfacet
  facet normal 0.806547 -0.202516 0.555399
    outer loop
      vertex 13.9317 -16.735 26.8935
      vertex 13.9029 -16.8497 26.8935
      vertex 14.0119 -16.751 26.7712
    endloop
  endfacet
  facet normal 0.970062 -0.242856 0.0001082
    outer loop
      vertex 14.2194 -16.7923 26.0736
      vertex 14.1837 -16.9349 26.0736
      vertex 14.1854 -16.9354 9.71
    endloop
  endfacet
  facet normal 0.751393 -0.355997 0.555585
    outer loop
      vertex 13.8631 -16.9611 26.8935
      vertex 13.8125 -17.0679 26.8935
      vertex 13.9387 -16.9924 26.7712
    endloop
  endfacet
  facet normal 0.41956 -0.8865 0.19516
    outer loop
      vertex 13.4359 -17.7832 26.3645
      vertex 13.3068 -17.8443 26.3645
      vertex 13.4494 -17.8086 26.2201
    endloop
  endfacet
  facet normal 0.427269 -0.904125 0.000112206
    outer loop
      vertex 13.4571 -17.8229 9.71
      vertex 13.3233 -17.8841 26.0736
      vertex 13.324 -17.8858 9.71
    endloop
  endfacet
  facet normal 0.0375936 -0.772442 0.633972
    outer loop
      vertex 12.75 -17.6114 27.0073
      vertex 12.75 -17.7048 26.8935
      vertex 12.8589 -17.6061 27.0073
    endloop
  endfacet
  facet normal -0.0408344 -0.83052 0.555491
    outer loop
      vertex -12.75 -17.7048 26.8935
      vertex -12.8761 -17.7804 26.7712
      vertex -12.75 -17.7866 26.7712
    endloop
  endfacet
  facet normal 0.0451474 -0.923091 0.381922
    outer loop
      vertex 12.8829 -17.8495 26.6413
      vertex 12.75 -17.856 26.6413
      vertex 12.8884 -17.9055 26.5053
    endloop
  endfacet
  facet normal 0.140178 -0.946721 0.289946
    outer loop
      vertex 13.0255 -17.8852 26.5053
      vertex 12.8884 -17.9055 26.5053
      vertex 12.8926 -17.948 26.3645
    endloop
  endfacet
  facet normal 0.171771 -0.686368 0.706678
    outer loop
      vertex 13.0424 -17.464 27.1114
      vertex 12.9465 -17.488 27.1114
      vertex 12.9668 -17.5901 27.0073
    endloop
  endfacet
  facet normal 0.509979 -0.37831 0.77253
    outer loop
      vertex 13.5876 -17.0596 27.1114
      vertex 13.4407 -17.0669 27.2048
      vertex 13.5287 -17.139 27.1114
    endloop
  endfacet
  facet normal 0.495948 -0.667595 0.555295
    outer loop
      vertex 13.5143 -17.4313 26.8935
      vertex 13.4194 -17.5018 26.8935
      vertex 13.4648 -17.5698 26.7712
    endloop
  endfacet
  facet normal 0.297051 -0.830815 0.470645
    outer loop
      vertex 13.2689 -17.7528 26.6413
      vertex 13.1235 -17.7312 26.7712
      vertex 13.1436 -17.7976 26.6413
    endloop
  endfacet
  facet normal 0.237857 -0.502987 0.83092
    outer loop
      vertex 13.1712 -17.288 27.2048
      vertex 13.0451 -17.2125 27.2866
      vertex 13.0919 -17.3255 27.2048
    endloop
  endfacet
  facet normal 0.238696 -0.666144 0.706595
    outer loop
      vertex 13.1753 -17.5268 27.0073
      vertex 13.0424 -17.464 27.1114
      vertex 13.0726 -17.5636 27.0073
    endloop
  endfacet
  facet normal 0.0489874 -0.998799 0.000110467
    outer loop
      vertex 12.8968 -17.991 26.0736
      vertex 12.75 -17.9982 26.0736
      vertex 12.897 -17.9928 9.71
    endloop
  endfacet
  facet normal 0.146746 -0.989174 0.0001115
    outer loop
      vertex 13.0423 -17.9694 26.0736
      vertex 12.897 -17.9928 9.71
      vertex 13.0426 -17.9712 9.71
    endloop
  endfacet
  facet normal 0.242856 0.970062 0.0001082
    outer loop
      vertex 13.1854 17.9354 9.71
      vertex 13.0423 17.9694 26.0736
      vertex 13.1849 17.9337 26.0736
    endloop
  endfacet
  facet normal 0.336939 0.941527 0.000112228
    outer loop
      vertex 13.324 17.8858 9.71
      vertex 13.1854 17.9354 9.71
      vertex 13.3233 17.8841 26.0736
    endloop
  endfacet
  facet normal 0.335758 0.936872 0.0976592
    outer loop
      vertex 13.3233 17.8841 26.0736
      vertex 13.1849 17.9337 26.0736
      vertex 13.3178 17.8708 26.2201
    endloop
  endfacet
  facet normal 0.425196 0.899818 0.0976529
    outer loop
      vertex 13.3233 17.8841 26.0736
      vertex 13.3178 17.8708 26.2201
      vertex 13.4562 17.8213 26.0736
    endloop
  endfacet
  facet normal 0.146144 0.984443 0.0975416
    outer loop
      vertex 13.0423 17.9694 26.0736
      vertex 12.8968 17.991 26.0736
      vertex 13.0395 17.9553 26.2201
    endloop
  endfacet
  facet normal 0.232577 0.928298 0.290123
    outer loop
      vertex 13.0339 17.9271 26.3645
      vertex 13.0255 17.8852 26.5053
      vertex 13.1724 17.8924 26.3645
    endloop
  endfacet
  facet normal 0.0451474 0.923091 0.381922
    outer loop
      vertex 12.8884 17.9055 26.5053
      vertex 12.75 17.856 26.6413
      vertex 12.8829 17.8495 26.6413
    endloop
  endfacet
  facet normal 0.135367 0.914228 0.381921
    outer loop
      vertex 12.8884 17.9055 26.5053
      vertex 12.8829 17.8495 26.6413
      vertex 13.0255 17.8852 26.5053
    endloop
  endfacet
  facet normal 0.224247 0.896293 0.382586
    outer loop
      vertex 13.0255 17.8852 26.5053
      vertex 13.0145 17.8299 26.6413
      vertex 13.1436 17.7976 26.6413
    endloop
  endfacet
  facet normal 0.136104 0.913838 0.382591
    outer loop
      vertex 13.0255 17.8852 26.5053
      vertex 12.8829 17.8495 26.6413
      vertex 13.0145 17.8299 26.6413
    endloop
  endfacet
  facet normal -0.830543 0.0407888 0.555458
    outer loop
      vertex -13.949 16.6181 26.8935
      vertex -14.0304 16.6261 26.7712
      vertex -13.9548 16.5 26.8935
    endloop
  endfacet
  facet normal -0.872819 0.129994 0.470413
    outer loop
      vertex -14.0799 16.7645 26.6413
      vertex -14.0995 16.6329 26.6413
      vertex -14.0119 16.751 26.7712
    endloop
  endfacet
  facet normal -0.573223 0.519306 0.633828
    outer loop
      vertex -13.5359 17.2859 27.0073
      vertex -13.6813 17.2643 26.8935
      vertex -13.6091 17.2051 27.0073
    endloop
  endfacet
  facet normal -0.706689 0.0343679 0.706689
    outer loop
      vertex -13.7525 16.5987 27.1114
      vertex -13.8614 16.5 27.0073
      vertex -13.7573 16.5 27.1114
    endloop
  endfacet
  facet normal -0.287354 0.0427226 0.956871
    outer loop
      vertex -13.2456 16.5986 27.4123
      vertex -13.2529 16.5495 27.4123
      vertex -13.1075 16.5711 27.455
    endloop
  endfacet
  facet normal -0.466859 -0.0692799 0.881614
    outer loop
      vertex -13.379 -16.6251 27.356
      vertex -13.5174 -16.5756 27.2866
      vertex -13.5063 -16.6504 27.2866
    endloop
  endfacet
  facet normal -0.328412 0.197047 0.923752
    outer loop
      vertex -13.2832 16.8563 27.356
      vertex -13.3156 16.8023 27.356
      vertex -13.1957 16.7382 27.4123
    endloop
  endfacet
  facet normal -0.023228 0.471304 0.881665
    outer loop
      vertex -12.75 17.1413 27.356
      vertex -12.8256 17.2674 27.2866
      vertex -12.8129 17.1382 27.356
    endloop
  endfacet
  facet normal 0.550159 -0.081223 0.831101
    outer loop
      vertex 13.6392 -16.5876 27.2048
      vertex 13.5174 -16.5756 27.2866
      vertex 13.6264 -16.6743 27.2048
    endloop
  endfacet
  facet normal 0.475046 0.524411 0.706629
    outer loop
      vertex 13.5359 17.2859 27.0073
      vertex 13.389 17.2787 27.1114
      vertex 13.4623 17.2123 27.1114
    endloop
  endfacet
  facet normal -0.195113 0.215035 0.956917
    outer loop
      vertex -13.0706 16.8906 27.4123
      vertex -13.1073 16.8573 27.4123
      vertex -12.9812 16.7817 27.455
    endloop
  endfacet
  facet normal -0.37893 0.281081 0.881706
    outer loop
      vertex -13.3461 16.9892 27.2866
      vertex -13.3912 16.9284 27.2866
      vertex -13.2832 16.8563 27.356
    endloop
  endfacet
  facet normal -0.233171 0.173051 0.956914
    outer loop
      vertex -13.0317 16.7312 27.455
      vertex -13.1702 16.7807 27.4123
      vertex -13.053 16.7025 27.455
    endloop
  endfacet
  facet normal -0.13146 -0.145154 0.980637
    outer loop
      vertex -12.9056 -16.6556 27.4838
      vertex -13.0077 -16.7577 27.455
      vertex -12.9812 -16.7817 27.455
    endloop
  endfacet
  facet normal -0.195594 0 0.980685
    outer loop
      vertex -13.1145 16.5 27.455
      vertex -12.9701 -16.5 27.4838
      vertex -12.9701 16.5 27.4838
    endloop
  endfacet
  facet normal -0.195594 0 0.980685
    outer loop
      vertex -12.9701 -16.5 27.4838
      vertex -13.1145 16.5 27.455
      vertex -13.1145 -16.5 27.455
    endloop
  endfacet
  facet normal -0.014622 -0.290003 0.956914
    outer loop
      vertex -12.7857 -16.8627 27.455
      vertex -12.7995 -17.0029 27.4123
      vertex -12.75 -16.8645 27.455
    endloop
  endfacet
  facet normal -0.233171 -0.173051 0.956914
    outer loop
      vertex -13.053 -16.7025 27.455
      vertex -13.1702 -16.7807 27.4123
      vertex -13.0317 -16.7312 27.455
    endloop
  endfacet
  facet normal -0.0272661 0.555468 0.831091
    outer loop
      vertex -12.75 17.3935 27.2048
      vertex -12.8376 17.3892 27.2048
      vertex -12.8256 17.2674 27.2866
    endloop
  endfacet
  facet normal 0.65412 0.591923 0.470907
    outer loop
      vertex 13.7982 17.3602 26.6413
      vertex 13.6598 17.4098 26.7712
      vertex 13.7445 17.3162 26.7712
    endloop
  endfacet
  facet normal 0.42155 0.56827 0.706658
    outer loop
      vertex 13.3675 17.4241 27.0073
      vertex 13.3096 17.3376 27.1114
      vertex 13.389 17.2787 27.1114
    endloop
  endfacet
  facet normal 0.726746 0.658719 0.194754
    outer loop
      vertex 13.897 17.4413 26.2201
      vertex 13.7992 17.5492 26.2201
      vertex 13.8748 17.4231 26.3645
    endloop
  endfacet
  facet normal 0.525943 0.708242 0.470932
    outer loop
      vertex 13.6102 17.5482 26.6413
      vertex 13.4648 17.5698 26.7712
      vertex 13.5662 17.4945 26.7712
    endloop
  endfacet
  facet normal -0.121734 0.822586 0.555457
    outer loop
      vertex -12.8761 17.7804 26.7712
      vertex -12.985 17.6817 26.8935
      vertex -12.8681 17.699 26.8935
    endloop
  endfacet
  facet normal -0.260163 0.728196 0.63407
    outer loop
      vertex -13.0997 17.6529 26.8935
      vertex -13.2111 17.6131 26.8935
      vertex -13.1753 17.5268 27.0073
    endloop
  endfacet
  facet normal -0.396869 0.663628 0.634107
    outer loop
      vertex -13.3179 17.5625 26.8935
      vertex -13.4194 17.5018 26.8935
      vertex -13.3675 17.4241 27.0073
    endloop
  endfacet
  facet normal -0.224247 0.896293 0.382586
    outer loop
      vertex -13.0255 17.8852 26.5053
      vertex -13.1436 17.7976 26.6413
      vertex -13.0145 17.8299 26.6413
    endloop
  endfacet
  facet normal 0.129253 0.872633 0.470961
    outer loop
      vertex 12.8829 17.8495 26.6413
      vertex 12.8761 17.7804 26.7712
      vertex 13.001 17.7619 26.7712
    endloop
  endfacet
  facet normal 0.0430938 0.881103 0.470957
    outer loop
      vertex 12.8829 17.8495 26.6413
      vertex 12.75 17.856 26.6413
      vertex 12.8761 17.7804 26.7712
    endloop
  endfacet
  facet normal 0.511435 0.853744 0.0977496
    outer loop
      vertex 13.4562 17.8213 26.0736
      vertex 13.4494 17.8086 26.2201
      vertex 13.5824 17.7457 26.0736
    endloop
  endfacet
  facet normal 0.592495 0.79956 0.0982521
    outer loop
      vertex 13.5824 17.7457 26.0736
      vertex 13.5743 17.7337 26.2201
      vertex 13.6913 17.647 26.2201
    endloop
  endfacet
  facet normal 0.41956 0.8865 0.19516
    outer loop
      vertex 13.4494 17.8086 26.2201
      vertex 13.3068 17.8443 26.3645
      vertex 13.4359 17.7832 26.3645
    endloop
  endfacet
  facet normal 0.684539 0.620667 0.382333
    outer loop
      vertex 13.8417 17.396 26.5053
      vertex 13.7088 17.4588 26.6413
      vertex 13.7982 17.3602 26.6413
    endloop
  endfacet
  facet normal 0.620667 0.684539 0.382333
    outer loop
      vertex 13.646 17.5917 26.5053
      vertex 13.6102 17.5482 26.6413
      vertex 13.7088 17.4588 26.6413
    endloop
  endfacet
  facet normal 0.80293 0.596073 0.000112407
    outer loop
      vertex 13.9095 17.4516 9.71
      vertex 13.9081 17.4504 26.0736
      vertex 13.9957 17.3324 26.0736
    endloop
  endfacet
  facet normal 0.765139 0.113459 0.63379
    outer loop
      vertex 13.949 16.6181 26.8935
      vertex 13.8401 16.7168 27.0073
      vertex 13.8561 16.6089 27.0073
    endloop
  endfacet
  facet normal 0.699877 0.103782 0.706684
    outer loop
      vertex 13.8401 16.7168 27.0073
      vertex 13.7525 16.5987 27.1114
      vertex 13.8561 16.6089 27.0073
    endloop
  endfacet
  facet normal 0.597823 0.213829 0.772583
    outer loop
      vertex 13.6807 16.8855 27.1114
      vertex 13.6051 16.7594 27.2048
      vertex 13.714 16.7924 27.1114
    endloop
  endfacet
  facet normal 0.666471 0.238383 0.706393
    outer loop
      vertex 13.7768 16.9253 27.0073
      vertex 13.6807 16.8855 27.1114
      vertex 13.714 16.7924 27.1114
    endloop
  endfacet
  facet normal 0.699887 0.103766 0.706676
    outer loop
      vertex 13.8401 16.7168 27.0073
      vertex 13.738 16.6965 27.1114
      vertex 13.7525 16.5987 27.1114
    endloop
  endfacet
  facet normal 0.633987 0.0308322 0.772729
    outer loop
      vertex 13.7525 16.5987 27.1114
      vertex 13.6392 16.5876 27.2048
      vertex 13.7573 16.5 27.1114
    endloop
  endfacet
  facet normal -0.335544 0.936926 0.0978762
    outer loop
      vertex -13.1849 17.9337 26.0736
      vertex -13.3178 17.8708 26.2201
      vertex -13.1807 17.9199 26.2201
    endloop
  endfacet
  facet normal -0.335758 0.936872 0.0976592
    outer loop
      vertex -13.1849 17.9337 26.0736
      vertex -13.3233 17.8841 26.0736
      vertex -13.3178 17.8708 26.2201
    endloop
  endfacet
  facet normal -0.56994 0.76866 0.290398
    outer loop
      vertex -13.5346 17.6743 26.5053
      vertex -13.6731 17.6248 26.3645
      vertex -13.646 17.5917 26.5053
    endloop
  endfacet
  facet normal -0.667994 0.737703 0.097871
    outer loop
      vertex -13.7004 17.6581 26.0736
      vertex -13.8094 17.5594 26.0736
      vertex -13.7992 17.5492 26.2201
    endloop
  endfacet
  facet normal 0.74123 -0.671251 0.000112214
    outer loop
      vertex 13.9095 -17.4516 9.71
      vertex 13.8094 -17.5594 26.0736
      vertex 13.8107 -17.5607 9.71
    endloop
  endfacet
  facet normal -0.285522 0.477139 0.831153
    outer loop
      vertex -13.1712 17.288 27.2048
      vertex -13.2464 17.243 27.2048
      vertex -13.1784 17.1412 27.2866
    endloop
  endfacet
  facet normal -0.461118 0.62071 0.634105
    outer loop
      vertex -13.4194 17.5018 26.8935
      vertex -13.5143 17.4313 26.8935
      vertex -13.3675 17.4241 27.0073
    endloop
  endfacet
  facet normal -0.129253 0.872633 0.470961
    outer loop
      vertex -12.8829 17.8495 26.6413
      vertex -13.001 17.7619 26.7712
      vertex -12.8761 17.7804 26.7712
    endloop
  endfacet
  facet normal -0.297051 0.830815 0.470645
    outer loop
      vertex -13.1436 17.7976 26.6413
      vertex -13.2689 17.7528 26.6413
      vertex -13.1235 17.7312 26.7712
    endloop
  endfacet
  facet normal -0.475149 0.792609 0.382105
    outer loop
      vertex -13.3892 17.6959 26.6413
      vertex -13.5346 17.6743 26.5053
      vertex -13.5033 17.6275 26.6413
    endloop
  endfacet
  facet normal -0.550529 0.742138 0.382294
    outer loop
      vertex -13.5033 17.6275 26.6413
      vertex -13.646 17.5917 26.5053
      vertex -13.6102 17.5482 26.6413
    endloop
  endfacet
  facet normal -0.855989 0.214521 0.470387
    outer loop
      vertex -13.9812 16.8735 26.7712
      vertex -14.0799 16.7645 26.6413
      vertex -14.0119 16.751 26.7712
    endloop
  endfacet
  facet normal -0.61591 0.558257 0.555881
    outer loop
      vertex -13.6598 17.4098 26.7712
      vertex -13.6813 17.2643 26.8935
      vertex -13.6019 17.3519 26.8935
    endloop
  endfacet
  facet normal -0.728196 0.260163 0.63407
    outer loop
      vertex -13.8631 16.9611 26.8935
      vertex -13.9029 16.8497 26.8935
      vertex -13.7768 16.9253 27.0073
    endloop
  endfacet
  facet normal -0.970238 0.14351 0.195044
    outer loop
      vertex -14.1771 16.7839 26.3645
      vertex -14.2053 16.7895 26.2201
      vertex -14.198 16.6426 26.3645
    endloop
  endfacet
  facet normal -0.742318 0.550408 0.382119
    outer loop
      vertex -13.8417 17.396 26.5053
      vertex -13.9243 17.2846 26.5053
      vertex -13.8775 17.2533 26.6413
    endloop
  endfacet
  facet normal -0.936872 0.335758 0.0976592
    outer loop
      vertex -14.1341 17.0733 26.0736
      vertex -14.1837 16.9349 26.0736
      vertex -14.1208 17.0678 26.2201
    endloop
  endfacet
  facet normal -0.426319 0.470621 0.772508
    outer loop
      vertex -13.389 17.2787 27.1114
      vertex -13.4623 17.2123 27.1114
      vertex -13.3169 17.1907 27.2048
    endloop
  endfacet
  facet normal -0.470621 0.426319 0.772508
    outer loop
      vertex -13.4623 17.2123 27.1114
      vertex -13.5287 17.139 27.1114
      vertex -13.4407 17.0669 27.2048
    endloop
  endfacet
  facet normal -0.998803 0.0489209 0.000109869
    outer loop
      vertex -14.2428 16.647 9.71
      vertex -14.25 16.5 9.71
      vertex -14.2482 16.5 26.0736
    endloop
  endfacet
  facet normal -0.741262 0.671216 0.000112642
    outer loop
      vertex -13.8094 17.5594 26.0736
      vertex -13.9095 17.4516 9.71
      vertex -13.9081 17.4504 26.0736
    endloop
  endfacet
  facet normal -0.955896 0.0469234 0.289934
    outer loop
      vertex -14.198 16.6426 26.3645
      vertex -14.205 16.5 26.3645
      vertex -14.1555 16.6384 26.5053
    endloop
  endfacet
  facet normal -0.835532 0.394761 0.382165
    outer loop
      vertex -13.9956 17.1658 26.5053
      vertex -14.0548 17.0405 26.5053
      vertex -14.0028 17.0189 26.6413
    endloop
  endfacet
  facet normal -0.993998 0.0492213 0.0977035
    outer loop
      vertex -14.2266 16.6454 26.2201
      vertex -14.2482 16.5 26.0736
      vertex -14.2338 16.5 26.2201
    endloop
  endfacet
  facet normal -0.946721 0.140178 0.289946
    outer loop
      vertex -14.1352 16.7755 26.5053
      vertex -14.198 16.6426 26.3645
      vertex -14.1555 16.6384 26.5053
    endloop
  endfacet
  facet normal -0.896293 0.224247 0.382586
    outer loop
      vertex -14.0476 16.8936 26.6413
      vertex -14.1352 16.7755 26.5053
      vertex -14.0799 16.7645 26.6413
    endloop
  endfacet
  facet normal -0.881186 -0.0433256 0.47078
    outer loop
      vertex -14.0366 -16.5 26.7712
      vertex -14.106 -16.5 26.6413
      vertex -14.0304 -16.6261 26.7712
    endloop
  endfacet
  facet normal -0.53929 -0.134981 0.831232
    outer loop
      vertex -13.5063 -16.6504 27.2866
      vertex -13.6264 -16.6743 27.2048
      vertex -13.6051 -16.7594 27.2048
    endloop
  endfacet
  facet normal -0.728286 -0.260963 0.633638
    outer loop
      vertex -13.8136 -16.8226 27.0073
      vertex -13.9029 -16.8497 26.8935
      vertex -13.7768 -16.9253 27.0073
    endloop
  endfacet
  facet normal -0.707107 0 0.707107
    outer loop
      vertex -13.8614 -16.5 27.0073
      vertex -13.7573 16.5 27.1114
      vertex -13.8614 16.5 27.0073
    endloop
  endfacet
  facet normal -0.707107 0 0.707107
    outer loop
      vertex -13.7573 16.5 27.1114
      vertex -13.8614 -16.5 27.0073
      vertex -13.7573 -16.5 27.1114
    endloop
  endfacet
  facet normal -0.772988 0 0.634421
    outer loop
      vertex -13.9548 -16.5 26.8935
      vertex -13.8614 16.5 27.0073
      vertex -13.9548 16.5 26.8935
    endloop
  endfacet
  facet normal -0.772988 0 0.634421
    outer loop
      vertex -13.8614 16.5 27.0073
      vertex -13.9548 -16.5 26.8935
      vertex -13.8614 -16.5 27.0073
    endloop
  endfacet
  facet normal -0.923091 -0.0451474 0.381922
    outer loop
      vertex -14.106 -16.5 26.6413
      vertex -14.1555 -16.6384 26.5053
      vertex -14.0995 -16.6329 26.6413
    endloop
  endfacet
  facet normal -0.970238 -0.14351 0.195044
    outer loop
      vertex -14.198 -16.6426 26.3645
      vertex -14.2053 -16.7895 26.2201
      vertex -14.1771 -16.7839 26.3645
    endloop
  endfacet
  facet normal -0.311089 -0.870078 0.382346
    outer loop
      vertex -13.1436 -17.7976 26.6413
      vertex -13.2689 -17.7528 26.6413
      vertex -13.16 -17.8515 26.5053
    endloop
  endfacet
  facet normal -0.238519 -0.951381 0.194894
    outer loop
      vertex -13.1724 -17.8924 26.3645
      vertex -13.1807 -17.9199 26.2201
      vertex -13.0395 -17.9553 26.2201
    endloop
  endfacet
  facet normal -0.326447 -0.544292 0.772774
    outer loop
      vertex -13.1712 -17.288 27.2048
      vertex -13.3096 -17.3376 27.1114
      vertex -13.2249 -17.3884 27.1114
    endloop
  endfacet
  facet normal -0.322464 -0.901022 0.29013
    outer loop
      vertex -13.16 -17.8515 26.5053
      vertex -13.3068 -17.8443 26.3645
      vertex -13.1724 -17.8924 26.3645
    endloop
  endfacet
  facet normal -0.136104 -0.913838 0.382591
    outer loop
      vertex -13.0145 -17.8299 26.6413
      vertex -13.0255 -17.8852 26.5053
      vertex -12.8829 -17.8495 26.6413
    endloop
  endfacet
  facet normal 0 -0.831213 0.555954
    outer loop
      vertex -12.75 -17.7866 26.7712
      vertex 12.75 -17.7048 26.8935
      vertex -12.75 -17.7048 26.8935
    endloop
  endfacet
  facet normal 0 -0.831213 0.555954
    outer loop
      vertex 12.75 -17.7048 26.8935
      vertex -12.75 -17.7866 26.7712
      vertex 12.75 -17.7866 26.7712
    endloop
  endfacet
  facet normal -0.409467 -0.865176 0.289495
    outer loop
      vertex -13.4158 -17.7456 26.5053
      vertex -13.4359 -17.7832 26.3645
      vertex -13.3068 -17.8443 26.3645
    endloop
  endfacet
  facet normal -0.475149 -0.792609 0.382105
    outer loop
      vertex -13.5033 -17.6275 26.6413
      vertex -13.5346 -17.6743 26.5053
      vertex -13.3892 -17.6959 26.6413
    endloop
  endfacet
  facet normal -0.242856 -0.970062 0.0001082
    outer loop
      vertex -13.1849 -17.9337 26.0736
      vertex -13.1854 -17.9354 9.71
      vertex -13.0423 -17.9694 26.0736
    endloop
  endfacet
  facet normal -0.0485089 -0.97961 0.194963
    outer loop
      vertex -12.8926 -17.948 26.3645
      vertex -12.8954 -17.9766 26.2201
      vertex -12.75 -17.9838 26.2201
    endloop
  endfacet
  facet normal -0.33737 -0.941372 0.000108107
    outer loop
      vertex -13.1849 -17.9337 26.0736
      vertex -13.3233 -17.8841 26.0736
      vertex -13.1854 -17.9354 9.71
    endloop
  endfacet
  facet normal -0.335544 -0.936926 0.0978762
    outer loop
      vertex -13.1807 -17.9199 26.2201
      vertex -13.3178 -17.8708 26.2201
      vertex -13.1849 -17.9337 26.0736
    endloop
  endfacet
  facet normal -0.146844 -0.98916 0.000110603
    outer loop
      vertex -12.8968 -17.991 26.0736
      vertex -13.0423 -17.9694 26.0736
      vertex -12.897 -17.9928 9.71
    endloop
  endfacet
  facet normal -0.425196 -0.899818 0.0976529
    outer loop
      vertex -13.3178 -17.8708 26.2201
      vertex -13.4562 -17.8213 26.0736
      vertex -13.3233 -17.8841 26.0736
    endloop
  endfacet
  facet normal -0.583997 -0.788052 0.194737
    outer loop
      vertex -13.5584 -17.7098 26.3645
      vertex -13.6731 -17.6248 26.3645
      vertex -13.5743 -17.7337 26.2201
    endloop
  endfacet
  facet normal -0.504138 -0.841374 0.194769
    outer loop
      vertex -13.5584 -17.7098 26.3645
      vertex -13.5743 -17.7337 26.2201
      vertex -13.4359 -17.7832 26.3645
    endloop
  endfacet
  facet normal -0.737703 -0.667994 0.097871
    outer loop
      vertex -13.7992 -17.5492 26.2201
      vertex -13.9081 -17.4504 26.0736
      vertex -13.8094 -17.5594 26.0736
    endloop
  endfacet
  facet normal -0.593239 -0.799113 0.0973968
    outer loop
      vertex -13.6913 -17.647 26.2201
      vertex -13.7004 -17.6581 26.0736
      vertex -13.5824 -17.7457 26.0736
    endloop
  endfacet
  facet normal -0.797642 -0.377272 0.470566
    outer loop
      vertex -13.9387 -16.9924 26.7712
      vertex -14.0028 -17.0189 26.6413
      vertex -13.9459 -17.1392 26.6413
    endloop
  endfacet
  facet normal -0.80293 -0.596073 0.000112407
    outer loop
      vertex -13.9081 -17.4504 26.0736
      vertex -13.9957 -17.3324 26.0736
      vertex -13.9095 -17.4516 9.71
    endloop
  endfacet
  facet normal -0.56994 -0.76866 0.290398
    outer loop
      vertex -13.646 -17.5917 26.5053
      vertex -13.6731 -17.6248 26.3645
      vertex -13.5346 -17.6743 26.5053
    endloop
  endfacet
  facet normal -0.550408 -0.742318 0.382119
    outer loop
      vertex -13.5033 -17.6275 26.6413
      vertex -13.646 -17.5917 26.5053
      vertex -13.5346 -17.6743 26.5053
    endloop
  endfacet
  facet normal -0.558257 -0.61591 0.555881
    outer loop
      vertex -13.6019 -17.3519 26.8935
      vertex -13.6598 -17.4098 26.7712
      vertex -13.5143 -17.4313 26.8935
    endloop
  endfacet
  facet normal -0.62071 -0.461118 0.634105
    outer loop
      vertex -13.6741 -17.1175 27.0073
      vertex -13.7518 -17.1694 26.8935
      vertex -13.6813 -17.2643 26.8935
    endloop
  endfacet
  facet normal -0.335758 -0.936872 0.0976592
    outer loop
      vertex -13.3178 -17.8708 26.2201
      vertex -13.3233 -17.8841 26.0736
      vertex -13.1849 -17.9337 26.0736
    endloop
  endfacet
  facet normal -0.513896 -0.857853 0.000112143
    outer loop
      vertex -13.4562 -17.8213 26.0736
      vertex -13.5824 -17.7457 26.0736
      vertex -13.4571 -17.8229 9.71
    endloop
  endfacet
  facet normal -0.427238 -0.904139 0.000111903
    outer loop
      vertex -13.4562 -17.8213 26.0736
      vertex -13.4571 -17.8229 9.71
      vertex -13.3233 -17.8841 26.0736
    endloop
  endfacet
  facet normal -0.427269 -0.904125 0.000112206
    outer loop
      vertex -13.3233 -17.8841 26.0736
      vertex -13.4571 -17.8229 9.71
      vertex -13.324 -17.8858 9.71
    endloop
  endfacet
  facet normal -0.857733 -0.514096 0.000110043
    outer loop
      vertex -13.9957 -17.3324 26.0736
      vertex -14.0729 -17.2071 9.71
      vertex -13.9972 -17.3334 9.71
    endloop
  endfacet
  facet normal -0.899818 -0.425196 0.0976529
    outer loop
      vertex -14.1208 -17.0678 26.2201
      vertex -14.1341 -17.0733 26.0736
      vertex -14.0713 -17.2062 26.0736
    endloop
  endfacet
  facet normal -0.865288 -0.408819 0.290075
    outer loop
      vertex -14.0548 -17.0405 26.5053
      vertex -14.0943 -17.0568 26.3645
      vertex -13.9956 -17.1658 26.5053
    endloop
  endfacet
  facet normal -0.737411 -0.668386 0.0973896
    outer loop
      vertex -13.897 -17.4413 26.2201
      vertex -13.9081 -17.4504 26.0736
      vertex -13.7992 -17.5492 26.2201
    endloop
  endfacet
  facet normal 0.936872 0.335758 0.0976592
    outer loop
      vertex 14.1341 17.0733 26.0736
      vertex 14.1208 17.0678 26.2201
      vertex 14.1837 16.9349 26.0736
    endloop
  endfacet
  facet normal 0.904139 0.427238 0.000111903
    outer loop
      vertex 14.0729 17.2071 9.71
      vertex 14.0713 17.2062 26.0736
      vertex 14.1341 17.0733 26.0736
    endloop
  endfacet
  facet normal 0.984474 0.145519 0.098158
    outer loop
      vertex 14.241 16.6468 26.0736
      vertex 14.2053 16.7895 26.2201
      vertex 14.2266 16.6454 26.2201
    endloop
  endfacet
  facet normal 0.970062 0.242856 0.0001082
    outer loop
      vertex 14.1854 16.9354 9.71
      vertex 14.1837 16.9349 26.0736
      vertex 14.2194 16.7923 26.0736
    endloop
  endfacet
  facet normal -0.502681 -0.238112 0.831032
    outer loop
      vertex -13.4625 -16.7951 27.2866
      vertex -13.538 -16.9212 27.2048
      vertex -13.4301 -16.8635 27.2866
    endloop
  endfacet
  facet normal -0.023228 -0.471304 0.881665
    outer loop
      vertex -12.8129 -17.1382 27.356
      vertex -12.8256 -17.2674 27.2866
      vertex -12.75 -17.1413 27.356
    endloop
  endfacet
  facet normal 0.177229 -0.083189 0.980648
    outer loop
      vertex 12.9533 -16.5842 27.4838
      vertex 12.9441 -16.6038 27.4838
      vertex 13.0867 -16.6395 27.455
    endloop
  endfacet
  facet normal 0.066452 -0.0718766 0.995197
    outer loop
      vertex 12.802 -16.552 27.4982
      vertex 12.7967 -16.5569 27.4982
      vertex 12.9056 -16.6556 27.4838
    endloop
  endfacet
  facet normal -0.11706 -0.156987 0.980639
    outer loop
      vertex -12.8896 -16.6701 27.4838
      vertex -12.9812 -16.7817 27.455
      vertex -12.8723 -16.683 27.4838
    endloop
  endfacet
  facet normal -0.193782 -0.0284651 0.980632
    outer loop
      vertex -12.9659 -16.5429 27.4838
      vertex -13.1127 -16.5357 27.455
      vertex -13.1075 -16.5711 27.455
    endloop
  endfacet
  facet normal 0.0279339 0.555737 0.830888
    outer loop
      vertex 12.75 17.3935 27.2048
      vertex 12.75 17.2712 27.2866
      vertex 12.8256 17.2674 27.2866
    endloop
  endfacet
  facet normal -0.00986139 -0.195584 0.980637
    outer loop
      vertex -12.75 -16.7201 27.4838
      vertex -12.7857 -16.8627 27.455
      vertex -12.75 -16.8645 27.455
    endloop
  endfacet
  facet normal 0 -0.471222 0.882014
    outer loop
      vertex -12.75 -17.1413 27.356
      vertex 12.75 -17.2712 27.2866
      vertex 12.75 -17.1413 27.356
    endloop
  endfacet
  facet normal 0 -0.471222 0.882014
    outer loop
      vertex 12.75 -17.2712 27.2866
      vertex -12.75 -17.1413 27.356
      vertex -12.75 -17.2712 27.2866
    endloop
  endfacet
  facet normal 0.0978206 -0.00543448 0.995189
    outer loop
      vertex 12.8236 -16.5 27.4982
      vertex 12.8232 -16.5072 27.4982
      vertex 12.9701 -16.5 27.4838
    endloop
  endfacet
  facet normal -0.262399 -0.124171 0.956937
    outer loop
      vertex -13.0714 -16.6718 27.455
      vertex -13.2169 -16.6934 27.4123
      vertex -13.1957 -16.7382 27.4123
    endloop
  endfacet
  facet normal -0.896325 -0.224581 0.382316
    outer loop
      vertex -14.0476 -16.8936 26.6413
      vertex -14.1352 -16.7755 26.5053
      vertex -14.1015 -16.91 26.5053
    endloop
  endfacet
  facet normal -0.782983 -0.279737 0.555595
    outer loop
      vertex -13.9029 -16.8497 26.8935
      vertex -13.9387 -16.9924 26.7712
      vertex -13.8631 -16.9611 26.8935
    endloop
  endfacet
  facet normal -0.23259 -0.92829 0.290136
    outer loop
      vertex -13.16 -17.8515 26.5053
      vertex -13.1724 -17.8924 26.3645
      vertex -13.0255 -17.8852 26.5053
    endloop
  endfacet
  facet normal -0.129253 -0.872633 0.470961
    outer loop
      vertex -12.8761 -17.7804 26.7712
      vertex -13.001 -17.7619 26.7712
      vertex -12.8829 -17.8495 26.6413
    endloop
  endfacet
  facet normal -0.573163 -0.519511 0.633713
    outer loop
      vertex -13.5359 -17.2859 27.0073
      vertex -13.6813 -17.2643 26.8935
      vertex -13.6019 -17.3519 26.8935
    endloop
  endfacet
  facet normal -0.421648 -0.568252 0.706613
    outer loop
      vertex -13.389 -17.2787 27.1114
      vertex -13.4551 -17.3591 27.0073
      vertex -13.3675 -17.4241 27.0073
    endloop
  endfacet
  facet normal -0.663628 -0.396869 0.634107
    outer loop
      vertex -13.6741 -17.1175 27.0073
      vertex -13.8125 -17.0679 26.8935
      vertex -13.7518 -17.1694 26.8935
    endloop
  endfacet
  facet normal -0.806547 -0.202516 0.555399
    outer loop
      vertex -13.9317 -16.735 26.8935
      vertex -14.0119 -16.751 26.7712
      vertex -13.9029 -16.8497 26.8935
    endloop
  endfacet
  facet normal -0.544885 -0.326061 0.772518
    outer loop
      vertex -13.538 -16.9212 27.2048
      vertex -13.5876 -17.0596 27.1114
      vertex -13.493 -16.9964 27.2048
    endloop
  endfacet
  facet normal -0.56827 -0.42155 0.706658
    outer loop
      vertex -13.5876 -17.0596 27.1114
      vertex -13.6741 -17.1175 27.0073
      vertex -13.5287 -17.139 27.1114
    endloop
  endfacet
  facet normal -0.772442 -0.0375936 0.633972
    outer loop
      vertex -13.8614 -16.5 27.0073
      vertex -13.9548 -16.5 26.8935
      vertex -13.8561 -16.6089 27.0073
    endloop
  endfacet
  facet normal -0.806471 -0.202112 0.555658
    outer loop
      vertex -13.9029 -16.8497 26.8935
      vertex -14.0119 -16.751 26.7712
      vertex -13.9812 -16.8735 26.7712
    endloop
  endfacet
  facet normal 0.195584 -0.00986139 0.980637
    outer loop
      vertex 13.1145 -16.5 27.455
      vertex 12.9701 -16.5 27.4838
      vertex 13.1127 -16.5357 27.455
    endloop
  endfacet
  facet normal 0.955905 0.0469665 0.289895
    outer loop
      vertex 14.205 16.5 26.3645
      vertex 14.1555 16.6384 26.5053
      vertex 14.1623 16.5 26.5053
    endloop
  endfacet
  facet normal 0.970238 0.14351 0.195044
    outer loop
      vertex 14.2053 16.7895 26.2201
      vertex 14.1771 16.7839 26.3645
      vertex 14.198 16.6426 26.3645
    endloop
  endfacet
  facet normal 0.928298 0.232577 0.290123
    outer loop
      vertex 14.1424 16.9224 26.3645
      vertex 14.1352 16.7755 26.5053
      vertex 14.1771 16.7839 26.3645
    endloop
  endfacet
  facet normal 0.92829 0.23259 0.290136
    outer loop
      vertex 14.1424 16.9224 26.3645
      vertex 14.1015 16.91 26.5053
      vertex 14.1352 16.7755 26.5053
    endloop
  endfacet
  facet normal 0.872633 0.129253 0.470961
    outer loop
      vertex 14.0995 16.6329 26.6413
      vertex 14.0119 16.751 26.7712
      vertex 14.0304 16.6261 26.7712
    endloop
  endfacet
  facet normal 0.806547 0.202516 0.555399
    outer loop
      vertex 14.0119 16.751 26.7712
      vertex 13.9029 16.8497 26.8935
      vertex 13.9317 16.735 26.8935
    endloop
  endfacet
  facet normal 0.896325 0.224581 0.382316
    outer loop
      vertex 14.1015 16.91 26.5053
      vertex 14.0476 16.8936 26.6413
      vertex 14.1352 16.7755 26.5053
    endloop
  endfacet
  facet normal 0.946703 0.140029 0.290079
    outer loop
      vertex 14.1771 16.7839 26.3645
      vertex 14.1352 16.7755 26.5053
      vertex 14.198 16.6426 26.3645
    endloop
  endfacet
  facet normal 0.923437 0.330713 0.19466
    outer loop
      vertex 14.1208 17.0678 26.2201
      vertex 14.0943 17.0568 26.3645
      vertex 14.1699 16.9307 26.2201
    endloop
  endfacet
  facet normal 0.899772 0.425272 0.0977403
    outer loop
      vertex 14.0713 17.2062 26.0736
      vertex 14.0586 17.1994 26.2201
      vertex 14.1208 17.0678 26.2201
    endloop
  endfacet
  facet normal 0.799113 0.593239 0.0973968
    outer loop
      vertex 13.9081 17.4504 26.0736
      vertex 13.897 17.4413 26.2201
      vertex 13.9957 17.3324 26.0736
    endloop
  endfacet
  facet normal 0.726732 0.65873 0.194771
    outer loop
      vertex 13.7992 17.5492 26.2201
      vertex 13.7789 17.5289 26.3645
      vertex 13.8748 17.4231 26.3645
    endloop
  endfacet
  facet normal 0.750444 0.187966 0.633642
    outer loop
      vertex 13.9029 16.8497 26.8935
      vertex 13.8136 16.8226 27.0073
      vertex 13.8401 16.7168 27.0073
    endloop
  endfacet
  facet normal 0.822619 0.121845 0.555385
    outer loop
      vertex 14.0119 16.751 26.7712
      vertex 13.9317 16.735 26.8935
      vertex 14.0304 16.6261 26.7712
    endloop
  endfacet
  facet normal 0.969982 -0.243175 0.000111157
    outer loop
      vertex 14.2194 -16.7923 26.0736
      vertex 14.1854 -16.9354 9.71
      vertex 14.2212 -16.7926 9.71
    endloop
  endfacet
  facet normal 0.984443 -0.146144 0.0975416
    outer loop
      vertex 14.241 -16.6468 26.0736
      vertex 14.2053 -16.7895 26.2201
      vertex 14.2194 -16.7923 26.0736
    endloop
  endfacet
  facet normal 0.741262 -0.671216 0.000112642
    outer loop
      vertex 13.9081 -17.4504 26.0736
      vertex 13.8094 -17.5594 26.0736
      vertex 13.9095 -17.4516 9.71
    endloop
  endfacet
  facet normal 0.951381 -0.238519 0.194894
    outer loop
      vertex 14.2053 -16.7895 26.2201
      vertex 14.1424 -16.9224 26.3645
      vertex 14.1699 -16.9307 26.2201
    endloop
  endfacet
  facet normal 0.799113 -0.593239 0.0973968
    outer loop
      vertex 13.9957 -17.3324 26.0736
      vertex 13.897 -17.4413 26.2201
      vertex 13.9081 -17.4504 26.0736
    endloop
  endfacet
  facet normal 0.797642 -0.377272 0.470566
    outer loop
      vertex 14.0028 -17.0189 26.6413
      vertex 13.9387 -16.9924 26.7712
      vertex 13.9459 -17.1392 26.6413
    endloop
  endfacet
  facet normal 0.66763 -0.495784 0.5554
    outer loop
      vertex 13.8198 -17.2148 26.7712
      vertex 13.6813 -17.2643 26.8935
      vertex 13.7445 -17.3162 26.7712
    endloop
  endfacet
  facet normal 0.955896 -0.0469234 0.289934
    outer loop
      vertex 14.205 -16.5 26.3645
      vertex 14.1555 -16.6384 26.5053
      vertex 14.198 -16.6426 26.3645
    endloop
  endfacet
  facet normal 0.881103 -0.0430938 0.470957
    outer loop
      vertex 14.106 -16.5 26.6413
      vertex 14.0304 -16.6261 26.7712
      vertex 14.0995 -16.6329 26.6413
    endloop
  endfacet
  facet normal 0.923008 -0.0453501 0.382098
    outer loop
      vertex 14.1623 -16.5 26.5053
      vertex 14.106 -16.5 26.6413
      vertex 14.1555 -16.6384 26.5053
    endloop
  endfacet
  facet normal 0.955905 -0.0469665 0.289895
    outer loop
      vertex 14.1623 -16.5 26.5053
      vertex 14.1555 -16.6384 26.5053
      vertex 14.205 -16.5 26.3645
    endloop
  endfacet
  facet normal 0.782983 -0.279737 0.555595
    outer loop
      vertex 13.9029 -16.8497 26.8935
      vertex 13.8631 -16.9611 26.8935
      vertex 13.9387 -16.9924 26.7712
    endloop
  endfacet
  facet normal 0.870078 -0.311089 0.382346
    outer loop
      vertex 14.0476 -16.8936 26.6413
      vertex 14.0028 -17.0189 26.6413
      vertex 14.1015 -16.91 26.5053
    endloop
  endfacet
  facet normal 0.855933 0.214149 0.470657
    outer loop
      vertex 14.0476 16.8936 26.6413
      vertex 13.9812 16.8735 26.7712
      vertex 14.0799 16.7645 26.6413
    endloop
  endfacet
  facet normal 0.896293 -0.224247 0.382586
    outer loop
      vertex 14.0799 -16.7645 26.6413
      vertex 14.0476 -16.8936 26.6413
      vertex 14.1352 -16.7755 26.5053
    endloop
  endfacet
  facet normal 0.751397 -0.355613 0.555826
    outer loop
      vertex 13.9387 -16.9924 26.7712
      vertex 13.8125 -17.0679 26.8935
      vertex 13.8847 -17.1065 26.7712
    endloop
  endfacet
  facet normal 0.870076 -0.311361 0.382128
    outer loop
      vertex 14.1015 -16.91 26.5053
      vertex 14.0028 -17.0189 26.6413
      vertex 14.0548 -17.0405 26.5053
    endloop
  endfacet
  facet normal 0.965437 -0.241698 0.0975387
    outer loop
      vertex 14.2053 -16.7895 26.2201
      vertex 14.1837 -16.9349 26.0736
      vertex 14.2194 -16.7923 26.0736
    endloop
  endfacet
  facet normal 0.772442 -0.0375936 0.633972
    outer loop
      vertex 13.8614 -16.5 27.0073
      vertex 13.8561 -16.6089 27.0073
      vertex 13.9548 -16.5 26.8935
    endloop
  endfacet
  facet normal 0.699877 -0.103782 0.706684
    outer loop
      vertex 13.8561 -16.6089 27.0073
      vertex 13.7525 -16.5987 27.1114
      vertex 13.8401 -16.7168 27.0073
    endloop
  endfacet
  facet normal 0.457848 0.114618 0.881611
    outer loop
      vertex 13.4879 16.7239 27.2866
      vertex 13.379 16.6251 27.356
      vertex 13.5063 16.6504 27.2866
    endloop
  endfacet
  facet normal 0.628127 -0.0927338 0.772565
    outer loop
      vertex 13.6392 -16.5876 27.2048
      vertex 13.6264 -16.6743 27.2048
      vertex 13.738 -16.6965 27.1114
    endloop
  endfacet
  facet normal 0.706689 -0.0343679 0.706689
    outer loop
      vertex 13.7573 -16.5 27.1114
      vertex 13.7525 -16.5987 27.1114
      vertex 13.8614 -16.5 27.0073
    endloop
  endfacet
  facet normal 0.0430938 -0.881103 0.470957
    outer loop
      vertex 12.8761 -17.7804 26.7712
      vertex 12.75 -17.856 26.6413
      vertex 12.8829 -17.8495 26.6413
    endloop
  endfacet
  facet normal 0.492568 -0.820716 0.289485
    outer loop
      vertex 13.5346 -17.6743 26.5053
      vertex 13.4158 -17.7456 26.5053
      vertex 13.4359 -17.7832 26.3645
    endloop
  endfacet
  facet normal 0.461118 -0.62071 0.634105
    outer loop
      vertex 13.5143 -17.4313 26.8935
      vertex 13.3675 -17.4241 27.0073
      vertex 13.4194 -17.5018 26.8935
    endloop
  endfacet
  facet normal -0.0343679 -0.706689 0.706689
    outer loop
      vertex -12.75 -17.5073 27.1114
      vertex -12.8487 -17.5025 27.1114
      vertex -12.75 -17.6114 27.0073
    endloop
  endfacet
  facet normal 0.0469665 -0.955905 0.289895
    outer loop
      vertex 12.75 -17.9123 26.5053
      vertex 12.75 -17.955 26.3645
      vertex 12.8884 -17.9055 26.5053
    endloop
  endfacet
  facet normal 0.0453501 -0.923008 0.382098
    outer loop
      vertex 12.75 -17.856 26.6413
      vertex 12.75 -17.9123 26.5053
      vertex 12.8884 -17.9055 26.5053
    endloop
  endfacet
  facet normal 0.214149 -0.855933 0.470657
    outer loop
      vertex 13.1235 -17.7312 26.7712
      vertex 13.0145 -17.8299 26.6413
      vertex 13.1436 -17.7976 26.6413
    endloop
  endfacet
  facet normal 0.232577 -0.928298 0.290123
    outer loop
      vertex 13.1724 -17.8924 26.3645
      vertex 13.0255 -17.8852 26.5053
      vertex 13.0339 -17.9271 26.3645
    endloop
  endfacet
  facet normal 0.377272 -0.797642 0.470566
    outer loop
      vertex 13.3892 -17.6959 26.6413
      vertex 13.2424 -17.6887 26.7712
      vertex 13.2689 -17.7528 26.6413
    endloop
  endfacet
  facet normal 0.136104 -0.913838 0.382591
    outer loop
      vertex 13.0145 -17.8299 26.6413
      vertex 12.8829 -17.8495 26.6413
      vertex 13.0255 -17.8852 26.5053
    endloop
  endfacet
  facet normal 0.470621 -0.426319 0.772508
    outer loop
      vertex 13.5287 -17.139 27.1114
      vertex 13.4407 -17.0669 27.2048
      vertex 13.4623 -17.2123 27.1114
    endloop
  endfacet
  facet normal 0.396869 -0.663628 0.634107
    outer loop
      vertex 13.3675 -17.4241 27.0073
      vertex 13.3179 -17.5625 26.8935
      vertex 13.4194 -17.5018 26.8935
    endloop
  endfacet
  facet normal 0.355613 -0.751397 0.555826
    outer loop
      vertex 13.3179 -17.5625 26.8935
      vertex 13.2424 -17.6887 26.7712
      vertex 13.3565 -17.6347 26.7712
    endloop
  endfacet
  facet normal 0.524411 -0.475046 0.706629
    outer loop
      vertex 13.5287 -17.139 27.1114
      vertex 13.4623 -17.2123 27.1114
      vertex 13.5359 -17.2859 27.0073
    endloop
  endfacet
  facet normal 0.427312 -0.713065 0.555826
    outer loop
      vertex 13.4648 -17.5698 26.7712
      vertex 13.3179 -17.5625 26.8935
      vertex 13.3565 -17.6347 26.7712
    endloop
  endfacet
  facet normal 0.395055 -0.83524 0.382499
    outer loop
      vertex 13.3892 -17.6959 26.6413
      vertex 13.2689 -17.7528 26.6413
      vertex 13.4158 -17.7456 26.5053
    endloop
  endfacet
  facet normal 0.768866 -0.569779 0.290167
    outer loop
      vertex 13.9243 -17.2846 26.5053
      vertex 13.8748 -17.4231 26.3645
      vertex 13.9598 -17.3084 26.3645
    endloop
  endfacet
  facet normal 0.65873 -0.726732 0.194771
    outer loop
      vertex 13.7789 -17.5289 26.3645
      vertex 13.6731 -17.6248 26.3645
      vertex 13.7992 -17.5492 26.2201
    endloop
  endfacet
  facet normal 0.23259 -0.92829 0.290136
    outer loop
      vertex 13.16 -17.8515 26.5053
      vertex 13.0255 -17.8852 26.5053
      vertex 13.1724 -17.8924 26.3645
    endloop
  endfacet
  facet normal 0.658719 -0.726746 0.194754
    outer loop
      vertex 13.7992 -17.5492 26.2201
      vertex 13.6731 -17.6248 26.3645
      vertex 13.6913 -17.647 26.2201
    endloop
  endfacet
  facet normal 0.404627 -0.242776 0.881667
    outer loop
      vertex 13.3156 -16.8023 27.356
      vertex 13.2832 -16.8563 27.356
      vertex 13.4301 -16.8635 27.2866
    endloop
  endfacet
  facet normal 0.634113 -0.0311266 0.772613
    outer loop
      vertex 13.6435 -16.5 27.2048
      vertex 13.6392 -16.5876 27.2048
      vertex 13.7573 -16.5 27.1114
    endloop
  endfacet
  facet normal 0.0886881 -0.0416291 0.995189
    outer loop
      vertex 12.9533 -16.5842 27.4838
      vertex 12.818 -16.5282 27.4982
      vertex 12.9441 -16.6038 27.4838
    endloop
  endfacet
  facet normal 0.0930285 -0.371506 0.923758
    outer loop
      vertex 12.8967 -16.9836 27.4123
      vertex 12.8751 -17.129 27.356
      vertex 12.9362 -17.1137 27.356
    endloop
  endfacet
  facet normal 0.0487508 -0.993975 0.0981672
    outer loop
      vertex 12.8954 -17.9766 26.2201
      vertex 12.75 -17.9982 26.0736
      vertex 12.8968 -17.991 26.0736
    endloop
  endfacet
  facet normal 0.146844 -0.98916 0.000110603
    outer loop
      vertex 13.0423 -17.9694 26.0736
      vertex 12.8968 -17.991 26.0736
      vertex 12.897 -17.9928 9.71
    endloop
  endfacet
  facet normal 0.242856 -0.970062 0.0001082
    outer loop
      vertex 13.1849 -17.9337 26.0736
      vertex 13.0423 -17.9694 26.0736
      vertex 13.1854 -17.9354 9.71
    endloop
  endfacet
  facet normal 0.243175 -0.969982 0.000111157
    outer loop
      vertex 13.1854 -17.9354 9.71
      vertex 13.0423 -17.9694 26.0736
      vertex 13.0426 -17.9712 9.71
    endloop
  endfacet
  facet normal 0.0487508 0.993975 0.0981672
    outer loop
      vertex 12.8968 17.991 26.0736
      vertex 12.75 17.9982 26.0736
      vertex 12.8954 17.9766 26.2201
    endloop
  endfacet
  facet normal 0.0492213 0.993998 0.0977035
    outer loop
      vertex 12.75 17.9982 26.0736
      vertex 12.75 17.9838 26.2201
      vertex 12.8954 17.9766 26.2201
    endloop
  endfacet
  facet normal 0.475149 0.792609 0.382105
    outer loop
      vertex 13.5346 17.6743 26.5053
      vertex 13.3892 17.6959 26.6413
      vertex 13.5033 17.6275 26.6413
    endloop
  endfacet
  facet normal 0.238519 0.951381 0.194894
    outer loop
      vertex 13.1807 17.9199 26.2201
      vertex 13.0395 17.9553 26.2201
      vertex 13.1724 17.8924 26.3645
    endloop
  endfacet
  facet normal 0.0469665 0.955905 0.289895
    outer loop
      vertex 12.75 17.955 26.3645
      vertex 12.75 17.9123 26.5053
      vertex 12.8884 17.9055 26.5053
    endloop
  endfacet
  facet normal 0.0453501 0.923008 0.382098
    outer loop
      vertex 12.75 17.9123 26.5053
      vertex 12.75 17.856 26.6413
      vertex 12.8884 17.9055 26.5053
    endloop
  endfacet
  facet normal 0.409467 0.865176 0.289495
    outer loop
      vertex 13.4359 17.7832 26.3645
      vertex 13.3068 17.8443 26.3645
      vertex 13.4158 17.7456 26.5053
    endloop
  endfacet
  facet normal 0.394761 0.835532 0.382165
    outer loop
      vertex 13.2905 17.8048 26.5053
      vertex 13.2689 17.7528 26.6413
      vertex 13.4158 17.7456 26.5053
    endloop
  endfacet
  facet normal 0.129994 0.872819 0.470413
    outer loop
      vertex 13.0145 17.8299 26.6413
      vertex 12.8829 17.8495 26.6413
      vertex 13.001 17.7619 26.7712
    endloop
  endfacet
  facet normal 0.214521 0.855989 0.470387
    outer loop
      vertex 13.0145 17.8299 26.6413
      vertex 13.001 17.7619 26.7712
      vertex 13.1235 17.7312 26.7712
    endloop
  endfacet
  facet normal -0.881186 0.0433256 0.47078
    outer loop
      vertex -14.0304 16.6261 26.7712
      vertex -14.106 16.5 26.6413
      vertex -14.0366 16.5 26.7712
    endloop
  endfacet
  facet normal -0.872633 0.129253 0.470961
    outer loop
      vertex -14.0119 16.751 26.7712
      vertex -14.0995 16.6329 26.6413
      vertex -14.0304 16.6261 26.7712
    endloop
  endfacet
  facet normal -0.713065 0.427312 0.555826
    outer loop
      vertex -13.8198 17.2148 26.7712
      vertex -13.8847 17.1065 26.7712
      vertex -13.8125 17.0679 26.8935
    endloop
  endfacet
  facet normal -0.756799 0.45352 0.470717
    outer loop
      vertex -13.8198 17.2148 26.7712
      vertex -13.9459 17.1392 26.6413
      vertex -13.8847 17.1065 26.7712
    endloop
  endfacet
  facet normal -0.634113 0.0311266 0.772613
    outer loop
      vertex -13.6392 16.5876 27.2048
      vertex -13.7573 16.5 27.1114
      vertex -13.6435 16.5 27.2048
    endloop
  endfacet
  facet normal -0.371506 0.0930285 0.923758
    outer loop
      vertex -13.3637 16.6862 27.356
      vertex -13.379 16.6251 27.356
      vertex -13.2336 16.6467 27.4123
    endloop
  endfacet
  facet normal -0.606806 -0.36394 0.706636
    outer loop
      vertex -13.6384 -16.9749 27.1114
      vertex -13.6741 -17.1175 27.0073
      vertex -13.5876 -17.0596 27.1114
    endloop
  endfacet
  facet normal -0.189835 -0.0479107 0.980646
    outer loop
      vertex -12.9659 -16.5429 27.4838
      vertex -13.0988 -16.6058 27.455
      vertex -12.9606 -16.5639 27.4838
    endloop
  endfacet
  facet normal -0.273222 -0.0981006 0.956936
    outer loop
      vertex -13.0988 -16.6058 27.455
      vertex -13.2169 -16.6934 27.4123
      vertex -13.0867 -16.6395 27.455
    endloop
  endfacet
  facet normal -0.201936 -0.42631 0.881749
    outer loop
      vertex -12.9954 -17.0925 27.356
      vertex -13.1135 -17.1801 27.2866
      vertex -13.0451 -17.2125 27.2866
    endloop
  endfacet
  facet normal -0.177053 -0.0838674 0.980621
    outer loop
      vertex -12.9441 -16.6038 27.4838
      vertex -13.0867 -16.6395 27.455
      vertex -13.0714 -16.6718 27.455
    endloop
  endfacet
  facet normal -0.371473 -0.0926751 0.923807
    outer loop
      vertex -13.2456 -16.5986 27.4123
      vertex -13.379 -16.6251 27.356
      vertex -13.2336 -16.6467 27.4123
    endloop
  endfacet
  facet normal -0.446573 0.331287 0.831157
    outer loop
      vertex -13.4407 17.0669 27.2048
      vertex -13.493 16.9964 27.2048
      vertex -13.3912 16.9284 27.2866
    endloop
  endfacet
  facet normal -0.285961 0.477092 0.831029
    outer loop
      vertex -13.1712 17.288 27.2048
      vertex -13.1784 17.1412 27.2866
      vertex -13.1135 17.1801 27.2866
    endloop
  endfacet
  facet normal -0.615914 0.154139 0.772587
    outer loop
      vertex -13.714 16.7924 27.1114
      vertex -13.738 16.6965 27.1114
      vertex -13.6051 16.7594 27.2048
    endloop
  endfacet
  facet normal -0.349579 0.317322 0.881533
    outer loop
      vertex -13.2035 16.9535 27.356
      vertex -13.3461 16.9892 27.2866
      vertex -13.2458 16.9069 27.356
    endloop
  endfacet
  facet normal -0.37968 0.280633 0.881526
    outer loop
      vertex -13.2458 16.9069 27.356
      vertex -13.3461 16.9892 27.2866
      vertex -13.2832 16.8563 27.356
    endloop
  endfacet
  facet normal 0.0718766 0.066452 0.995197
    outer loop
      vertex 12.9056 16.6556 27.4838
      vertex 12.802 16.552 27.4982
      vertex 12.8069 16.5467 27.4982
    endloop
  endfacet
  facet normal 0.477092 0.285961 0.831029
    outer loop
      vertex 13.538 16.9212 27.2048
      vertex 13.3912 16.9284 27.2866
      vertex 13.4301 16.8635 27.2866
    endloop
  endfacet
  facet normal -0.088377 0.042149 0.995195
    outer loop
      vertex -12.8149 16.5347 27.4982
      vertex -12.9441 16.6038 27.4838
      vertex -12.818 16.5282 27.4982
    endloop
  endfacet
  facet normal -0.0949523 -0.0239641 0.995193
    outer loop
      vertex -12.8204 -16.5214 27.4982
      vertex -12.9659 -16.5429 27.4838
      vertex -12.9606 -16.5639 27.4838
    endloop
  endfacet
  facet normal 0.555954 0 0.831213
    outer loop
      vertex 13.5212 16.5 27.2866
      vertex 13.6435 -16.5 27.2048
      vertex 13.6435 16.5 27.2048
    endloop
  endfacet
  facet normal 0.555954 0 0.831213
    outer loop
      vertex 13.6435 -16.5 27.2048
      vertex 13.5212 16.5 27.2866
      vertex 13.5212 -16.5 27.2866
    endloop
  endfacet
  facet normal 0.100792 -0.167987 0.980623
    outer loop
      vertex 12.8723 -16.683 27.4838
      vertex 12.8538 -16.6941 27.4838
      vertex 12.9525 -16.803 27.455
    endloop
  endfacet
  facet normal 0.19556 0.0099591 0.980641
    outer loop
      vertex 13.1127 16.5357 27.455
      vertex 12.969 16.5216 27.4838
      vertex 12.9701 16.5 27.4838
    endloop
  endfacet
  facet normal -0.0185419 0.382426 0.9238
    outer loop
      vertex -12.75 17.1413 27.356
      vertex -12.7995 17.0029 27.4123
      vertex -12.75 17.0053 27.4123
    endloop
  endfacet
  facet normal -0.0977845 0.273445 0.956904
    outer loop
      vertex -12.8967 16.9836 27.4123
      vertex -12.9434 16.9669 27.4123
      vertex -12.8558 16.8488 27.455
    endloop
  endfacet
  facet normal -0.346245 0.16369 0.923753
    outer loop
      vertex -13.3156 16.8023 27.356
      vertex -13.3425 16.7454 27.356
      vertex -13.1957 16.7382 27.4123
    endloop
  endfacet
  facet normal -0.157318 0.116755 0.980622
    outer loop
      vertex -13.0317 16.7312 27.455
      vertex -13.053 16.7025 27.455
      vertex -12.933 16.6223 27.4838
    endloop
  endfacet
  facet normal -0.0141025 -0.096898 0.995194
    outer loop
      vertex -12.7572 -16.5732 27.4982
      vertex -12.7929 -16.7159 27.4838
      vertex -12.7716 -16.719 27.4838
    endloop
  endfacet
  facet normal 0.0662642 0.184269 0.98064
    outer loop
      vertex 12.8558 16.8488 27.455
      vertex 12.8139 16.7106 27.4838
      vertex 12.8342 16.7033 27.4838
    endloop
  endfacet
  facet normal 0.11706 -0.156987 0.980639
    outer loop
      vertex 12.8896 -16.6701 27.4838
      vertex 12.8723 -16.683 27.4838
      vertex 12.9812 -16.7817 27.455
    endloop
  endfacet
  facet normal -0.0948875 0.0243996 0.995189
    outer loop
      vertex -12.8204 16.5214 27.4982
      vertex -12.9659 16.5429 27.4838
      vertex -12.8222 16.5144 27.4982
    endloop
  endfacet
  facet normal -0.290186 0.0140696 0.956867
    outer loop
      vertex -13.2529 16.5495 27.4123
      vertex -13.2553 16.5 27.4123
      vertex -13.1145 16.5 27.455
    endloop
  endfacet
  facet normal -0.382492 0 0.923959
    outer loop
      vertex -13.3913 16.5 27.356
      vertex -13.2553 -16.5 27.4123
      vertex -13.2553 16.5 27.4123
    endloop
  endfacet
  facet normal -0.382492 0 0.923959
    outer loop
      vertex -13.2553 -16.5 27.4123
      vertex -13.3913 16.5 27.356
      vertex -13.3913 -16.5 27.356
    endloop
  endfacet
  facet normal -0.0921958 -0.0331541 0.995189
    outer loop
      vertex -12.818 -16.5282 27.4982
      vertex -12.9606 -16.5639 27.4838
      vertex -12.9533 -16.5842 27.4838
    endloop
  endfacet
  facet normal -0.0923376 -0.0325897 0.995194
    outer loop
      vertex -12.8204 -16.5214 27.4982
      vertex -12.9606 -16.5639 27.4838
      vertex -12.818 -16.5282 27.4982
    endloop
  endfacet
  facet normal -0.290186 -0.0140696 0.956867
    outer loop
      vertex -13.1145 -16.5 27.455
      vertex -13.2553 -16.5 27.4123
      vertex -13.2529 -16.5495 27.4123
    endloop
  endfacet
  facet normal -0.0311266 0.634113 0.772613
    outer loop
      vertex -12.75 17.5073 27.1114
      vertex -12.8376 17.3892 27.2048
      vertex -12.75 17.3935 27.2048
    endloop
  endfacet
  facet normal -0.0379427 0.772592 0.633768
    outer loop
      vertex -12.75 17.7048 26.8935
      vertex -12.8681 17.699 26.8935
      vertex -12.8589 17.6061 27.0073
    endloop
  endfacet
  facet normal 0.699441 0.330567 0.633646
    outer loop
      vertex 13.8125 17.0679 26.8935
      vertex 13.7302 17.0239 27.0073
      vertex 13.7768 16.9253 27.0073
    endloop
  endfacet
  facet normal 0.519511 0.573163 0.633713
    outer loop
      vertex 13.6019 17.3519 26.8935
      vertex 13.5143 17.4313 26.8935
      vertex 13.5359 17.2859 27.0073
    endloop
  endfacet
  facet normal 0.453668 0.756777 0.47061
    outer loop
      vertex 13.5033 17.6275 26.6413
      vertex 13.3892 17.6959 26.6413
      vertex 13.4648 17.5698 26.7712
    endloop
  endfacet
  facet normal 0.475058 0.524381 0.706643
    outer loop
      vertex 13.4551 17.3591 27.0073
      vertex 13.389 17.2787 27.1114
      vertex 13.5359 17.2859 27.0073
    endloop
  endfacet
  facet normal 0.495948 0.667595 0.555295
    outer loop
      vertex 13.4648 17.5698 26.7712
      vertex 13.4194 17.5018 26.8935
      vertex 13.5143 17.4313 26.8935
    endloop
  endfacet
  facet normal 0.279837 0.782885 0.555683
    outer loop
      vertex 13.1235 17.7312 26.7712
      vertex 13.0997 17.6529 26.8935
      vertex 13.2424 17.6887 26.7712
    endloop
  endfacet
  facet normal 0.317322 0.349579 0.881533
    outer loop
      vertex 13.2392 17.0961 27.2866
      vertex 13.1569 16.9958 27.356
      vertex 13.2035 16.9535 27.356
    endloop
  endfacet
  facet normal 0.257184 0.283444 0.923859
    outer loop
      vertex 13.1569 16.9958 27.356
      vertex 13.0706 16.8906 27.4123
      vertex 13.1073 16.8573 27.4123
    endloop
  endfacet
  facet normal -0.0408344 0.83052 0.555491
    outer loop
      vertex -12.75 17.7866 26.7712
      vertex -12.8761 17.7804 26.7712
      vertex -12.75 17.7048 26.8935
    endloop
  endfacet
  facet normal -0.0433256 0.881186 0.47078
    outer loop
      vertex -12.75 17.856 26.6413
      vertex -12.8761 17.7804 26.7712
      vertex -12.75 17.7866 26.7712
    endloop
  endfacet
  facet normal -0.0469234 0.955896 0.289934
    outer loop
      vertex -12.75 17.955 26.3645
      vertex -12.8926 17.948 26.3645
      vertex -12.8884 17.9055 26.5053
    endloop
  endfacet
  facet normal -0.140178 0.946721 0.289946
    outer loop
      vertex -12.8926 17.948 26.3645
      vertex -13.0255 17.8852 26.5053
      vertex -12.8884 17.9055 26.5053
    endloop
  endfacet
  facet normal -0.322464 0.901022 0.29013
    outer loop
      vertex -13.1724 17.8924 26.3645
      vertex -13.3068 17.8443 26.3645
      vertex -13.16 17.8515 26.5053
    endloop
  endfacet
  facet normal -0.322441 0.901039 0.290105
    outer loop
      vertex -13.16 17.8515 26.5053
      vertex -13.3068 17.8443 26.3645
      vertex -13.2905 17.8048 26.5053
    endloop
  endfacet
  facet normal 0.408819 0.865288 0.290075
    outer loop
      vertex 13.3068 17.8443 26.3645
      vertex 13.2905 17.8048 26.5053
      vertex 13.4158 17.7456 26.5053
    endloop
  endfacet
  facet normal 0.377421 0.797477 0.470726
    outer loop
      vertex 13.3892 17.6959 26.6413
      vertex 13.2424 17.6887 26.7712
      vertex 13.3565 17.6347 26.7712
    endloop
  endfacet
  facet normal 0.596073 0.80293 0.000112407
    outer loop
      vertex 13.7016 17.6595 9.71
      vertex 13.5824 17.7457 26.0736
      vertex 13.7004 17.6581 26.0736
    endloop
  endfacet
  facet normal 0.65873 0.726732 0.194771
    outer loop
      vertex 13.7992 17.5492 26.2201
      vertex 13.6731 17.6248 26.3645
      vertex 13.7789 17.5289 26.3645
    endloop
  endfacet
  facet normal 0.525694 0.708659 0.470584
    outer loop
      vertex 13.5033 17.6275 26.6413
      vertex 13.4648 17.5698 26.7712
      vertex 13.6102 17.5482 26.6413
    endloop
  endfacet
  facet normal 0.751397 0.355613 0.555826
    outer loop
      vertex 13.8847 17.1065 26.7712
      vertex 13.8125 17.0679 26.8935
      vertex 13.9387 16.9924 26.7712
    endloop
  endfacet
  facet normal 0.742138 0.550529 0.382294
    outer loop
      vertex 13.8417 17.396 26.5053
      vertex 13.7982 17.3602 26.6413
      vertex 13.8775 17.2533 26.6413
    endloop
  endfacet
  facet normal 0.708659 0.525694 0.470584
    outer loop
      vertex 13.8775 17.2533 26.6413
      vertex 13.7982 17.3602 26.6413
      vertex 13.8198 17.2148 26.7712
    endloop
  endfacet
  facet normal 0.597325 0.214313 0.772834
    outer loop
      vertex 13.6807 16.8855 27.1114
      vertex 13.5755 16.8419 27.2048
      vertex 13.6051 16.7594 27.2048
    endloop
  endfacet
  facet normal 0.524411 0.475046 0.706629
    outer loop
      vertex 13.5359 17.2859 27.0073
      vertex 13.4623 17.2123 27.1114
      vertex 13.5287 17.139 27.1114
    endloop
  endfacet
  facet normal 0.772442 0.0375936 0.633972
    outer loop
      vertex 13.9548 16.5 26.8935
      vertex 13.8561 16.6089 27.0073
      vertex 13.8614 16.5 27.0073
    endloop
  endfacet
  facet normal 0.772592 0.0379427 0.633768
    outer loop
      vertex 13.949 16.6181 26.8935
      vertex 13.8561 16.6089 27.0073
      vertex 13.9548 16.5 26.8935
    endloop
  endfacet
  facet normal -0.491875 0.820908 0.29012
    outer loop
      vertex -13.4359 17.7832 26.3645
      vertex -13.5584 17.7098 26.3645
      vertex -13.5346 17.6743 26.5053
    endloop
  endfacet
  facet normal -0.504138 0.841374 0.194769
    outer loop
      vertex -13.4359 17.7832 26.3645
      vertex -13.5743 17.7337 26.2201
      vertex -13.5584 17.7098 26.3645
    endloop
  endfacet
  facet normal -0.492568 0.820716 0.289485
    outer loop
      vertex -13.4359 17.7832 26.3645
      vertex -13.5346 17.6743 26.5053
      vertex -13.4158 17.7456 26.5053
    endloop
  endfacet
  facet normal -0.409467 0.865176 0.289495
    outer loop
      vertex -13.3068 17.8443 26.3645
      vertex -13.4359 17.7832 26.3645
      vertex -13.4158 17.7456 26.5053
    endloop
  endfacet
  facet normal -0.243175 0.969982 0.000111157
    outer loop
      vertex -13.0426 17.9712 9.71
      vertex -13.1854 17.9354 9.71
      vertex -13.0423 17.9694 26.0736
    endloop
  endfacet
  facet normal -0.146746 0.989174 0.0001115
    outer loop
      vertex -12.897 17.9928 9.71
      vertex -13.0426 17.9712 9.71
      vertex -13.0423 17.9694 26.0736
    endloop
  endfacet
  facet normal -0.79956 0.592495 0.0982521
    outer loop
      vertex -13.897 17.4413 26.2201
      vertex -13.9957 17.3324 26.0736
      vertex -13.9837 17.3243 26.2201
    endloop
  endfacet
  facet normal -0.737411 0.668386 0.0973896
    outer loop
      vertex -13.7992 17.5492 26.2201
      vertex -13.9081 17.4504 26.0736
      vertex -13.897 17.4413 26.2201
    endloop
  endfacet
  facet normal -0.671216 0.741262 0.000112642
    outer loop
      vertex -13.7016 17.6595 9.71
      vertex -13.8094 17.5594 26.0736
      vertex -13.7004 17.6581 26.0736
    endloop
  endfacet
  facet normal -0.596073 0.80293 0.000112407
    outer loop
      vertex -13.5824 17.7457 26.0736
      vertex -13.7016 17.6595 9.71
      vertex -13.7004 17.6581 26.0736
    endloop
  endfacet
  facet normal -0.511808 0.853468 0.0982066
    outer loop
      vertex -13.4494 17.8086 26.2201
      vertex -13.5824 17.7457 26.0736
      vertex -13.5743 17.7337 26.2201
    endloop
  endfacet
  facet normal -0.421648 0.568252 0.706613
    outer loop
      vertex -13.3675 17.4241 27.0073
      vertex -13.4551 17.3591 27.0073
      vertex -13.389 17.2787 27.1114
    endloop
  endfacet
  facet normal -0.460894 0.621143 0.633844
    outer loop
      vertex -13.3675 17.4241 27.0073
      vertex -13.5143 17.4313 26.8935
      vertex -13.4551 17.3591 27.0073
    endloop
  endfacet
  facet normal -0.355613 0.751397 0.555826
    outer loop
      vertex -13.2424 17.6887 26.7712
      vertex -13.3565 17.6347 26.7712
      vertex -13.3179 17.5625 26.8935
    endloop
  endfacet
  facet normal -0.271297 0.573703 0.772828
    outer loop
      vertex -13.1355 17.4307 27.1114
      vertex -13.1712 17.288 27.2048
      vertex -13.0919 17.3255 27.2048
    endloop
  endfacet
  facet normal -0.311089 0.870078 0.382346
    outer loop
      vertex -13.16 17.8515 26.5053
      vertex -13.2689 17.7528 26.6413
      vertex -13.1436 17.7976 26.6413
    endloop
  endfacet
  facet normal -0.311361 0.870076 0.382128
    outer loop
      vertex -13.16 17.8515 26.5053
      vertex -13.2905 17.8048 26.5053
      vertex -13.2689 17.7528 26.6413
    endloop
  endfacet
  facet normal -0.525943 0.708242 0.470932
    outer loop
      vertex -13.4648 17.5698 26.7712
      vertex -13.6102 17.5482 26.6413
      vertex -13.5662 17.4945 26.7712
    endloop
  endfacet
  facet normal -0.495784 0.66763 0.5554
    outer loop
      vertex -13.4648 17.5698 26.7712
      vertex -13.5662 17.4945 26.7712
      vertex -13.5143 17.4313 26.8935
    endloop
  endfacet
  facet normal -0.187966 0.750444 0.633642
    outer loop
      vertex -12.9668 17.5901 27.0073
      vertex -13.0997 17.6529 26.8935
      vertex -13.0726 17.5636 27.0073
    endloop
  endfacet
  facet normal -0.188348 0.750121 0.633911
    outer loop
      vertex -12.985 17.6817 26.8935
      vertex -13.0997 17.6529 26.8935
      vertex -12.9668 17.5901 27.0073
    endloop
  endfacet
  facet normal -0.591923 0.65412 0.470907
    outer loop
      vertex -13.6102 17.5482 26.6413
      vertex -13.6598 17.4098 26.7712
      vertex -13.5662 17.4945 26.7712
    endloop
  endfacet
  facet normal -0.65873 0.726732 0.194771
    outer loop
      vertex -13.6731 17.6248 26.3645
      vertex -13.7992 17.5492 26.2201
      vertex -13.7789 17.5289 26.3645
    endloop
  endfacet
  facet normal -0.684539 0.620667 0.382333
    outer loop
      vertex -13.7088 17.4588 26.6413
      vertex -13.8417 17.396 26.5053
      vertex -13.7982 17.3602 26.6413
    endloop
  endfacet
  facet normal -0.558257 0.61591 0.555881
    outer loop
      vertex -13.5143 17.4313 26.8935
      vertex -13.6598 17.4098 26.7712
      vertex -13.6019 17.3519 26.8935
    endloop
  endfacet
  facet normal -0.686402 0.171925 0.706607
    outer loop
      vertex -13.8136 16.8226 27.0073
      vertex -13.8401 16.7168 27.0073
      vertex -13.714 16.7924 27.1114
    endloop
  endfacet
  facet normal -0.524411 0.475046 0.706629
    outer loop
      vertex -13.4623 17.2123 27.1114
      vertex -13.5359 17.2859 27.0073
      vertex -13.5287 17.139 27.1114
    endloop
  endfacet
  facet normal -0.792609 0.475149 0.382105
    outer loop
      vertex -13.9243 17.2846 26.5053
      vertex -13.9459 17.1392 26.6413
      vertex -13.8775 17.2533 26.6413
    endloop
  endfacet
  facet normal -0.792224 0.475468 0.382507
    outer loop
      vertex -13.9243 17.2846 26.5053
      vertex -13.9956 17.1658 26.5053
      vertex -13.9459 17.1392 26.6413
    endloop
  endfacet
  facet normal -0.768866 0.569779 0.290167
    outer loop
      vertex -13.8748 17.4231 26.3645
      vertex -13.9598 17.3084 26.3645
      vertex -13.9243 17.2846 26.5053
    endloop
  endfacet
  facet normal -0.788052 0.583997 0.194737
    outer loop
      vertex -13.8748 17.4231 26.3645
      vertex -13.9837 17.3243 26.2201
      vertex -13.9598 17.3084 26.3645
    endloop
  endfacet
  facet normal -0.317322 0.349579 0.881533
    outer loop
      vertex -13.1569 16.9958 27.356
      vertex -13.2392 17.0961 27.2866
      vertex -13.2035 16.9535 27.356
    endloop
  endfacet
  facet normal -0.470014 0.426561 0.772744
    outer loop
      vertex -13.3818 17.1318 27.2048
      vertex -13.4623 17.2123 27.1114
      vertex -13.4407 17.0669 27.2048
    endloop
  endfacet
  facet normal -0.993975 0.0487508 0.0981672
    outer loop
      vertex -14.241 16.6468 26.0736
      vertex -14.2482 16.5 26.0736
      vertex -14.2266 16.6454 26.2201
    endloop
  endfacet
  facet normal -0.970062 0.242856 0.0001082
    outer loop
      vertex -14.1854 16.9354 9.71
      vertex -14.2194 16.7923 26.0736
      vertex -14.1837 16.9349 26.0736
    endloop
  endfacet
  facet normal -0.83524 0.395055 0.382499
    outer loop
      vertex -13.9956 17.1658 26.5053
      vertex -14.0028 17.0189 26.6413
      vertex -13.9459 17.1392 26.6413
    endloop
  endfacet
  facet normal -0.899772 0.425272 0.0977403
    outer loop
      vertex -14.0713 17.2062 26.0736
      vertex -14.1208 17.0678 26.2201
      vertex -14.0586 17.1994 26.2201
    endloop
  endfacet
  facet normal -0.941372 0.33737 0.000108107
    outer loop
      vertex -14.1341 17.0733 26.0736
      vertex -14.1854 16.9354 9.71
      vertex -14.1837 16.9349 26.0736
    endloop
  endfacet
  facet normal -0.936926 0.335544 0.0978762
    outer loop
      vertex -14.1208 17.0678 26.2201
      vertex -14.1837 16.9349 26.0736
      vertex -14.1699 16.9307 26.2201
    endloop
  endfacet
  facet normal -0.955905 0.0469665 0.289895
    outer loop
      vertex -14.1555 16.6384 26.5053
      vertex -14.205 16.5 26.3645
      vertex -14.1623 16.5 26.5053
    endloop
  endfacet
  facet normal -0.984443 0.146144 0.0975416
    outer loop
      vertex -14.2194 16.7923 26.0736
      vertex -14.241 16.6468 26.0736
      vertex -14.2053 16.7895 26.2201
    endloop
  endfacet
  facet normal -0.984474 0.145519 0.098158
    outer loop
      vertex -14.2053 16.7895 26.2201
      vertex -14.241 16.6468 26.0736
      vertex -14.2266 16.6454 26.2201
    endloop
  endfacet
  facet normal -0.881103 0.0430938 0.470957
    outer loop
      vertex -14.0995 16.6329 26.6413
      vertex -14.106 16.5 26.6413
      vertex -14.0304 16.6261 26.7712
    endloop
  endfacet
  facet normal -0.928298 0.232577 0.290123
    outer loop
      vertex -14.1424 16.9224 26.3645
      vertex -14.1771 16.7839 26.3645
      vertex -14.1352 16.7755 26.5053
    endloop
  endfacet
  facet normal -0.750121 -0.188348 0.633911
    outer loop
      vertex -13.8401 -16.7168 27.0073
      vertex -13.9317 -16.735 26.8935
      vertex -13.9029 -16.8497 26.8935
    endloop
  endfacet
  facet normal -0.772592 -0.0379427 0.633768
    outer loop
      vertex -13.8561 -16.6089 27.0073
      vertex -13.9548 -16.5 26.8935
      vertex -13.949 -16.6181 26.8935
    endloop
  endfacet
  facet normal -0.772442 0.0375936 0.633972
    outer loop
      vertex -13.8561 16.6089 27.0073
      vertex -13.9548 16.5 26.8935
      vertex -13.8614 16.5 27.0073
    endloop
  endfacet
  facet normal -0.706701 0.0343941 0.706676
    outer loop
      vertex -13.8561 16.6089 27.0073
      vertex -13.8614 16.5 27.0073
      vertex -13.7525 16.5987 27.1114
    endloop
  endfacet
  facet normal -0.955905 -0.0469665 0.289895
    outer loop
      vertex -14.1623 -16.5 26.5053
      vertex -14.205 -16.5 26.3645
      vertex -14.1555 -16.6384 26.5053
    endloop
  endfacet
  facet normal -0.923008 -0.0453501 0.382098
    outer loop
      vertex -14.106 -16.5 26.6413
      vertex -14.1623 -16.5 26.5053
      vertex -14.1555 -16.6384 26.5053
    endloop
  endfacet
  facet normal -0.14351 -0.970238 0.195044
    outer loop
      vertex -13.0339 -17.9271 26.3645
      vertex -13.0395 -17.9553 26.2201
      vertex -12.8926 -17.948 26.3645
    endloop
  endfacet
  facet normal 0 -0.956962 0.290215
    outer loop
      vertex -12.75 -17.955 26.3645
      vertex 12.75 -17.9123 26.5053
      vertex -12.75 -17.9123 26.5053
    endloop
  endfacet
  facet normal 0 -0.956962 0.290215
    outer loop
      vertex 12.75 -17.9123 26.5053
      vertex -12.75 -17.955 26.3645
      vertex 12.75 -17.955 26.3645
    endloop
  endfacet
  facet normal -0.395055 -0.83524 0.382499
    outer loop
      vertex -13.3892 -17.6959 26.6413
      vertex -13.4158 -17.7456 26.5053
      vertex -13.2689 -17.7528 26.6413
    endloop
  endfacet
  facet normal -0.492568 -0.820716 0.289485
    outer loop
      vertex -13.4158 -17.7456 26.5053
      vertex -13.5346 -17.6743 26.5053
      vertex -13.4359 -17.7832 26.3645
    endloop
  endfacet
  facet normal -0.146746 -0.989174 0.0001115
    outer loop
      vertex -13.0423 -17.9694 26.0736
      vertex -13.0426 -17.9712 9.71
      vertex -12.897 -17.9928 9.71
    endloop
  endfacet
  facet normal -0.0489874 -0.998799 0.000110467
    outer loop
      vertex -12.8968 -17.991 26.0736
      vertex -12.897 -17.9928 9.71
      vertex -12.75 -17.9982 26.0736
    endloop
  endfacet
  facet normal -0.14342 -0.97027 0.194954
    outer loop
      vertex -12.8926 -17.948 26.3645
      vertex -13.0395 -17.9553 26.2201
      vertex -12.8954 -17.9766 26.2201
    endloop
  endfacet
  facet normal -0.0480845 -0.979551 0.195367
    outer loop
      vertex -12.75 -17.955 26.3645
      vertex -12.8926 -17.948 26.3645
      vertex -12.75 -17.9838 26.2201
    endloop
  endfacet
  facet normal -0.671216 -0.741262 0.000112642
    outer loop
      vertex -13.7004 -17.6581 26.0736
      vertex -13.8094 -17.5594 26.0736
      vertex -13.7016 -17.6595 9.71
    endloop
  endfacet
  facet normal -0.596073 -0.80293 0.000112407
    outer loop
      vertex -13.7004 -17.6581 26.0736
      vertex -13.7016 -17.6595 9.71
      vertex -13.5824 -17.7457 26.0736
    endloop
  endfacet
  facet normal -0.857853 -0.513896 0.000112143
    outer loop
      vertex -14.0713 -17.2062 26.0736
      vertex -14.0729 -17.2071 9.71
      vertex -13.9957 -17.3324 26.0736
    endloop
  endfacet
  facet normal -0.658719 -0.726746 0.194754
    outer loop
      vertex -13.6731 -17.6248 26.3645
      vertex -13.7992 -17.5492 26.2201
      vertex -13.6913 -17.647 26.2201
    endloop
  endfacet
  facet normal -0.853744 -0.511435 0.0977496
    outer loop
      vertex -14.0586 -17.1994 26.2201
      vertex -14.0713 -17.2062 26.0736
      vertex -13.9957 -17.3324 26.0736
    endloop
  endfacet
  facet normal -0.65412 -0.591923 0.470907
    outer loop
      vertex -13.7445 -17.3162 26.7712
      vertex -13.7982 -17.3602 26.6413
      vertex -13.6598 -17.4098 26.7712
    endloop
  endfacet
  facet normal -0.550529 -0.742138 0.382294
    outer loop
      vertex -13.6102 -17.5482 26.6413
      vertex -13.646 -17.5917 26.5053
      vertex -13.5033 -17.6275 26.6413
    endloop
  endfacet
  facet normal -0.514096 -0.857733 0.000110043
    outer loop
      vertex -13.5824 -17.7457 26.0736
      vertex -13.5834 -17.7472 9.71
      vertex -13.4571 -17.8229 9.71
    endloop
  endfacet
  facet normal -0.514096 0.857733 0.000110043
    outer loop
      vertex -13.4571 17.8229 9.71
      vertex -13.5834 17.7472 9.71
      vertex -13.5824 17.7457 26.0736
    endloop
  endfacet
  facet normal -0.941372 -0.33737 0.000108107
    outer loop
      vertex -14.1837 -16.9349 26.0736
      vertex -14.1854 -16.9354 9.71
      vertex -14.1341 -17.0733 26.0736
    endloop
  endfacet
  facet normal -0.995204 0 0.0978221
    outer loop
      vertex -14.2482 -16.5 26.0736
      vertex -14.2338 16.5 26.2201
      vertex -14.2482 16.5 26.0736
    endloop
  endfacet
  facet normal -0.995204 0 0.0978221
    outer loop
      vertex -14.2338 16.5 26.2201
      vertex -14.2482 -16.5 26.0736
      vertex -14.2338 -16.5 26.2201
    endloop
  endfacet
  facet normal -0.998803 -0.0489209 0.000109869
    outer loop
      vertex -14.2482 -16.5 26.0736
      vertex -14.25 -16.5 9.71
      vertex -14.2428 -16.647 9.71
    endloop
  endfacet
  facet normal -0.855933 -0.214149 0.470657
    outer loop
      vertex -13.9812 -16.8735 26.7712
      vertex -14.0799 -16.7645 26.6413
      vertex -14.0476 -16.8936 26.6413
    endloop
  endfacet
  facet normal -0.984443 -0.146144 0.0975416
    outer loop
      vertex -14.2053 -16.7895 26.2201
      vertex -14.241 -16.6468 26.0736
      vertex -14.2194 -16.7923 26.0736
    endloop
  endfacet
  facet normal -0.653806 -0.592802 0.470237
    outer loop
      vertex -13.6598 -17.4098 26.7712
      vertex -13.7982 -17.3602 26.6413
      vertex -13.7088 -17.4588 26.6413
    endloop
  endfacet
  facet normal -0.684539 -0.620667 0.382333
    outer loop
      vertex -13.7982 -17.3602 26.6413
      vertex -13.8417 -17.396 26.5053
      vertex -13.7088 -17.4588 26.6413
    endloop
  endfacet
  facet normal 0.820908 0.491875 0.29012
    outer loop
      vertex 13.9598 17.3084 26.3645
      vertex 13.9243 17.2846 26.5053
      vertex 14.0332 17.1859 26.3645
    endloop
  endfacet
  facet normal 0.788062 0.583974 0.19476
    outer loop
      vertex 13.897 17.4413 26.2201
      vertex 13.8748 17.4231 26.3645
      vertex 13.9837 17.3243 26.2201
    endloop
  endfacet
  facet normal 0.154161 -0.615919 0.772579
    outer loop
      vertex 13.0094 -17.3551 27.2048
      vertex 12.9243 -17.3764 27.2048
      vertex 12.9465 -17.488 27.1114
    endloop
  endfacet
  facet normal 0.0927338 -0.628127 0.772565
    outer loop
      vertex 12.9243 -17.3764 27.2048
      vertex 12.8376 -17.3892 27.2048
      vertex 12.9465 -17.488 27.1114
    endloop
  endfacet
  facet normal 0.116755 -0.157318 0.980622
    outer loop
      vertex 12.9812 -16.7817 27.455
      vertex 12.8723 -16.683 27.4838
      vertex 12.9525 -16.803 27.455
    endloop
  endfacet
  facet normal 0.0662642 -0.184269 0.98064
    outer loop
      vertex 12.8342 -16.7033 27.4838
      vertex 12.8139 -16.7106 27.4838
      vertex 12.8558 -16.8488 27.455
    endloop
  endfacet
  facet normal 0.149364 -0.24894 0.956932
    outer loop
      vertex 13.0307 -16.9202 27.4123
      vertex 12.9218 -16.8214 27.455
      vertex 12.9882 -16.9457 27.4123
    endloop
  endfacet
  facet normal 0.25726 -0.283412 0.923848
    outer loop
      vertex 13.2035 -16.9535 27.356
      vertex 13.1073 -16.8573 27.4123
      vertex 13.1569 -16.9958 27.356
    endloop
  endfacet
  facet normal 0.346245 -0.16369 0.923753
    outer loop
      vertex 13.3425 -16.7454 27.356
      vertex 13.1957 -16.7382 27.4123
      vertex 13.3156 -16.8023 27.356
    endloop
  endfacet
  facet normal 0.477092 -0.285961 0.831029
    outer loop
      vertex 13.4301 -16.8635 27.2866
      vertex 13.3912 -16.9284 27.2866
      vertex 13.538 -16.9212 27.2048
    endloop
  endfacet
  facet normal 0.0977988 -0.0049805 0.995194
    outer loop
      vertex 12.9701 -16.5 27.4838
      vertex 12.8232 -16.5072 27.4982
      vertex 12.969 -16.5216 27.4838
    endloop
  endfacet
  facet normal 0 -0.195594 0.980685
    outer loop
      vertex -12.75 -16.7201 27.4838
      vertex 12.75 -16.8645 27.455
      vertex 12.75 -16.7201 27.4838
    endloop
  endfacet
  facet normal 0 -0.195594 0.980685
    outer loop
      vertex 12.75 -16.8645 27.455
      vertex -12.75 -16.7201 27.4838
      vertex -12.75 -16.8645 27.455
    endloop
  endfacet
  facet normal -0.0049805 0.0977988 0.995194
    outer loop
      vertex -12.75 16.7201 27.4838
      vertex -12.7716 16.719 27.4838
      vertex -12.7572 16.5732 27.4982
    endloop
  endfacet
  facet normal -0.0140696 -0.290186 0.956867
    outer loop
      vertex -12.75 -16.8645 27.455
      vertex -12.7995 -17.0029 27.4123
      vertex -12.75 -17.0053 27.4123
    endloop
  endfacet
  facet normal -0.042149 -0.088377 0.995195
    outer loop
      vertex -12.7847 -16.5649 27.4982
      vertex -12.8538 -16.6941 27.4838
      vertex -12.7782 -16.568 27.4982
    endloop
  endfacet
  facet normal -0.058554 -0.0785259 0.995191
    outer loop
      vertex -12.7909 -16.5612 27.4982
      vertex -12.8896 -16.6701 27.4838
      vertex -12.8723 -16.683 27.4838
    endloop
  endfacet
  facet normal -0.0690444 -0.4668 0.881663
    outer loop
      vertex -12.8129 -17.1382 27.356
      vertex -12.8751 -17.129 27.356
      vertex -12.8256 -17.2674 27.2866
    endloop
  endfacet
  facet normal -0.201677 -0.426596 0.88167
    outer loop
      vertex -13.0523 -17.0656 27.356
      vertex -13.1135 -17.1801 27.2866
      vertex -12.9954 -17.0925 27.356
    endloop
  endfacet
  facet normal -0.0279339 -0.555737 0.830888
    outer loop
      vertex -12.75 -17.2712 27.2866
      vertex -12.8256 -17.2674 27.2866
      vertex -12.75 -17.3935 27.2048
    endloop
  endfacet
  facet normal -0.0236791 -0.47109 0.881767
    outer loop
      vertex -12.75 -17.1413 27.356
      vertex -12.8256 -17.2674 27.2866
      vertex -12.75 -17.2712 27.2866
    endloop
  endfacet
  facet normal -0.283412 -0.25726 0.923848
    outer loop
      vertex -13.1073 -16.8573 27.4123
      vertex -13.2458 -16.9069 27.356
      vertex -13.2035 -16.9535 27.356
    endloop
  endfacet
  facet normal -0.285961 -0.477092 0.831029
    outer loop
      vertex -13.1135 -17.1801 27.2866
      vertex -13.1784 -17.1412 27.2866
      vertex -13.1712 -17.288 27.2048
    endloop
  endfacet
  facet normal -0.145154 -0.13146 0.980637
    outer loop
      vertex -12.9056 -16.6556 27.4838
      vertex -13.0317 -16.7312 27.455
      vertex -13.0077 -16.7577 27.455
    endloop
  endfacet
  facet normal -0.129116 -0.36055 0.92376
    outer loop
      vertex -12.8967 -16.9836 27.4123
      vertex -12.9954 -17.0925 27.356
      vertex -12.9362 -17.1137 27.356
    endloop
  endfacet
  facet normal -0.0785259 -0.058554 0.995191
    outer loop
      vertex -12.8112 -16.5409 27.4982
      vertex -12.933 -16.6223 27.4838
      vertex -12.9201 -16.6396 27.4838
    endloop
  endfacet
  facet normal -0.0718766 -0.066452 0.995197
    outer loop
      vertex -12.8069 -16.5467 27.4982
      vertex -12.9056 -16.6556 27.4838
      vertex -12.802 -16.552 27.4982
    endloop
  endfacet
  facet normal -0.92829 -0.23259 0.290136
    outer loop
      vertex -14.1352 -16.7755 26.5053
      vertex -14.1424 -16.9224 26.3645
      vertex -14.1015 -16.91 26.5053
    endloop
  endfacet
  facet normal -0.83524 -0.395055 0.382499
    outer loop
      vertex -13.9459 -17.1392 26.6413
      vertex -14.0028 -17.0189 26.6413
      vertex -13.9956 -17.1658 26.5053
    endloop
  endfacet
  facet normal -0.822586 -0.121734 0.555457
    outer loop
      vertex -13.949 -16.6181 26.8935
      vertex -14.0304 -16.6261 26.7712
      vertex -13.9317 -16.735 26.8935
    endloop
  endfacet
  facet normal -0.279837 -0.782885 0.555683
    outer loop
      vertex -13.0997 -17.6529 26.8935
      vertex -13.2424 -17.6887 26.7712
      vertex -13.1235 -17.7312 26.7712
    endloop
  endfacet
  facet normal -0.121845 -0.822619 0.555385
    outer loop
      vertex -12.985 -17.6817 26.8935
      vertex -13.001 -17.7619 26.7712
      vertex -12.8761 -17.7804 26.7712
    endloop
  endfacet
  facet normal -0.186786 -0.52359 0.831243
    outer loop
      vertex -12.9739 -17.2379 27.2866
      vertex -13.0451 -17.2125 27.2866
      vertex -13.0094 -17.3551 27.2048
    endloop
  endfacet
  facet normal -0.257184 -0.283444 0.923859
    outer loop
      vertex -13.1073 -16.8573 27.4123
      vertex -13.1569 -16.9958 27.356
      vertex -13.0706 -16.8906 27.4123
    endloop
  endfacet
  facet normal -0.557966 -0.616595 0.555415
    outer loop
      vertex -13.5143 -17.4313 26.8935
      vertex -13.6598 -17.4098 26.7712
      vertex -13.5662 -17.4945 26.7712
    endloop
  endfacet
  facet normal -0.363813 -0.607004 0.706531
    outer loop
      vertex -13.2249 -17.3884 27.1114
      vertex -13.3675 -17.4241 27.0073
      vertex -13.2739 -17.4802 27.0073
    endloop
  endfacet
  facet normal -0.591923 -0.65412 0.470907
    outer loop
      vertex -13.5662 -17.4945 26.7712
      vertex -13.6598 -17.4098 26.7712
      vertex -13.6102 -17.5482 26.6413
    endloop
  endfacet
  facet normal -0.519511 -0.573163 0.633713
    outer loop
      vertex -13.5359 -17.2859 27.0073
      vertex -13.6019 -17.3519 26.8935
      vertex -13.5143 -17.4313 26.8935
    endloop
  endfacet
  facet normal -0.573703 -0.271297 0.772828
    outer loop
      vertex -13.5755 -16.8419 27.2048
      vertex -13.6807 -16.8855 27.1114
      vertex -13.538 -16.9212 27.2048
    endloop
  endfacet
  facet normal -0.373219 -0.412157 0.831164
    outer loop
      vertex -13.2953 -17.0453 27.2866
      vertex -13.3169 -17.1907 27.2048
      vertex -13.2392 -17.0961 27.2866
    endloop
  endfacet
  facet normal -0.573223 -0.519306 0.633828
    outer loop
      vertex -13.6091 -17.2051 27.0073
      vertex -13.6813 -17.2643 26.8935
      vertex -13.5359 -17.2859 27.0073
    endloop
  endfacet
  facet normal -0.568252 -0.421648 0.706613
    outer loop
      vertex -13.5287 -17.139 27.1114
      vertex -13.6741 -17.1175 27.0073
      vertex -13.6091 -17.2051 27.0073
    endloop
  endfacet
  facet normal -0.751393 -0.355997 0.555585
    outer loop
      vertex -13.8631 -16.9611 26.8935
      vertex -13.9387 -16.9924 26.7712
      vertex -13.8125 -17.0679 26.8935
    endloop
  endfacet
  facet normal -0.751397 -0.355613 0.555826
    outer loop
      vertex -13.8125 -17.0679 26.8935
      vertex -13.9387 -16.9924 26.7712
      vertex -13.8847 -17.1065 26.7712
    endloop
  endfacet
  facet normal 0.97027 0.14342 0.194954
    outer loop
      vertex 14.2053 16.7895 26.2201
      vertex 14.198 16.6426 26.3645
      vertex 14.2266 16.6454 26.2201
    endloop
  endfacet
  facet normal 0.984443 0.146144 0.0975416
    outer loop
      vertex 14.2194 16.7923 26.0736
      vertex 14.2053 16.7895 26.2201
      vertex 14.241 16.6468 26.0736
    endloop
  endfacet
  facet normal 0.97961 0.0485089 0.194963
    outer loop
      vertex 14.2266 16.6454 26.2201
      vertex 14.198 16.6426 26.3645
      vertex 14.2338 16.5 26.2201
    endloop
  endfacet
  facet normal 0.993998 0.0492213 0.0977035
    outer loop
      vertex 14.2482 16.5 26.0736
      vertex 14.2266 16.6454 26.2201
      vertex 14.2338 16.5 26.2201
    endloop
  endfacet
  facet normal 0.923471 0.330498 0.194866
    outer loop
      vertex 14.1699 16.9307 26.2201
      vertex 14.0943 17.0568 26.3645
      vertex 14.1424 16.9224 26.3645
    endloop
  endfacet
  facet normal 0.901022 0.322464 0.29013
    outer loop
      vertex 14.1424 16.9224 26.3645
      vertex 14.0943 17.0568 26.3645
      vertex 14.1015 16.91 26.5053
    endloop
  endfacet
  facet normal 0.750121 0.188348 0.633911
    outer loop
      vertex 13.9029 16.8497 26.8935
      vertex 13.8401 16.7168 27.0073
      vertex 13.9317 16.735 26.8935
    endloop
  endfacet
  facet normal 0.765064 0.113222 0.633923
    outer loop
      vertex 13.9317 16.735 26.8935
      vertex 13.8401 16.7168 27.0073
      vertex 13.949 16.6181 26.8935
    endloop
  endfacet
  facet normal 0.782885 0.279837 0.555683
    outer loop
      vertex 13.9387 16.9924 26.7712
      vertex 13.9029 16.8497 26.8935
      vertex 13.9812 16.8735 26.7712
    endloop
  endfacet
  facet normal 0.806471 0.202112 0.555658
    outer loop
      vertex 13.9812 16.8735 26.7712
      vertex 13.9029 16.8497 26.8935
      vertex 14.0119 16.751 26.7712
    endloop
  endfacet
  facet normal 0.666144 0.238696 0.706595
    outer loop
      vertex 13.7768 16.9253 27.0073
      vertex 13.714 16.7924 27.1114
      vertex 13.8136 16.8226 27.0073
    endloop
  endfacet
  facet normal 0.686402 0.171925 0.706607
    outer loop
      vertex 13.8136 16.8226 27.0073
      vertex 13.714 16.7924 27.1114
      vertex 13.8401 16.7168 27.0073
    endloop
  endfacet
  facet normal 0.737703 -0.667994 0.097871
    outer loop
      vertex 13.9081 -17.4504 26.0736
      vertex 13.7992 -17.5492 26.2201
      vertex 13.8094 -17.5594 26.0736
    endloop
  endfacet
  facet normal 0.238519 -0.951381 0.194894
    outer loop
      vertex 13.1724 -17.8924 26.3645
      vertex 13.0395 -17.9553 26.2201
      vertex 13.1807 -17.9199 26.2201
    endloop
  endfacet
  facet normal 0.593239 -0.799113 0.0973968
    outer loop
      vertex 13.6913 -17.647 26.2201
      vertex 13.5824 -17.7457 26.0736
      vertex 13.7004 -17.6581 26.0736
    endloop
  endfacet
  facet normal 0.708242 -0.525943 0.470932
    outer loop
      vertex 13.8198 -17.2148 26.7712
      vertex 13.7445 -17.3162 26.7712
      vertex 13.7982 -17.3602 26.6413
    endloop
  endfacet
  facet normal 0.792609 -0.475149 0.382105
    outer loop
      vertex 13.9459 -17.1392 26.6413
      vertex 13.8775 -17.2533 26.6413
      vertex 13.9243 -17.2846 26.5053
    endloop
  endfacet
  facet normal 0.363813 -0.607004 0.706531
    outer loop
      vertex 13.3675 -17.4241 27.0073
      vertex 13.2249 -17.3884 27.1114
      vertex 13.2739 -17.4802 27.0073
    endloop
  endfacet
  facet normal 0.713065 -0.427312 0.555826
    outer loop
      vertex 13.8847 -17.1065 26.7712
      vertex 13.8125 -17.0679 26.8935
      vertex 13.8198 -17.2148 26.7712
    endloop
  endfacet
  facet normal 0.923471 -0.330498 0.194866
    outer loop
      vertex 14.1424 -16.9224 26.3645
      vertex 14.0943 -17.0568 26.3645
      vertex 14.1699 -16.9307 26.2201
    endloop
  endfacet
  facet normal 0.97961 -0.0485089 0.194963
    outer loop
      vertex 14.2338 -16.5 26.2201
      vertex 14.198 -16.6426 26.3645
      vertex 14.2266 -16.6454 26.2201
    endloop
  endfacet
  facet normal 0.872633 -0.129253 0.470961
    outer loop
      vertex 14.0304 -16.6261 26.7712
      vertex 14.0119 -16.751 26.7712
      vertex 14.0995 -16.6329 26.6413
    endloop
  endfacet
  facet normal 0.806471 -0.202112 0.555658
    outer loop
      vertex 14.0119 -16.751 26.7712
      vertex 13.9029 -16.8497 26.8935
      vertex 13.9812 -16.8735 26.7712
    endloop
  endfacet
  facet normal 0.83052 -0.0408344 0.555491
    outer loop
      vertex 14.0366 -16.5 26.7712
      vertex 13.9548 -16.5 26.8935
      vertex 14.0304 -16.6261 26.7712
    endloop
  endfacet
  facet normal 0.881186 -0.0433256 0.47078
    outer loop
      vertex 14.0366 -16.5 26.7712
      vertex 14.0304 -16.6261 26.7712
      vertex 14.106 -16.5 26.6413
    endloop
  endfacet
  facet normal 0.914228 0.135367 0.381921
    outer loop
      vertex 14.1352 16.7755 26.5053
      vertex 14.0995 16.6329 26.6413
      vertex 14.1555 16.6384 26.5053
    endloop
  endfacet
  facet normal 0.923091 0.0451474 0.381922
    outer loop
      vertex 14.1555 16.6384 26.5053
      vertex 14.0995 16.6329 26.6413
      vertex 14.106 16.5 26.6413
    endloop
  endfacet
  facet normal 0.792224 -0.475468 0.382507
    outer loop
      vertex 13.9459 -17.1392 26.6413
      vertex 13.9243 -17.2846 26.5053
      vertex 13.9956 -17.1658 26.5053
    endloop
  endfacet
  facet normal 0.841131 -0.504409 0.195113
    outer loop
      vertex 14.0332 -17.1859 26.3645
      vertex 13.9837 -17.3243 26.2201
      vertex 14.0586 -17.1994 26.2201
    endloop
  endfacet
  facet normal 0.830815 -0.297051 0.470645
    outer loop
      vertex 14.0476 -16.8936 26.6413
      vertex 13.9812 -16.8735 26.7712
      vertex 14.0028 -17.0189 26.6413
    endloop
  endfacet
  facet normal 0.92829 -0.23259 0.290136
    outer loop
      vertex 14.1352 -16.7755 26.5053
      vertex 14.1015 -16.91 26.5053
      vertex 14.1424 -16.9224 26.3645
    endloop
  endfacet
  facet normal 0.726746 -0.658719 0.194754
    outer loop
      vertex 13.8748 -17.4231 26.3645
      vertex 13.7992 -17.5492 26.2201
      vertex 13.897 -17.4413 26.2201
    endloop
  endfacet
  facet normal 0.79956 -0.592495 0.0982521
    outer loop
      vertex 13.9837 -17.3243 26.2201
      vertex 13.897 -17.4413 26.2201
      vertex 13.9957 -17.3324 26.0736
    endloop
  endfacet
  facet normal 0.822619 -0.121845 0.555385
    outer loop
      vertex 14.0304 -16.6261 26.7712
      vertex 13.9317 -16.735 26.8935
      vertex 14.0119 -16.751 26.7712
    endloop
  endfacet
  facet normal 0.706701 -0.0343941 0.706676
    outer loop
      vertex 13.8614 -16.5 27.0073
      vertex 13.7525 -16.5987 27.1114
      vertex 13.8561 -16.6089 27.0073
    endloop
  endfacet
  facet normal 0.346229 -0.163841 0.923732
    outer loop
      vertex 13.2169 -16.6934 27.4123
      vertex 13.1957 -16.7382 27.4123
      vertex 13.3425 -16.7454 27.356
    endloop
  endfacet
  facet normal 0.37884 -0.0560342 0.923764
    outer loop
      vertex 13.3882 -16.5629 27.356
      vertex 13.2529 -16.5495 27.4123
      vertex 13.379 -16.6251 27.356
    endloop
  endfacet
  facet normal 0.471222 0 0.882014
    outer loop
      vertex 13.3913 16.5 27.356
      vertex 13.5212 -16.5 27.2866
      vertex 13.5212 16.5 27.2866
    endloop
  endfacet
  facet normal 0.471222 0 0.882014
    outer loop
      vertex 13.5212 -16.5 27.2866
      vertex 13.3913 16.5 27.356
      vertex 13.3913 -16.5 27.356
    endloop
  endfacet
  facet normal 0.666471 -0.238383 0.706393
    outer loop
      vertex 13.714 -16.7924 27.1114
      vertex 13.6807 -16.8855 27.1114
      vertex 13.7768 -16.9253 27.0073
    endloop
  endfacet
  facet normal 0.597823 -0.213829 0.772583
    outer loop
      vertex 13.714 -16.7924 27.1114
      vertex 13.6051 -16.7594 27.2048
      vertex 13.6807 -16.8855 27.1114
    endloop
  endfacet
  facet normal 0.129253 -0.872633 0.470961
    outer loop
      vertex 13.001 -17.7619 26.7712
      vertex 12.8761 -17.7804 26.7712
      vertex 12.8829 -17.8495 26.6413
    endloop
  endfacet
  facet normal 0 -0.634421 0.772988
    outer loop
      vertex -12.75 -17.3935 27.2048
      vertex 12.75 -17.5073 27.1114
      vertex 12.75 -17.3935 27.2048
    endloop
  endfacet
  facet normal 0 -0.634421 0.772988
    outer loop
      vertex 12.75 -17.5073 27.1114
      vertex -12.75 -17.3935 27.2048
      vertex -12.75 -17.5073 27.1114
    endloop
  endfacet
  facet normal 0.213829 -0.597823 0.772583
    outer loop
      vertex 13.1355 -17.4307 27.1114
      vertex 13.0094 -17.3551 27.2048
      vertex 13.0424 -17.464 27.1114
    endloop
  endfacet
  facet normal 0.0930908 -0.627881 0.772722
    outer loop
      vertex 12.9465 -17.488 27.1114
      vertex 12.8376 -17.3892 27.2048
      vertex 12.8487 -17.5025 27.1114
    endloop
  endfacet
  facet normal 0 -0.923959 0.382492
    outer loop
      vertex -12.75 -17.9123 26.5053
      vertex 12.75 -17.856 26.6413
      vertex -12.75 -17.856 26.6413
    endloop
  endfacet
  facet normal 0 -0.923959 0.382492
    outer loop
      vertex 12.75 -17.856 26.6413
      vertex -12.75 -17.9123 26.5053
      vertex 12.75 -17.9123 26.5053
    endloop
  endfacet
  facet normal 0.135367 -0.914228 0.381921
    outer loop
      vertex 13.0255 -17.8852 26.5053
      vertex 12.8829 -17.8495 26.6413
      vertex 12.8884 -17.9055 26.5053
    endloop
  endfacet
  facet normal 0.0469234 -0.955896 0.289934
    outer loop
      vertex 12.8884 -17.9055 26.5053
      vertex 12.75 -17.955 26.3645
      vertex 12.8926 -17.948 26.3645
    endloop
  endfacet
  facet normal 0.140029 -0.946703 0.290079
    outer loop
      vertex 13.0255 -17.8852 26.5053
      vertex 12.8926 -17.948 26.3645
      vertex 13.0339 -17.9271 26.3645
    endloop
  endfacet
  facet normal 0.238363 -0.95139 0.195042
    outer loop
      vertex 13.1724 -17.8924 26.3645
      vertex 13.0339 -17.9271 26.3645
      vertex 13.0395 -17.9553 26.2201
    endloop
  endfacet
  facet normal 0.202516 -0.806547 0.555399
    outer loop
      vertex 13.0997 -17.6529 26.8935
      vertex 12.985 -17.6817 26.8935
      vertex 13.001 -17.7619 26.7712
    endloop
  endfacet
  facet normal 0.113459 -0.765139 0.63379
    outer loop
      vertex 12.9668 -17.5901 27.0073
      vertex 12.8589 -17.6061 27.0073
      vertex 12.8681 -17.699 26.8935
    endloop
  endfacet
  facet normal 0.224247 -0.896293 0.382586
    outer loop
      vertex 13.1436 -17.7976 26.6413
      vertex 13.0145 -17.8299 26.6413
      vertex 13.0255 -17.8852 26.5053
    endloop
  endfacet
  facet normal 0.224581 -0.896325 0.382316
    outer loop
      vertex 13.1436 -17.7976 26.6413
      vertex 13.0255 -17.8852 26.5053
      vertex 13.16 -17.8515 26.5053
    endloop
  endfacet
  facet normal 0.285522 -0.477139 0.831153
    outer loop
      vertex 13.1784 -17.1412 27.2866
      vertex 13.1712 -17.288 27.2048
      vertex 13.2464 -17.243 27.2048
    endloop
  endfacet
  facet normal 0.326061 -0.544885 0.772518
    outer loop
      vertex 13.2464 -17.243 27.2048
      vertex 13.1712 -17.288 27.2048
      vertex 13.3096 -17.3376 27.1114
    endloop
  endfacet
  facet normal 0.426844 -0.713751 0.555305
    outer loop
      vertex 13.4194 -17.5018 26.8935
      vertex 13.3179 -17.5625 26.8935
      vertex 13.4648 -17.5698 26.7712
    endloop
  endfacet
  facet normal 0.653806 -0.592802 0.470237
    outer loop
      vertex 13.7982 -17.3602 26.6413
      vertex 13.6598 -17.4098 26.7712
      vertex 13.7088 -17.4588 26.6413
    endloop
  endfacet
  facet normal 0.820908 -0.491875 0.29012
    outer loop
      vertex 14.0332 -17.1859 26.3645
      vertex 13.9243 -17.2846 26.5053
      vertex 13.9598 -17.3084 26.3645
    endloop
  endfacet
  facet normal 0.684539 -0.620667 0.382333
    outer loop
      vertex 13.7982 -17.3602 26.6413
      vertex 13.7088 -17.4588 26.6413
      vertex 13.8417 -17.396 26.5053
    endloop
  endfacet
  facet normal 0.504138 -0.841374 0.194769
    outer loop
      vertex 13.5584 -17.7098 26.3645
      vertex 13.4359 -17.7832 26.3645
      vertex 13.5743 -17.7337 26.2201
    endloop
  endfacet
  facet normal 0.335544 -0.936926 0.0978762
    outer loop
      vertex 13.3178 -17.8708 26.2201
      vertex 13.1807 -17.9199 26.2201
      vertex 13.1849 -17.9337 26.0736
    endloop
  endfacet
  facet normal 0.475468 -0.792224 0.382507
    outer loop
      vertex 13.5346 -17.6743 26.5053
      vertex 13.3892 -17.6959 26.6413
      vertex 13.4158 -17.7456 26.5053
    endloop
  endfacet
  facet normal 0.453668 -0.756777 0.47061
    outer loop
      vertex 13.4648 -17.5698 26.7712
      vertex 13.3892 -17.6959 26.6413
      vertex 13.5033 -17.6275 26.6413
    endloop
  endfacet
  facet normal 0.296989 -0.830871 0.470585
    outer loop
      vertex 13.2424 -17.6887 26.7712
      vertex 13.1235 -17.7312 26.7712
      vertex 13.2689 -17.7528 26.6413
    endloop
  endfacet
  facet normal 0.311089 -0.870078 0.382346
    outer loop
      vertex 13.2689 -17.7528 26.6413
      vertex 13.1436 -17.7976 26.6413
      vertex 13.16 -17.8515 26.5053
    endloop
  endfacet
  facet normal 0.550408 -0.742318 0.382119
    outer loop
      vertex 13.646 -17.5917 26.5053
      vertex 13.5033 -17.6275 26.6413
      vertex 13.5346 -17.6743 26.5053
    endloop
  endfacet
  facet normal 0.408819 -0.865288 0.290075
    outer loop
      vertex 13.4158 -17.7456 26.5053
      vertex 13.2905 -17.8048 26.5053
      vertex 13.3068 -17.8443 26.3645
    endloop
  endfacet
  facet normal 0.56827 -0.42155 0.706658
    outer loop
      vertex 13.5876 -17.0596 27.1114
      vertex 13.5287 -17.139 27.1114
      vertex 13.6741 -17.1175 27.0073
    endloop
  endfacet
  facet normal 0.42631 -0.201936 0.881749
    outer loop
      vertex 13.4625 -16.7951 27.2866
      vertex 13.3425 -16.7454 27.356
      vertex 13.4301 -16.8635 27.2866
    endloop
  endfacet
  facet normal 0.114618 -0.457848 0.881611
    outer loop
      vertex 12.9739 -17.2379 27.2866
      vertex 12.8751 -17.129 27.356
      vertex 12.9004 -17.2563 27.2866
    endloop
  endfacet
  facet normal 0.285961 -0.477092 0.831029
    outer loop
      vertex 13.1784 -17.1412 27.2866
      vertex 13.1135 -17.1801 27.2866
      vertex 13.1712 -17.288 27.2048
    endloop
  endfacet
  facet normal 0.145519 -0.984474 0.098158
    outer loop
      vertex 13.0395 -17.9553 26.2201
      vertex 12.8954 -17.9766 26.2201
      vertex 12.8968 -17.991 26.0736
    endloop
  endfacet
  facet normal 0.14342 -0.97027 0.194954
    outer loop
      vertex 13.0395 -17.9553 26.2201
      vertex 12.8926 -17.948 26.3645
      vertex 12.8954 -17.9766 26.2201
    endloop
  endfacet
  facet normal 0.146144 -0.984443 0.0975416
    outer loop
      vertex 13.0395 -17.9553 26.2201
      vertex 12.8968 -17.991 26.0736
      vertex 13.0423 -17.9694 26.0736
    endloop
  endfacet
  facet normal 0.241698 -0.965437 0.0975387
    outer loop
      vertex 13.1849 -17.9337 26.0736
      vertex 13.0395 -17.9553 26.2201
      vertex 13.0423 -17.9694 26.0736
    endloop
  endfacet
  facet normal 0.14342 0.97027 0.194954
    outer loop
      vertex 12.8954 17.9766 26.2201
      vertex 12.8926 17.948 26.3645
      vertex 13.0395 17.9553 26.2201
    endloop
  endfacet
  facet normal 0.0485089 0.97961 0.194963
    outer loop
      vertex 12.8954 17.9766 26.2201
      vertex 12.75 17.9838 26.2201
      vertex 12.8926 17.948 26.3645
    endloop
  endfacet
  facet normal 0.330713 0.923437 0.19466
    outer loop
      vertex 13.3178 17.8708 26.2201
      vertex 13.1807 17.9199 26.2201
      vertex 13.3068 17.8443 26.3645
    endloop
  endfacet
  facet normal 0.335544 0.936926 0.0978762
    outer loop
      vertex 13.1849 17.9337 26.0736
      vertex 13.1807 17.9199 26.2201
      vertex 13.3178 17.8708 26.2201
    endloop
  endfacet
  facet normal 0.322464 0.901022 0.29013
    outer loop
      vertex 13.1724 17.8924 26.3645
      vertex 13.16 17.8515 26.5053
      vertex 13.3068 17.8443 26.3645
    endloop
  endfacet
  facet normal 0.23259 0.92829 0.290136
    outer loop
      vertex 13.1724 17.8924 26.3645
      vertex 13.0255 17.8852 26.5053
      vertex 13.16 17.8515 26.5053
    endloop
  endfacet
  facet normal -0.923008 0.0453501 0.382098
    outer loop
      vertex -14.1555 16.6384 26.5053
      vertex -14.1623 16.5 26.5053
      vertex -14.106 16.5 26.6413
    endloop
  endfacet
  facet normal -0.822619 0.121845 0.555385
    outer loop
      vertex -14.0119 16.751 26.7712
      vertex -14.0304 16.6261 26.7712
      vertex -13.9317 16.735 26.8935
    endloop
  endfacet
  facet normal -0.822586 0.121734 0.555457
    outer loop
      vertex -13.9317 16.735 26.8935
      vertex -14.0304 16.6261 26.7712
      vertex -13.949 16.6181 26.8935
    endloop
  endfacet
  facet normal -0.870078 0.311089 0.382346
    outer loop
      vertex -14.0028 17.0189 26.6413
      vertex -14.1015 16.91 26.5053
      vertex -14.0476 16.8936 26.6413
    endloop
  endfacet
  facet normal -0.946703 0.140029 0.290079
    outer loop
      vertex -14.1771 16.7839 26.3645
      vertex -14.198 16.6426 26.3645
      vertex -14.1352 16.7755 26.5053
    endloop
  endfacet
  facet normal -0.47109 0.0236791 0.881767
    outer loop
      vertex -13.5174 16.5756 27.2866
      vertex -13.5212 16.5 27.2866
      vertex -13.3913 16.5 27.356
    endloop
  endfacet
  facet normal -0.806471 0.202112 0.555658
    outer loop
      vertex -13.9812 16.8735 26.7712
      vertex -14.0119 16.751 26.7712
      vertex -13.9029 16.8497 26.8935
    endloop
  endfacet
  facet normal -0.750121 0.188348 0.633911
    outer loop
      vertex -13.9029 16.8497 26.8935
      vertex -13.9317 16.735 26.8935
      vertex -13.8401 16.7168 27.0073
    endloop
  endfacet
  facet normal -0.627881 -0.0930908 0.772722
    outer loop
      vertex -13.6392 -16.5876 27.2048
      vertex -13.7525 -16.5987 27.1114
      vertex -13.738 -16.6965 27.1114
    endloop
  endfacet
  facet normal -0.555468 -0.0272661 0.831091
    outer loop
      vertex -13.5174 -16.5756 27.2866
      vertex -13.6435 -16.5 27.2048
      vertex -13.6392 -16.5876 27.2048
    endloop
  endfacet
  facet normal -0.404627 -0.242776 0.881667
    outer loop
      vertex -13.3156 -16.8023 27.356
      vertex -13.4301 -16.8635 27.2866
      vertex -13.2832 -16.8563 27.356
    endloop
  endfacet
  facet normal -0.549909 -0.0816042 0.831228
    outer loop
      vertex -13.5174 -16.5756 27.2866
      vertex -13.6264 -16.6743 27.2048
      vertex -13.5063 -16.6504 27.2866
    endloop
  endfacet
  facet normal -0.471304 -0.023228 0.881665
    outer loop
      vertex -13.3913 -16.5 27.356
      vertex -13.5174 -16.5756 27.2866
      vertex -13.3882 -16.5629 27.356
    endloop
  endfacet
  facet normal -0.597325 -0.214313 0.772834
    outer loop
      vertex -13.6051 -16.7594 27.2048
      vertex -13.6807 -16.8855 27.1114
      vertex -13.5755 -16.8419 27.2048
    endloop
  endfacet
  facet normal -0.326447 0.544292 0.772774
    outer loop
      vertex -13.2249 17.3884 27.1114
      vertex -13.3096 17.3376 27.1114
      vertex -13.1712 17.288 27.2048
    endloop
  endfacet
  facet normal -0.0236791 0.47109 0.881767
    outer loop
      vertex -12.75 17.2712 27.2866
      vertex -12.8256 17.2674 27.2866
      vertex -12.75 17.1413 27.356
    endloop
  endfacet
  facet normal -0.477092 0.285961 0.831029
    outer loop
      vertex -13.3912 16.9284 27.2866
      vertex -13.538 16.9212 27.2048
      vertex -13.4301 16.8635 27.2866
    endloop
  endfacet
  facet normal -0.215035 0.195113 0.956917
    outer loop
      vertex -13.1073 16.8573 27.4123
      vertex -13.1406 16.8206 27.4123
      vertex -13.0317 16.7312 27.455
    endloop
  endfacet
  facet normal -0.257184 0.283444 0.923859
    outer loop
      vertex -13.0706 16.8906 27.4123
      vertex -13.1569 16.9958 27.356
      vertex -13.1073 16.8573 27.4123
    endloop
  endfacet
  facet normal -0.37831 0.509979 0.77253
    outer loop
      vertex -13.3096 17.3376 27.1114
      vertex -13.389 17.2787 27.1114
      vertex -13.3169 17.1907 27.2048
    endloop
  endfacet
  facet normal -0.167987 0.100792 0.980623
    outer loop
      vertex -12.933 16.6223 27.4838
      vertex -13.053 16.7025 27.455
      vertex -12.9441 16.6038 27.4838
    endloop
  endfacet
  facet normal -0.307583 0.228182 0.923756
    outer loop
      vertex -13.1406 16.8206 27.4123
      vertex -13.2832 16.8563 27.356
      vertex -13.1702 16.7807 27.4123
    endloop
  endfacet
  facet normal 0.573703 0.271297 0.772828
    outer loop
      vertex 13.6807 16.8855 27.1114
      vertex 13.538 16.9212 27.2048
      vertex 13.5755 16.8419 27.2048
    endloop
  endfacet
  facet normal 0.287354 0.0427226 0.956871
    outer loop
      vertex 13.2456 16.5986 27.4123
      vertex 13.1075 16.5711 27.455
      vertex 13.2529 16.5495 27.4123
    endloop
  endfacet
  facet normal 0.346245 0.16369 0.923753
    outer loop
      vertex 13.3156 16.8023 27.356
      vertex 13.1957 16.7382 27.4123
      vertex 13.3425 16.7454 27.356
    endloop
  endfacet
  facet normal 0.0657945 -0.0726008 0.995189
    outer loop
      vertex 12.9056 -16.6556 27.4838
      vertex 12.7967 -16.5569 27.4982
      vertex 12.8896 -16.6701 27.4838
    endloop
  endfacet
  facet normal -0.0134796 -0.0970531 0.995188
    outer loop
      vertex -12.7644 -16.5722 27.4982
      vertex -12.7929 -16.7159 27.4838
      vertex -12.7572 -16.5732 27.4982
    endloop
  endfacet
  facet normal -0.0140696 0.290186 0.956867
    outer loop
      vertex -12.75 17.0053 27.4123
      vertex -12.7995 17.0029 27.4123
      vertex -12.75 16.8645 27.455
    endloop
  endfacet
  facet normal 0.0977988 0.0049805 0.995194
    outer loop
      vertex 12.969 16.5216 27.4838
      vertex 12.8232 16.5072 27.4982
      vertex 12.9701 16.5 27.4838
    endloop
  endfacet
  facet normal 0.382426 0.0185419 0.9238
    outer loop
      vertex 13.3913 16.5 27.356
      vertex 13.2529 16.5495 27.4123
      vertex 13.2553 16.5 27.4123
    endloop
  endfacet
  facet normal 0.53929 0.134981 0.831232
    outer loop
      vertex 13.6051 16.7594 27.2048
      vertex 13.5063 16.6504 27.2866
      vertex 13.6264 16.6743 27.2048
    endloop
  endfacet
  facet normal -0.193771 0.0282014 0.980641
    outer loop
      vertex -12.9659 16.5429 27.4838
      vertex -13.1127 16.5357 27.455
      vertex -12.969 16.5216 27.4838
    endloop
  endfacet
  facet normal 0.0243996 0.0948875 0.995189
    outer loop
      vertex 12.7929 16.7159 27.4838
      vertex 12.7644 16.5722 27.4982
      vertex 12.7714 16.5704 27.4982
    endloop
  endfacet
  facet normal -0.0479107 -0.189835 0.980646
    outer loop
      vertex -12.8139 -16.7106 27.4838
      vertex -12.8558 -16.8488 27.455
      vertex -12.7929 -16.7159 27.4838
    endloop
  endfacet
  facet normal -0.0325897 -0.0923376 0.995194
    outer loop
      vertex -12.7782 -16.568 27.4982
      vertex -12.8139 -16.7106 27.4838
      vertex -12.7714 -16.5704 27.4982
    endloop
  endfacet
  facet normal 0.0188523 0.382519 0.923755
    outer loop
      vertex 12.8129 17.1382 27.356
      vertex 12.75 17.1413 27.356
      vertex 12.7995 17.0029 27.4123
    endloop
  endfacet
  facet normal -0.124285 0.26238 0.956927
    outer loop
      vertex -12.8895 16.8367 27.455
      vertex -12.9434 16.9669 27.4123
      vertex -12.9218 16.8214 27.455
    endloop
  endfacet
  facet normal -0 0.471222 0.882014
    outer loop
      vertex -12.75 17.2712 27.2866
      vertex 12.75 17.1413 27.356
      vertex 12.75 17.2712 27.2866
    endloop
  endfacet
  facet normal 0 0.471222 0.882014
    outer loop
      vertex 12.75 17.1413 27.356
      vertex -12.75 17.2712 27.2866
      vertex -12.75 17.1413 27.356
    endloop
  endfacet
  facet normal -0.411954 0.373869 0.830973
    outer loop
      vertex -13.3818 17.1318 27.2048
      vertex -13.4407 17.0669 27.2048
      vertex -13.2953 17.0453 27.2866
    endloop
  endfacet
  facet normal -0.227499 0.307793 0.923855
    outer loop
      vertex -13.1063 17.0332 27.356
      vertex -13.1569 16.9958 27.356
      vertex -13.0706 16.8906 27.4123
    endloop
  endfacet
  facet normal -0.262399 0.124171 0.956937
    outer loop
      vertex -13.1957 16.7382 27.4123
      vertex -13.2169 16.6934 27.4123
      vertex -13.0714 16.6718 27.455
    endloop
  endfacet
  facet normal -0.426596 0.201677 0.88167
    outer loop
      vertex -13.3156 16.8023 27.356
      vertex -13.4301 16.8635 27.2866
      vertex -13.3425 16.7454 27.356
    endloop
  endfacet
  facet normal -0.131515 0.145121 0.980634
    outer loop
      vertex -12.8896 16.6701 27.4838
      vertex -12.9812 16.7817 27.455
      vertex -12.9056 16.6556 27.4838
    endloop
  endfacet
  facet normal -0.189966 0.0476283 0.980635
    outer loop
      vertex -13.0988 16.6058 27.455
      vertex -13.1075 16.5711 27.455
      vertex -12.9659 16.5429 27.4838
    endloop
  endfacet
  facet normal -0.096898 0.0141025 0.995194
    outer loop
      vertex -12.9659 16.5429 27.4838
      vertex -12.969 16.5216 27.4838
      vertex -12.8232 16.5072 27.4982
    endloop
  endfacet
  facet normal -0.193782 0.0284651 0.980632
    outer loop
      vertex -13.1075 16.5711 27.455
      vertex -13.1127 16.5357 27.455
      vertex -12.9659 16.5429 27.4838
    endloop
  endfacet
  facet normal -0.0583526 0.0787081 0.995188
    outer loop
      vertex -12.7909 16.5612 27.4982
      vertex -12.8896 16.6701 27.4838
      vertex -12.7967 16.5569 27.4982
    endloop
  endfacet
  facet normal -0.0923376 0.0325897 0.995194
    outer loop
      vertex -12.818 16.5282 27.4982
      vertex -12.9606 16.5639 27.4838
      vertex -12.8204 16.5214 27.4982
    endloop
  endfacet
  facet normal 0.0476283 -0.189966 0.980635
    outer loop
      vertex 12.8558 -16.8488 27.455
      vertex 12.7929 -16.7159 27.4838
      vertex 12.8211 -16.8575 27.455
    endloop
  endfacet
  facet normal -0.0886881 -0.0416291 0.995189
    outer loop
      vertex -12.818 -16.5282 27.4982
      vertex -12.9533 -16.5842 27.4838
      vertex -12.9441 -16.6038 27.4838
    endloop
  endfacet
  facet normal -0.0977988 -0.0049805 0.995194
    outer loop
      vertex -12.8232 -16.5072 27.4982
      vertex -12.9701 -16.5 27.4838
      vertex -12.969 -16.5216 27.4838
    endloop
  endfacet
  facet normal -0.195584 -0.00986139 0.980637
    outer loop
      vertex -12.9701 -16.5 27.4838
      vertex -13.1145 -16.5 27.455
      vertex -13.1127 -16.5357 27.455
    endloop
  endfacet
  facet normal -0.371506 -0.0930285 0.923758
    outer loop
      vertex -13.2336 -16.6467 27.4123
      vertex -13.379 -16.6251 27.356
      vertex -13.3637 -16.6862 27.356
    endloop
  endfacet
  facet normal -0.382426 -0.0185419 0.9238
    outer loop
      vertex -13.2553 -16.5 27.4123
      vertex -13.3913 -16.5 27.356
      vertex -13.2529 -16.5495 27.4123
    endloop
  endfacet
  facet normal -0.171925 0.686402 0.706607
    outer loop
      vertex -12.9668 17.5901 27.0073
      vertex -13.0726 17.5636 27.0073
      vertex -13.0424 17.464 27.1114
    endloop
  endfacet
  facet normal -0.0930908 0.627881 0.772722
    outer loop
      vertex -12.8487 17.5025 27.1114
      vertex -12.9465 17.488 27.1114
      vertex -12.8376 17.3892 27.2048
    endloop
  endfacet
  facet normal 0.495784 0.66763 0.5554
    outer loop
      vertex 13.5662 17.4945 26.7712
      vertex 13.4648 17.5698 26.7712
      vertex 13.5143 17.4313 26.8935
    endloop
  endfacet
  facet normal 0.509979 0.37831 0.77253
    outer loop
      vertex 13.5287 17.139 27.1114
      vertex 13.4407 17.0669 27.2048
      vertex 13.5876 17.0596 27.1114
    endloop
  endfacet
  facet normal 0.621143 0.460894 0.633844
    outer loop
      vertex 13.6813 17.2643 26.8935
      vertex 13.6091 17.2051 27.0073
      vertex 13.6741 17.1175 27.0073
    endloop
  endfacet
  facet normal 0.607004 0.363813 0.706531
    outer loop
      vertex 13.6741 17.1175 27.0073
      vertex 13.6384 16.9749 27.1114
      vertex 13.7302 17.0239 27.0073
    endloop
  endfacet
  facet normal 0.285522 0.477139 0.831153
    outer loop
      vertex 13.2464 17.243 27.2048
      vertex 13.1712 17.288 27.2048
      vertex 13.1784 17.1412 27.2866
    endloop
  endfacet
  facet normal 0.279737 0.782983 0.555595
    outer loop
      vertex 13.2424 17.6887 26.7712
      vertex 13.0997 17.6529 26.8935
      vertex 13.2111 17.6131 26.8935
    endloop
  endfacet
  facet normal 0.296989 0.830871 0.470585
    outer loop
      vertex 13.2689 17.7528 26.6413
      vertex 13.1235 17.7312 26.7712
      vertex 13.2424 17.6887 26.7712
    endloop
  endfacet
  facet normal 0.311361 0.870076 0.382128
    outer loop
      vertex 13.2905 17.8048 26.5053
      vertex 13.16 17.8515 26.5053
      vertex 13.2689 17.7528 26.6413
    endloop
  endfacet
  facet normal -0 0.382492 0.923959
    outer loop
      vertex -12.75 17.1413 27.356
      vertex 12.75 17.0053 27.4123
      vertex 12.75 17.1413 27.356
    endloop
  endfacet
  facet normal 0 0.382492 0.923959
    outer loop
      vertex 12.75 17.0053 27.4123
      vertex -12.75 17.1413 27.356
      vertex -12.75 17.0053 27.4123
    endloop
  endfacet
  facet normal 0.186786 0.52359 0.831243
    outer loop
      vertex 13.0094 17.3551 27.2048
      vertex 12.9739 17.2379 27.2866
      vertex 13.0451 17.2125 27.2866
    endloop
  endfacet
  facet normal 0 0.882014 0.471222
    outer loop
      vertex 12.75 17.856 26.6413
      vertex -12.75 17.7866 26.7712
      vertex 12.75 17.7866 26.7712
    endloop
  endfacet
  facet normal 0 0.882014 0.471222
    outer loop
      vertex -12.75 17.7866 26.7712
      vertex 12.75 17.856 26.6413
      vertex -12.75 17.856 26.6413
    endloop
  endfacet
  facet normal -0.0451474 0.923091 0.381922
    outer loop
      vertex -12.75 17.856 26.6413
      vertex -12.8884 17.9055 26.5053
      vertex -12.8829 17.8495 26.6413
    endloop
  endfacet
  facet normal -0.136104 0.913838 0.382591
    outer loop
      vertex -12.8829 17.8495 26.6413
      vertex -13.0255 17.8852 26.5053
      vertex -13.0145 17.8299 26.6413
    endloop
  endfacet
  facet normal -0.140029 0.946703 0.290079
    outer loop
      vertex -12.8926 17.948 26.3645
      vertex -13.0339 17.9271 26.3645
      vertex -13.0255 17.8852 26.5053
    endloop
  endfacet
  facet normal -0.232577 0.928298 0.290123
    outer loop
      vertex -13.0339 17.9271 26.3645
      vertex -13.1724 17.8924 26.3645
      vertex -13.0255 17.8852 26.5053
    endloop
  endfacet
  facet normal 0.514096 0.857733 0.000110043
    outer loop
      vertex 13.5834 17.7472 9.71
      vertex 13.4571 17.8229 9.71
      vertex 13.5824 17.7457 26.0736
    endloop
  endfacet
  facet normal 0.513896 0.857853 0.000112143
    outer loop
      vertex 13.4571 17.8229 9.71
      vertex 13.4562 17.8213 26.0736
      vertex 13.5824 17.7457 26.0736
    endloop
  endfacet
  facet normal 0.737411 0.668386 0.0973896
    outer loop
      vertex 13.9081 17.4504 26.0736
      vertex 13.7992 17.5492 26.2201
      vertex 13.897 17.4413 26.2201
    endloop
  endfacet
  facet normal 0.737703 0.667994 0.097871
    outer loop
      vertex 13.8094 17.5594 26.0736
      vertex 13.7992 17.5492 26.2201
      vertex 13.9081 17.4504 26.0736
    endloop
  endfacet
  facet normal 0.865176 0.409467 0.289495
    outer loop
      vertex 14.0332 17.1859 26.3645
      vertex 13.9956 17.1658 26.5053
      vertex 14.0943 17.0568 26.3645
    endloop
  endfacet
  facet normal 0.708242 0.525943 0.470932
    outer loop
      vertex 13.7982 17.3602 26.6413
      vertex 13.7445 17.3162 26.7712
      vertex 13.8198 17.2148 26.7712
    endloop
  endfacet
  facet normal 0.901039 0.322441 0.290105
    outer loop
      vertex 14.0943 17.0568 26.3645
      vertex 14.0548 17.0405 26.5053
      vertex 14.1015 16.91 26.5053
    endloop
  endfacet
  facet normal 0.835532 0.394761 0.382165
    outer loop
      vertex 14.0548 17.0405 26.5053
      vertex 13.9956 17.1658 26.5053
      vertex 14.0028 17.0189 26.6413
    endloop
  endfacet
  facet normal 0.709307 0.642313 0.290375
    outer loop
      vertex 13.8748 17.4231 26.3645
      vertex 13.7487 17.4987 26.5053
      vertex 13.8417 17.396 26.5053
    endloop
  endfacet
  facet normal 0.583997 0.788052 0.194737
    outer loop
      vertex 13.5743 17.7337 26.2201
      vertex 13.5584 17.7098 26.3645
      vertex 13.6731 17.6248 26.3645
    endloop
  endfacet
  facet normal 0.426561 0.470014 0.772744
    outer loop
      vertex 13.4623 17.2123 27.1114
      vertex 13.3169 17.1907 27.2048
      vertex 13.3818 17.1318 27.2048
    endloop
  endfacet
  facet normal 0.573705 0.271451 0.772772
    outer loop
      vertex 13.6384 16.9749 27.1114
      vertex 13.538 16.9212 27.2048
      vertex 13.6807 16.8855 27.1114
    endloop
  endfacet
  facet normal -0.726746 0.658719 0.194754
    outer loop
      vertex -13.7992 17.5492 26.2201
      vertex -13.897 17.4413 26.2201
      vertex -13.8748 17.4231 26.3645
    endloop
  endfacet
  facet normal -0.709307 0.642313 0.290375
    outer loop
      vertex -13.7487 17.4987 26.5053
      vertex -13.8748 17.4231 26.3645
      vertex -13.8417 17.396 26.5053
    endloop
  endfacet
  facet normal -0.799113 0.593239 0.0973968
    outer loop
      vertex -13.9081 17.4504 26.0736
      vertex -13.9957 17.3324 26.0736
      vertex -13.897 17.4413 26.2201
    endloop
  endfacet
  facet normal -0.595861 0.803088 0.00011003
    outer loop
      vertex -13.5834 17.7472 9.71
      vertex -13.7016 17.6595 9.71
      vertex -13.5824 17.7457 26.0736
    endloop
  endfacet
  facet normal -0.504409 0.841131 0.195113
    outer loop
      vertex -13.4494 17.8086 26.2201
      vertex -13.5743 17.7337 26.2201
      vertex -13.4359 17.7832 26.3645
    endloop
  endfacet
  facet normal -0.513896 0.857853 0.000112143
    outer loop
      vertex -13.4571 17.8229 9.71
      vertex -13.5824 17.7457 26.0736
      vertex -13.4562 17.8213 26.0736
    endloop
  endfacet
  facet normal -0.970062 -0.242856 0.0001082
    outer loop
      vertex -14.1837 -16.9349 26.0736
      vertex -14.2194 -16.7923 26.0736
      vertex -14.1854 -16.9354 9.71
    endloop
  endfacet
  facet normal -0.279737 0.782983 0.555595
    outer loop
      vertex -13.0997 17.6529 26.8935
      vertex -13.2424 17.6887 26.7712
      vertex -13.2111 17.6131 26.8935
    endloop
  endfacet
  facet normal -0.377421 0.797477 0.470726
    outer loop
      vertex -13.2424 17.6887 26.7712
      vertex -13.3892 17.6959 26.6413
      vertex -13.3565 17.6347 26.7712
    endloop
  endfacet
  facet normal -0.377272 0.797642 0.470566
    outer loop
      vertex -13.2689 17.7528 26.6413
      vertex -13.3892 17.6959 26.6413
      vertex -13.2424 17.6887 26.7712
    endloop
  endfacet
  facet normal -0.395055 0.83524 0.382499
    outer loop
      vertex -13.2689 17.7528 26.6413
      vertex -13.4158 17.7456 26.5053
      vertex -13.3892 17.6959 26.6413
    endloop
  endfacet
  facet normal -0.45352 0.756799 0.470717
    outer loop
      vertex -13.3892 17.6959 26.6413
      vertex -13.4648 17.5698 26.7712
      vertex -13.3565 17.6347 26.7712
    endloop
  endfacet
  facet normal -0.330567 0.699441 0.633646
    outer loop
      vertex -13.1753 17.5268 27.0073
      vertex -13.3179 17.5625 26.8935
      vertex -13.2739 17.4802 27.0073
    endloop
  endfacet
  facet normal -0.202112 0.806471 0.555658
    outer loop
      vertex -13.001 17.7619 26.7712
      vertex -13.1235 17.7312 26.7712
      vertex -13.0997 17.6529 26.8935
    endloop
  endfacet
  facet normal -0.202516 0.806547 0.555399
    outer loop
      vertex -13.001 17.7619 26.7712
      vertex -13.0997 17.6529 26.8935
      vertex -12.985 17.6817 26.8935
    endloop
  endfacet
  facet normal -0.302663 0.63967 0.706553
    outer loop
      vertex -13.1355 17.4307 27.1114
      vertex -13.2739 17.4802 27.0073
      vertex -13.2249 17.3884 27.1114
    endloop
  endfacet
  facet normal -0.238696 0.666144 0.706595
    outer loop
      vertex -13.0726 17.5636 27.0073
      vertex -13.1753 17.5268 27.0073
      vertex -13.0424 17.464 27.1114
    endloop
  endfacet
  facet normal -0.684777 0.6201 0.382828
    outer loop
      vertex -13.7487 17.4987 26.5053
      vertex -13.8417 17.396 26.5053
      vertex -13.7088 17.4588 26.6413
    endloop
  endfacet
  facet normal -0.742138 0.550529 0.382294
    outer loop
      vertex -13.8417 17.396 26.5053
      vertex -13.8775 17.2533 26.6413
      vertex -13.7982 17.3602 26.6413
    endloop
  endfacet
  facet normal -0.66763 0.495784 0.5554
    outer loop
      vertex -13.7445 17.3162 26.7712
      vertex -13.8198 17.2148 26.7712
      vertex -13.6813 17.2643 26.8935
    endloop
  endfacet
  facet normal -0.708242 0.525943 0.470932
    outer loop
      vertex -13.7982 17.3602 26.6413
      vertex -13.8198 17.2148 26.7712
      vertex -13.7445 17.3162 26.7712
    endloop
  endfacet
  facet normal -0.573163 0.519511 0.633713
    outer loop
      vertex -13.6019 17.3519 26.8935
      vertex -13.6813 17.2643 26.8935
      vertex -13.5359 17.2859 27.0073
    endloop
  endfacet
  facet normal -0.519511 0.573163 0.633713
    outer loop
      vertex -13.5143 17.4313 26.8935
      vertex -13.6019 17.3519 26.8935
      vertex -13.5359 17.2859 27.0073
    endloop
  endfacet
  facet normal -0.797477 0.377421 0.470726
    outer loop
      vertex -13.8847 17.1065 26.7712
      vertex -13.9459 17.1392 26.6413
      vertex -13.9387 16.9924 26.7712
    endloop
  endfacet
  facet normal -0.524381 0.475058 0.706643
    outer loop
      vertex -13.5359 17.2859 27.0073
      vertex -13.6091 17.2051 27.0073
      vertex -13.5287 17.139 27.1114
    endloop
  endfacet
  facet normal -0.95139 0.238363 0.195042
    outer loop
      vertex -14.1424 16.9224 26.3645
      vertex -14.2053 16.7895 26.2201
      vertex -14.1771 16.7839 26.3645
    endloop
  endfacet
  facet normal -0.820716 0.492568 0.289485
    outer loop
      vertex -13.9243 17.2846 26.5053
      vertex -14.0332 17.1859 26.3645
      vertex -13.9956 17.1658 26.5053
    endloop
  endfacet
  facet normal -0.280633 0.37968 0.881526
    outer loop
      vertex -13.1063 17.0332 27.356
      vertex -13.2392 17.0961 27.2866
      vertex -13.1569 16.9958 27.356
    endloop
  endfacet
  facet normal -0.213829 0.597823 0.772583
    outer loop
      vertex -13.0424 17.464 27.1114
      vertex -13.1355 17.4307 27.1114
      vertex -13.0094 17.3551 27.2048
    endloop
  endfacet
  facet normal -0.941527 -0.336939 0.000112228
    outer loop
      vertex -14.1341 -17.0733 26.0736
      vertex -14.1854 -16.9354 9.71
      vertex -14.1358 -17.074 9.71
    endloop
  endfacet
  facet normal -0.901039 0.322441 0.290105
    outer loop
      vertex -14.0943 17.0568 26.3645
      vertex -14.1015 16.91 26.5053
      vertex -14.0548 17.0405 26.5053
    endloop
  endfacet
  facet normal -0.923437 0.330713 0.19466
    outer loop
      vertex -14.1208 17.0678 26.2201
      vertex -14.1699 16.9307 26.2201
      vertex -14.0943 17.0568 26.3645
    endloop
  endfacet
  facet normal -0.923471 0.330498 0.194866
    outer loop
      vertex -14.0943 17.0568 26.3645
      vertex -14.1699 16.9307 26.2201
      vertex -14.1424 16.9224 26.3645
    endloop
  endfacet
  facet normal -0.886804 0.419143 0.194674
    outer loop
      vertex -14.0586 17.1994 26.2201
      vertex -14.1208 17.0678 26.2201
      vertex -14.0943 17.0568 26.3645
    endloop
  endfacet
  facet normal -0.97961 0.0485089 0.194963
    outer loop
      vertex -14.2266 16.6454 26.2201
      vertex -14.2338 16.5 26.2201
      vertex -14.198 16.6426 26.3645
    endloop
  endfacet
  facet normal -0.979551 0.0480845 0.195367
    outer loop
      vertex -14.198 16.6426 26.3645
      vertex -14.2338 16.5 26.2201
      vertex -14.205 16.5 26.3645
    endloop
  endfacet
  facet normal -0.97027 0.14342 0.194954
    outer loop
      vertex -14.2053 16.7895 26.2201
      vertex -14.2266 16.6454 26.2201
      vertex -14.198 16.6426 26.3645
    endloop
  endfacet
  facet normal -0.998799 0.0489874 0.000110467
    outer loop
      vertex -14.2428 16.647 9.71
      vertex -14.2482 16.5 26.0736
      vertex -14.241 16.6468 26.0736
    endloop
  endfacet
  facet normal -0.914228 0.135367 0.381921
    outer loop
      vertex -14.1352 16.7755 26.5053
      vertex -14.1555 16.6384 26.5053
      vertex -14.0995 16.6329 26.6413
    endloop
  endfacet
  facet normal -0.913838 0.136104 0.382591
    outer loop
      vertex -14.0799 16.7645 26.6413
      vertex -14.1352 16.7755 26.5053
      vertex -14.0995 16.6329 26.6413
    endloop
  endfacet
  facet normal -0.615914 -0.154139 0.772587
    outer loop
      vertex -13.6051 -16.7594 27.2048
      vertex -13.738 -16.6965 27.1114
      vertex -13.714 -16.7924 27.1114
    endloop
  endfacet
  facet normal -0.597823 -0.213829 0.772583
    outer loop
      vertex -13.6051 -16.7594 27.2048
      vertex -13.714 -16.7924 27.1114
      vertex -13.6807 -16.8855 27.1114
    endloop
  endfacet
  facet normal -0.699887 0.103766 0.706676
    outer loop
      vertex -13.738 16.6965 27.1114
      vertex -13.8401 16.7168 27.0073
      vertex -13.7525 16.5987 27.1114
    endloop
  endfacet
  facet normal -0.772592 0.0379427 0.633768
    outer loop
      vertex -13.949 16.6181 26.8935
      vertex -13.9548 16.5 26.8935
      vertex -13.8561 16.6089 27.0073
    endloop
  endfacet
  facet normal -0.956962 0 0.290215
    outer loop
      vertex -14.205 -16.5 26.3645
      vertex -14.1623 16.5 26.5053
      vertex -14.205 16.5 26.3645
    endloop
  endfacet
  facet normal -0.956962 0 0.290215
    outer loop
      vertex -14.1623 16.5 26.5053
      vertex -14.205 -16.5 26.3645
      vertex -14.1623 -16.5 26.5053
    endloop
  endfacet
  facet normal -0.0451474 -0.923091 0.381922
    outer loop
      vertex -12.8829 -17.8495 26.6413
      vertex -12.8884 -17.9055 26.5053
      vertex -12.75 -17.856 26.6413
    endloop
  endfacet
  facet normal -0.394761 -0.835532 0.382165
    outer loop
      vertex -13.2689 -17.7528 26.6413
      vertex -13.4158 -17.7456 26.5053
      vertex -13.2905 -17.8048 26.5053
    endloop
  endfacet
  facet normal -0.145519 -0.984474 0.098158
    outer loop
      vertex -12.8954 -17.9766 26.2201
      vertex -13.0395 -17.9553 26.2201
      vertex -12.8968 -17.991 26.0736
    endloop
  endfacet
  facet normal -0.0487508 -0.993975 0.0981672
    outer loop
      vertex -12.8954 -17.9766 26.2201
      vertex -12.8968 -17.991 26.0736
      vertex -12.75 -17.9982 26.0736
    endloop
  endfacet
  facet normal -0.146144 -0.984443 0.0975416
    outer loop
      vertex -13.0395 -17.9553 26.2201
      vertex -13.0423 -17.9694 26.0736
      vertex -12.8968 -17.991 26.0736
    endloop
  endfacet
  facet normal -0.241698 -0.965437 0.0975387
    outer loop
      vertex -13.0395 -17.9553 26.2201
      vertex -13.1849 -17.9337 26.0736
      vertex -13.0423 -17.9694 26.0736
    endloop
  endfacet
  facet normal -0.140029 -0.946703 0.290079
    outer loop
      vertex -13.0255 -17.8852 26.5053
      vertex -13.0339 -17.9271 26.3645
      vertex -12.8926 -17.948 26.3645
    endloop
  endfacet
  facet normal -0.232577 -0.928298 0.290123
    outer loop
      vertex -13.0255 -17.8852 26.5053
      vertex -13.1724 -17.8924 26.3645
      vertex -13.0339 -17.9271 26.3645
    endloop
  endfacet
  facet normal -0.709092 -0.642741 0.289953
    outer loop
      vertex -13.7487 -17.4987 26.5053
      vertex -13.8748 -17.4231 26.3645
      vertex -13.7789 -17.5289 26.3645
    endloop
  endfacet
  facet normal -0.726732 -0.65873 0.194771
    outer loop
      vertex -13.7789 -17.5289 26.3645
      vertex -13.8748 -17.4231 26.3645
      vertex -13.7992 -17.5492 26.2201
    endloop
  endfacet
  facet normal -0.946703 -0.140029 0.290079
    outer loop
      vertex -14.1352 -16.7755 26.5053
      vertex -14.198 -16.6426 26.3645
      vertex -14.1771 -16.7839 26.3645
    endloop
  endfacet
  facet normal -0.979551 -0.0480845 0.195367
    outer loop
      vertex -14.205 -16.5 26.3645
      vertex -14.2338 -16.5 26.2201
      vertex -14.198 -16.6426 26.3645
    endloop
  endfacet
  facet normal -0.923471 -0.330498 0.194866
    outer loop
      vertex -14.1424 -16.9224 26.3645
      vertex -14.1699 -16.9307 26.2201
      vertex -14.0943 -17.0568 26.3645
    endloop
  endfacet
  facet normal -0.989174 -0.146746 0.0001115
    outer loop
      vertex -14.2194 -16.7923 26.0736
      vertex -14.2428 -16.647 9.71
      vertex -14.2212 -16.7926 9.71
    endloop
  endfacet
  facet normal -0.936872 -0.335758 0.0976592
    outer loop
      vertex -14.1208 -17.0678 26.2201
      vertex -14.1837 -16.9349 26.0736
      vertex -14.1341 -17.0733 26.0736
    endloop
  endfacet
  facet normal -0.946721 -0.140178 0.289946
    outer loop
      vertex -14.1555 -16.6384 26.5053
      vertex -14.198 -16.6426 26.3645
      vertex -14.1352 -16.7755 26.5053
    endloop
  endfacet
  facet normal -0.955896 -0.0469234 0.289934
    outer loop
      vertex -14.1555 -16.6384 26.5053
      vertex -14.205 -16.5 26.3645
      vertex -14.198 -16.6426 26.3645
    endloop
  endfacet
  facet normal -0.792609 -0.475149 0.382105
    outer loop
      vertex -13.8775 -17.2533 26.6413
      vertex -13.9459 -17.1392 26.6413
      vertex -13.9243 -17.2846 26.5053
    endloop
  endfacet
  facet normal -0.708659 -0.525694 0.470584
    outer loop
      vertex -13.8198 -17.2148 26.7712
      vertex -13.8775 -17.2533 26.6413
      vertex -13.7982 -17.3602 26.6413
    endloop
  endfacet
  facet normal -0.592802 -0.653806 0.470237
    outer loop
      vertex -13.6598 -17.4098 26.7712
      vertex -13.7088 -17.4588 26.6413
      vertex -13.6102 -17.5482 26.6413
    endloop
  endfacet
  facet normal -0.742138 -0.550529 0.382294
    outer loop
      vertex -13.7982 -17.3602 26.6413
      vertex -13.8775 -17.2533 26.6413
      vertex -13.8417 -17.396 26.5053
    endloop
  endfacet
  facet normal 0.853468 0.511808 0.0982066
    outer loop
      vertex 13.9957 17.3324 26.0736
      vertex 13.9837 17.3243 26.2201
      vertex 14.0586 17.1994 26.2201
    endloop
  endfacet
  facet normal 0.841131 0.504409 0.195113
    outer loop
      vertex 14.0586 17.1994 26.2201
      vertex 13.9837 17.3243 26.2201
      vertex 14.0332 17.1859 26.3645
    endloop
  endfacet
  facet normal 0.642741 0.709092 0.289953
    outer loop
      vertex 13.7789 17.5289 26.3645
      vertex 13.6731 17.6248 26.3645
      vertex 13.7487 17.4987 26.5053
    endloop
  endfacet
  facet normal 0.841374 0.504138 0.194769
    outer loop
      vertex 13.9837 17.3243 26.2201
      vertex 13.9598 17.3084 26.3645
      vertex 14.0332 17.1859 26.3645
    endloop
  endfacet
  facet normal 0.271297 -0.573703 0.772828
    outer loop
      vertex 13.1712 -17.288 27.2048
      vertex 13.0919 -17.3255 27.2048
      vertex 13.1355 -17.4307 27.1114
    endloop
  endfacet
  facet normal 0.242547 -0.404661 0.881715
    outer loop
      vertex 13.1784 -17.1412 27.2866
      vertex 13.1063 -17.0332 27.356
      vertex 13.1135 -17.1801 27.2866
    endloop
  endfacet
  facet normal 0.0692799 -0.466859 0.881614
    outer loop
      vertex 12.8751 -17.129 27.356
      vertex 12.8256 -17.2674 27.2866
      vertex 12.9004 -17.2563 27.2866
    endloop
  endfacet
  facet normal 0.0703184 -0.28186 0.956875
    outer loop
      vertex 12.8967 -16.9836 27.4123
      vertex 12.8211 -16.8575 27.455
      vertex 12.8486 -16.9956 27.4123
    endloop
  endfacet
  facet normal 0.0706244 -0.281686 0.956904
    outer loop
      vertex 12.8558 -16.8488 27.455
      vertex 12.8211 -16.8575 27.455
      vertex 12.8967 -16.9836 27.4123
    endloop
  endfacet
  facet normal 0.0977845 -0.273445 0.956904
    outer loop
      vertex 12.9434 -16.9669 27.4123
      vertex 12.8558 -16.8488 27.455
      vertex 12.8967 -16.9836 27.4123
    endloop
  endfacet
  facet normal 0.227499 -0.307793 0.923855
    outer loop
      vertex 13.1569 -16.9958 27.356
      vertex 13.0706 -16.8906 27.4123
      vertex 13.1063 -17.0332 27.356
    endloop
  endfacet
  facet normal 0.328412 -0.197047 0.923752
    outer loop
      vertex 13.3156 -16.8023 27.356
      vertex 13.1957 -16.7382 27.4123
      vertex 13.2832 -16.8563 27.356
    endloop
  endfacet
  facet normal 0.307793 -0.227499 0.923855
    outer loop
      vertex 13.2832 -16.8563 27.356
      vertex 13.1406 -16.8206 27.4123
      vertex 13.2458 -16.9069 27.356
    endloop
  endfacet
  facet normal 0.163841 -0.346229 0.923732
    outer loop
      vertex 12.9882 -16.9457 27.4123
      vertex 12.9434 -16.9669 27.4123
      vertex 12.9954 -17.0925 27.356
    endloop
  endfacet
  facet normal 0.382492 0 0.923959
    outer loop
      vertex 13.2553 16.5 27.4123
      vertex 13.3913 -16.5 27.356
      vertex 13.3913 16.5 27.356
    endloop
  endfacet
  facet normal 0.382492 0 0.923959
    outer loop
      vertex 13.3913 -16.5 27.356
      vertex 13.2553 16.5 27.4123
      vertex 13.2553 -16.5 27.4123
    endloop
  endfacet
  facet normal 0.307583 0.228182 0.923756
    outer loop
      vertex 13.2832 16.8563 27.356
      vertex 13.1406 16.8206 27.4123
      vertex 13.1702 16.7807 27.4123
    endloop
  endfacet
  facet normal 0.24894 -0.149364 0.956932
    outer loop
      vertex 13.1957 -16.7382 27.4123
      vertex 13.0714 -16.6718 27.455
      vertex 13.1702 -16.7807 27.4123
    endloop
  endfacet
  facet normal 0.249045 -0.149264 0.956921
    outer loop
      vertex 13.0714 -16.6718 27.455
      vertex 13.053 -16.7025 27.455
      vertex 13.1702 -16.7807 27.4123
    endloop
  endfacet
  facet normal 0.0140696 -0.290186 0.956867
    outer loop
      vertex 12.75 -16.8645 27.455
      vertex 12.75 -17.0053 27.4123
      vertex 12.7995 -17.0029 27.4123
    endloop
  endfacet
  facet normal 0.0185419 -0.382426 0.9238
    outer loop
      vertex 12.75 -17.0053 27.4123
      vertex 12.75 -17.1413 27.356
      vertex 12.7995 -17.0029 27.4123
    endloop
  endfacet
  facet normal -0.0563033 -0.378698 0.923806
    outer loop
      vertex -12.8486 -16.9956 27.4123
      vertex -12.8751 -17.129 27.356
      vertex -12.7995 -17.0029 27.4123
    endloop
  endfacet
  facet normal -0.0977845 -0.273445 0.956904
    outer loop
      vertex -12.8558 -16.8488 27.455
      vertex -12.9434 -16.9669 27.4123
      vertex -12.8967 -16.9836 27.4123
    endloop
  endfacet
  facet normal -0.0476283 -0.189966 0.980635
    outer loop
      vertex -12.7929 -16.7159 27.4838
      vertex -12.8558 -16.8488 27.455
      vertex -12.8211 -16.8575 27.455
    endloop
  endfacet
  facet normal -0.149264 -0.249045 0.956921
    outer loop
      vertex -12.9525 -16.803 27.455
      vertex -13.0307 -16.9202 27.4123
      vertex -12.9218 -16.8214 27.455
    endloop
  endfacet
  facet normal 0.19556 -0.0099591 0.980641
    outer loop
      vertex 12.9701 -16.5 27.4838
      vertex 12.969 -16.5216 27.4838
      vertex 13.1127 -16.5357 27.455
    endloop
  endfacet
  facet normal -0.0706244 -0.281686 0.956904
    outer loop
      vertex -12.8558 -16.8488 27.455
      vertex -12.8967 -16.9836 27.4123
      vertex -12.8211 -16.8575 27.455
    endloop
  endfacet
  facet normal 0.0923376 0.0325897 0.995194
    outer loop
      vertex 12.9606 16.5639 27.4838
      vertex 12.818 16.5282 27.4982
      vertex 12.8204 16.5214 27.4982
    endloop
  endfacet
  facet normal -0.0239641 0.0949523 0.995193
    outer loop
      vertex -12.7929 16.7159 27.4838
      vertex -12.8139 16.7106 27.4838
      vertex -12.7714 16.5704 27.4982
    endloop
  endfacet
  facet normal -0.238112 -0.502681 0.831032
    outer loop
      vertex -13.1135 -17.1801 27.2866
      vertex -13.1712 -17.288 27.2048
      vertex -13.0451 -17.2125 27.2866
    endloop
  endfacet
  facet normal -0.0816042 -0.549909 0.831228
    outer loop
      vertex -12.9004 -17.2563 27.2866
      vertex -12.9243 -17.3764 27.2048
      vertex -12.8256 -17.2674 27.2866
    endloop
  endfacet
  facet normal -0.0703184 -0.28186 0.956875
    outer loop
      vertex -12.8211 -16.8575 27.455
      vertex -12.8967 -16.9836 27.4123
      vertex -12.8486 -16.9956 27.4123
    endloop
  endfacet
  facet normal -0.114618 -0.457848 0.881611
    outer loop
      vertex -12.8751 -17.129 27.356
      vertex -12.9739 -17.2379 27.2866
      vertex -12.9004 -17.2563 27.2866
    endloop
  endfacet
  facet normal 0 -0.382492 0.923959
    outer loop
      vertex -12.75 -17.0053 27.4123
      vertex 12.75 -17.1413 27.356
      vertex 12.75 -17.0053 27.4123
    endloop
  endfacet
  facet normal 0 -0.382492 0.923959
    outer loop
      vertex 12.75 -17.1413 27.356
      vertex -12.75 -17.0053 27.4123
      vertex -12.75 -17.1413 27.356
    endloop
  endfacet
  facet normal -0.0692799 -0.466859 0.881614
    outer loop
      vertex -12.8751 -17.129 27.356
      vertex -12.9004 -17.2563 27.2866
      vertex -12.8256 -17.2674 27.2866
    endloop
  endfacet
  facet normal -0.171771 -0.686368 0.706678
    outer loop
      vertex -12.9465 -17.488 27.1114
      vertex -13.0424 -17.464 27.1114
      vertex -12.9668 -17.5901 27.0073
    endloop
  endfacet
  facet normal 0.058554 -0.0785259 0.995191
    outer loop
      vertex 12.8896 -16.6701 27.4838
      vertex 12.7909 -16.5612 27.4982
      vertex 12.8723 -16.683 27.4838
    endloop
  endfacet
  facet normal -0.0978206 0.00543448 0.995189
    outer loop
      vertex -12.8232 16.5072 27.4982
      vertex -12.9701 16.5 27.4838
      vertex -12.8236 16.5 27.4982
    endloop
  endfacet
  facet normal -0.0726008 -0.0657945 0.995189
    outer loop
      vertex -12.8069 -16.5467 27.4982
      vertex -12.9201 -16.6396 27.4838
      vertex -12.9056 -16.6556 27.4838
    endloop
  endfacet
  facet normal -0.0787081 -0.0583526 0.995188
    outer loop
      vertex -12.8112 -16.5409 27.4982
      vertex -12.9201 -16.6396 27.4838
      vertex -12.8069 -16.5467 27.4982
    endloop
  endfacet
  facet normal -0.797477 -0.377421 0.470726
    outer loop
      vertex -13.9387 -16.9924 26.7712
      vertex -13.9459 -17.1392 26.6413
      vertex -13.8847 -17.1065 26.7712
    endloop
  endfacet
  facet normal -0.782885 -0.279837 0.555683
    outer loop
      vertex -13.9029 -16.8497 26.8935
      vertex -13.9812 -16.8735 26.7712
      vertex -13.9387 -16.9924 26.7712
    endloop
  endfacet
  facet normal -0.83052 -0.0408344 0.555491
    outer loop
      vertex -13.9548 -16.5 26.8935
      vertex -14.0366 -16.5 26.7712
      vertex -14.0304 -16.6261 26.7712
    endloop
  endfacet
  facet normal -0.882014 0 0.471222
    outer loop
      vertex -14.106 -16.5 26.6413
      vertex -14.0366 16.5 26.7712
      vertex -14.106 16.5 26.6413
    endloop
  endfacet
  facet normal -0.882014 0 0.471222
    outer loop
      vertex -14.0366 16.5 26.7712
      vertex -14.106 -16.5 26.6413
      vertex -14.0366 -16.5 26.7712
    endloop
  endfacet
  facet normal -0.872633 -0.129253 0.470961
    outer loop
      vertex -14.0304 -16.6261 26.7712
      vertex -14.0995 -16.6329 26.6413
      vertex -14.0119 -16.751 26.7712
    endloop
  endfacet
  facet normal -0.881103 -0.0430938 0.470957
    outer loop
      vertex -14.0304 -16.6261 26.7712
      vertex -14.106 -16.5 26.6413
      vertex -14.0995 -16.6329 26.6413
    endloop
  endfacet
  facet normal -0.37831 -0.509979 0.77253
    outer loop
      vertex -13.3169 -17.1907 27.2048
      vertex -13.389 -17.2787 27.1114
      vertex -13.3096 -17.3376 27.1114
    endloop
  endfacet
  facet normal -0.081223 -0.550159 0.831101
    outer loop
      vertex -12.8256 -17.2674 27.2866
      vertex -12.9243 -17.3764 27.2048
      vertex -12.8376 -17.3892 27.2048
    endloop
  endfacet
  facet normal -0.0343941 -0.706701 0.706676
    outer loop
      vertex -12.8487 -17.5025 27.1114
      vertex -12.8589 -17.6061 27.0073
      vertex -12.75 -17.6114 27.0073
    endloop
  endfacet
  facet normal -0.0930908 -0.627881 0.772722
    outer loop
      vertex -12.8376 -17.3892 27.2048
      vertex -12.9465 -17.488 27.1114
      vertex -12.8487 -17.5025 27.1114
    endloop
  endfacet
  facet normal -0.113222 -0.765064 0.633923
    outer loop
      vertex -12.9668 -17.5901 27.0073
      vertex -12.985 -17.6817 26.8935
      vertex -12.8681 -17.699 26.8935
    endloop
  endfacet
  facet normal -0.316741 -0.349787 0.88166
    outer loop
      vertex -13.2035 -16.9535 27.356
      vertex -13.2953 -17.0453 27.2866
      vertex -13.2392 -17.0961 27.2866
    endloop
  endfacet
  facet normal -0.330567 -0.699441 0.633646
    outer loop
      vertex -13.2739 -17.4802 27.0073
      vertex -13.3179 -17.5625 26.8935
      vertex -13.1753 -17.5268 27.0073
    endloop
  endfacet
  facet normal -0.42155 -0.56827 0.706658
    outer loop
      vertex -13.3096 -17.3376 27.1114
      vertex -13.389 -17.2787 27.1114
      vertex -13.3675 -17.4241 27.0073
    endloop
  endfacet
  facet normal -0.397709 -0.663557 0.633655
    outer loop
      vertex -13.2739 -17.4802 27.0073
      vertex -13.3675 -17.4241 27.0073
      vertex -13.3179 -17.5625 26.8935
    endloop
  endfacet
  facet normal -0.396869 -0.663628 0.634107
    outer loop
      vertex -13.3675 -17.4241 27.0073
      vertex -13.4194 -17.5018 26.8935
      vertex -13.3179 -17.5625 26.8935
    endloop
  endfacet
  facet normal -0.227499 -0.307793 0.923855
    outer loop
      vertex -13.0706 -16.8906 27.4123
      vertex -13.1569 -16.9958 27.356
      vertex -13.1063 -17.0332 27.356
    endloop
  endfacet
  facet normal -0.349787 -0.316741 0.88166
    outer loop
      vertex -13.2035 -16.9535 27.356
      vertex -13.3461 -16.9892 27.2866
      vertex -13.2953 -17.0453 27.2866
    endloop
  endfacet
  facet normal -0.524381 -0.475058 0.706643
    outer loop
      vertex -13.5287 -17.139 27.1114
      vertex -13.6091 -17.2051 27.0073
      vertex -13.5359 -17.2859 27.0073
    endloop
  endfacet
  facet normal -0.524411 -0.475046 0.706629
    outer loop
      vertex -13.5287 -17.139 27.1114
      vertex -13.5359 -17.2859 27.0073
      vertex -13.4623 -17.2123 27.1114
    endloop
  endfacet
  facet normal -0.699441 -0.330567 0.633646
    outer loop
      vertex -13.7768 -16.9253 27.0073
      vertex -13.8125 -17.0679 26.8935
      vertex -13.7302 -17.0239 27.0073
    endloop
  endfacet
  facet normal -0.663557 -0.397709 0.633655
    outer loop
      vertex -13.7302 -17.0239 27.0073
      vertex -13.8125 -17.0679 26.8935
      vertex -13.6741 -17.1175 27.0073
    endloop
  endfacet
  facet normal -0.6988 -0.331079 0.634086
    outer loop
      vertex -13.7768 -16.9253 27.0073
      vertex -13.8631 -16.9611 26.8935
      vertex -13.8125 -17.0679 26.8935
    endloop
  endfacet
  facet normal -0.728196 -0.260163 0.63407
    outer loop
      vertex -13.7768 -16.9253 27.0073
      vertex -13.9029 -16.8497 26.8935
      vertex -13.8631 -16.9611 26.8935
    endloop
  endfacet
  facet normal 0.965437 0.241698 0.0975387
    outer loop
      vertex 14.2194 16.7923 26.0736
      vertex 14.1837 16.9349 26.0736
      vertex 14.2053 16.7895 26.2201
    endloop
  endfacet
  facet normal 0.965324 0.242015 0.0978698
    outer loop
      vertex 14.1837 16.9349 26.0736
      vertex 14.1699 16.9307 26.2201
      vertex 14.2053 16.7895 26.2201
    endloop
  endfacet
  facet normal 0.95139 0.238363 0.195042
    outer loop
      vertex 14.2053 16.7895 26.2201
      vertex 14.1424 16.9224 26.3645
      vertex 14.1771 16.7839 26.3645
    endloop
  endfacet
  facet normal 0.951381 0.238519 0.194894
    outer loop
      vertex 14.1699 16.9307 26.2201
      vertex 14.1424 16.9224 26.3645
      vertex 14.2053 16.7895 26.2201
    endloop
  endfacet
  facet normal 0.83524 0.395055 0.382499
    outer loop
      vertex 13.9956 17.1658 26.5053
      vertex 13.9459 17.1392 26.6413
      vertex 14.0028 17.0189 26.6413
    endloop
  endfacet
  facet normal 0.6988 0.331079 0.634086
    outer loop
      vertex 13.8125 17.0679 26.8935
      vertex 13.7768 16.9253 27.0073
      vertex 13.8631 16.9611 26.8935
    endloop
  endfacet
  facet normal 0.671251 -0.74123 0.000112214
    outer loop
      vertex 13.8094 -17.5594 26.0736
      vertex 13.7016 -17.6595 9.71
      vertex 13.8107 -17.5607 9.71
    endloop
  endfacet
  facet normal 0.803088 -0.595861 0.00011003
    outer loop
      vertex 13.9957 -17.3324 26.0736
      vertex 13.9095 -17.4516 9.71
      vertex 13.9972 -17.3334 9.71
    endloop
  endfacet
  facet normal 0.857733 -0.514096 0.000110043
    outer loop
      vertex 14.0729 -17.2071 9.71
      vertex 13.9957 -17.3324 26.0736
      vertex 13.9972 -17.3334 9.71
    endloop
  endfacet
  facet normal 0.830871 -0.296989 0.470585
    outer loop
      vertex 13.9812 -16.8735 26.7712
      vertex 13.9387 -16.9924 26.7712
      vertex 14.0028 -17.0189 26.6413
    endloop
  endfacet
  facet normal 0.750121 -0.188348 0.633911
    outer loop
      vertex 13.9317 -16.735 26.8935
      vertex 13.8401 -16.7168 27.0073
      vertex 13.9029 -16.8497 26.8935
    endloop
  endfacet
  facet normal 0.421648 -0.568252 0.706613
    outer loop
      vertex 13.389 -17.2787 27.1114
      vertex 13.3675 -17.4241 27.0073
      vertex 13.4551 -17.3591 27.0073
    endloop
  endfacet
  facet normal 0.616595 -0.557966 0.555415
    outer loop
      vertex 13.6813 -17.2643 26.8935
      vertex 13.6598 -17.4098 26.7712
      vertex 13.7445 -17.3162 26.7712
    endloop
  endfacet
  facet normal 0.621143 -0.460894 0.633844
    outer loop
      vertex 13.6741 -17.1175 27.0073
      vertex 13.6091 -17.2051 27.0073
      vertex 13.6813 -17.2643 26.8935
    endloop
  endfacet
  facet normal 0.663557 -0.397709 0.633655
    outer loop
      vertex 13.7302 -17.0239 27.0073
      vertex 13.6741 -17.1175 27.0073
      vertex 13.8125 -17.0679 26.8935
    endloop
  endfacet
  facet normal 0.65412 -0.591923 0.470907
    outer loop
      vertex 13.7445 -17.3162 26.7712
      vertex 13.6598 -17.4098 26.7712
      vertex 13.7982 -17.3602 26.6413
    endloop
  endfacet
  facet normal 0.573163 -0.519511 0.633713
    outer loop
      vertex 13.6813 -17.2643 26.8935
      vertex 13.5359 -17.2859 27.0073
      vertex 13.6019 -17.3519 26.8935
    endloop
  endfacet
  facet normal 0.98916 -0.146844 0.000110603
    outer loop
      vertex 14.241 -16.6468 26.0736
      vertex 14.2194 -16.7923 26.0736
      vertex 14.2428 -16.647 9.71
    endloop
  endfacet
  facet normal 0.998799 -0.0489874 0.000110467
    outer loop
      vertex 14.2482 -16.5 26.0736
      vertex 14.241 -16.6468 26.0736
      vertex 14.2428 -16.647 9.71
    endloop
  endfacet
  facet normal 0.97027 -0.14342 0.194954
    outer loop
      vertex 14.2266 -16.6454 26.2201
      vertex 14.198 -16.6426 26.3645
      vertex 14.2053 -16.7895 26.2201
    endloop
  endfacet
  facet normal 0.979551 -0.0480845 0.195367
    outer loop
      vertex 14.205 -16.5 26.3645
      vertex 14.198 -16.6426 26.3645
      vertex 14.2338 -16.5 26.2201
    endloop
  endfacet
  facet normal 0.896325 -0.224581 0.382316
    outer loop
      vertex 14.1352 -16.7755 26.5053
      vertex 14.0476 -16.8936 26.6413
      vertex 14.1015 -16.91 26.5053
    endloop
  endfacet
  facet normal 0.855933 -0.214149 0.470657
    outer loop
      vertex 14.0799 -16.7645 26.6413
      vertex 13.9812 -16.8735 26.7712
      vertex 14.0476 -16.8936 26.6413
    endloop
  endfacet
  facet normal 0.831213 -0 0.555954
    outer loop
      vertex 13.9548 -16.5 26.8935
      vertex 14.0366 16.5 26.7712
      vertex 13.9548 16.5 26.8935
    endloop
  endfacet
  facet normal 0.831213 0 0.555954
    outer loop
      vertex 14.0366 16.5 26.7712
      vertex 13.9548 -16.5 26.8935
      vertex 14.0366 -16.5 26.7712
    endloop
  endfacet
  facet normal 0.872819 0.129994 0.470413
    outer loop
      vertex 14.0799 16.7645 26.6413
      vertex 14.0119 16.751 26.7712
      vertex 14.0995 16.6329 26.6413
    endloop
  endfacet
  facet normal 0.913838 0.136104 0.382591
    outer loop
      vertex 14.1352 16.7755 26.5053
      vertex 14.0799 16.7645 26.6413
      vertex 14.0995 16.6329 26.6413
    endloop
  endfacet
  facet normal 0.955896 0.0469234 0.289934
    outer loop
      vertex 14.198 16.6426 26.3645
      vertex 14.1555 16.6384 26.5053
      vertex 14.205 16.5 26.3645
    endloop
  endfacet
  facet normal 0.946721 0.140178 0.289946
    outer loop
      vertex 14.198 16.6426 26.3645
      vertex 14.1352 16.7755 26.5053
      vertex 14.1555 16.6384 26.5053
    endloop
  endfacet
  facet normal 0.820716 -0.492568 0.289485
    outer loop
      vertex 13.9956 -17.1658 26.5053
      vertex 13.9243 -17.2846 26.5053
      vertex 14.0332 -17.1859 26.3645
    endloop
  endfacet
  facet normal 0.865176 -0.409467 0.289495
    outer loop
      vertex 14.0943 -17.0568 26.3645
      vertex 13.9956 -17.1658 26.5053
      vertex 14.0332 -17.1859 26.3645
    endloop
  endfacet
  facet normal 0.923437 -0.330713 0.19466
    outer loop
      vertex 14.1699 -16.9307 26.2201
      vertex 14.0943 -17.0568 26.3645
      vertex 14.1208 -17.0678 26.2201
    endloop
  endfacet
  facet normal 0.965324 -0.242015 0.0978698
    outer loop
      vertex 14.2053 -16.7895 26.2201
      vertex 14.1699 -16.9307 26.2201
      vertex 14.1837 -16.9349 26.0736
    endloop
  endfacet
  facet normal 0.865288 -0.408819 0.290075
    outer loop
      vertex 14.0548 -17.0405 26.5053
      vertex 13.9956 -17.1658 26.5053
      vertex 14.0943 -17.0568 26.3645
    endloop
  endfacet
  facet normal 0.901039 -0.322441 0.290105
    outer loop
      vertex 14.1015 -16.91 26.5053
      vertex 14.0548 -17.0405 26.5053
      vertex 14.0943 -17.0568 26.3645
    endloop
  endfacet
  facet normal 0.914228 -0.135367 0.381921
    outer loop
      vertex 14.1555 -16.6384 26.5053
      vertex 14.0995 -16.6329 26.6413
      vertex 14.1352 -16.7755 26.5053
    endloop
  endfacet
  facet normal 0.923091 -0.0451474 0.381922
    outer loop
      vertex 14.106 -16.5 26.6413
      vertex 14.0995 -16.6329 26.6413
      vertex 14.1555 -16.6384 26.5053
    endloop
  endfacet
  facet normal 0.788062 -0.583974 0.19476
    outer loop
      vertex 13.9837 -17.3243 26.2201
      vertex 13.8748 -17.4231 26.3645
      vertex 13.897 -17.4413 26.2201
    endloop
  endfacet
  facet normal 0.788052 -0.583997 0.194737
    outer loop
      vertex 13.9598 -17.3084 26.3645
      vertex 13.8748 -17.4231 26.3645
      vertex 13.9837 -17.3243 26.2201
    endloop
  endfacet
  facet normal 0.822586 -0.121734 0.555457
    outer loop
      vertex 13.949 -16.6181 26.8935
      vertex 13.9317 -16.735 26.8935
      vertex 14.0304 -16.6261 26.7712
    endloop
  endfacet
  facet normal 0.830543 -0.0407888 0.555458
    outer loop
      vertex 13.9548 -16.5 26.8935
      vertex 13.949 -16.6181 26.8935
      vertex 14.0304 -16.6261 26.7712
    endloop
  endfacet
  facet normal 0.765064 -0.113222 0.633923
    outer loop
      vertex 13.949 -16.6181 26.8935
      vertex 13.8401 -16.7168 27.0073
      vertex 13.9317 -16.735 26.8935
    endloop
  endfacet
  facet normal 0.782885 -0.279837 0.555683
    outer loop
      vertex 13.9812 -16.8735 26.7712
      vertex 13.9029 -16.8497 26.8935
      vertex 13.9387 -16.9924 26.7712
    endloop
  endfacet
  facet normal 0.47109 -0.0236791 0.881767
    outer loop
      vertex 13.5212 -16.5 27.2866
      vertex 13.3913 -16.5 27.356
      vertex 13.5174 -16.5756 27.2866
    endloop
  endfacet
  facet normal 0.573705 -0.271451 0.772772
    outer loop
      vertex 13.6807 -16.8855 27.1114
      vertex 13.538 -16.9212 27.2048
      vertex 13.6384 -16.9749 27.1114
    endloop
  endfacet
  facet normal 0.378698 -0.0563033 0.923806
    outer loop
      vertex 13.2529 -16.5495 27.4123
      vertex 13.2456 -16.5986 27.4123
      vertex 13.379 -16.6251 27.356
    endloop
  endfacet
  facet normal 0.371473 -0.0926751 0.923807
    outer loop
      vertex 13.2456 -16.5986 27.4123
      vertex 13.2336 -16.6467 27.4123
      vertex 13.379 -16.6251 27.356
    endloop
  endfacet
  facet normal 0.633987 -0.0308322 0.772729
    outer loop
      vertex 13.7573 -16.5 27.1114
      vertex 13.6392 -16.5876 27.2048
      vertex 13.7525 -16.5987 27.1114
    endloop
  endfacet
  facet normal 0.627881 -0.0930908 0.772722
    outer loop
      vertex 13.7525 -16.5987 27.1114
      vertex 13.6392 -16.5876 27.2048
      vertex 13.738 -16.6965 27.1114
    endloop
  endfacet
  facet normal 0.328412 -0.197047 0.923752
    outer loop
      vertex 13.1957 -16.7382 27.4123
      vertex 13.1702 -16.7807 27.4123
      vertex 13.2832 -16.8563 27.356
    endloop
  endfacet
  facet normal 0.615914 -0.154139 0.772587
    outer loop
      vertex 13.738 -16.6965 27.1114
      vertex 13.6051 -16.7594 27.2048
      vertex 13.714 -16.7924 27.1114
    endloop
  endfacet
  facet normal 0.63967 -0.302663 0.706553
    outer loop
      vertex 13.6807 -16.8855 27.1114
      vertex 13.6384 -16.9749 27.1114
      vertex 13.7302 -17.0239 27.0073
    endloop
  endfacet
  facet normal 0.573703 -0.271297 0.772828
    outer loop
      vertex 13.5755 -16.8419 27.2048
      vertex 13.538 -16.9212 27.2048
      vertex 13.6807 -16.8855 27.1114
    endloop
  endfacet
  facet normal 0.639943 -0.302448 0.706398
    outer loop
      vertex 13.7768 -16.9253 27.0073
      vertex 13.6807 -16.8855 27.1114
      vertex 13.7302 -17.0239 27.0073
    endloop
  endfacet
  facet normal 0.699441 -0.330567 0.633646
    outer loop
      vertex 13.7768 -16.9253 27.0073
      vertex 13.7302 -17.0239 27.0073
      vertex 13.8125 -17.0679 26.8935
    endloop
  endfacet
  facet normal 0.0408344 -0.83052 0.555491
    outer loop
      vertex 12.75 -17.7048 26.8935
      vertex 12.75 -17.7866 26.7712
      vertex 12.8761 -17.7804 26.7712
    endloop
  endfacet
  facet normal 0.0433256 -0.881186 0.47078
    outer loop
      vertex 12.75 -17.7866 26.7712
      vertex 12.75 -17.856 26.6413
      vertex 12.8761 -17.7804 26.7712
    endloop
  endfacet
  facet normal 0.154139 -0.615914 0.772587
    outer loop
      vertex 13.0094 -17.3551 27.2048
      vertex 12.9465 -17.488 27.1114
      vertex 13.0424 -17.464 27.1114
    endloop
  endfacet
  facet normal 0.103766 -0.699887 0.706676
    outer loop
      vertex 12.9465 -17.488 27.1114
      vertex 12.8487 -17.5025 27.1114
      vertex 12.9668 -17.5901 27.0073
    endloop
  endfacet
  facet normal 0.279737 -0.782983 0.555595
    outer loop
      vertex 13.2111 -17.6131 26.8935
      vertex 13.0997 -17.6529 26.8935
      vertex 13.2424 -17.6887 26.7712
    endloop
  endfacet
  facet normal 0.355997 -0.751393 0.555585
    outer loop
      vertex 13.3179 -17.5625 26.8935
      vertex 13.2111 -17.6131 26.8935
      vertex 13.2424 -17.6887 26.7712
    endloop
  endfacet
  facet normal -0.140178 -0.946721 0.289946
    outer loop
      vertex -12.8884 -17.9055 26.5053
      vertex -13.0255 -17.8852 26.5053
      vertex -12.8926 -17.948 26.3645
    endloop
  endfacet
  facet normal -0.0469234 -0.955896 0.289934
    outer loop
      vertex -12.8884 -17.9055 26.5053
      vertex -12.8926 -17.948 26.3645
      vertex -12.75 -17.955 26.3645
    endloop
  endfacet
  facet normal 0.331274 -0.446596 0.831149
    outer loop
      vertex 13.2392 -17.0961 27.2866
      vertex 13.1784 -17.1412 27.2866
      vertex 13.3169 -17.1907 27.2048
    endloop
  endfacet
  facet normal 0.519306 -0.573223 0.633828
    outer loop
      vertex 13.5359 -17.2859 27.0073
      vertex 13.4551 -17.3591 27.0073
      vertex 13.5143 -17.4313 26.8935
    endloop
  endfacet
  facet normal 0.37831 -0.509979 0.77253
    outer loop
      vertex 13.3169 -17.1907 27.2048
      vertex 13.3096 -17.3376 27.1114
      vertex 13.389 -17.2787 27.1114
    endloop
  endfacet
  facet normal 0.475046 -0.524411 0.706629
    outer loop
      vertex 13.4623 -17.2123 27.1114
      vertex 13.389 -17.2787 27.1114
      vertex 13.5359 -17.2859 27.0073
    endloop
  endfacet
  facet normal 0.426561 -0.470014 0.772744
    outer loop
      vertex 13.3818 -17.1318 27.2048
      vertex 13.3169 -17.1907 27.2048
      vertex 13.4623 -17.2123 27.1114
    endloop
  endfacet
  facet normal 0.257184 -0.283444 0.923859
    outer loop
      vertex 13.1073 -16.8573 27.4123
      vertex 13.0706 -16.8906 27.4123
      vertex 13.1569 -16.9958 27.356
    endloop
  endfacet
  facet normal 0.460894 -0.621143 0.633844
    outer loop
      vertex 13.4551 -17.3591 27.0073
      vertex 13.3675 -17.4241 27.0073
      vertex 13.5143 -17.4313 26.8935
    endloop
  endfacet
  facet normal 0.397709 -0.663557 0.633655
    outer loop
      vertex 13.3675 -17.4241 27.0073
      vertex 13.2739 -17.4802 27.0073
      vertex 13.3179 -17.5625 26.8935
    endloop
  endfacet
  facet normal 0.709307 -0.642313 0.290375
    outer loop
      vertex 13.8417 -17.396 26.5053
      vertex 13.7487 -17.4987 26.5053
      vertex 13.8748 -17.4231 26.3645
    endloop
  endfacet
  facet normal 0.684777 -0.6201 0.382828
    outer loop
      vertex 13.8417 -17.396 26.5053
      vertex 13.7088 -17.4588 26.6413
      vertex 13.7487 -17.4987 26.5053
    endloop
  endfacet
  facet normal 0.742318 -0.550408 0.382119
    outer loop
      vertex 13.8775 -17.2533 26.6413
      vertex 13.8417 -17.396 26.5053
      vertex 13.9243 -17.2846 26.5053
    endloop
  endfacet
  facet normal 0.76866 -0.56994 0.290398
    outer loop
      vertex 13.9243 -17.2846 26.5053
      vertex 13.8417 -17.396 26.5053
      vertex 13.8748 -17.4231 26.3645
    endloop
  endfacet
  facet normal 0.708659 -0.525694 0.470584
    outer loop
      vertex 13.8198 -17.2148 26.7712
      vertex 13.7982 -17.3602 26.6413
      vertex 13.8775 -17.2533 26.6413
    endloop
  endfacet
  facet normal 0.61591 -0.558257 0.555881
    outer loop
      vertex 13.6813 -17.2643 26.8935
      vertex 13.6019 -17.3519 26.8935
      vertex 13.6598 -17.4098 26.7712
    endloop
  endfacet
  facet normal 0.491875 -0.820908 0.29012
    outer loop
      vertex 13.5346 -17.6743 26.5053
      vertex 13.4359 -17.7832 26.3645
      vertex 13.5584 -17.7098 26.3645
    endloop
  endfacet
  facet normal 0.583997 -0.788052 0.194737
    outer loop
      vertex 13.6731 -17.6248 26.3645
      vertex 13.5584 -17.7098 26.3645
      vertex 13.5743 -17.7337 26.2201
    endloop
  endfacet
  facet normal 0.550529 -0.742138 0.382294
    outer loop
      vertex 13.6102 -17.5482 26.6413
      vertex 13.5033 -17.6275 26.6413
      vertex 13.646 -17.5917 26.5053
    endloop
  endfacet
  facet normal 0.620667 -0.684539 0.382333
    outer loop
      vertex 13.7088 -17.4588 26.6413
      vertex 13.6102 -17.5482 26.6413
      vertex 13.646 -17.5917 26.5053
    endloop
  endfacet
  facet normal 0.394761 -0.835532 0.382165
    outer loop
      vertex 13.4158 -17.7456 26.5053
      vertex 13.2689 -17.7528 26.6413
      vertex 13.2905 -17.8048 26.5053
    endloop
  endfacet
  facet normal 0.311361 -0.870076 0.382128
    outer loop
      vertex 13.2689 -17.7528 26.6413
      vertex 13.16 -17.8515 26.5053
      vertex 13.2905 -17.8048 26.5053
    endloop
  endfacet
  facet normal 0.45352 -0.756799 0.470717
    outer loop
      vertex 13.4648 -17.5698 26.7712
      vertex 13.3565 -17.6347 26.7712
      vertex 13.3892 -17.6959 26.6413
    endloop
  endfacet
  facet normal 0.377421 -0.797477 0.470726
    outer loop
      vertex 13.3565 -17.6347 26.7712
      vertex 13.2424 -17.6887 26.7712
      vertex 13.3892 -17.6959 26.6413
    endloop
  endfacet
  facet normal 0.330498 -0.923471 0.194866
    outer loop
      vertex 13.3068 -17.8443 26.3645
      vertex 13.1724 -17.8924 26.3645
      vertex 13.1807 -17.9199 26.2201
    endloop
  endfacet
  facet normal 0.322464 -0.901022 0.29013
    outer loop
      vertex 13.3068 -17.8443 26.3645
      vertex 13.16 -17.8515 26.5053
      vertex 13.1724 -17.8924 26.3645
    endloop
  endfacet
  facet normal 0.426596 -0.201677 0.88167
    outer loop
      vertex 13.3425 -16.7454 27.356
      vertex 13.3156 -16.8023 27.356
      vertex 13.4301 -16.8635 27.2866
    endloop
  endfacet
  facet normal 0.477139 -0.285522 0.831153
    outer loop
      vertex 13.538 -16.9212 27.2048
      vertex 13.3912 -16.9284 27.2866
      vertex 13.493 -16.9964 27.2048
    endloop
  endfacet
  facet normal 0.0485089 -0.97961 0.194963
    outer loop
      vertex 12.8926 -17.948 26.3645
      vertex 12.75 -17.9838 26.2201
      vertex 12.8954 -17.9766 26.2201
    endloop
  endfacet
  facet normal 0.0492213 -0.993998 0.0977035
    outer loop
      vertex 12.75 -17.9838 26.2201
      vertex 12.75 -17.9982 26.0736
      vertex 12.8954 -17.9766 26.2201
    endloop
  endfacet
  facet normal 0.14351 0.970238 0.195044
    outer loop
      vertex 13.0395 17.9553 26.2201
      vertex 12.8926 17.948 26.3645
      vertex 13.0339 17.9271 26.3645
    endloop
  endfacet
  facet normal 0.140029 0.946703 0.290079
    outer loop
      vertex 13.0339 17.9271 26.3645
      vertex 12.8926 17.948 26.3645
      vertex 13.0255 17.8852 26.5053
    endloop
  endfacet
  facet normal 0.56994 0.76866 0.290398
    outer loop
      vertex 13.6731 17.6248 26.3645
      vertex 13.5346 17.6743 26.5053
      vertex 13.646 17.5917 26.5053
    endloop
  endfacet
  facet normal 0.550408 0.742318 0.382119
    outer loop
      vertex 13.5346 17.6743 26.5053
      vertex 13.5033 17.6275 26.6413
      vertex 13.646 17.5917 26.5053
    endloop
  endfacet
  facet normal -0.830815 0.297051 0.470645
    outer loop
      vertex -14.0028 17.0189 26.6413
      vertex -14.0476 16.8936 26.6413
      vertex -13.9812 16.8735 26.7712
    endloop
  endfacet
  facet normal -0.855933 0.214149 0.470657
    outer loop
      vertex -14.0476 16.8936 26.6413
      vertex -14.0799 16.7645 26.6413
      vertex -13.9812 16.8735 26.7712
    endloop
  endfacet
  facet normal -0.457848 0.114618 0.881611
    outer loop
      vertex -13.4879 16.7239 27.2866
      vertex -13.5063 16.6504 27.2866
      vertex -13.379 16.6251 27.356
    endloop
  endfacet
  facet normal -0.615919 0.154161 0.772579
    outer loop
      vertex -13.6051 16.7594 27.2048
      vertex -13.738 16.6965 27.1114
      vertex -13.6264 16.6743 27.2048
    endloop
  endfacet
  facet normal -0.555954 0 0.831213
    outer loop
      vertex -13.6435 16.5 27.2048
      vertex -13.5212 -16.5 27.2866
      vertex -13.5212 16.5 27.2866
    endloop
  endfacet
  facet normal -0.555954 0 0.831213
    outer loop
      vertex -13.5212 -16.5 27.2866
      vertex -13.6435 16.5 27.2048
      vertex -13.6435 -16.5 27.2048
    endloop
  endfacet
  facet normal -0.765064 0.113222 0.633923
    outer loop
      vertex -13.9317 16.735 26.8935
      vertex -13.949 16.6181 26.8935
      vertex -13.8401 16.7168 27.0073
    endloop
  endfacet
  facet normal -0.544292 0.326447 0.772774
    outer loop
      vertex -13.5876 17.0596 27.1114
      vertex -13.6384 16.9749 27.1114
      vertex -13.538 16.9212 27.2048
    endloop
  endfacet
  facet normal -0.509977 0.378323 0.772525
    outer loop
      vertex -13.4407 17.0669 27.2048
      vertex -13.5876 17.0596 27.1114
      vertex -13.493 16.9964 27.2048
    endloop
  endfacet
  facet normal -0.509979 0.37831 0.77253
    outer loop
      vertex -13.5287 17.139 27.1114
      vertex -13.5876 17.0596 27.1114
      vertex -13.4407 17.0669 27.2048
    endloop
  endfacet
  facet normal -0.4668 -0.0690444 0.881663
    outer loop
      vertex -13.3882 -16.5629 27.356
      vertex -13.5174 -16.5756 27.2866
      vertex -13.379 -16.6251 27.356
    endloop
  endfacet
  facet normal -0.47109 -0.0236791 0.881767
    outer loop
      vertex -13.3913 -16.5 27.356
      vertex -13.5212 -16.5 27.2866
      vertex -13.5174 -16.5756 27.2866
    endloop
  endfacet
  facet normal -0.360666 -0.128975 0.923735
    outer loop
      vertex -13.2336 -16.6467 27.4123
      vertex -13.3425 -16.7454 27.356
      vertex -13.2169 -16.6934 27.4123
    endloop
  endfacet
  facet normal -0.412157 -0.373219 0.831164
    outer loop
      vertex -13.3461 -16.9892 27.2866
      vertex -13.4407 -17.0669 27.2048
      vertex -13.2953 -17.0453 27.2866
    endloop
  endfacet
  facet normal -0.63967 -0.302663 0.706553
    outer loop
      vertex -13.6807 -16.8855 27.1114
      vertex -13.7302 -17.0239 27.0073
      vertex -13.6384 -16.9749 27.1114
    endloop
  endfacet
  facet normal -0.607004 -0.363813 0.706531
    outer loop
      vertex -13.6384 -16.9749 27.1114
      vertex -13.7302 -17.0239 27.0073
      vertex -13.6741 -17.1175 27.0073
    endloop
  endfacet
  facet normal -0.382519 -0.0188523 0.923755
    outer loop
      vertex -13.2529 -16.5495 27.4123
      vertex -13.3913 -16.5 27.356
      vertex -13.3882 -16.5629 27.356
    endloop
  endfacet
  facet normal -0.287354 -0.0427226 0.956871
    outer loop
      vertex -13.1075 -16.5711 27.455
      vertex -13.2529 -16.5495 27.4123
      vertex -13.2456 -16.5986 27.4123
    endloop
  endfacet
  facet normal -0.103782 0.699877 0.706684
    outer loop
      vertex -12.8589 17.6061 27.0073
      vertex -12.9668 17.5901 27.0073
      vertex -12.8487 17.5025 27.1114
    endloop
  endfacet
  facet normal -0.114618 0.457848 0.881611
    outer loop
      vertex -12.9004 17.2563 27.2866
      vertex -12.9739 17.2379 27.2866
      vertex -12.8751 17.129 27.356
    endloop
  endfacet
  facet normal -0.363813 0.607004 0.706531
    outer loop
      vertex -13.2739 17.4802 27.0073
      vertex -13.3675 17.4241 27.0073
      vertex -13.2249 17.3884 27.1114
    endloop
  endfacet
  facet normal -0.271451 0.573705 0.772772
    outer loop
      vertex -13.1355 17.4307 27.1114
      vertex -13.2249 17.3884 27.1114
      vertex -13.1712 17.288 27.2048
    endloop
  endfacet
  facet normal -0.404661 0.242547 0.881715
    outer loop
      vertex -13.3912 16.9284 27.2866
      vertex -13.4301 16.8635 27.2866
      vertex -13.2832 16.8563 27.356
    endloop
  endfacet
  facet normal -0.404627 0.242776 0.881667
    outer loop
      vertex -13.2832 16.8563 27.356
      vertex -13.4301 16.8635 27.2866
      vertex -13.3156 16.8023 27.356
    endloop
  endfacet
  facet normal -0.283412 0.25726 0.923848
    outer loop
      vertex -13.2035 16.9535 27.356
      vertex -13.2458 16.9069 27.356
      vertex -13.1073 16.8573 27.4123
    endloop
  endfacet
  facet normal -0.25726 0.283412 0.923848
    outer loop
      vertex -13.1569 16.9958 27.356
      vertex -13.2035 16.9535 27.356
      vertex -13.1073 16.8573 27.4123
    endloop
  endfacet
  facet normal 0.446573 0.331287 0.831157
    outer loop
      vertex 13.4407 17.0669 27.2048
      vertex 13.3912 16.9284 27.2866
      vertex 13.493 16.9964 27.2048
    endloop
  endfacet
  facet normal 0.56827 0.42155 0.706658
    outer loop
      vertex 13.6741 17.1175 27.0073
      vertex 13.5287 17.139 27.1114
      vertex 13.5876 17.0596 27.1114
    endloop
  endfacet
  facet normal 0.634421 0 0.772988
    outer loop
      vertex 13.6435 16.5 27.2048
      vertex 13.7573 -16.5 27.1114
      vertex 13.7573 16.5 27.1114
    endloop
  endfacet
  facet normal 0.634421 0 0.772988
    outer loop
      vertex 13.7573 -16.5 27.1114
      vertex 13.6435 16.5 27.2048
      vertex 13.6435 -16.5 27.2048
    endloop
  endfacet
  facet normal 0.290215 0 0.956962
    outer loop
      vertex 13.1145 16.5 27.455
      vertex 13.2553 -16.5 27.4123
      vertex 13.2553 16.5 27.4123
    endloop
  endfacet
  facet normal 0.290215 0 0.956962
    outer loop
      vertex 13.2553 -16.5 27.4123
      vertex 13.1145 16.5 27.455
      vertex 13.1145 -16.5 27.455
    endloop
  endfacet
  facet normal 0.523688 0.187893 0.830931
    outer loop
      vertex 13.5755 16.8419 27.2048
      vertex 13.4625 16.7951 27.2866
      vertex 13.6051 16.7594 27.2048
    endloop
  endfacet
  facet normal -0.0239641 -0.0949523 0.995193
    outer loop
      vertex -12.7714 -16.5704 27.4982
      vertex -12.8139 -16.7106 27.4838
      vertex -12.7929 -16.7159 27.4838
    endloop
  endfacet
  facet normal -0.0503895 0.0839825 0.995192
    outer loop
      vertex -12.8538 16.6941 27.4838
      vertex -12.8723 16.683 27.4838
      vertex -12.7909 16.5612 27.4982
    endloop
  endfacet
  facet normal 0.0141025 0.096898 0.995194
    outer loop
      vertex 12.7716 16.719 27.4838
      vertex 12.7572 16.5732 27.4982
      vertex 12.7929 16.7159 27.4838
    endloop
  endfacet
  facet normal 0.184284 0.0661672 0.980643
    outer loop
      vertex 13.0867 16.6395 27.455
      vertex 12.9533 16.5842 27.4838
      vertex 13.0988 16.6058 27.455
    endloop
  endfacet
  facet normal 0.0978221 0 0.995204
    outer loop
      vertex 12.8236 16.5 27.4982
      vertex 12.9701 -16.5 27.4838
      vertex 12.9701 16.5 27.4838
    endloop
  endfacet
  facet normal 0.0978221 0 0.995204
    outer loop
      vertex 12.9701 -16.5 27.4838
      vertex 12.8236 16.5 27.4982
      vertex 12.8236 -16.5 27.4982
    endloop
  endfacet
  facet normal 0.549909 -0.0816042 0.831228
    outer loop
      vertex 13.5174 -16.5756 27.2866
      vertex 13.5063 -16.6504 27.2866
      vertex 13.6264 -16.6743 27.2048
    endloop
  endfacet
  facet normal 0.466859 -0.0692799 0.881614
    outer loop
      vertex 13.5174 -16.5756 27.2866
      vertex 13.379 -16.6251 27.356
      vertex 13.5063 -16.6504 27.2866
    endloop
  endfacet
  facet normal 0.628127 0.0927338 0.772565
    outer loop
      vertex 13.738 16.6965 27.1114
      vertex 13.6264 16.6743 27.2048
      vertex 13.6392 16.5876 27.2048
    endloop
  endfacet
  facet normal 0.634113 0.0311266 0.772613
    outer loop
      vertex 13.7573 16.5 27.1114
      vertex 13.6392 16.5876 27.2048
      vertex 13.6435 16.5 27.2048
    endloop
  endfacet
  facet normal -0.0978206 -0.00543448 0.995189
    outer loop
      vertex -12.8236 -16.5 27.4982
      vertex -12.9701 -16.5 27.4838
      vertex -12.8232 -16.5072 27.4982
    endloop
  endfacet
  facet normal -0.19556 -0.0099591 0.980641
    outer loop
      vertex -12.9701 -16.5 27.4838
      vertex -13.1127 -16.5357 27.455
      vertex -12.969 -16.5216 27.4838
    endloop
  endfacet
  facet normal -0.11706 0.156987 0.980639
    outer loop
      vertex -12.8723 16.683 27.4838
      vertex -12.9812 16.7817 27.455
      vertex -12.8896 16.6701 27.4838
    endloop
  endfacet
  facet normal -0.273445 0.0977845 0.956904
    outer loop
      vertex -13.2169 16.6934 27.4123
      vertex -13.2336 16.6467 27.4123
      vertex -13.0988 16.6058 27.455
    endloop
  endfacet
  facet normal -0.0657945 0.0726008 0.995189
    outer loop
      vertex -12.8896 16.6701 27.4838
      vertex -12.9056 16.6556 27.4838
      vertex -12.7967 16.5569 27.4982
    endloop
  endfacet
  facet normal 0.042149 -0.088377 0.995195
    outer loop
      vertex 12.7847 -16.5649 27.4982
      vertex 12.7782 -16.568 27.4982
      vertex 12.8538 -16.6941 27.4838
    endloop
  endfacet
  facet normal -0.172995 0.233193 0.956919
    outer loop
      vertex -13.0307 16.9202 27.4123
      vertex -13.0706 16.8906 27.4123
      vertex -12.9812 16.7817 27.455
    endloop
  endfacet
  facet normal -0.0331541 0.0921958 0.995189
    outer loop
      vertex -12.8139 16.7106 27.4838
      vertex -12.8342 16.7033 27.4838
      vertex -12.7782 16.568 27.4982
    endloop
  endfacet
  facet normal -0.0662642 0.184269 0.98064
    outer loop
      vertex -12.8139 16.7106 27.4838
      vertex -12.8558 16.8488 27.455
      vertex -12.8342 16.7033 27.4838
    endloop
  endfacet
  facet normal -0.100721 0.16805 0.980619
    outer loop
      vertex -12.9218 16.8214 27.455
      vertex -12.9525 16.803 27.455
      vertex -12.8538 16.6941 27.4838
    endloop
  endfacet
  facet normal -0.0279339 0.555737 0.830888
    outer loop
      vertex -12.75 17.3935 27.2048
      vertex -12.8256 17.2674 27.2866
      vertex -12.75 17.2712 27.2866
    endloop
  endfacet
  facet normal -0.1585 0.444298 0.881747
    outer loop
      vertex -12.9739 17.2379 27.2866
      vertex -13.0451 17.2125 27.2866
      vertex -12.9954 17.0925 27.356
    endloop
  endfacet
  facet normal -0.186786 0.52359 0.831243
    outer loop
      vertex -13.0094 17.3551 27.2048
      vertex -13.0451 17.2125 27.2866
      vertex -12.9739 17.2379 27.2866
    endloop
  endfacet
  facet normal -0.214313 0.597325 0.772834
    outer loop
      vertex -13.0094 17.3551 27.2048
      vertex -13.1355 17.4307 27.1114
      vertex -13.0919 17.3255 27.2048
    endloop
  endfacet
  facet normal -0.189835 0.0479107 0.980646
    outer loop
      vertex -12.9606 16.5639 27.4838
      vertex -13.0988 16.6058 27.455
      vertex -12.9659 16.5429 27.4838
    endloop
  endfacet
  facet normal -0.24894 0.149364 0.956932
    outer loop
      vertex -13.1702 16.7807 27.4123
      vertex -13.1957 16.7382 27.4123
      vertex -13.0714 16.6718 27.455
    endloop
  endfacet
  facet normal -0.100792 0.167987 0.980623
    outer loop
      vertex -12.8538 16.6941 27.4838
      vertex -12.9525 16.803 27.455
      vertex -12.8723 16.683 27.4838
    endloop
  endfacet
  facet normal 0 0 1
    outer loop
      vertex 12.75 16.5736 27.4982
      vertex 12.8236 16.5 27.4982
      vertex 12.8232 16.5072 27.4982
    endloop
  endfacet
  facet normal 0 0 1
    outer loop
      vertex 12.8236 16.5 27.4982
      vertex -12.8236 16.5 27.4982
      vertex 12.8236 -16.5 27.4982
    endloop
  endfacet
  facet normal 0 0 1
    outer loop
      vertex 12.75 16.5736 27.4982
      vertex 12.8232 16.5072 27.4982
      vertex 12.8222 16.5144 27.4982
    endloop
  endfacet
  facet normal 0 0 1
    outer loop
      vertex -12.8236 -16.5 27.4982
      vertex 12.8236 -16.5 27.4982
      vertex -12.8236 16.5 27.4982
    endloop
  endfacet
  facet normal 0 0 1
    outer loop
      vertex 12.75 16.5736 27.4982
      vertex 12.8222 16.5144 27.4982
      vertex 12.8204 16.5214 27.4982
    endloop
  endfacet
  facet normal 0 0 1
    outer loop
      vertex 12.8236 16.5 27.4982
      vertex 12.75 16.5736 27.4982
      vertex -12.8236 16.5 27.4982
    endloop
  endfacet
  facet normal 0 0 1
    outer loop
      vertex 12.75 16.5736 27.4982
      vertex 12.8204 16.5214 27.4982
      vertex 12.818 16.5282 27.4982
    endloop
  endfacet
  facet normal 0 -0 1
    outer loop
      vertex 12.75 -16.5736 27.4982
      vertex 12.8236 -16.5 27.4982
      vertex -12.8236 -16.5 27.4982
    endloop
  endfacet
  facet normal 0 0 1
    outer loop
      vertex 12.75 16.5736 27.4982
      vertex 12.818 16.5282 27.4982
      vertex 12.8149 16.5347 27.4982
    endloop
  endfacet
  facet normal 0 0 1
    outer loop
      vertex 12.8222 -16.5144 27.4982
      vertex 12.75 -16.5736 27.4982
      vertex 12.8204 -16.5214 27.4982
    endloop
  endfacet
  facet normal 0 0 1
    outer loop
      vertex 12.75 16.5736 27.4982
      vertex 12.8149 16.5347 27.4982
      vertex 12.8112 16.5409 27.4982
    endloop
  endfacet
  facet normal 0 0 1
    outer loop
      vertex 12.8204 -16.5214 27.4982
      vertex 12.75 -16.5736 27.4982
      vertex 12.818 -16.5282 27.4982
    endloop
  endfacet
  facet normal 0 0 1
    outer loop
      vertex 12.75 16.5736 27.4982
      vertex 12.8112 16.5409 27.4982
      vertex 12.8069 16.5467 27.4982
    endloop
  endfacet
  facet normal 0 0 1
    outer loop
      vertex 12.818 -16.5282 27.4982
      vertex 12.75 -16.5736 27.4982
      vertex 12.8149 -16.5347 27.4982
    endloop
  endfacet
  facet normal 0 0 1
    outer loop
      vertex 12.75 16.5736 27.4982
      vertex 12.8069 16.5467 27.4982
      vertex 12.802 16.552 27.4982
    endloop
  endfacet
  facet normal 0 0 1
    outer loop
      vertex 12.8149 -16.5347 27.4982
      vertex 12.75 -16.5736 27.4982
      vertex 12.8112 -16.5409 27.4982
    endloop
  endfacet
  facet normal 0 0 1
    outer loop
      vertex 12.75 16.5736 27.4982
      vertex 12.802 16.552 27.4982
      vertex 12.7967 16.5569 27.4982
    endloop
  endfacet
  facet normal 0 0 1
    outer loop
      vertex 12.8112 -16.5409 27.4982
      vertex 12.75 -16.5736 27.4982
      vertex 12.8069 -16.5467 27.4982
    endloop
  endfacet
  facet normal 0 0 1
    outer loop
      vertex 12.75 16.5736 27.4982
      vertex 12.7967 16.5569 27.4982
      vertex 12.7909 16.5612 27.4982
    endloop
  endfacet
  facet normal 0 0 1
    outer loop
      vertex 12.8069 -16.5467 27.4982
      vertex 12.75 -16.5736 27.4982
      vertex 12.802 -16.552 27.4982
    endloop
  endfacet
  facet normal 0 0 1
    outer loop
      vertex 12.75 16.5736 27.4982
      vertex 12.7909 16.5612 27.4982
      vertex 12.7847 16.5649 27.4982
    endloop
  endfacet
  facet normal 0 0 1
    outer loop
      vertex 12.802 -16.552 27.4982
      vertex 12.75 -16.5736 27.4982
      vertex 12.7967 -16.5569 27.4982
    endloop
  endfacet
  facet normal 0 0 1
    outer loop
      vertex 12.75 16.5736 27.4982
      vertex 12.7847 16.5649 27.4982
      vertex 12.7782 16.568 27.4982
    endloop
  endfacet
  facet normal 0 0 1
    outer loop
      vertex 12.7967 -16.5569 27.4982
      vertex 12.75 -16.5736 27.4982
      vertex 12.7909 -16.5612 27.4982
    endloop
  endfacet
  facet normal 0 0 1
    outer loop
      vertex 12.75 16.5736 27.4982
      vertex 12.7782 16.568 27.4982
      vertex 12.7714 16.5704 27.4982
    endloop
  endfacet
  facet normal 0 0 1
    outer loop
      vertex 12.7909 -16.5612 27.4982
      vertex 12.75 -16.5736 27.4982
      vertex 12.7847 -16.5649 27.4982
    endloop
  endfacet
  facet normal 0 0 1
    outer loop
      vertex 12.75 16.5736 27.4982
      vertex 12.7714 16.5704 27.4982
      vertex 12.7644 16.5722 27.4982
    endloop
  endfacet
  facet normal 0 0 1
    outer loop
      vertex 12.7847 -16.5649 27.4982
      vertex 12.75 -16.5736 27.4982
      vertex 12.7782 -16.568 27.4982
    endloop
  endfacet
  facet normal 0 0 1
    outer loop
      vertex 12.75 16.5736 27.4982
      vertex 12.7644 16.5722 27.4982
      vertex 12.7572 16.5732 27.4982
    endloop
  endfacet
  facet normal 0 0 1
    outer loop
      vertex 12.7782 -16.568 27.4982
      vertex 12.75 -16.5736 27.4982
      vertex 12.7714 -16.5704 27.4982
    endloop
  endfacet
  facet normal 0 0 1
    outer loop
      vertex 12.7714 -16.5704 27.4982
      vertex 12.75 -16.5736 27.4982
      vertex 12.7644 -16.5722 27.4982
    endloop
  endfacet
  facet normal 0 0 1
    outer loop
      vertex 12.7644 -16.5722 27.4982
      vertex 12.75 -16.5736 27.4982
      vertex 12.7572 -16.5732 27.4982
    endloop
  endfacet
  facet normal 0 0 1
    outer loop
      vertex -12.8236 16.5 27.4982
      vertex 12.75 16.5736 27.4982
      vertex -12.75 16.5736 27.4982
    endloop
  endfacet
  facet normal 0 0 1
    outer loop
      vertex 12.8236 -16.5 27.4982
      vertex 12.75 -16.5736 27.4982
      vertex 12.8232 -16.5072 27.4982
    endloop
  endfacet
  facet normal 0 0 1
    outer loop
      vertex -12.8236 16.5 27.4982
      vertex -12.75 16.5736 27.4982
      vertex -12.7572 16.5732 27.4982
    endloop
  endfacet
  facet normal 0 0 1
    outer loop
      vertex 12.8232 -16.5072 27.4982
      vertex 12.75 -16.5736 27.4982
      vertex 12.8222 -16.5144 27.4982
    endloop
  endfacet
  facet normal 0 0 1
    outer loop
      vertex -12.8236 16.5 27.4982
      vertex -12.7572 16.5732 27.4982
      vertex -12.7644 16.5722 27.4982
    endloop
  endfacet
  facet normal 0 0 1
    outer loop
      vertex 12.75 -16.5736 27.4982
      vertex -12.8236 -16.5 27.4982
      vertex -12.75 -16.5736 27.4982
    endloop
  endfacet
  facet normal 0 0 1
    outer loop
      vertex -12.8236 16.5 27.4982
      vertex -12.7644 16.5722 27.4982
      vertex -12.7714 16.5704 27.4982
    endloop
  endfacet
  facet normal 0 0 1
    outer loop
      vertex -12.75 -16.5736 27.4982
      vertex -12.8236 -16.5 27.4982
      vertex -12.7572 -16.5732 27.4982
    endloop
  endfacet
  facet normal 0 0 1
    outer loop
      vertex -12.8236 16.5 27.4982
      vertex -12.7714 16.5704 27.4982
      vertex -12.7782 16.568 27.4982
    endloop
  endfacet
  facet normal 0 0 1
    outer loop
      vertex -12.7572 -16.5732 27.4982
      vertex -12.8236 -16.5 27.4982
      vertex -12.7644 -16.5722 27.4982
    endloop
  endfacet
  facet normal 0 0 1
    outer loop
      vertex -12.8236 16.5 27.4982
      vertex -12.7782 16.568 27.4982
      vertex -12.7847 16.5649 27.4982
    endloop
  endfacet
  facet normal 0 0 1
    outer loop
      vertex -12.7644 -16.5722 27.4982
      vertex -12.8236 -16.5 27.4982
      vertex -12.7714 -16.5704 27.4982
    endloop
  endfacet
  facet normal 0 0 1
    outer loop
      vertex -12.8236 16.5 27.4982
      vertex -12.7847 16.5649 27.4982
      vertex -12.7909 16.5612 27.4982
    endloop
  endfacet
  facet normal 0 0 1
    outer loop
      vertex -12.7714 -16.5704 27.4982
      vertex -12.8236 -16.5 27.4982
      vertex -12.7782 -16.568 27.4982
    endloop
  endfacet
  facet normal 0 0 1
    outer loop
      vertex -12.8236 16.5 27.4982
      vertex -12.7909 16.5612 27.4982
      vertex -12.7967 16.5569 27.4982
    endloop
  endfacet
  facet normal 0 0 1
    outer loop
      vertex -12.7782 -16.568 27.4982
      vertex -12.8236 -16.5 27.4982
      vertex -12.7847 -16.5649 27.4982
    endloop
  endfacet
  facet normal 0 0 1
    outer loop
      vertex -12.8236 16.5 27.4982
      vertex -12.7967 16.5569 27.4982
      vertex -12.802 16.552 27.4982
    endloop
  endfacet
  facet normal 0 0 1
    outer loop
      vertex -12.7847 -16.5649 27.4982
      vertex -12.8236 -16.5 27.4982
      vertex -12.7909 -16.5612 27.4982
    endloop
  endfacet
  facet normal 0 0 1
    outer loop
      vertex -12.8236 16.5 27.4982
      vertex -12.802 16.552 27.4982
      vertex -12.8069 16.5467 27.4982
    endloop
  endfacet
  facet normal 0 0 1
    outer loop
      vertex -12.7909 -16.5612 27.4982
      vertex -12.8236 -16.5 27.4982
      vertex -12.7967 -16.5569 27.4982
    endloop
  endfacet
  facet normal 0 0 1
    outer loop
      vertex -12.8236 16.5 27.4982
      vertex -12.8069 16.5467 27.4982
      vertex -12.8112 16.5409 27.4982
    endloop
  endfacet
  facet normal 0 0 1
    outer loop
      vertex -12.7967 -16.5569 27.4982
      vertex -12.8236 -16.5 27.4982
      vertex -12.802 -16.552 27.4982
    endloop
  endfacet
  facet normal 0 0 1
    outer loop
      vertex -12.8236 16.5 27.4982
      vertex -12.8112 16.5409 27.4982
      vertex -12.8149 16.5347 27.4982
    endloop
  endfacet
  facet normal 0 0 1
    outer loop
      vertex -12.802 -16.552 27.4982
      vertex -12.8236 -16.5 27.4982
      vertex -12.8069 -16.5467 27.4982
    endloop
  endfacet
  facet normal 0 0 1
    outer loop
      vertex -12.8236 16.5 27.4982
      vertex -12.8149 16.5347 27.4982
      vertex -12.818 16.5282 27.4982
    endloop
  endfacet
  facet normal 0 0 1
    outer loop
      vertex -12.8069 -16.5467 27.4982
      vertex -12.8236 -16.5 27.4982
      vertex -12.8112 -16.5409 27.4982
    endloop
  endfacet
  facet normal 0 0 1
    outer loop
      vertex -12.8236 16.5 27.4982
      vertex -12.818 16.5282 27.4982
      vertex -12.8204 16.5214 27.4982
    endloop
  endfacet
  facet normal 0 0 1
    outer loop
      vertex -12.8112 -16.5409 27.4982
      vertex -12.8236 -16.5 27.4982
      vertex -12.8149 -16.5347 27.4982
    endloop
  endfacet
  facet normal 0 0 1
    outer loop
      vertex -12.8236 16.5 27.4982
      vertex -12.8204 16.5214 27.4982
      vertex -12.8222 16.5144 27.4982
    endloop
  endfacet
  facet normal 0 0 1
    outer loop
      vertex -12.8149 -16.5347 27.4982
      vertex -12.8236 -16.5 27.4982
      vertex -12.818 -16.5282 27.4982
    endloop
  endfacet
  facet normal 0 0 1
    outer loop
      vertex -12.8236 16.5 27.4982
      vertex -12.8222 16.5144 27.4982
      vertex -12.8232 16.5072 27.4982
    endloop
  endfacet
  facet normal 0 0 1
    outer loop
      vertex -12.818 -16.5282 27.4982
      vertex -12.8236 -16.5 27.4982
      vertex -12.8204 -16.5214 27.4982
    endloop
  endfacet
  facet normal 0 0 1
    outer loop
      vertex -12.8204 -16.5214 27.4982
      vertex -12.8236 -16.5 27.4982
      vertex -12.8222 -16.5144 27.4982
    endloop
  endfacet
  facet normal 0 0 1
    outer loop
      vertex -12.8222 -16.5144 27.4982
      vertex -12.8236 -16.5 27.4982
      vertex -12.8232 -16.5072 27.4982
    endloop
  endfacet
  facet normal -0.290003 0.014622 0.956914
    outer loop
      vertex -13.1127 16.5357 27.455
      vertex -13.2529 16.5495 27.4123
      vertex -13.1145 16.5 27.455
    endloop
  endfacet
  facet normal -0.287289 0.0422006 0.956914
    outer loop
      vertex -13.1075 16.5711 27.455
      vertex -13.2529 16.5495 27.4123
      vertex -13.1127 16.5357 27.455
    endloop
  endfacet
  facet normal -0.19556 0.0099591 0.980641
    outer loop
      vertex -12.969 16.5216 27.4838
      vertex -13.1127 16.5357 27.455
      vertex -12.9701 16.5 27.4838
    endloop
  endfacet
  facet normal -0.0977988 0.0049805 0.995194
    outer loop
      vertex -12.969 16.5216 27.4838
      vertex -12.9701 16.5 27.4838
      vertex -12.8232 16.5072 27.4982
    endloop
  endfacet
  facet normal -0.273445 -0.0977845 0.956904
    outer loop
      vertex -13.0988 -16.6058 27.455
      vertex -13.2336 -16.6467 27.4123
      vertex -13.2169 -16.6934 27.4123
    endloop
  endfacet
  facet normal -0.26238 -0.124285 0.956927
    outer loop
      vertex -13.0867 -16.6395 27.455
      vertex -13.2169 -16.6934 27.4123
      vertex -13.0714 -16.6718 27.455
    endloop
  endfacet
  facet normal -0.0049805 -0.0977988 0.995194
    outer loop
      vertex -12.7572 -16.5732 27.4982
      vertex -12.7716 -16.719 27.4838
      vertex -12.75 -16.7201 27.4838
    endloop
  endfacet
  facet normal -0.307583 -0.228182 0.923756
    outer loop
      vertex -13.1702 -16.7807 27.4123
      vertex -13.2832 -16.8563 27.356
      vertex -13.1406 -16.8206 27.4123
    endloop
  endfacet
  facet normal -0.0839825 -0.0503895 0.995192
    outer loop
      vertex -12.8112 -16.5409 27.4982
      vertex -12.9441 -16.6038 27.4838
      vertex -12.933 -16.6223 27.4838
    endloop
  endfacet
  facet normal -0.193771 -0.0282014 0.980641
    outer loop
      vertex -12.969 -16.5216 27.4838
      vertex -13.1127 -16.5357 27.455
      vertex -12.9659 -16.5429 27.4838
    endloop
  endfacet
  facet normal -0.096898 -0.0141025 0.995194
    outer loop
      vertex -12.8232 -16.5072 27.4982
      vertex -12.969 -16.5216 27.4838
      vertex -12.9659 -16.5429 27.4838
    endloop
  endfacet
  facet normal -0.349579 -0.317322 0.881533
    outer loop
      vertex -13.2458 -16.9069 27.356
      vertex -13.3461 -16.9892 27.2866
      vertex -13.2035 -16.9535 27.356
    endloop
  endfacet
  facet normal -0.52359 -0.186786 0.831243
    outer loop
      vertex -13.4879 -16.7239 27.2866
      vertex -13.6051 -16.7594 27.2048
      vertex -13.4625 -16.7951 27.2866
    endloop
  endfacet
  facet normal -0.157318 -0.116755 0.980622
    outer loop
      vertex -12.933 -16.6223 27.4838
      vertex -13.053 -16.7025 27.455
      vertex -13.0317 -16.7312 27.455
    endloop
  endfacet
  facet normal -0.167987 -0.100792 0.980623
    outer loop
      vertex -12.9441 -16.6038 27.4838
      vertex -13.053 -16.7025 27.455
      vertex -12.933 -16.6223 27.4838
    endloop
  endfacet
  facet normal -0.378698 -0.0563033 0.923806
    outer loop
      vertex -13.2529 -16.5495 27.4123
      vertex -13.379 -16.6251 27.356
      vertex -13.2456 -16.5986 27.4123
    endloop
  endfacet
  facet normal -0.36055 -0.129116 0.92376
    outer loop
      vertex -13.2336 -16.6467 27.4123
      vertex -13.3637 -16.6862 27.356
      vertex -13.3425 -16.7454 27.356
    endloop
  endfacet
  facet normal 0.550529 0.742138 0.382294
    outer loop
      vertex 13.646 17.5917 26.5053
      vertex 13.5033 17.6275 26.6413
      vertex 13.6102 17.5482 26.6413
    endloop
  endfacet
  facet normal 0.653806 0.592802 0.470237
    outer loop
      vertex 13.7088 17.4588 26.6413
      vertex 13.6598 17.4098 26.7712
      vertex 13.7982 17.3602 26.6413
    endloop
  endfacet
  facet normal 0.519306 0.573223 0.633828
    outer loop
      vertex 13.5143 17.4313 26.8935
      vertex 13.4551 17.3591 27.0073
      vertex 13.5359 17.2859 27.0073
    endloop
  endfacet
  facet normal 0.557966 0.616595 0.555415
    outer loop
      vertex 13.5662 17.4945 26.7712
      vertex 13.5143 17.4313 26.8935
      vertex 13.6598 17.4098 26.7712
    endloop
  endfacet
  facet normal 0.470621 0.426319 0.772508
    outer loop
      vertex 13.4623 17.2123 27.1114
      vertex 13.4407 17.0669 27.2048
      vertex 13.5287 17.139 27.1114
    endloop
  endfacet
  facet normal 0.201936 0.42631 0.881749
    outer loop
      vertex 13.0451 17.2125 27.2866
      vertex 12.9954 17.0925 27.356
      vertex 13.1135 17.1801 27.2866
    endloop
  endfacet
  facet normal 0.663628 0.396869 0.634107
    outer loop
      vertex 13.7518 17.1694 26.8935
      vertex 13.6741 17.1175 27.0073
      vertex 13.8125 17.0679 26.8935
    endloop
  endfacet
  facet normal 0.62071 0.461118 0.634105
    outer loop
      vertex 13.6813 17.2643 26.8935
      vertex 13.6741 17.1175 27.0073
      vertex 13.7518 17.1694 26.8935
    endloop
  endfacet
  facet normal 0.260163 0.728196 0.63407
    outer loop
      vertex 13.2111 17.6131 26.8935
      vertex 13.0997 17.6529 26.8935
      vertex 13.1753 17.5268 27.0073
    endloop
  endfacet
  facet normal 0.171771 0.686368 0.706678
    outer loop
      vertex 12.9668 17.5901 27.0073
      vertex 12.9465 17.488 27.1114
      vertex 13.0424 17.464 27.1114
    endloop
  endfacet
  facet normal 0.491875 0.820908 0.29012
    outer loop
      vertex 13.5584 17.7098 26.3645
      vertex 13.4359 17.7832 26.3645
      vertex 13.5346 17.6743 26.5053
    endloop
  endfacet
  facet normal 0.322441 0.901039 0.290105
    outer loop
      vertex 13.3068 17.8443 26.3645
      vertex 13.16 17.8515 26.5053
      vertex 13.2905 17.8048 26.5053
    endloop
  endfacet
  facet normal -0 0.290215 0.956962
    outer loop
      vertex -12.75 17.0053 27.4123
      vertex 12.75 16.8645 27.455
      vertex 12.75 17.0053 27.4123
    endloop
  endfacet
  facet normal 0 0.290215 0.956962
    outer loop
      vertex 12.75 16.8645 27.455
      vertex -12.75 17.0053 27.4123
      vertex -12.75 16.8645 27.455
    endloop
  endfacet
  facet normal 0.0583526 0.0787081 0.995188
    outer loop
      vertex 12.8896 16.6701 27.4838
      vertex 12.7909 16.5612 27.4982
      vertex 12.7967 16.5569 27.4982
    endloop
  endfacet
  facet normal 0.0272661 0.555468 0.831091
    outer loop
      vertex 12.8376 17.3892 27.2048
      vertex 12.75 17.3935 27.2048
      vertex 12.8256 17.2674 27.2866
    endloop
  endfacet
  facet normal 0.149364 0.24894 0.956932
    outer loop
      vertex 12.9882 16.9457 27.4123
      vertex 12.9218 16.8214 27.455
      vertex 13.0307 16.9202 27.4123
    endloop
  endfacet
  facet normal -0.0476283 0.189966 0.980635
    outer loop
      vertex -12.8211 16.8575 27.455
      vertex -12.8558 16.8488 27.455
      vertex -12.7929 16.7159 27.4838
    endloop
  endfacet
  facet normal 0.0282014 0.193771 0.980641
    outer loop
      vertex 12.7857 16.8627 27.455
      vertex 12.7716 16.719 27.4838
      vertex 12.7929 16.7159 27.4838
    endloop
  endfacet
  facet normal 0.0408344 0.83052 0.555491
    outer loop
      vertex 12.75 17.7866 26.7712
      vertex 12.75 17.7048 26.8935
      vertex 12.8761 17.7804 26.7712
    endloop
  endfacet
  facet normal 0.0433256 0.881186 0.47078
    outer loop
      vertex 12.75 17.856 26.6413
      vertex 12.75 17.7866 26.7712
      vertex 12.8761 17.7804 26.7712
    endloop
  endfacet
  facet normal 0.504409 0.841131 0.195113
    outer loop
      vertex 13.4494 17.8086 26.2201
      vertex 13.4359 17.7832 26.3645
      vertex 13.5743 17.7337 26.2201
    endloop
  endfacet
  facet normal 0.504138 0.841374 0.194769
    outer loop
      vertex 13.5743 17.7337 26.2201
      vertex 13.4359 17.7832 26.3645
      vertex 13.5584 17.7098 26.3645
    endloop
  endfacet
  facet normal 0.667994 0.737703 0.097871
    outer loop
      vertex 13.8094 17.5594 26.0736
      vertex 13.7004 17.6581 26.0736
      vertex 13.7992 17.5492 26.2201
    endloop
  endfacet
  facet normal 0.671216 0.741262 0.000112642
    outer loop
      vertex 13.7016 17.6595 9.71
      vertex 13.7004 17.6581 26.0736
      vertex 13.8094 17.5594 26.0736
    endloop
  endfacet
  facet normal 0.756799 0.45352 0.470717
    outer loop
      vertex 13.9459 17.1392 26.6413
      vertex 13.8198 17.2148 26.7712
      vertex 13.8847 17.1065 26.7712
    endloop
  endfacet
  facet normal 0.713065 0.427312 0.555826
    outer loop
      vertex 13.8198 17.2148 26.7712
      vertex 13.8125 17.0679 26.8935
      vertex 13.8847 17.1065 26.7712
    endloop
  endfacet
  facet normal 0.756777 0.453668 0.47061
    outer loop
      vertex 13.8775 17.2533 26.6413
      vertex 13.8198 17.2148 26.7712
      vertex 13.9459 17.1392 26.6413
    endloop
  endfacet
  facet normal 0.865288 0.408819 0.290075
    outer loop
      vertex 14.0943 17.0568 26.3645
      vertex 13.9956 17.1658 26.5053
      vertex 14.0548 17.0405 26.5053
    endloop
  endfacet
  facet normal 0.788052 0.583997 0.194737
    outer loop
      vertex 13.9837 17.3243 26.2201
      vertex 13.8748 17.4231 26.3645
      vertex 13.9598 17.3084 26.3645
    endloop
  endfacet
  facet normal 0.792224 0.475468 0.382507
    outer loop
      vertex 13.9956 17.1658 26.5053
      vertex 13.9243 17.2846 26.5053
      vertex 13.9459 17.1392 26.6413
    endloop
  endfacet
  facet normal 0.658719 0.726746 0.194754
    outer loop
      vertex 13.6913 17.647 26.2201
      vertex 13.6731 17.6248 26.3645
      vertex 13.7992 17.5492 26.2201
    endloop
  endfacet
  facet normal 0.583974 0.788062 0.19476
    outer loop
      vertex 13.6913 17.647 26.2201
      vertex 13.5743 17.7337 26.2201
      vertex 13.6731 17.6248 26.3645
    endloop
  endfacet
  facet normal 0.477139 0.285522 0.831153
    outer loop
      vertex 13.493 16.9964 27.2048
      vertex 13.3912 16.9284 27.2866
      vertex 13.538 16.9212 27.2048
    endloop
  endfacet
  facet normal 0.24894 0.149364 0.956932
    outer loop
      vertex 13.1702 16.7807 27.4123
      vertex 13.0714 16.6718 27.455
      vertex 13.1957 16.7382 27.4123
    endloop
  endfacet
  facet normal -0.726732 0.65873 0.194771
    outer loop
      vertex -13.7992 17.5492 26.2201
      vertex -13.8748 17.4231 26.3645
      vertex -13.7789 17.5289 26.3645
    endloop
  endfacet
  facet normal -0.642313 0.709307 0.290375
    outer loop
      vertex -13.6731 17.6248 26.3645
      vertex -13.7487 17.4987 26.5053
      vertex -13.646 17.5917 26.5053
    endloop
  endfacet
  facet normal -0.853744 0.511435 0.0977496
    outer loop
      vertex -13.9957 17.3324 26.0736
      vertex -14.0713 17.2062 26.0736
      vertex -14.0586 17.1994 26.2201
    endloop
  endfacet
  facet normal -0.853468 0.511808 0.0982066
    outer loop
      vertex -13.9957 17.3324 26.0736
      vertex -14.0586 17.1994 26.2201
      vertex -13.9837 17.3243 26.2201
    endloop
  endfacet
  facet normal -0.803088 0.595861 0.00011003
    outer loop
      vertex -13.9095 17.4516 9.71
      vertex -13.9972 17.3334 9.71
      vertex -13.9957 17.3324 26.0736
    endloop
  endfacet
  facet normal -0.904125 0.427269 0.000112206
    outer loop
      vertex -14.0729 17.2071 9.71
      vertex -14.1358 17.074 9.71
      vertex -14.1341 17.0733 26.0736
    endloop
  endfacet
  facet normal -0.425272 0.899772 0.0977403
    outer loop
      vertex -13.3178 17.8708 26.2201
      vertex -13.4562 17.8213 26.0736
      vertex -13.4494 17.8086 26.2201
    endloop
  endfacet
  facet normal -0.425196 0.899818 0.0976529
    outer loop
      vertex -13.3233 17.8841 26.0736
      vertex -13.4562 17.8213 26.0736
      vertex -13.3178 17.8708 26.2201
    endloop
  endfacet
  facet normal -0.427269 0.904125 0.000112206
    outer loop
      vertex -13.324 17.8858 9.71
      vertex -13.4571 17.8229 9.71
      vertex -13.3233 17.8841 26.0736
    endloop
  endfacet
  facet normal -0.427312 0.713065 0.555826
    outer loop
      vertex -13.3565 17.6347 26.7712
      vertex -13.4648 17.5698 26.7712
      vertex -13.3179 17.5625 26.8935
    endloop
  endfacet
  facet normal -0.426844 0.713751 0.555305
    outer loop
      vertex -13.3179 17.5625 26.8935
      vertex -13.4648 17.5698 26.7712
      vertex -13.4194 17.5018 26.8935
    endloop
  endfacet
  facet normal -0.296989 0.830871 0.470585
    outer loop
      vertex -13.1235 17.7312 26.7712
      vertex -13.2689 17.7528 26.6413
      vertex -13.2424 17.6887 26.7712
    endloop
  endfacet
  facet normal -0.279837 0.782885 0.555683
    outer loop
      vertex -13.1235 17.7312 26.7712
      vertex -13.2424 17.6887 26.7712
      vertex -13.0997 17.6529 26.8935
    endloop
  endfacet
  facet normal -0.592802 0.653806 0.470237
    outer loop
      vertex -13.6102 17.5482 26.6413
      vertex -13.7088 17.4588 26.6413
      vertex -13.6598 17.4098 26.7712
    endloop
  endfacet
  facet normal -0.620667 0.684539 0.382333
    outer loop
      vertex -13.646 17.5917 26.5053
      vertex -13.7088 17.4588 26.6413
      vertex -13.6102 17.5482 26.6413
    endloop
  endfacet
  facet normal -0.750444 0.187966 0.633642
    outer loop
      vertex -13.8136 16.8226 27.0073
      vertex -13.9029 16.8497 26.8935
      vertex -13.8401 16.7168 27.0073
    endloop
  endfacet
  facet normal -0.63967 0.302663 0.706553
    outer loop
      vertex -13.6384 16.9749 27.1114
      vertex -13.7302 17.0239 27.0073
      vertex -13.6807 16.8855 27.1114
    endloop
  endfacet
  facet normal -0.820908 0.491875 0.29012
    outer loop
      vertex -13.9598 17.3084 26.3645
      vertex -14.0332 17.1859 26.3645
      vertex -13.9243 17.2846 26.5053
    endloop
  endfacet
  facet normal -0.841374 0.504138 0.194769
    outer loop
      vertex -13.9837 17.3243 26.2201
      vertex -14.0332 17.1859 26.3645
      vertex -13.9598 17.3084 26.3645
    endloop
  endfacet
  facet normal -0.412157 0.373219 0.831164
    outer loop
      vertex -13.2953 17.0453 27.2866
      vertex -13.4407 17.0669 27.2048
      vertex -13.3461 16.9892 27.2866
    endloop
  endfacet
  facet normal -0.349787 0.316741 0.88166
    outer loop
      vertex -13.2953 17.0453 27.2866
      vertex -13.3461 16.9892 27.2866
      vertex -13.2035 16.9535 27.356
    endloop
  endfacet
  facet normal -0.904139 0.427238 0.000111903
    outer loop
      vertex -14.0729 17.2071 9.71
      vertex -14.1341 17.0733 26.0736
      vertex -14.0713 17.2062 26.0736
    endloop
  endfacet
  facet normal -0.857853 0.513896 0.000112143
    outer loop
      vertex -13.9957 17.3324 26.0736
      vertex -14.0729 17.2071 9.71
      vertex -14.0713 17.2062 26.0736
    endloop
  endfacet
  facet normal -0.865288 0.408819 0.290075
    outer loop
      vertex -13.9956 17.1658 26.5053
      vertex -14.0943 17.0568 26.3645
      vertex -14.0548 17.0405 26.5053
    endloop
  endfacet
  facet normal -0.865176 0.409467 0.289495
    outer loop
      vertex -14.0332 17.1859 26.3645
      vertex -14.0943 17.0568 26.3645
      vertex -13.9956 17.1658 26.5053
    endloop
  endfacet
  facet normal -0.969982 0.243175 0.000111157
    outer loop
      vertex -14.1854 16.9354 9.71
      vertex -14.2212 16.7926 9.71
      vertex -14.2194 16.7923 26.0736
    endloop
  endfacet
  facet normal -0.989174 0.146746 0.0001115
    outer loop
      vertex -14.2212 16.7926 9.71
      vertex -14.2428 16.647 9.71
      vertex -14.2194 16.7923 26.0736
    endloop
  endfacet
  facet normal -0.830543 -0.0407888 0.555458
    outer loop
      vertex -13.9548 -16.5 26.8935
      vertex -14.0304 -16.6261 26.7712
      vertex -13.949 -16.6181 26.8935
    endloop
  endfacet
  facet normal -0.615919 -0.154161 0.772579
    outer loop
      vertex -13.6264 -16.6743 27.2048
      vertex -13.738 -16.6965 27.1114
      vertex -13.6051 -16.7594 27.2048
    endloop
  endfacet
  facet normal -0.666471 -0.238383 0.706393
    outer loop
      vertex -13.714 -16.7924 27.1114
      vertex -13.7768 -16.9253 27.0073
      vertex -13.6807 -16.8855 27.1114
    endloop
  endfacet
  facet normal -0.750444 -0.187966 0.633642
    outer loop
      vertex -13.8401 -16.7168 27.0073
      vertex -13.9029 -16.8497 26.8935
      vertex -13.8136 -16.8226 27.0073
    endloop
  endfacet
  facet normal -0.633987 -0.0308322 0.772729
    outer loop
      vertex -13.6392 -16.5876 27.2048
      vertex -13.7573 -16.5 27.1114
      vertex -13.7525 -16.5987 27.1114
    endloop
  endfacet
  facet normal -0.699887 -0.103766 0.706676
    outer loop
      vertex -13.7525 -16.5987 27.1114
      vertex -13.8401 -16.7168 27.0073
      vertex -13.738 -16.6965 27.1114
    endloop
  endfacet
  facet normal -0.311361 -0.870076 0.382128
    outer loop
      vertex -13.2689 -17.7528 26.6413
      vertex -13.2905 -17.8048 26.5053
      vertex -13.16 -17.8515 26.5053
    endloop
  endfacet
  facet normal -0.214149 -0.855933 0.470657
    outer loop
      vertex -13.1235 -17.7312 26.7712
      vertex -13.1436 -17.7976 26.6413
      vertex -13.0145 -17.8299 26.6413
    endloop
  endfacet
  facet normal -0.0433256 -0.881186 0.47078
    outer loop
      vertex -12.75 -17.7866 26.7712
      vertex -12.8761 -17.7804 26.7712
      vertex -12.75 -17.856 26.6413
    endloop
  endfacet
  facet normal 0 -0.882014 0.471222
    outer loop
      vertex -12.75 -17.856 26.6413
      vertex 12.75 -17.7866 26.7712
      vertex -12.75 -17.7866 26.7712
    endloop
  endfacet
  facet normal 0 -0.882014 0.471222
    outer loop
      vertex 12.75 -17.7866 26.7712
      vertex -12.75 -17.856 26.6413
      vertex 12.75 -17.856 26.6413
    endloop
  endfacet
  facet normal -0.296989 -0.830871 0.470585
    outer loop
      vertex -13.2424 -17.6887 26.7712
      vertex -13.2689 -17.7528 26.6413
      vertex -13.1235 -17.7312 26.7712
    endloop
  endfacet
  facet normal -0.475468 -0.792224 0.382507
    outer loop
      vertex -13.3892 -17.6959 26.6413
      vertex -13.5346 -17.6743 26.5053
      vertex -13.4158 -17.7456 26.5053
    endloop
  endfacet
  facet normal -0.792224 -0.475468 0.382507
    outer loop
      vertex -13.9459 -17.1392 26.6413
      vertex -13.9956 -17.1658 26.5053
      vertex -13.9243 -17.2846 26.5053
    endloop
  endfacet
  facet normal -0.709307 -0.642313 0.290375
    outer loop
      vertex -13.8417 -17.396 26.5053
      vertex -13.8748 -17.4231 26.3645
      vertex -13.7487 -17.4987 26.5053
    endloop
  endfacet
  facet normal -0.8865 -0.41956 0.19516
    outer loop
      vertex -14.0332 -17.1859 26.3645
      vertex -14.0943 -17.0568 26.3645
      vertex -14.0586 -17.1994 26.2201
    endloop
  endfacet
  facet normal -0.853468 -0.511808 0.0982066
    outer loop
      vertex -13.9837 -17.3243 26.2201
      vertex -14.0586 -17.1994 26.2201
      vertex -13.9957 -17.3324 26.0736
    endloop
  endfacet
  facet normal -0.65873 -0.726732 0.194771
    outer loop
      vertex -13.7789 -17.5289 26.3645
      vertex -13.7992 -17.5492 26.2201
      vertex -13.6731 -17.6248 26.3645
    endloop
  endfacet
  facet normal -0.642741 -0.709092 0.289953
    outer loop
      vertex -13.7487 -17.4987 26.5053
      vertex -13.7789 -17.5289 26.3645
      vertex -13.6731 -17.6248 26.3645
    endloop
  endfacet
  facet normal -0.984474 -0.145519 0.098158
    outer loop
      vertex -14.2266 -16.6454 26.2201
      vertex -14.241 -16.6468 26.0736
      vertex -14.2053 -16.7895 26.2201
    endloop
  endfacet
  facet normal -0.998799 -0.0489874 0.000110467
    outer loop
      vertex -14.241 -16.6468 26.0736
      vertex -14.2482 -16.5 26.0736
      vertex -14.2428 -16.647 9.71
    endloop
  endfacet
  facet normal -0.904125 -0.427269 0.000112206
    outer loop
      vertex -14.1341 -17.0733 26.0736
      vertex -14.1358 -17.074 9.71
      vertex -14.0729 -17.2071 9.71
    endloop
  endfacet
  facet normal -0.904139 -0.427238 0.000111903
    outer loop
      vertex -14.0713 -17.2062 26.0736
      vertex -14.1341 -17.0733 26.0736
      vertex -14.0729 -17.2071 9.71
    endloop
  endfacet
  facet normal -0.965324 -0.242015 0.0978698
    outer loop
      vertex -14.1699 -16.9307 26.2201
      vertex -14.2053 -16.7895 26.2201
      vertex -14.1837 -16.9349 26.0736
    endloop
  endfacet
  facet normal -0.936926 -0.335544 0.0978762
    outer loop
      vertex -14.1699 -16.9307 26.2201
      vertex -14.1837 -16.9349 26.0736
      vertex -14.1208 -17.0678 26.2201
    endloop
  endfacet
  facet normal -0.969982 -0.243175 0.000111157
    outer loop
      vertex -14.2194 -16.7923 26.0736
      vertex -14.2212 -16.7926 9.71
      vertex -14.1854 -16.9354 9.71
    endloop
  endfacet
  facet normal -0.980685 0 0.195594
    outer loop
      vertex -14.2338 -16.5 26.2201
      vertex -14.205 16.5 26.3645
      vertex -14.2338 16.5 26.2201
    endloop
  endfacet
  facet normal -0.980685 0 0.195594
    outer loop
      vertex -14.205 16.5 26.3645
      vertex -14.2338 -16.5 26.2201
      vertex -14.205 -16.5 26.3645
    endloop
  endfacet
  facet normal -0.713751 -0.426844 0.555305
    outer loop
      vertex -13.8125 -17.0679 26.8935
      vertex -13.8198 -17.2148 26.7712
      vertex -13.7518 -17.1694 26.8935
    endloop
  endfacet
  facet normal -0.713065 -0.427312 0.555826
    outer loop
      vertex -13.8125 -17.0679 26.8935
      vertex -13.8847 -17.1065 26.7712
      vertex -13.8198 -17.2148 26.7712
    endloop
  endfacet
  facet normal -0.61591 -0.558257 0.555881
    outer loop
      vertex -13.6019 -17.3519 26.8935
      vertex -13.6813 -17.2643 26.8935
      vertex -13.6598 -17.4098 26.7712
    endloop
  endfacet
  facet normal -0.616595 -0.557966 0.555415
    outer loop
      vertex -13.6813 -17.2643 26.8935
      vertex -13.7445 -17.3162 26.7712
      vertex -13.6598 -17.4098 26.7712
    endloop
  endfacet
  facet normal 0.768866 0.569779 0.290167
    outer loop
      vertex 13.9598 17.3084 26.3645
      vertex 13.8748 17.4231 26.3645
      vertex 13.9243 17.2846 26.5053
    endloop
  endfacet
  facet normal 0.820716 0.492568 0.289485
    outer loop
      vertex 14.0332 17.1859 26.3645
      vertex 13.9243 17.2846 26.5053
      vertex 13.9956 17.1658 26.5053
    endloop
  endfacet
  facet normal 0.0236791 -0.47109 0.881767
    outer loop
      vertex 12.75 -17.1413 27.356
      vertex 12.75 -17.2712 27.2866
      vertex 12.8256 -17.2674 27.2866
    endloop
  endfacet
  facet normal 0.0279339 -0.555737 0.830888
    outer loop
      vertex 12.75 -17.2712 27.2866
      vertex 12.75 -17.3935 27.2048
      vertex 12.8256 -17.2674 27.2866
    endloop
  endfacet
  facet normal 0.128975 -0.360666 0.923735
    outer loop
      vertex 12.9434 -16.9669 27.4123
      vertex 12.8967 -16.9836 27.4123
      vertex 12.9954 -17.0925 27.356
    endloop
  endfacet
  facet normal 0.214313 -0.597325 0.772834
    outer loop
      vertex 13.0919 -17.3255 27.2048
      vertex 13.0094 -17.3551 27.2048
      vertex 13.1355 -17.4307 27.1114
    endloop
  endfacet
  facet normal 0.197047 -0.328412 0.923752
    outer loop
      vertex 13.0307 -16.9202 27.4123
      vertex 12.9882 -16.9457 27.4123
      vertex 13.1063 -17.0332 27.356
    endloop
  endfacet
  facet normal 0.238112 -0.502681 0.831032
    outer loop
      vertex 13.1135 -17.1801 27.2866
      vertex 13.0451 -17.2125 27.2866
      vertex 13.1712 -17.288 27.2048
    endloop
  endfacet
  facet normal 0.0422006 -0.287289 0.956914
    outer loop
      vertex 12.8211 -16.8575 27.455
      vertex 12.7857 -16.8627 27.455
      vertex 12.7995 -17.0029 27.4123
    endloop
  endfacet
  facet normal 0.0981006 -0.273222 0.956936
    outer loop
      vertex 12.8895 -16.8367 27.455
      vertex 12.8558 -16.8488 27.455
      vertex 12.9434 -16.9669 27.4123
    endloop
  endfacet
  facet normal 0.124285 -0.26238 0.956927
    outer loop
      vertex 12.9218 -16.8214 27.455
      vertex 12.8895 -16.8367 27.455
      vertex 12.9434 -16.9669 27.4123
    endloop
  endfacet
  facet normal 0.233171 -0.173051 0.956914
    outer loop
      vertex 13.053 -16.7025 27.455
      vertex 13.0317 -16.7312 27.455
      vertex 13.1702 -16.7807 27.4123
    endloop
  endfacet
  facet normal 0.0331541 -0.0921958 0.995189
    outer loop
      vertex 12.8342 -16.7033 27.4838
      vertex 12.7782 -16.568 27.4982
      vertex 12.8139 -16.7106 27.4838
    endloop
  endfacet
  facet normal 0.316741 -0.349787 0.88166
    outer loop
      vertex 13.2953 -17.0453 27.2866
      vertex 13.2035 -16.9535 27.356
      vertex 13.2392 -17.0961 27.2866
    endloop
  endfacet
  facet normal 0.37893 -0.281081 0.881706
    outer loop
      vertex 13.3912 -16.9284 27.2866
      vertex 13.2832 -16.8563 27.356
      vertex 13.3461 -16.9892 27.2866
    endloop
  endfacet
  facet normal 0.195594 0 0.980685
    outer loop
      vertex 12.9701 16.5 27.4838
      vertex 13.1145 -16.5 27.455
      vertex 13.1145 16.5 27.455
    endloop
  endfacet
  facet normal 0.195594 0 0.980685
    outer loop
      vertex 13.1145 -16.5 27.455
      vertex 12.9701 16.5 27.4838
      vertex 12.9701 -16.5 27.4838
    endloop
  endfacet
  facet normal 0.273445 -0.0977845 0.956904
    outer loop
      vertex 13.2336 -16.6467 27.4123
      vertex 13.0988 -16.6058 27.455
      vertex 13.2169 -16.6934 27.4123
    endloop
  endfacet
  facet normal 0.262399 -0.124171 0.956937
    outer loop
      vertex 13.2169 -16.6934 27.4123
      vertex 13.0714 -16.6718 27.455
      vertex 13.1957 -16.7382 27.4123
    endloop
  endfacet
  facet normal 0.444329 -0.159118 0.88162
    outer loop
      vertex 13.3637 -16.6862 27.356
      vertex 13.3425 -16.7454 27.356
      vertex 13.4879 -16.7239 27.2866
    endloop
  endfacet
  facet normal 0.145154 -0.13146 0.980637
    outer loop
      vertex 13.0317 -16.7312 27.455
      vertex 12.9056 -16.6556 27.4838
      vertex 13.0077 -16.7577 27.455
    endloop
  endfacet
  facet normal 0.404661 -0.242547 0.881715
    outer loop
      vertex 13.4301 -16.8635 27.2866
      vertex 13.2832 -16.8563 27.356
      vertex 13.3912 -16.9284 27.2866
    endloop
  endfacet
  facet normal 0.0427226 -0.287354 0.956871
    outer loop
      vertex 12.8211 -16.8575 27.455
      vertex 12.7995 -17.0029 27.4123
      vertex 12.8486 -16.9956 27.4123
    endloop
  endfacet
  facet normal 0.114644 -0.457828 0.881618
    outer loop
      vertex 12.9362 -17.1137 27.356
      vertex 12.8751 -17.129 27.356
      vertex 12.9739 -17.2379 27.2866
    endloop
  endfacet
  facet normal -0.0188523 -0.382519 0.923755
    outer loop
      vertex -12.7995 -17.0029 27.4123
      vertex -12.8129 -17.1382 27.356
      vertex -12.75 -17.1413 27.356
    endloop
  endfacet
  facet normal -0.0185419 -0.382426 0.9238
    outer loop
      vertex -12.75 -17.0053 27.4123
      vertex -12.7995 -17.0029 27.4123
      vertex -12.75 -17.1413 27.356
    endloop
  endfacet
  facet normal -0.163841 -0.346229 0.923732
    outer loop
      vertex -12.9882 -16.9457 27.4123
      vertex -12.9954 -17.0925 27.356
      vertex -12.9434 -16.9669 27.4123
    endloop
  endfacet
  facet normal -0.0930285 -0.371506 0.923758
    outer loop
      vertex -12.8967 -16.9836 27.4123
      vertex -12.9362 -17.1137 27.356
      vertex -12.8751 -17.129 27.356
    endloop
  endfacet
  facet normal -0.116755 -0.157318 0.980622
    outer loop
      vertex -12.8723 -16.683 27.4838
      vertex -12.9812 -16.7817 27.455
      vertex -12.9525 -16.803 27.455
    endloop
  endfacet
  facet normal -0.173051 -0.233171 0.956914
    outer loop
      vertex -12.9812 -16.7817 27.455
      vertex -13.0307 -16.9202 27.4123
      vertex -12.9525 -16.803 27.455
    endloop
  endfacet
  facet normal -0.124171 -0.262399 0.956937
    outer loop
      vertex -12.9218 -16.8214 27.455
      vertex -12.9882 -16.9457 27.4123
      vertex -12.9434 -16.9669 27.4123
    endloop
  endfacet
  facet normal -0.149364 -0.24894 0.956932
    outer loop
      vertex -12.9218 -16.8214 27.455
      vertex -13.0307 -16.9202 27.4123
      vertex -12.9882 -16.9457 27.4123
    endloop
  endfacet
  facet normal -0.0926751 -0.371473 0.923807
    outer loop
      vertex -12.8486 -16.9956 27.4123
      vertex -12.8967 -16.9836 27.4123
      vertex -12.8751 -17.129 27.356
    endloop
  endfacet
  facet normal -0.0427226 -0.287354 0.956871
    outer loop
      vertex -12.8211 -16.8575 27.455
      vertex -12.8486 -16.9956 27.4123
      vertex -12.7995 -17.0029 27.4123
    endloop
  endfacet
  facet normal -0.0501784 -0.0840826 0.995195
    outer loop
      vertex -12.7909 -16.5612 27.4982
      vertex -12.8538 -16.6941 27.4838
      vertex -12.7847 -16.5649 27.4982
    endloop
  endfacet
  facet normal -0.0503895 -0.0839825 0.995192
    outer loop
      vertex -12.7909 -16.5612 27.4982
      vertex -12.8723 -16.683 27.4838
      vertex -12.8538 -16.6941 27.4838
    endloop
  endfacet
  facet normal -0.0657945 -0.0726008 0.995189
    outer loop
      vertex -12.7967 -16.5569 27.4982
      vertex -12.9056 -16.6556 27.4838
      vertex -12.8896 -16.6701 27.4838
    endloop
  endfacet
  facet normal -0.0282014 -0.193771 0.980641
    outer loop
      vertex -12.7716 -16.719 27.4838
      vertex -12.7929 -16.7159 27.4838
      vertex -12.7857 -16.8627 27.455
    endloop
  endfacet
  facet normal 0.215272 -0.194963 0.956895
    outer loop
      vertex 13.0317 -16.7312 27.455
      vertex 13.0077 -16.7577 27.455
      vertex 13.1073 -16.8573 27.4123
    endloop
  endfacet
  facet normal -0.114644 -0.457828 0.881618
    outer loop
      vertex -12.9362 -17.1137 27.356
      vertex -12.9739 -17.2379 27.2866
      vertex -12.8751 -17.129 27.356
    endloop
  endfacet
  facet normal -0.159118 -0.444329 0.88162
    outer loop
      vertex -12.9362 -17.1137 27.356
      vertex -12.9954 -17.0925 27.356
      vertex -12.9739 -17.2379 27.2866
    endloop
  endfacet
  facet normal -0.302448 -0.639943 0.706398
    outer loop
      vertex -13.1355 -17.4307 27.1114
      vertex -13.2739 -17.4802 27.0073
      vertex -13.1753 -17.5268 27.0073
    endloop
  endfacet
  facet normal -0.271297 -0.573703 0.772828
    outer loop
      vertex -13.0919 -17.3255 27.2048
      vertex -13.1712 -17.288 27.2048
      vertex -13.1355 -17.4307 27.1114
    endloop
  endfacet
  facet normal -0.0785259 0.058554 0.995191
    outer loop
      vertex -12.9201 16.6396 27.4838
      vertex -12.933 16.6223 27.4838
      vertex -12.8112 16.5409 27.4982
    endloop
  endfacet
  facet normal -0.855989 -0.214521 0.470387
    outer loop
      vertex -14.0119 -16.751 26.7712
      vertex -14.0799 -16.7645 26.6413
      vertex -13.9812 -16.8735 26.7712
    endloop
  endfacet
  facet normal -0.872819 -0.129994 0.470413
    outer loop
      vertex -14.0119 -16.751 26.7712
      vertex -14.0995 -16.6329 26.6413
      vertex -14.0799 -16.7645 26.6413
    endloop
  endfacet
  facet normal -0.831213 0 0.555954
    outer loop
      vertex -14.0366 -16.5 26.7712
      vertex -13.9548 16.5 26.8935
      vertex -14.0366 16.5 26.7712
    endloop
  endfacet
  facet normal -0.831213 0 0.555954
    outer loop
      vertex -13.9548 16.5 26.8935
      vertex -14.0366 -16.5 26.7712
      vertex -13.9548 -16.5 26.8935
    endloop
  endfacet
  facet normal -0.0927338 -0.628127 0.772565
    outer loop
      vertex -12.9243 -17.3764 27.2048
      vertex -12.9465 -17.488 27.1114
      vertex -12.8376 -17.3892 27.2048
    endloop
  endfacet
  facet normal -0.103766 -0.699887 0.706676
    outer loop
      vertex -12.9465 -17.488 27.1114
      vertex -12.9668 -17.5901 27.0073
      vertex -12.8487 -17.5025 27.1114
    endloop
  endfacet
  facet normal 0.0343941 -0.706701 0.706676
    outer loop
      vertex 12.8487 -17.5025 27.1114
      vertex 12.75 -17.6114 27.0073
      vertex 12.8589 -17.6061 27.0073
    endloop
  endfacet
  facet normal -0.103782 -0.699877 0.706684
    outer loop
      vertex -12.8487 -17.5025 27.1114
      vertex -12.9668 -17.5901 27.0073
      vertex -12.8589 -17.6061 27.0073
    endloop
  endfacet
  facet normal -0.238383 -0.666471 0.706393
    outer loop
      vertex -13.1355 -17.4307 27.1114
      vertex -13.1753 -17.5268 27.0073
      vertex -13.0424 -17.464 27.1114
    endloop
  endfacet
  facet normal 0.103782 -0.699877 0.706684
    outer loop
      vertex 12.9668 -17.5901 27.0073
      vertex 12.8487 -17.5025 27.1114
      vertex 12.8589 -17.6061 27.0073
    endloop
  endfacet
  facet normal -0.0375936 -0.772442 0.633972
    outer loop
      vertex -12.75 -17.6114 27.0073
      vertex -12.8589 -17.6061 27.0073
      vertex -12.75 -17.7048 26.8935
    endloop
  endfacet
  facet normal -0.495948 -0.667595 0.555295
    outer loop
      vertex -13.4194 -17.5018 26.8935
      vertex -13.5143 -17.4313 26.8935
      vertex -13.4648 -17.5698 26.7712
    endloop
  endfacet
  facet normal -0.426844 -0.713751 0.555305
    outer loop
      vertex -13.4194 -17.5018 26.8935
      vertex -13.4648 -17.5698 26.7712
      vertex -13.3179 -17.5625 26.8935
    endloop
  endfacet
  facet normal -0.154139 -0.615914 0.772587
    outer loop
      vertex -13.0094 -17.3551 27.2048
      vertex -13.0424 -17.464 27.1114
      vertex -12.9465 -17.488 27.1114
    endloop
  endfacet
  facet normal -0.154161 -0.615919 0.772579
    outer loop
      vertex -12.9243 -17.3764 27.2048
      vertex -13.0094 -17.3551 27.2048
      vertex -12.9465 -17.488 27.1114
    endloop
  endfacet
  facet normal -0.242776 -0.404627 0.881667
    outer loop
      vertex -13.1063 -17.0332 27.356
      vertex -13.1135 -17.1801 27.2866
      vertex -13.0523 -17.0656 27.356
    endloop
  endfacet
  facet normal -0.197047 -0.328412 0.923752
    outer loop
      vertex -13.0307 -16.9202 27.4123
      vertex -13.1063 -17.0332 27.356
      vertex -12.9882 -16.9457 27.4123
    endloop
  endfacet
  facet normal -0.509977 -0.378323 0.772525
    outer loop
      vertex -13.493 -16.9964 27.2048
      vertex -13.5876 -17.0596 27.1114
      vertex -13.4407 -17.0669 27.2048
    endloop
  endfacet
  facet normal -0.426561 -0.470014 0.772744
    outer loop
      vertex -13.3818 -17.1318 27.2048
      vertex -13.4623 -17.2123 27.1114
      vertex -13.3169 -17.1907 27.2048
    endloop
  endfacet
  facet normal 0.80293 -0.596073 0.000112407
    outer loop
      vertex 13.9957 -17.3324 26.0736
      vertex 13.9081 -17.4504 26.0736
      vertex 13.9095 -17.4516 9.71
    endloop
  endfacet
  facet normal 0.668386 -0.737411 0.0973896
    outer loop
      vertex 13.7992 -17.5492 26.2201
      vertex 13.6913 -17.647 26.2201
      vertex 13.7004 -17.6581 26.0736
    endloop
  endfacet
  facet normal 0.797477 -0.377421 0.470726
    outer loop
      vertex 13.9387 -16.9924 26.7712
      vertex 13.8847 -17.1065 26.7712
      vertex 13.9459 -17.1392 26.6413
    endloop
  endfacet
  facet normal 0.6988 -0.331079 0.634086
    outer loop
      vertex 13.8631 -16.9611 26.8935
      vertex 13.7768 -16.9253 27.0073
      vertex 13.8125 -17.0679 26.8935
    endloop
  endfacet
  facet normal 0.568252 -0.421648 0.706613
    outer loop
      vertex 13.6741 -17.1175 27.0073
      vertex 13.5287 -17.139 27.1114
      vertex 13.6091 -17.2051 27.0073
    endloop
  endfacet
  facet normal 0.524381 -0.475058 0.706643
    outer loop
      vertex 13.6091 -17.2051 27.0073
      vertex 13.5287 -17.139 27.1114
      vertex 13.5359 -17.2859 27.0073
    endloop
  endfacet
  facet normal 0.591923 -0.65412 0.470907
    outer loop
      vertex 13.6598 -17.4098 26.7712
      vertex 13.5662 -17.4945 26.7712
      vertex 13.6102 -17.5482 26.6413
    endloop
  endfacet
  facet normal 0.592802 -0.653806 0.470237
    outer loop
      vertex 13.6598 -17.4098 26.7712
      vertex 13.6102 -17.5482 26.6413
      vertex 13.7088 -17.4588 26.6413
    endloop
  endfacet
  facet normal 0.984474 -0.145519 0.098158
    outer loop
      vertex 14.2266 -16.6454 26.2201
      vertex 14.2053 -16.7895 26.2201
      vertex 14.241 -16.6468 26.0736
    endloop
  endfacet
  facet normal 0.993975 -0.0487508 0.0981672
    outer loop
      vertex 14.2482 -16.5 26.0736
      vertex 14.2266 -16.6454 26.2201
      vertex 14.241 -16.6468 26.0736
    endloop
  endfacet
  facet normal 0.946703 -0.140029 0.290079
    outer loop
      vertex 14.198 -16.6426 26.3645
      vertex 14.1352 -16.7755 26.5053
      vertex 14.1771 -16.7839 26.3645
    endloop
  endfacet
  facet normal 0.928298 -0.232577 0.290123
    outer loop
      vertex 14.1771 -16.7839 26.3645
      vertex 14.1352 -16.7755 26.5053
      vertex 14.1424 -16.9224 26.3645
    endloop
  endfacet
  facet normal 0.899818 -0.425196 0.0976529
    outer loop
      vertex 14.1208 -17.0678 26.2201
      vertex 14.0713 -17.2062 26.0736
      vertex 14.1341 -17.0733 26.0736
    endloop
  endfacet
  facet normal 0.904139 -0.427238 0.000111903
    outer loop
      vertex 14.1341 -17.0733 26.0736
      vertex 14.0713 -17.2062 26.0736
      vertex 14.0729 -17.2071 9.71
    endloop
  endfacet
  facet normal 0.899772 -0.425272 0.0977403
    outer loop
      vertex 14.1208 -17.0678 26.2201
      vertex 14.0586 -17.1994 26.2201
      vertex 14.0713 -17.2062 26.0736
    endloop
  endfacet
  facet normal 0.936872 -0.335758 0.0976592
    outer loop
      vertex 14.1837 -16.9349 26.0736
      vertex 14.1208 -17.0678 26.2201
      vertex 14.1341 -17.0733 26.0736
    endloop
  endfacet
  facet normal 0.835532 -0.394761 0.382165
    outer loop
      vertex 14.0028 -17.0189 26.6413
      vertex 13.9956 -17.1658 26.5053
      vertex 14.0548 -17.0405 26.5053
    endloop
  endfacet
  facet normal 0.83524 -0.395055 0.382499
    outer loop
      vertex 14.0028 -17.0189 26.6413
      vertex 13.9459 -17.1392 26.6413
      vertex 13.9956 -17.1658 26.5053
    endloop
  endfacet
  facet normal 0.913838 -0.136104 0.382591
    outer loop
      vertex 14.0995 -16.6329 26.6413
      vertex 14.0799 -16.7645 26.6413
      vertex 14.1352 -16.7755 26.5053
    endloop
  endfacet
  facet normal 0.872819 -0.129994 0.470413
    outer loop
      vertex 14.0995 -16.6329 26.6413
      vertex 14.0119 -16.751 26.7712
      vertex 14.0799 -16.7645 26.6413
    endloop
  endfacet
  facet normal 0.709092 -0.642741 0.289953
    outer loop
      vertex 13.8748 -17.4231 26.3645
      vertex 13.7487 -17.4987 26.5053
      vertex 13.7789 -17.5289 26.3645
    endloop
  endfacet
  facet normal 0.726732 -0.65873 0.194771
    outer loop
      vertex 13.8748 -17.4231 26.3645
      vertex 13.7789 -17.5289 26.3645
      vertex 13.7992 -17.5492 26.2201
    endloop
  endfacet
  facet normal 0.765139 -0.113459 0.63379
    outer loop
      vertex 13.8561 -16.6089 27.0073
      vertex 13.8401 -16.7168 27.0073
      vertex 13.949 -16.6181 26.8935
    endloop
  endfacet
  facet normal 0.772592 -0.0379427 0.633768
    outer loop
      vertex 13.9548 -16.5 26.8935
      vertex 13.8561 -16.6089 27.0073
      vertex 13.949 -16.6181 26.8935
    endloop
  endfacet
  facet normal 0.457828 -0.114644 0.881618
    outer loop
      vertex 13.379 -16.6251 27.356
      vertex 13.3637 -16.6862 27.356
      vertex 13.4879 -16.7239 27.2866
    endloop
  endfacet
  facet normal 0.360666 -0.128975 0.923735
    outer loop
      vertex 13.2336 -16.6467 27.4123
      vertex 13.2169 -16.6934 27.4123
      vertex 13.3425 -16.7454 27.356
    endloop
  endfacet
  facet normal 0.457848 -0.114618 0.881611
    outer loop
      vertex 13.5063 -16.6504 27.2866
      vertex 13.379 -16.6251 27.356
      vertex 13.4879 -16.7239 27.2866
    endloop
  endfacet
  facet normal 0.615919 -0.154161 0.772579
    outer loop
      vertex 13.6264 -16.6743 27.2048
      vertex 13.6051 -16.7594 27.2048
      vertex 13.738 -16.6965 27.1114
    endloop
  endfacet
  facet normal 0.728286 -0.260963 0.633638
    outer loop
      vertex 13.8136 -16.8226 27.0073
      vertex 13.7768 -16.9253 27.0073
      vertex 13.9029 -16.8497 26.8935
    endloop
  endfacet
  facet normal 0.686368 -0.171771 0.706678
    outer loop
      vertex 13.738 -16.6965 27.1114
      vertex 13.714 -16.7924 27.1114
      vertex 13.8401 -16.7168 27.0073
    endloop
  endfacet
  facet normal 0.544292 -0.326447 0.772774
    outer loop
      vertex 13.6384 -16.9749 27.1114
      vertex 13.538 -16.9212 27.2048
      vertex 13.5876 -17.0596 27.1114
    endloop
  endfacet
  facet normal 0.544885 -0.326061 0.772518
    outer loop
      vertex 13.538 -16.9212 27.2048
      vertex 13.493 -16.9964 27.2048
      vertex 13.5876 -17.0596 27.1114
    endloop
  endfacet
  facet normal 0.666144 -0.238696 0.706595
    outer loop
      vertex 13.8136 -16.8226 27.0073
      vertex 13.714 -16.7924 27.1114
      vertex 13.7768 -16.9253 27.0073
    endloop
  endfacet
  facet normal 0.728196 -0.260163 0.63407
    outer loop
      vertex 13.9029 -16.8497 26.8935
      vertex 13.7768 -16.9253 27.0073
      vertex 13.8631 -16.9611 26.8935
    endloop
  endfacet
  facet normal 0.0379427 -0.772592 0.633768
    outer loop
      vertex 12.8589 -17.6061 27.0073
      vertex 12.75 -17.7048 26.8935
      vertex 12.8681 -17.699 26.8935
    endloop
  endfacet
  facet normal 0.121845 -0.822619 0.555385
    outer loop
      vertex 12.985 -17.6817 26.8935
      vertex 12.8761 -17.7804 26.7712
      vertex 13.001 -17.7619 26.7712
    endloop
  endfacet
  facet normal 0.171925 -0.686402 0.706607
    outer loop
      vertex 13.0424 -17.464 27.1114
      vertex 12.9668 -17.5901 27.0073
      vertex 13.0726 -17.5636 27.0073
    endloop
  endfacet
  facet normal 0.187966 -0.750444 0.633642
    outer loop
      vertex 13.0726 -17.5636 27.0073
      vertex 12.9668 -17.5901 27.0073
      vertex 13.0997 -17.6529 26.8935
    endloop
  endfacet
  facet normal 0.135002 -0.539273 0.831239
    outer loop
      vertex 12.9739 -17.2379 27.2866
      vertex 12.9004 -17.2563 27.2866
      vertex 13.0094 -17.3551 27.2048
    endloop
  endfacet
  facet normal 0.0272661 -0.555468 0.831091
    outer loop
      vertex 12.8256 -17.2674 27.2866
      vertex 12.75 -17.3935 27.2048
      vertex 12.8376 -17.3892 27.2048
    endloop
  endfacet
  facet normal 0.279837 -0.782885 0.555683
    outer loop
      vertex 13.2424 -17.6887 26.7712
      vertex 13.0997 -17.6529 26.8935
      vertex 13.1235 -17.7312 26.7712
    endloop
  endfacet
  facet normal 0.202112 -0.806471 0.555658
    outer loop
      vertex 13.0997 -17.6529 26.8935
      vertex 13.001 -17.7619 26.7712
      vertex 13.1235 -17.7312 26.7712
    endloop
  endfacet
  facet normal 0.331079 -0.6988 0.634086
    outer loop
      vertex 13.3179 -17.5625 26.8935
      vertex 13.1753 -17.5268 27.0073
      vertex 13.2111 -17.6131 26.8935
    endloop
  endfacet
  facet normal 0.260963 -0.728286 0.633638
    outer loop
      vertex 13.1753 -17.5268 27.0073
      vertex 13.0726 -17.5636 27.0073
      vertex 13.0997 -17.6529 26.8935
    endloop
  endfacet
  facet normal 0.326447 -0.544292 0.772774
    outer loop
      vertex 13.3096 -17.3376 27.1114
      vertex 13.1712 -17.288 27.2048
      vertex 13.2249 -17.3884 27.1114
    endloop
  endfacet
  facet normal 0.271451 -0.573705 0.772772
    outer loop
      vertex 13.1712 -17.288 27.2048
      vertex 13.1355 -17.4307 27.1114
      vertex 13.2249 -17.3884 27.1114
    endloop
  endfacet
  facet normal 0.378323 -0.509977 0.772525
    outer loop
      vertex 13.3169 -17.1907 27.2048
      vertex 13.2464 -17.243 27.2048
      vertex 13.3096 -17.3376 27.1114
    endloop
  endfacet
  facet normal 0.331287 -0.446573 0.831157
    outer loop
      vertex 13.3169 -17.1907 27.2048
      vertex 13.1784 -17.1412 27.2866
      vertex 13.2464 -17.243 27.2048
    endloop
  endfacet
  facet normal 0.470014 -0.426561 0.772744
    outer loop
      vertex 13.4407 -17.0669 27.2048
      vertex 13.3818 -17.1318 27.2048
      vertex 13.4623 -17.2123 27.1114
    endloop
  endfacet
  facet normal 0.411954 -0.373869 0.830973
    outer loop
      vertex 13.4407 -17.0669 27.2048
      vertex 13.2953 -17.0453 27.2866
      vertex 13.3818 -17.1318 27.2048
    endloop
  endfacet
  facet normal 0.373219 -0.412157 0.831164
    outer loop
      vertex 13.2953 -17.0453 27.2866
      vertex 13.2392 -17.0961 27.2866
      vertex 13.3169 -17.1907 27.2048
    endloop
  endfacet
  facet normal 0.373869 -0.411954 0.830973
    outer loop
      vertex 13.3818 -17.1318 27.2048
      vertex 13.2953 -17.0453 27.2866
      vertex 13.3169 -17.1907 27.2048
    endloop
  endfacet
  facet normal 0.558257 -0.61591 0.555881
    outer loop
      vertex 13.6019 -17.3519 26.8935
      vertex 13.5143 -17.4313 26.8935
      vertex 13.6598 -17.4098 26.7712
    endloop
  endfacet
  facet normal 0.519511 -0.573163 0.633713
    outer loop
      vertex 13.5359 -17.2859 27.0073
      vertex 13.5143 -17.4313 26.8935
      vertex 13.6019 -17.3519 26.8935
    endloop
  endfacet
  facet normal 0.525694 -0.708659 0.470584
    outer loop
      vertex 13.6102 -17.5482 26.6413
      vertex 13.4648 -17.5698 26.7712
      vertex 13.5033 -17.6275 26.6413
    endloop
  endfacet
  facet normal 0.525943 -0.708242 0.470932
    outer loop
      vertex 13.5662 -17.4945 26.7712
      vertex 13.4648 -17.5698 26.7712
      vertex 13.6102 -17.5482 26.6413
    endloop
  endfacet
  facet normal 0.33737 -0.941372 0.000108107
    outer loop
      vertex 13.3233 -17.8841 26.0736
      vertex 13.1849 -17.9337 26.0736
      vertex 13.1854 -17.9354 9.71
    endloop
  endfacet
  facet normal 0.583974 -0.788062 0.19476
    outer loop
      vertex 13.6731 -17.6248 26.3645
      vertex 13.5743 -17.7337 26.2201
      vertex 13.6913 -17.647 26.2201
    endloop
  endfacet
  facet normal 0.569779 -0.768866 0.290167
    outer loop
      vertex 13.6731 -17.6248 26.3645
      vertex 13.5346 -17.6743 26.5053
      vertex 13.5584 -17.7098 26.3645
    endloop
  endfacet
  facet normal 0.56994 -0.76866 0.290398
    outer loop
      vertex 13.646 -17.5917 26.5053
      vertex 13.5346 -17.6743 26.5053
      vertex 13.6731 -17.6248 26.3645
    endloop
  endfacet
  facet normal 0.409467 -0.865176 0.289495
    outer loop
      vertex 13.4158 -17.7456 26.5053
      vertex 13.3068 -17.8443 26.3645
      vertex 13.4359 -17.7832 26.3645
    endloop
  endfacet
  facet normal 0.504409 -0.841131 0.195113
    outer loop
      vertex 13.5743 -17.7337 26.2201
      vertex 13.4359 -17.7832 26.3645
      vertex 13.4494 -17.8086 26.2201
    endloop
  endfacet
  facet normal 0.242015 -0.965324 0.0978698
    outer loop
      vertex 13.1807 -17.9199 26.2201
      vertex 13.0395 -17.9553 26.2201
      vertex 13.1849 -17.9337 26.0736
    endloop
  endfacet
  facet normal 0.592495 -0.79956 0.0982521
    outer loop
      vertex 13.6913 -17.647 26.2201
      vertex 13.5743 -17.7337 26.2201
      vertex 13.5824 -17.7457 26.0736
    endloop
  endfacet
  facet normal 0.597325 -0.214313 0.772834
    outer loop
      vertex 13.6051 -16.7594 27.2048
      vertex 13.5755 -16.8419 27.2048
      vertex 13.6807 -16.8855 27.1114
    endloop
  endfacet
  facet normal 0.523688 -0.187893 0.830931
    outer loop
      vertex 13.6051 -16.7594 27.2048
      vertex 13.4625 -16.7951 27.2866
      vertex 13.5755 -16.8419 27.2048
    endloop
  endfacet
  facet normal 0.502681 -0.238112 0.831032
    outer loop
      vertex 13.4625 -16.7951 27.2866
      vertex 13.4301 -16.8635 27.2866
      vertex 13.538 -16.9212 27.2048
    endloop
  endfacet
  facet normal 0.502987 -0.237857 0.83092
    outer loop
      vertex 13.5755 -16.8419 27.2048
      vertex 13.4625 -16.7951 27.2866
      vertex 13.538 -16.9212 27.2048
    endloop
  endfacet
  facet normal 0.492568 0.820716 0.289485
    outer loop
      vertex 13.4359 17.7832 26.3645
      vertex 13.4158 17.7456 26.5053
      vertex 13.5346 17.6743 26.5053
    endloop
  endfacet
  facet normal 0.475468 0.792224 0.382507
    outer loop
      vertex 13.4158 17.7456 26.5053
      vertex 13.3892 17.6959 26.6413
      vertex 13.5346 17.6743 26.5053
    endloop
  endfacet
  facet normal 0.395055 0.83524 0.382499
    outer loop
      vertex 13.4158 17.7456 26.5053
      vertex 13.2689 17.7528 26.6413
      vertex 13.3892 17.6959 26.6413
    endloop
  endfacet
  facet normal 0.377272 0.797642 0.470566
    outer loop
      vertex 13.2689 17.7528 26.6413
      vertex 13.2424 17.6887 26.7712
      vertex 13.3892 17.6959 26.6413
    endloop
  endfacet
  facet normal -0.544885 0.326061 0.772518
    outer loop
      vertex -13.493 16.9964 27.2048
      vertex -13.5876 17.0596 27.1114
      vertex -13.538 16.9212 27.2048
    endloop
  endfacet
  facet normal -0.573705 0.271451 0.772772
    outer loop
      vertex -13.6384 16.9749 27.1114
      vertex -13.6807 16.8855 27.1114
      vertex -13.538 16.9212 27.2048
    endloop
  endfacet
  facet normal -0.457828 0.114644 0.881618
    outer loop
      vertex -13.3637 16.6862 27.356
      vertex -13.4879 16.7239 27.2866
      vertex -13.379 16.6251 27.356
    endloop
  endfacet
  facet normal -0.466859 0.0692799 0.881614
    outer loop
      vertex -13.5063 16.6504 27.2866
      vertex -13.5174 16.5756 27.2866
      vertex -13.379 16.6251 27.356
    endloop
  endfacet
  facet normal -0.378698 0.0563033 0.923806
    outer loop
      vertex -13.2456 16.5986 27.4123
      vertex -13.379 16.6251 27.356
      vertex -13.2529 16.5495 27.4123
    endloop
  endfacet
  facet normal -0.628127 0.0927338 0.772565
    outer loop
      vertex -13.6264 16.6743 27.2048
      vertex -13.738 16.6965 27.1114
      vertex -13.6392 16.5876 27.2048
    endloop
  endfacet
  facet normal -0.765139 0.113459 0.63379
    outer loop
      vertex -13.8401 16.7168 27.0073
      vertex -13.949 16.6181 26.8935
      vertex -13.8561 16.6089 27.0073
    endloop
  endfacet
  facet normal -0.699877 0.103782 0.706684
    outer loop
      vertex -13.8401 16.7168 27.0073
      vertex -13.8561 16.6089 27.0073
      vertex -13.7525 16.5987 27.1114
    endloop
  endfacet
  facet normal -0.751393 0.355997 0.555585
    outer loop
      vertex -13.8125 17.0679 26.8935
      vertex -13.9387 16.9924 26.7712
      vertex -13.8631 16.9611 26.8935
    endloop
  endfacet
  facet normal -0.6988 0.331079 0.634086
    outer loop
      vertex -13.8125 17.0679 26.8935
      vertex -13.8631 16.9611 26.8935
      vertex -13.7768 16.9253 27.0073
    endloop
  endfacet
  facet normal -0.539273 -0.135002 0.831239
    outer loop
      vertex -13.5063 -16.6504 27.2866
      vertex -13.6051 -16.7594 27.2048
      vertex -13.4879 -16.7239 27.2866
    endloop
  endfacet
  facet normal -0.457848 -0.114618 0.881611
    outer loop
      vertex -13.379 -16.6251 27.356
      vertex -13.5063 -16.6504 27.2866
      vertex -13.4879 -16.7239 27.2866
    endloop
  endfacet
  facet normal -0.502987 -0.237857 0.83092
    outer loop
      vertex -13.4625 -16.7951 27.2866
      vertex -13.5755 -16.8419 27.2048
      vertex -13.538 -16.9212 27.2048
    endloop
  endfacet
  facet normal -0.523688 -0.187893 0.830931
    outer loop
      vertex -13.4625 -16.7951 27.2866
      vertex -13.6051 -16.7594 27.2048
      vertex -13.5755 -16.8419 27.2048
    endloop
  endfacet
  facet normal -0.477092 -0.285961 0.831029
    outer loop
      vertex -13.4301 -16.8635 27.2866
      vertex -13.538 -16.9212 27.2048
      vertex -13.3912 -16.9284 27.2866
    endloop
  endfacet
  facet normal -0.477139 -0.285522 0.831153
    outer loop
      vertex -13.3912 -16.9284 27.2866
      vertex -13.538 -16.9212 27.2048
      vertex -13.493 -16.9964 27.2048
    endloop
  endfacet
  facet normal 0.0236791 0.47109 0.881767
    outer loop
      vertex 12.75 17.2712 27.2866
      vertex 12.75 17.1413 27.356
      vertex 12.8256 17.2674 27.2866
    endloop
  endfacet
  facet normal -0.0692799 0.466859 0.881614
    outer loop
      vertex -12.8256 17.2674 27.2866
      vertex -12.9004 17.2563 27.2866
      vertex -12.8751 17.129 27.356
    endloop
  endfacet
  facet normal -0.103766 0.699887 0.706676
    outer loop
      vertex -12.8487 17.5025 27.1114
      vertex -12.9668 17.5901 27.0073
      vertex -12.9465 17.488 27.1114
    endloop
  endfacet
  facet normal -0.378323 0.509977 0.772525
    outer loop
      vertex -13.3096 17.3376 27.1114
      vertex -13.3169 17.1907 27.2048
      vertex -13.2464 17.243 27.2048
    endloop
  endfacet
  facet normal -0.373219 0.412157 0.831164
    outer loop
      vertex -13.2392 17.0961 27.2866
      vertex -13.3169 17.1907 27.2048
      vertex -13.2953 17.0453 27.2866
    endloop
  endfacet
  facet normal -0.233193 0.172995 0.956919
    outer loop
      vertex -13.1406 16.8206 27.4123
      vertex -13.1702 16.7807 27.4123
      vertex -13.0317 16.7312 27.455
    endloop
  endfacet
  facet normal -0.13146 0.145154 0.980637
    outer loop
      vertex -12.9812 16.7817 27.455
      vertex -13.0077 16.7577 27.455
      vertex -12.9056 16.6556 27.4838
    endloop
  endfacet
  facet normal 0.227499 0.307793 0.923855
    outer loop
      vertex 13.1063 17.0332 27.356
      vertex 13.0706 16.8906 27.4123
      vertex 13.1569 16.9958 27.356
    endloop
  endfacet
  facet normal 0.215272 0.194963 0.956895
    outer loop
      vertex 13.1073 16.8573 27.4123
      vertex 13.0077 16.7577 27.455
      vertex 13.0317 16.7312 27.455
    endloop
  endfacet
  facet normal 0.378698 0.0563033 0.923806
    outer loop
      vertex 13.379 16.6251 27.356
      vertex 13.2456 16.5986 27.4123
      vertex 13.2529 16.5495 27.4123
    endloop
  endfacet
  facet normal 0.539273 0.135002 0.831239
    outer loop
      vertex 13.6051 16.7594 27.2048
      vertex 13.4879 16.7239 27.2866
      vertex 13.5063 16.6504 27.2866
    endloop
  endfacet
  facet normal 0.555737 0.0279339 0.830888
    outer loop
      vertex 13.6435 16.5 27.2048
      vertex 13.5174 16.5756 27.2866
      vertex 13.5212 16.5 27.2866
    endloop
  endfacet
  facet normal 0.549909 0.0816042 0.831228
    outer loop
      vertex 13.6264 16.6743 27.2048
      vertex 13.5063 16.6504 27.2866
      vertex 13.5174 16.5756 27.2866
    endloop
  endfacet
  facet normal 0.26238 0.124285 0.956927
    outer loop
      vertex 13.2169 16.6934 27.4123
      vertex 13.0714 16.6718 27.455
      vertex 13.0867 16.6395 27.455
    endloop
  endfacet
  facet normal 0.262399 0.124171 0.956937
    outer loop
      vertex 13.1957 16.7382 27.4123
      vertex 13.0714 16.6718 27.455
      vertex 13.2169 16.6934 27.4123
    endloop
  endfacet
  facet normal 0.290003 0.014622 0.956914
    outer loop
      vertex 13.2529 16.5495 27.4123
      vertex 13.1127 16.5357 27.455
      vertex 13.1145 16.5 27.455
    endloop
  endfacet
  facet normal 0.100721 -0.16805 0.980619
    outer loop
      vertex 12.9525 -16.803 27.455
      vertex 12.8538 -16.6941 27.4838
      vertex 12.9218 -16.8214 27.455
    endloop
  endfacet
  facet normal -0.0718766 0.066452 0.995197
    outer loop
      vertex -12.802 16.552 27.4982
      vertex -12.9056 16.6556 27.4838
      vertex -12.8069 16.5467 27.4982
    endloop
  endfacet
  facet normal 0.0141025 -0.096898 0.995194
    outer loop
      vertex 12.7929 -16.7159 27.4838
      vertex 12.7572 -16.5732 27.4982
      vertex 12.7716 -16.719 27.4838
    endloop
  endfacet
  facet normal 0.195584 0.00986139 0.980637
    outer loop
      vertex 13.1127 16.5357 27.455
      vertex 12.9701 16.5 27.4838
      vertex 13.1145 16.5 27.455
    endloop
  endfacet
  facet normal 0.290186 0.0140696 0.956867
    outer loop
      vertex 13.2529 16.5495 27.4123
      vertex 13.1145 16.5 27.455
      vertex 13.2553 16.5 27.4123
    endloop
  endfacet
  facet normal 0.189966 0.0476283 0.980635
    outer loop
      vertex 13.0988 16.6058 27.455
      vertex 12.9659 16.5429 27.4838
      vertex 13.1075 16.5711 27.455
    endloop
  endfacet
  facet normal 0.555468 -0.0272661 0.831091
    outer loop
      vertex 13.6435 -16.5 27.2048
      vertex 13.5174 -16.5756 27.2866
      vertex 13.6392 -16.5876 27.2048
    endloop
  endfacet
  facet normal 0.555737 -0.0279339 0.830888
    outer loop
      vertex 13.5212 -16.5 27.2866
      vertex 13.5174 -16.5756 27.2866
      vertex 13.6435 -16.5 27.2048
    endloop
  endfacet
  facet normal -0.00543448 -0.0978206 0.995189
    outer loop
      vertex -12.75 -16.5736 27.4982
      vertex -12.7572 -16.5732 27.4982
      vertex -12.75 -16.7201 27.4838
    endloop
  endfacet
  facet normal 0.184269 -0.0662642 0.98064
    outer loop
      vertex 12.9606 -16.5639 27.4838
      vertex 12.9533 -16.5842 27.4838
      vertex 13.0988 -16.6058 27.455
    endloop
  endfacet
  facet normal -0.145154 0.13146 0.980637
    outer loop
      vertex -13.0077 16.7577 27.455
      vertex -13.0317 16.7312 27.455
      vertex -12.9056 16.6556 27.4838
    endloop
  endfacet
  facet normal -0.0948875 -0.0243996 0.995189
    outer loop
      vertex -12.8222 -16.5144 27.4982
      vertex -12.9659 -16.5429 27.4838
      vertex -12.8204 -16.5214 27.4982
    endloop
  endfacet
  facet normal -0.0970531 -0.0134796 0.995188
    outer loop
      vertex -12.8232 -16.5072 27.4982
      vertex -12.9659 -16.5429 27.4838
      vertex -12.8222 -16.5144 27.4982
    endloop
  endfacet
  facet normal 0.0839825 -0.0503895 0.995192
    outer loop
      vertex 12.9441 -16.6038 27.4838
      vertex 12.8112 -16.5409 27.4982
      vertex 12.933 -16.6223 27.4838
    endloop
  endfacet
  facet normal -0.116755 0.157318 0.980622
    outer loop
      vertex -12.9525 16.803 27.455
      vertex -12.9812 16.7817 27.455
      vertex -12.8723 16.683 27.4838
    endloop
  endfacet
  facet normal -0.149264 0.249045 0.956921
    outer loop
      vertex -12.9218 16.8214 27.455
      vertex -13.0307 16.9202 27.4123
      vertex -12.9525 16.803 27.455
    endloop
  endfacet
  facet normal -0.083189 0.177229 0.980648
    outer loop
      vertex -12.8342 16.7033 27.4838
      vertex -12.8895 16.8367 27.455
      vertex -12.8538 16.6941 27.4838
    endloop
  endfacet
  facet normal -0.173051 0.233171 0.956914
    outer loop
      vertex -12.9525 16.803 27.455
      vertex -13.0307 16.9202 27.4123
      vertex -12.9812 16.7817 27.455
    endloop
  endfacet
  facet normal -0.0921958 0.0331541 0.995189
    outer loop
      vertex -12.9533 16.5842 27.4838
      vertex -12.9606 16.5639 27.4838
      vertex -12.818 16.5282 27.4982
    endloop
  endfacet
  facet normal -0.128975 0.360666 0.923735
    outer loop
      vertex -12.8967 16.9836 27.4123
      vertex -12.9954 17.0925 27.356
      vertex -12.9434 16.9669 27.4123
    endloop
  endfacet
  facet normal -0.0427226 0.287354 0.956871
    outer loop
      vertex -12.7995 17.0029 27.4123
      vertex -12.8486 16.9956 27.4123
      vertex -12.8211 16.8575 27.455
    endloop
  endfacet
  facet normal -0.081223 0.550159 0.831101
    outer loop
      vertex -12.8376 17.3892 27.2048
      vertex -12.9243 17.3764 27.2048
      vertex -12.8256 17.2674 27.2866
    endloop
  endfacet
  facet normal -0.0927338 0.628127 0.772565
    outer loop
      vertex -12.8376 17.3892 27.2048
      vertex -12.9465 17.488 27.1114
      vertex -12.9243 17.3764 27.2048
    endloop
  endfacet
  facet normal -0.242776 0.404627 0.881667
    outer loop
      vertex -13.0523 17.0656 27.356
      vertex -13.1135 17.1801 27.2866
      vertex -13.1063 17.0332 27.356
    endloop
  endfacet
  facet normal -0.201936 0.42631 0.881749
    outer loop
      vertex -13.0451 17.2125 27.2866
      vertex -13.1135 17.1801 27.2866
      vertex -12.9954 17.0925 27.356
    endloop
  endfacet
  facet normal -0.16805 0.100721 0.980619
    outer loop
      vertex -13.053 16.7025 27.455
      vertex -13.0714 16.6718 27.455
      vertex -12.9441 16.6038 27.4838
    endloop
  endfacet
  facet normal -0.184284 0.0661672 0.980643
    outer loop
      vertex -13.0867 16.6395 27.455
      vertex -13.0988 16.6058 27.455
      vertex -12.9533 16.5842 27.4838
    endloop
  endfacet
  facet normal -0.346229 0.163841 0.923732
    outer loop
      vertex -13.1957 16.7382 27.4123
      vertex -13.3425 16.7454 27.356
      vertex -13.2169 16.6934 27.4123
    endloop
  endfacet
  facet normal -0.360666 0.128975 0.923735
    outer loop
      vertex -13.2169 16.6934 27.4123
      vertex -13.3425 16.7454 27.356
      vertex -13.2336 16.6467 27.4123
    endloop
  endfacet
  facet normal -0.290215 0 0.956962
    outer loop
      vertex -13.2553 16.5 27.4123
      vertex -13.1145 -16.5 27.455
      vertex -13.1145 16.5 27.455
    endloop
  endfacet
  facet normal -0.290215 0 0.956962
    outer loop
      vertex -13.1145 -16.5 27.455
      vertex -13.2553 16.5 27.4123
      vertex -13.2553 -16.5 27.4123
    endloop
  endfacet
  facet normal -0.0141025 0.096898 0.995194
    outer loop
      vertex -12.7716 16.719 27.4838
      vertex -12.7929 16.7159 27.4838
      vertex -12.7572 16.5732 27.4982
    endloop
  endfacet
  facet normal 0.0049805 0.0977988 0.995194
    outer loop
      vertex 12.7716 16.719 27.4838
      vertex 12.75 16.7201 27.4838
      vertex 12.7572 16.5732 27.4982
    endloop
  endfacet
  facet normal -0.088377 -0.042149 0.995195
    outer loop
      vertex -12.818 -16.5282 27.4982
      vertex -12.9441 -16.6038 27.4838
      vertex -12.8149 -16.5347 27.4982
    endloop
  endfacet
  facet normal -0.0840826 -0.0501784 0.995195
    outer loop
      vertex -12.8149 -16.5347 27.4982
      vertex -12.9441 -16.6038 27.4838
      vertex -12.8112 -16.5409 27.4982
    endloop
  endfacet
  facet normal -0.42631 -0.201936 0.881749
    outer loop
      vertex -13.3425 -16.7454 27.356
      vertex -13.4625 -16.7951 27.2866
      vertex -13.4301 -16.8635 27.2866
    endloop
  endfacet
  facet normal -0.426596 -0.201677 0.88167
    outer loop
      vertex -13.3425 -16.7454 27.356
      vertex -13.4301 -16.8635 27.2866
      vertex -13.3156 -16.8023 27.356
    endloop
  endfacet
  facet normal -0.37968 -0.280633 0.881526
    outer loop
      vertex -13.2832 -16.8563 27.356
      vertex -13.3461 -16.9892 27.2866
      vertex -13.2458 -16.9069 27.356
    endloop
  endfacet
  facet normal -0.233193 -0.172995 0.956919
    outer loop
      vertex -13.0317 -16.7312 27.455
      vertex -13.1702 -16.7807 27.4123
      vertex -13.1406 -16.8206 27.4123
    endloop
  endfacet
  facet normal -0.177229 -0.083189 0.980648
    outer loop
      vertex -12.9533 -16.5842 27.4838
      vertex -13.0867 -16.6395 27.455
      vertex -12.9441 -16.6038 27.4838
    endloop
  endfacet
  facet normal -0.281686 -0.0706244 0.956904
    outer loop
      vertex -13.1075 -16.5711 27.455
      vertex -13.2336 -16.6467 27.4123
      vertex -13.0988 -16.6058 27.455
    endloop
  endfacet
  facet normal -0.189966 -0.0476283 0.980635
    outer loop
      vertex -12.9659 -16.5429 27.4838
      vertex -13.1075 -16.5711 27.455
      vertex -13.0988 -16.6058 27.455
    endloop
  endfacet
  facet normal -0.28186 -0.0703184 0.956875
    outer loop
      vertex -13.1075 -16.5711 27.455
      vertex -13.2456 -16.5986 27.4123
      vertex -13.2336 -16.6467 27.4123
    endloop
  endfacet
  facet normal -0.287289 -0.0422006 0.956914
    outer loop
      vertex -13.1127 -16.5357 27.455
      vertex -13.2529 -16.5495 27.4123
      vertex -13.1075 -16.5711 27.455
    endloop
  endfacet
  facet normal -0.290003 -0.014622 0.956914
    outer loop
      vertex -13.1145 -16.5 27.455
      vertex -13.2529 -16.5495 27.4123
      vertex -13.1127 -16.5357 27.455
    endloop
  endfacet
  facet normal 0.616595 0.557966 0.555415
    outer loop
      vertex 13.7445 17.3162 26.7712
      vertex 13.6598 17.4098 26.7712
      vertex 13.6813 17.2643 26.8935
    endloop
  endfacet
  facet normal 0.558257 0.61591 0.555881
    outer loop
      vertex 13.6598 17.4098 26.7712
      vertex 13.5143 17.4313 26.8935
      vertex 13.6019 17.3519 26.8935
    endloop
  endfacet
  facet normal 0.642313 0.709307 0.290375
    outer loop
      vertex 13.6731 17.6248 26.3645
      vertex 13.646 17.5917 26.5053
      vertex 13.7487 17.4987 26.5053
    endloop
  endfacet
  facet normal 0.6201 0.684777 0.382828
    outer loop
      vertex 13.7487 17.4987 26.5053
      vertex 13.646 17.5917 26.5053
      vertex 13.7088 17.4588 26.6413
    endloop
  endfacet
  facet normal 0.591923 0.65412 0.470907
    outer loop
      vertex 13.6102 17.5482 26.6413
      vertex 13.5662 17.4945 26.7712
      vertex 13.6598 17.4098 26.7712
    endloop
  endfacet
  facet normal 0.592802 0.653806 0.470237
    outer loop
      vertex 13.7088 17.4588 26.6413
      vertex 13.6102 17.5482 26.6413
      vertex 13.6598 17.4098 26.7712
    endloop
  endfacet
  facet normal 0.355613 0.751397 0.555826
    outer loop
      vertex 13.3565 17.6347 26.7712
      vertex 13.2424 17.6887 26.7712
      vertex 13.3179 17.5625 26.8935
    endloop
  endfacet
  facet normal 0.330567 0.699441 0.633646
    outer loop
      vertex 13.3179 17.5625 26.8935
      vertex 13.1753 17.5268 27.0073
      vertex 13.2739 17.4802 27.0073
    endloop
  endfacet
  facet normal 0.426319 0.470621 0.772508
    outer loop
      vertex 13.389 17.2787 27.1114
      vertex 13.3169 17.1907 27.2048
      vertex 13.4623 17.2123 27.1114
    endloop
  endfacet
  facet normal 0.470014 0.426561 0.772744
    outer loop
      vertex 13.4623 17.2123 27.1114
      vertex 13.3818 17.1318 27.2048
      vertex 13.4407 17.0669 27.2048
    endloop
  endfacet
  facet normal 0.713751 0.426844 0.555305
    outer loop
      vertex 13.8198 17.2148 26.7712
      vertex 13.7518 17.1694 26.8935
      vertex 13.8125 17.0679 26.8935
    endloop
  endfacet
  facet normal 0.568252 0.421648 0.706613
    outer loop
      vertex 13.6091 17.2051 27.0073
      vertex 13.5287 17.139 27.1114
      vertex 13.6741 17.1175 27.0073
    endloop
  endfacet
  facet normal 0.113222 0.765064 0.633923
    outer loop
      vertex 12.985 17.6817 26.8935
      vertex 12.8681 17.699 26.8935
      vertex 12.9668 17.5901 27.0073
    endloop
  endfacet
  facet normal 0.103766 0.699887 0.706676
    outer loop
      vertex 12.9668 17.5901 27.0073
      vertex 12.8487 17.5025 27.1114
      vertex 12.9465 17.488 27.1114
    endloop
  endfacet
  facet normal 0.154139 0.615914 0.772587
    outer loop
      vertex 13.0424 17.464 27.1114
      vertex 12.9465 17.488 27.1114
      vertex 13.0094 17.3551 27.2048
    endloop
  endfacet
  facet normal 0.1585 0.444298 0.881747
    outer loop
      vertex 13.0451 17.2125 27.2866
      vertex 12.9739 17.2379 27.2866
      vertex 12.9954 17.0925 27.356
    endloop
  endfacet
  facet normal 0.427312 0.713065 0.555826
    outer loop
      vertex 13.3565 17.6347 26.7712
      vertex 13.3179 17.5625 26.8935
      vertex 13.4648 17.5698 26.7712
    endloop
  endfacet
  facet normal 0.271451 0.573705 0.772772
    outer loop
      vertex 13.2249 17.3884 27.1114
      vertex 13.1355 17.4307 27.1114
      vertex 13.1712 17.288 27.2048
    endloop
  endfacet
  facet normal 0.0284651 -0.193782 0.980632
    outer loop
      vertex 12.7929 -16.7159 27.4838
      vertex 12.7857 -16.8627 27.455
      vertex 12.8211 -16.8575 27.455
    endloop
  endfacet
  facet normal 0.0970531 0.0134796 0.995188
    outer loop
      vertex 12.9659 16.5429 27.4838
      vertex 12.8222 16.5144 27.4982
      vertex 12.8232 16.5072 27.4982
    endloop
  endfacet
  facet normal 0.124285 0.26238 0.956927
    outer loop
      vertex 12.9434 16.9669 27.4123
      vertex 12.8895 16.8367 27.455
      vertex 12.9218 16.8214 27.455
    endloop
  endfacet
  facet normal 0.0140696 0.290186 0.956867
    outer loop
      vertex 12.75 17.0053 27.4123
      vertex 12.75 16.8645 27.455
      vertex 12.7995 17.0029 27.4123
    endloop
  endfacet
  facet normal 0.0838674 0.177053 0.980621
    outer loop
      vertex 12.8895 16.8367 27.455
      vertex 12.8538 16.6941 27.4838
      vertex 12.9218 16.8214 27.455
    endloop
  endfacet
  facet normal 0.00543448 -0.0978206 0.995189
    outer loop
      vertex 12.75 -16.5736 27.4982
      vertex 12.75 -16.7201 27.4838
      vertex 12.7572 -16.5732 27.4982
    endloop
  endfacet
  facet normal 0.797642 0.377272 0.470566
    outer loop
      vertex 13.9459 17.1392 26.6413
      vertex 13.9387 16.9924 26.7712
      vertex 14.0028 17.0189 26.6413
    endloop
  endfacet
  facet normal 0.797477 0.377421 0.470726
    outer loop
      vertex 13.9459 17.1392 26.6413
      vertex 13.8847 17.1065 26.7712
      vertex 13.9387 16.9924 26.7712
    endloop
  endfacet
  facet normal 0.76866 0.56994 0.290398
    outer loop
      vertex 13.8748 17.4231 26.3645
      vertex 13.8417 17.396 26.5053
      vertex 13.9243 17.2846 26.5053
    endloop
  endfacet
  facet normal 0.742318 0.550408 0.382119
    outer loop
      vertex 13.9243 17.2846 26.5053
      vertex 13.8417 17.396 26.5053
      vertex 13.8775 17.2533 26.6413
    endloop
  endfacet
  facet normal 0.371473 0.0926751 0.923807
    outer loop
      vertex 13.379 16.6251 27.356
      vertex 13.2336 16.6467 27.4123
      vertex 13.2456 16.5986 27.4123
    endloop
  endfacet
  facet normal 0.42631 0.201936 0.881749
    outer loop
      vertex 13.4301 16.8635 27.2866
      vertex 13.3425 16.7454 27.356
      vertex 13.4625 16.7951 27.2866
    endloop
  endfacet
  facet normal 0.544885 0.326061 0.772518
    outer loop
      vertex 13.5876 17.0596 27.1114
      vertex 13.493 16.9964 27.2048
      vertex 13.538 16.9212 27.2048
    endloop
  endfacet
  facet normal 0.509977 0.378323 0.772525
    outer loop
      vertex 13.5876 17.0596 27.1114
      vertex 13.4407 17.0669 27.2048
      vertex 13.493 16.9964 27.2048
    endloop
  endfacet
  facet normal -0.592495 0.79956 0.0982521
    outer loop
      vertex -13.5824 17.7457 26.0736
      vertex -13.6913 17.647 26.2201
      vertex -13.5743 17.7337 26.2201
    endloop
  endfacet
  facet normal -0.593239 0.799113 0.0973968
    outer loop
      vertex -13.5824 17.7457 26.0736
      vertex -13.7004 17.6581 26.0736
      vertex -13.6913 17.647 26.2201
    endloop
  endfacet
  facet normal -0.709092 0.642741 0.289953
    outer loop
      vertex -13.7789 17.5289 26.3645
      vertex -13.8748 17.4231 26.3645
      vertex -13.7487 17.4987 26.5053
    endloop
  endfacet
  facet normal -0.642741 0.709092 0.289953
    outer loop
      vertex -13.6731 17.6248 26.3645
      vertex -13.7789 17.5289 26.3645
      vertex -13.7487 17.4987 26.5053
    endloop
  endfacet
  facet normal 0 0 -1
    outer loop
      vertex 9 3.5 9.7
      vertex 11 5.5 9.7
      vertex 11 3.5 9.7
    endloop
  endfacet
  facet normal -0 0 -1
    outer loop
      vertex 11 5.5 9.7
      vertex 9 3.5 9.7
      vertex 9 5.5 9.7
    endloop
  endfacet
  facet normal 0 0 -1
    outer loop
      vertex 9 -16.5 9.7
      vertex 11 -14.5 9.7
      vertex 11 -16.5 9.7
    endloop
  endfacet
  facet normal -0 0 -1
    outer loop
      vertex 11 -14.5 9.7
      vertex 9 -16.5 9.7
      vertex 9 -14.5 9.7
    endloop
  endfacet
  facet normal 0 0 -1
    outer loop
      vertex -11 -16.5 9.7
      vertex -9 -14.5 9.7
      vertex -9 -16.5 9.7
    endloop
  endfacet
  facet normal -0 0 -1
    outer loop
      vertex -9 -14.5 9.7
      vertex -11 -16.5 9.7
      vertex -11 -14.5 9.7
    endloop
  endfacet
  facet normal 0 0 -1
    outer loop
      vertex -11 3.5 9.7
      vertex -9 5.5 9.7
      vertex -9 3.5 9.7
    endloop
  endfacet
  facet normal -0 0 -1
    outer loop
      vertex -9 5.5 9.7
      vertex -11 3.5 9.7
      vertex -11 5.5 9.7
    endloop
  endfacet
  facet normal -0.214521 0.855989 0.470387
    outer loop
      vertex -13.0145 17.8299 26.6413
      vertex -13.1235 17.7312 26.7712
      vertex -13.001 17.7619 26.7712
    endloop
  endfacet
  facet normal -0.214149 0.855933 0.470657
    outer loop
      vertex -13.0145 17.8299 26.6413
      vertex -13.1436 17.7976 26.6413
      vertex -13.1235 17.7312 26.7712
    endloop
  endfacet
  facet normal -0.65412 0.591923 0.470907
    outer loop
      vertex -13.6598 17.4098 26.7712
      vertex -13.7982 17.3602 26.6413
      vertex -13.7445 17.3162 26.7712
    endloop
  endfacet
  facet normal -0.653806 0.592802 0.470237
    outer loop
      vertex -13.7088 17.4588 26.6413
      vertex -13.7982 17.3602 26.6413
      vertex -13.6598 17.4098 26.7712
    endloop
  endfacet
  facet normal -0.639943 0.302448 0.706398
    outer loop
      vertex -13.7302 17.0239 27.0073
      vertex -13.7768 16.9253 27.0073
      vertex -13.6807 16.8855 27.1114
    endloop
  endfacet
  facet normal -0.621143 0.460894 0.633844
    outer loop
      vertex -13.6091 17.2051 27.0073
      vertex -13.6813 17.2643 26.8935
      vertex -13.6741 17.1175 27.0073
    endloop
  endfacet
  facet normal -0.331274 0.446596 0.831149
    outer loop
      vertex -13.1784 17.1412 27.2866
      vertex -13.3169 17.1907 27.2048
      vertex -13.2392 17.0961 27.2866
    endloop
  endfacet
  facet normal -0.316741 0.349787 0.88166
    outer loop
      vertex -13.2392 17.0961 27.2866
      vertex -13.2953 17.0453 27.2866
      vertex -13.2035 16.9535 27.356
    endloop
  endfacet
  facet normal -0.92829 0.23259 0.290136
    outer loop
      vertex -14.1015 16.91 26.5053
      vertex -14.1424 16.9224 26.3645
      vertex -14.1352 16.7755 26.5053
    endloop
  endfacet
  facet normal -0.901022 0.322464 0.29013
    outer loop
      vertex -14.0943 17.0568 26.3645
      vertex -14.1424 16.9224 26.3645
      vertex -14.1015 16.91 26.5053
    endloop
  endfacet
  facet normal -0.965324 0.242015 0.0978698
    outer loop
      vertex -14.1837 16.9349 26.0736
      vertex -14.2053 16.7895 26.2201
      vertex -14.1699 16.9307 26.2201
    endloop
  endfacet
  facet normal -0.965437 0.241698 0.0975387
    outer loop
      vertex -14.1837 16.9349 26.0736
      vertex -14.2194 16.7923 26.0736
      vertex -14.2053 16.7895 26.2201
    endloop
  endfacet
  facet normal -0.706689 -0.0343679 0.706689
    outer loop
      vertex -13.7573 -16.5 27.1114
      vertex -13.8614 -16.5 27.0073
      vertex -13.7525 -16.5987 27.1114
    endloop
  endfacet
  facet normal -0.706701 -0.0343941 0.706676
    outer loop
      vertex -13.7525 -16.5987 27.1114
      vertex -13.8614 -16.5 27.0073
      vertex -13.8561 -16.6089 27.0073
    endloop
  endfacet
  facet normal -0.765064 -0.113222 0.633923
    outer loop
      vertex -13.8401 -16.7168 27.0073
      vertex -13.949 -16.6181 26.8935
      vertex -13.9317 -16.735 26.8935
    endloop
  endfacet
  facet normal -0.765139 -0.113459 0.63379
    outer loop
      vertex -13.8561 -16.6089 27.0073
      vertex -13.949 -16.6181 26.8935
      vertex -13.8401 -16.7168 27.0073
    endloop
  endfacet
  facet normal -0.686368 -0.171771 0.706678
    outer loop
      vertex -13.738 -16.6965 27.1114
      vertex -13.8401 -16.7168 27.0073
      vertex -13.714 -16.7924 27.1114
    endloop
  endfacet
  facet normal -0.686402 -0.171925 0.706607
    outer loop
      vertex -13.714 -16.7924 27.1114
      vertex -13.8401 -16.7168 27.0073
      vertex -13.8136 -16.8226 27.0073
    endloop
  endfacet
  facet normal -0.550159 -0.081223 0.831101
    outer loop
      vertex -13.5174 -16.5756 27.2866
      vertex -13.6392 -16.5876 27.2048
      vertex -13.6264 -16.6743 27.2048
    endloop
  endfacet
  facet normal -0.628127 -0.0927338 0.772565
    outer loop
      vertex -13.6392 -16.5876 27.2048
      vertex -13.738 -16.6965 27.1114
      vertex -13.6264 -16.6743 27.2048
    endloop
  endfacet
  facet normal -0.0430938 -0.881103 0.470957
    outer loop
      vertex -12.8761 -17.7804 26.7712
      vertex -12.8829 -17.8495 26.6413
      vertex -12.75 -17.856 26.6413
    endloop
  endfacet
  facet normal -0.187966 -0.750444 0.633642
    outer loop
      vertex -13.0726 -17.5636 27.0073
      vertex -13.0997 -17.6529 26.8935
      vertex -12.9668 -17.5901 27.0073
    endloop
  endfacet
  facet normal -0.279737 -0.782983 0.555595
    outer loop
      vertex -13.2111 -17.6131 26.8935
      vertex -13.2424 -17.6887 26.7712
      vertex -13.0997 -17.6529 26.8935
    endloop
  endfacet
  facet normal -0.297051 -0.830815 0.470645
    outer loop
      vertex -13.1235 -17.7312 26.7712
      vertex -13.2689 -17.7528 26.6413
      vertex -13.1436 -17.7976 26.6413
    endloop
  endfacet
  facet normal -0.355997 -0.751393 0.555585
    outer loop
      vertex -13.2111 -17.6131 26.8935
      vertex -13.3179 -17.5625 26.8935
      vertex -13.2424 -17.6887 26.7712
    endloop
  endfacet
  facet normal -0.453668 -0.756777 0.47061
    outer loop
      vertex -13.4648 -17.5698 26.7712
      vertex -13.5033 -17.6275 26.6413
      vertex -13.3892 -17.6959 26.6413
    endloop
  endfacet
  facet normal -0.224581 -0.896325 0.382316
    outer loop
      vertex -13.1436 -17.7976 26.6413
      vertex -13.16 -17.8515 26.5053
      vertex -13.0255 -17.8852 26.5053
    endloop
  endfacet
  facet normal -0.224247 -0.896293 0.382586
    outer loop
      vertex -13.0145 -17.8299 26.6413
      vertex -13.1436 -17.7976 26.6413
      vertex -13.0255 -17.8852 26.5053
    endloop
  endfacet
  facet normal -0.841131 -0.504409 0.195113
    outer loop
      vertex -14.0332 -17.1859 26.3645
      vertex -14.0586 -17.1994 26.2201
      vertex -13.9837 -17.3243 26.2201
    endloop
  endfacet
  facet normal -0.76866 -0.56994 0.290398
    outer loop
      vertex -13.8417 -17.396 26.5053
      vertex -13.9243 -17.2846 26.5053
      vertex -13.8748 -17.4231 26.3645
    endloop
  endfacet
  facet normal -0.886804 -0.419143 0.194674
    outer loop
      vertex -14.0943 -17.0568 26.3645
      vertex -14.1208 -17.0678 26.2201
      vertex -14.0586 -17.1994 26.2201
    endloop
  endfacet
  facet normal -0.899772 -0.425272 0.0977403
    outer loop
      vertex -14.0586 -17.1994 26.2201
      vertex -14.1208 -17.0678 26.2201
      vertex -14.0713 -17.2062 26.0736
    endloop
  endfacet
  facet normal -0.97961 -0.0485089 0.194963
    outer loop
      vertex -14.198 -16.6426 26.3645
      vertex -14.2338 -16.5 26.2201
      vertex -14.2266 -16.6454 26.2201
    endloop
  endfacet
  facet normal -0.97027 -0.14342 0.194954
    outer loop
      vertex -14.198 -16.6426 26.3645
      vertex -14.2266 -16.6454 26.2201
      vertex -14.2053 -16.7895 26.2201
    endloop
  endfacet
  facet normal -0.993998 -0.0492213 0.0977035
    outer loop
      vertex -14.2338 -16.5 26.2201
      vertex -14.2482 -16.5 26.0736
      vertex -14.2266 -16.6454 26.2201
    endloop
  endfacet
  facet normal -0.993975 -0.0487508 0.0981672
    outer loop
      vertex -14.2266 -16.6454 26.2201
      vertex -14.2482 -16.5 26.0736
      vertex -14.241 -16.6468 26.0736
    endloop
  endfacet
  facet normal 0.0926751 -0.371473 0.923807
    outer loop
      vertex 12.8967 -16.9836 27.4123
      vertex 12.8486 -16.9956 27.4123
      vertex 12.8751 -17.129 27.356
    endloop
  endfacet
  facet normal 0.0563033 -0.378698 0.923806
    outer loop
      vertex 12.8486 -16.9956 27.4123
      vertex 12.7995 -17.0029 27.4123
      vertex 12.8751 -17.129 27.356
    endloop
  endfacet
  facet normal 0.186786 -0.52359 0.831243
    outer loop
      vertex 13.0451 -17.2125 27.2866
      vertex 12.9739 -17.2379 27.2866
      vertex 13.0094 -17.3551 27.2048
    endloop
  endfacet
  facet normal 0.187893 -0.523688 0.830931
    outer loop
      vertex 13.0451 -17.2125 27.2866
      vertex 13.0094 -17.3551 27.2048
      vertex 13.0919 -17.3255 27.2048
    endloop
  endfacet
  facet normal 0.1585 -0.444298 0.881747
    outer loop
      vertex 12.9954 -17.0925 27.356
      vertex 12.9739 -17.2379 27.2866
      vertex 13.0451 -17.2125 27.2866
    endloop
  endfacet
  facet normal 0.201936 -0.42631 0.881749
    outer loop
      vertex 13.1135 -17.1801 27.2866
      vertex 12.9954 -17.0925 27.356
      vertex 13.0451 -17.2125 27.2866
    endloop
  endfacet
  facet normal 0.0416291 -0.0886881 0.995189
    outer loop
      vertex 12.8538 -16.6941 27.4838
      vertex 12.7782 -16.568 27.4982
      vertex 12.8342 -16.7033 27.4838
    endloop
  endfacet
  facet normal 0.0661672 -0.184284 0.980643
    outer loop
      vertex 12.8895 -16.8367 27.455
      vertex 12.8342 -16.7033 27.4838
      vertex 12.8558 -16.8488 27.455
    endloop
  endfacet
  facet normal 0.228182 -0.307583 0.923756
    outer loop
      vertex 13.0706 -16.8906 27.4123
      vertex 13.0307 -16.9202 27.4123
      vertex 13.1063 -17.0332 27.356
    endloop
  endfacet
  facet normal 0.172995 -0.233193 0.956919
    outer loop
      vertex 13.0706 -16.8906 27.4123
      vertex 12.9812 -16.7817 27.455
      vertex 13.0307 -16.9202 27.4123
    endloop
  endfacet
  facet normal 0.157318 -0.116755 0.980622
    outer loop
      vertex 13.053 -16.7025 27.455
      vertex 12.933 -16.6223 27.4838
      vertex 13.0317 -16.7312 27.455
    endloop
  endfacet
  facet normal 0.13146 -0.145154 0.980637
    outer loop
      vertex 13.0077 -16.7577 27.455
      vertex 12.9056 -16.6556 27.4838
      vertex 12.9812 -16.7817 27.455
    endloop
  endfacet
  facet normal 0.307583 -0.228182 0.923756
    outer loop
      vertex 13.1702 -16.7807 27.4123
      vertex 13.1406 -16.8206 27.4123
      vertex 13.2832 -16.8563 27.356
    endloop
  endfacet
  facet normal 0.37968 -0.280633 0.881526
    outer loop
      vertex 13.2832 -16.8563 27.356
      vertex 13.2458 -16.9069 27.356
      vertex 13.3461 -16.9892 27.2866
    endloop
  endfacet
  facet normal 0.145121 -0.131515 0.980634
    outer loop
      vertex 12.9201 -16.6396 27.4838
      vertex 12.9056 -16.6556 27.4838
      vertex 13.0317 -16.7312 27.455
    endloop
  endfacet
  facet normal 0.194963 -0.215272 0.956895
    outer loop
      vertex 13.0077 -16.7577 27.455
      vertex 12.9812 -16.7817 27.455
      vertex 13.1073 -16.8573 27.4123
    endloop
  endfacet
  facet normal 0.0978206 0.00543448 0.995189
    outer loop
      vertex 12.9701 16.5 27.4838
      vertex 12.8232 16.5072 27.4982
      vertex 12.8236 16.5 27.4982
    endloop
  endfacet
  facet normal -0.215272 -0.194963 0.956895
    outer loop
      vertex -13.0317 -16.7312 27.455
      vertex -13.1073 -16.8573 27.4123
      vertex -13.0077 -16.7577 27.455
    endloop
  endfacet
  facet normal -0.194963 -0.215272 0.956895
    outer loop
      vertex -13.0077 -16.7577 27.455
      vertex -13.1073 -16.8573 27.4123
      vertex -12.9812 -16.7817 27.455
    endloop
  endfacet
  facet normal -0.228182 -0.307583 0.923756
    outer loop
      vertex -13.0706 -16.8906 27.4123
      vertex -13.1063 -17.0332 27.356
      vertex -13.0307 -16.9202 27.4123
    endloop
  endfacet
  facet normal -0.172995 -0.233193 0.956919
    outer loop
      vertex -12.9812 -16.7817 27.455
      vertex -13.0706 -16.8906 27.4123
      vertex -13.0307 -16.9202 27.4123
    endloop
  endfacet
  facet normal -0.100721 -0.16805 0.980619
    outer loop
      vertex -12.8538 -16.6941 27.4838
      vertex -12.9525 -16.803 27.455
      vertex -12.9218 -16.8214 27.455
    endloop
  endfacet
  facet normal -0.100792 -0.167987 0.980623
    outer loop
      vertex -12.8723 -16.683 27.4838
      vertex -12.9525 -16.803 27.455
      vertex -12.8538 -16.6941 27.4838
    endloop
  endfacet
  facet normal -0.0981006 -0.273222 0.956936
    outer loop
      vertex -12.8895 -16.8367 27.455
      vertex -12.9434 -16.9669 27.4123
      vertex -12.8558 -16.8488 27.455
    endloop
  endfacet
  facet normal -0.128975 -0.360666 0.923735
    outer loop
      vertex -12.9434 -16.9669 27.4123
      vertex -12.9954 -17.0925 27.356
      vertex -12.8967 -16.9836 27.4123
    endloop
  endfacet
  facet normal -0.197047 -0.328412 0.923752
    outer loop
      vertex -12.9882 -16.9457 27.4123
      vertex -13.1063 -17.0332 27.356
      vertex -13.0523 -17.0656 27.356
    endloop
  endfacet
  facet normal -0.16369 -0.346245 0.923753
    outer loop
      vertex -12.9882 -16.9457 27.4123
      vertex -13.0523 -17.0656 27.356
      vertex -12.9954 -17.0925 27.356
    endloop
  endfacet
  facet normal -0.0284651 -0.193782 0.980632
    outer loop
      vertex -12.7929 -16.7159 27.4838
      vertex -12.8211 -16.8575 27.455
      vertex -12.7857 -16.8627 27.455
    endloop
  endfacet
  facet normal -0.0422006 -0.287289 0.956914
    outer loop
      vertex -12.7857 -16.8627 27.455
      vertex -12.8211 -16.8575 27.455
      vertex -12.7995 -17.0029 27.4123
    endloop
  endfacet
  facet normal -0.083189 -0.177229 0.980648
    outer loop
      vertex -12.8538 -16.6941 27.4838
      vertex -12.8895 -16.8367 27.455
      vertex -12.8342 -16.7033 27.4838
    endloop
  endfacet
  facet normal -0.0661672 -0.184284 0.980643
    outer loop
      vertex -12.8342 -16.7033 27.4838
      vertex -12.8895 -16.8367 27.455
      vertex -12.8558 -16.8488 27.455
    endloop
  endfacet
  facet normal 0.0726008 -0.0657945 0.995189
    outer loop
      vertex 12.9201 -16.6396 27.4838
      vertex 12.8069 -16.5467 27.4982
      vertex 12.9056 -16.6556 27.4838
    endloop
  endfacet
  facet normal 0.096898 -0.0141025 0.995194
    outer loop
      vertex 12.969 -16.5216 27.4838
      vertex 12.8232 -16.5072 27.4982
      vertex 12.9659 -16.5429 27.4838
    endloop
  endfacet
  facet normal -0.134981 -0.53929 0.831232
    outer loop
      vertex -12.9004 -17.2563 27.2866
      vertex -13.0094 -17.3551 27.2048
      vertex -12.9243 -17.3764 27.2048
    endloop
  endfacet
  facet normal -0.135002 -0.539273 0.831239
    outer loop
      vertex -12.9739 -17.2379 27.2866
      vertex -13.0094 -17.3551 27.2048
      vertex -12.9004 -17.2563 27.2866
    endloop
  endfacet
  facet normal -0.446596 -0.331274 0.831149
    outer loop
      vertex -13.3912 -16.9284 27.2866
      vertex -13.4407 -17.0669 27.2048
      vertex -13.3461 -16.9892 27.2866
    endloop
  endfacet
  facet normal -0.446573 -0.331287 0.831157
    outer loop
      vertex -13.3912 -16.9284 27.2866
      vertex -13.493 -16.9964 27.2048
      vertex -13.4407 -17.0669 27.2048
    endloop
  endfacet
  facet normal -0.870078 -0.311089 0.382346
    outer loop
      vertex -14.0476 -16.8936 26.6413
      vertex -14.1015 -16.91 26.5053
      vertex -14.0028 -17.0189 26.6413
    endloop
  endfacet
  facet normal -0.901039 -0.322441 0.290105
    outer loop
      vertex -14.0548 -17.0405 26.5053
      vertex -14.1015 -16.91 26.5053
      vertex -14.0943 -17.0568 26.3645
    endloop
  endfacet
  facet normal -0.756777 -0.453668 0.47061
    outer loop
      vertex -13.8198 -17.2148 26.7712
      vertex -13.9459 -17.1392 26.6413
      vertex -13.8775 -17.2533 26.6413
    endloop
  endfacet
  facet normal -0.756799 -0.45352 0.470717
    outer loop
      vertex -13.8847 -17.1065 26.7712
      vertex -13.9459 -17.1392 26.6413
      vertex -13.8198 -17.2148 26.7712
    endloop
  endfacet
  facet normal -0.913838 -0.136104 0.382591
    outer loop
      vertex -14.0995 -16.6329 26.6413
      vertex -14.1352 -16.7755 26.5053
      vertex -14.0799 -16.7645 26.6413
    endloop
  endfacet
  facet normal -0.896293 -0.224247 0.382586
    outer loop
      vertex -14.0799 -16.7645 26.6413
      vertex -14.1352 -16.7755 26.5053
      vertex -14.0476 -16.8936 26.6413
    endloop
  endfacet
  facet normal 0 -0.772988 0.634421
    outer loop
      vertex -12.75 -17.7048 26.8935
      vertex 12.75 -17.6114 27.0073
      vertex -12.75 -17.6114 27.0073
    endloop
  endfacet
  facet normal 0 -0.772988 0.634421
    outer loop
      vertex 12.75 -17.6114 27.0073
      vertex -12.75 -17.7048 26.8935
      vertex 12.75 -17.7048 26.8935
    endloop
  endfacet
  facet normal -0.0308322 -0.633987 0.772729
    outer loop
      vertex -12.8376 -17.3892 27.2048
      vertex -12.8487 -17.5025 27.1114
      vertex -12.75 -17.5073 27.1114
    endloop
  endfacet
  facet normal 0.0311266 -0.634113 0.772613
    outer loop
      vertex 12.75 -17.3935 27.2048
      vertex 12.75 -17.5073 27.1114
      vertex 12.8376 -17.3892 27.2048
    endloop
  endfacet
  facet normal 0 -0.707107 0.707107
    outer loop
      vertex -12.75 -17.6114 27.0073
      vertex 12.75 -17.5073 27.1114
      vertex -12.75 -17.5073 27.1114
    endloop
  endfacet
  facet normal 0 -0.707107 0.707107
    outer loop
      vertex 12.75 -17.5073 27.1114
      vertex -12.75 -17.6114 27.0073
      vertex 12.75 -17.6114 27.0073
    endloop
  endfacet
  facet normal -0.460894 -0.621143 0.633844
    outer loop
      vertex -13.4551 -17.3591 27.0073
      vertex -13.5143 -17.4313 26.8935
      vertex -13.3675 -17.4241 27.0073
    endloop
  endfacet
  facet normal -0.461118 -0.62071 0.634105
    outer loop
      vertex -13.3675 -17.4241 27.0073
      vertex -13.5143 -17.4313 26.8935
      vertex -13.4194 -17.5018 26.8935
    endloop
  endfacet
  facet normal -0.213829 -0.597823 0.772583
    outer loop
      vertex -13.0094 -17.3551 27.2048
      vertex -13.1355 -17.4307 27.1114
      vertex -13.0424 -17.464 27.1114
    endloop
  endfacet
  facet normal -0.214313 -0.597325 0.772834
    outer loop
      vertex -13.0919 -17.3255 27.2048
      vertex -13.1355 -17.4307 27.1114
      vertex -13.0094 -17.3551 27.2048
    endloop
  endfacet
  facet normal 0.663628 -0.396869 0.634107
    outer loop
      vertex 13.8125 -17.0679 26.8935
      vertex 13.6741 -17.1175 27.0073
      vertex 13.7518 -17.1694 26.8935
    endloop
  endfacet
  facet normal 0.62071 -0.461118 0.634105
    outer loop
      vertex 13.7518 -17.1694 26.8935
      vertex 13.6741 -17.1175 27.0073
      vertex 13.6813 -17.2643 26.8935
    endloop
  endfacet
  facet normal 0.941527 -0.336939 0.000112228
    outer loop
      vertex 14.1854 -16.9354 9.71
      vertex 14.1341 -17.0733 26.0736
      vertex 14.1358 -17.074 9.71
    endloop
  endfacet
  facet normal 0.941372 -0.33737 0.000108107
    outer loop
      vertex 14.1837 -16.9349 26.0736
      vertex 14.1341 -17.0733 26.0736
      vertex 14.1854 -16.9354 9.71
    endloop
  endfacet
  facet normal 0.371506 -0.0930285 0.923758
    outer loop
      vertex 13.379 -16.6251 27.356
      vertex 13.2336 -16.6467 27.4123
      vertex 13.3637 -16.6862 27.356
    endloop
  endfacet
  facet normal 0.36055 -0.129116 0.92376
    outer loop
      vertex 13.3637 -16.6862 27.356
      vertex 13.2336 -16.6467 27.4123
      vertex 13.3425 -16.7454 27.356
    endloop
  endfacet
  facet normal 0.750444 -0.187966 0.633642
    outer loop
      vertex 13.8401 -16.7168 27.0073
      vertex 13.8136 -16.8226 27.0073
      vertex 13.9029 -16.8497 26.8935
    endloop
  endfacet
  facet normal 0.686402 -0.171925 0.706607
    outer loop
      vertex 13.8401 -16.7168 27.0073
      vertex 13.714 -16.7924 27.1114
      vertex 13.8136 -16.8226 27.0073
    endloop
  endfacet
  facet normal 0.0407888 -0.830543 0.555458
    outer loop
      vertex 12.8681 -17.699 26.8935
      vertex 12.75 -17.7048 26.8935
      vertex 12.8761 -17.7804 26.7712
    endloop
  endfacet
  facet normal 0.121734 -0.822586 0.555457
    outer loop
      vertex 12.985 -17.6817 26.8935
      vertex 12.8681 -17.699 26.8935
      vertex 12.8761 -17.7804 26.7712
    endloop
  endfacet
  facet normal 0.260163 -0.728196 0.63407
    outer loop
      vertex 13.1753 -17.5268 27.0073
      vertex 13.0997 -17.6529 26.8935
      vertex 13.2111 -17.6131 26.8935
    endloop
  endfacet
  facet normal 0.330567 -0.699441 0.633646
    outer loop
      vertex 13.2739 -17.4802 27.0073
      vertex 13.1753 -17.5268 27.0073
      vertex 13.3179 -17.5625 26.8935
    endloop
  endfacet
  facet normal 0.134981 -0.53929 0.831232
    outer loop
      vertex 13.0094 -17.3551 27.2048
      vertex 12.9004 -17.2563 27.2866
      vertex 12.9243 -17.3764 27.2048
    endloop
  endfacet
  facet normal 0.0816042 -0.549909 0.831228
    outer loop
      vertex 12.9004 -17.2563 27.2866
      vertex 12.8256 -17.2674 27.2866
      vertex 12.9243 -17.3764 27.2048
    endloop
  endfacet
  facet normal 0.412157 -0.373219 0.831164
    outer loop
      vertex 13.3461 -16.9892 27.2866
      vertex 13.2953 -17.0453 27.2866
      vertex 13.4407 -17.0669 27.2048
    endloop
  endfacet
  facet normal 0.349787 -0.316741 0.88166
    outer loop
      vertex 13.3461 -16.9892 27.2866
      vertex 13.2035 -16.9535 27.356
      vertex 13.2953 -17.0453 27.2866
    endloop
  endfacet
  facet normal 0.42155 -0.56827 0.706658
    outer loop
      vertex 13.389 -17.2787 27.1114
      vertex 13.3096 -17.3376 27.1114
      vertex 13.3675 -17.4241 27.0073
    endloop
  endfacet
  facet normal 0.36394 -0.606806 0.706636
    outer loop
      vertex 13.3096 -17.3376 27.1114
      vertex 13.2249 -17.3884 27.1114
      vertex 13.3675 -17.4241 27.0073
    endloop
  endfacet
  facet normal 0.495784 -0.66763 0.5554
    outer loop
      vertex 13.5143 -17.4313 26.8935
      vertex 13.4648 -17.5698 26.7712
      vertex 13.5662 -17.4945 26.7712
    endloop
  endfacet
  facet normal 0.557966 -0.616595 0.555415
    outer loop
      vertex 13.6598 -17.4098 26.7712
      vertex 13.5143 -17.4313 26.8935
      vertex 13.5662 -17.4945 26.7712
    endloop
  endfacet
  facet normal 0.336939 -0.941527 0.000112228
    outer loop
      vertex 13.3233 -17.8841 26.0736
      vertex 13.1854 -17.9354 9.71
      vertex 13.324 -17.8858 9.71
    endloop
  endfacet
  facet normal 0.596073 -0.80293 0.000112407
    outer loop
      vertex 13.7004 -17.6581 26.0736
      vertex 13.5824 -17.7457 26.0736
      vertex 13.7016 -17.6595 9.71
    endloop
  endfacet
  facet normal 0.514096 -0.857733 0.000110043
    outer loop
      vertex 13.5824 -17.7457 26.0736
      vertex 13.4571 -17.8229 9.71
      vertex 13.5834 -17.7472 9.71
    endloop
  endfacet
  facet normal 0.595861 -0.803088 0.00011003
    outer loop
      vertex 13.7016 -17.6595 9.71
      vertex 13.5824 -17.7457 26.0736
      vertex 13.5834 -17.7472 9.71
    endloop
  endfacet
  facet normal 0.511435 -0.853744 0.0977496
    outer loop
      vertex 13.5824 -17.7457 26.0736
      vertex 13.4494 -17.8086 26.2201
      vertex 13.4562 -17.8213 26.0736
    endloop
  endfacet
  facet normal 0.511808 -0.853468 0.0982066
    outer loop
      vertex 13.5743 -17.7337 26.2201
      vertex 13.4494 -17.8086 26.2201
      vertex 13.5824 -17.7457 26.0736
    endloop
  endfacet
  facet normal 0.52359 -0.186786 0.831243
    outer loop
      vertex 13.4879 -16.7239 27.2866
      vertex 13.4625 -16.7951 27.2866
      vertex 13.6051 -16.7594 27.2048
    endloop
  endfacet
  facet normal 0.444298 -0.1585 0.881747
    outer loop
      vertex 13.4879 -16.7239 27.2866
      vertex 13.3425 -16.7454 27.356
      vertex 13.4625 -16.7951 27.2866
    endloop
  endfacet
  facet normal 0.311089 0.870078 0.382346
    outer loop
      vertex 13.16 17.8515 26.5053
      vertex 13.1436 17.7976 26.6413
      vertex 13.2689 17.7528 26.6413
    endloop
  endfacet
  facet normal 0.297051 0.830815 0.470645
    outer loop
      vertex 13.1436 17.7976 26.6413
      vertex 13.1235 17.7312 26.7712
      vertex 13.2689 17.7528 26.6413
    endloop
  endfacet
  facet normal -0.686368 0.171771 0.706678
    outer loop
      vertex -13.714 16.7924 27.1114
      vertex -13.8401 16.7168 27.0073
      vertex -13.738 16.6965 27.1114
    endloop
  endfacet
  facet normal -0.666471 0.238383 0.706393
    outer loop
      vertex -13.6807 16.8855 27.1114
      vertex -13.7768 16.9253 27.0073
      vertex -13.714 16.7924 27.1114
    endloop
  endfacet
  facet normal -0.62071 0.461118 0.634105
    outer loop
      vertex -13.6813 17.2643 26.8935
      vertex -13.7518 17.1694 26.8935
      vertex -13.6741 17.1175 27.0073
    endloop
  endfacet
  facet normal -0.797642 0.377272 0.470566
    outer loop
      vertex -13.9459 17.1392 26.6413
      vertex -14.0028 17.0189 26.6413
      vertex -13.9387 16.9924 26.7712
    endloop
  endfacet
  facet normal -0.502681 0.238112 0.831032
    outer loop
      vertex -13.4301 16.8635 27.2866
      vertex -13.538 16.9212 27.2048
      vertex -13.4625 16.7951 27.2866
    endloop
  endfacet
  facet normal -0.550159 0.081223 0.831101
    outer loop
      vertex -13.6264 16.6743 27.2048
      vertex -13.6392 16.5876 27.2048
      vertex -13.5174 16.5756 27.2866
    endloop
  endfacet
  facet normal -0.471304 0.023228 0.881665
    outer loop
      vertex -13.3882 16.5629 27.356
      vertex -13.5174 16.5756 27.2866
      vertex -13.3913 16.5 27.356
    endloop
  endfacet
  facet normal -0.382519 0.0188523 0.923755
    outer loop
      vertex -13.3882 16.5629 27.356
      vertex -13.3913 16.5 27.356
      vertex -13.2529 16.5495 27.4123
    endloop
  endfacet
  facet normal -0.549909 0.0816042 0.831228
    outer loop
      vertex -13.5063 16.6504 27.2866
      vertex -13.6264 16.6743 27.2048
      vertex -13.5174 16.5756 27.2866
    endloop
  endfacet
  facet normal -0.597823 0.213829 0.772583
    outer loop
      vertex -13.6807 16.8855 27.1114
      vertex -13.714 16.7924 27.1114
      vertex -13.6051 16.7594 27.2048
    endloop
  endfacet
  facet normal -0.444298 -0.1585 0.881747
    outer loop
      vertex -13.3425 -16.7454 27.356
      vertex -13.4879 -16.7239 27.2866
      vertex -13.4625 -16.7951 27.2866
    endloop
  endfacet
  facet normal -0.444329 -0.159118 0.88162
    outer loop
      vertex -13.3637 -16.6862 27.356
      vertex -13.4879 -16.7239 27.2866
      vertex -13.3425 -16.7454 27.356
    endloop
  endfacet
  facet normal -0.37893 -0.281081 0.881706
    outer loop
      vertex -13.2832 -16.8563 27.356
      vertex -13.3912 -16.9284 27.2866
      vertex -13.3461 -16.9892 27.2866
    endloop
  endfacet
  facet normal -0.404661 -0.242547 0.881715
    outer loop
      vertex -13.2832 -16.8563 27.356
      vertex -13.4301 -16.8635 27.2866
      vertex -13.3912 -16.9284 27.2866
    endloop
  endfacet
  facet normal -0.0308322 0.633987 0.772729
    outer loop
      vertex -12.75 17.5073 27.1114
      vertex -12.8487 17.5025 27.1114
      vertex -12.8376 17.3892 27.2048
    endloop
  endfacet
  facet normal -0.0343679 0.706689 0.706689
    outer loop
      vertex -12.75 17.6114 27.0073
      vertex -12.8487 17.5025 27.1114
      vertex -12.75 17.5073 27.1114
    endloop
  endfacet
  facet normal -0.154139 0.615914 0.772587
    outer loop
      vertex -12.9465 17.488 27.1114
      vertex -13.0424 17.464 27.1114
      vertex -13.0094 17.3551 27.2048
    endloop
  endfacet
  facet normal -0.171771 0.686368 0.706678
    outer loop
      vertex -12.9668 17.5901 27.0073
      vertex -13.0424 17.464 27.1114
      vertex -12.9465 17.488 27.1114
    endloop
  endfacet
  facet normal -0.154161 0.615919 0.772579
    outer loop
      vertex -12.9465 17.488 27.1114
      vertex -13.0094 17.3551 27.2048
      vertex -12.9243 17.3764 27.2048
    endloop
  endfacet
  facet normal -0.0816042 0.549909 0.831228
    outer loop
      vertex -12.8256 17.2674 27.2866
      vertex -12.9243 17.3764 27.2048
      vertex -12.9004 17.2563 27.2866
    endloop
  endfacet
  facet normal -0.36394 0.606806 0.706636
    outer loop
      vertex -13.2249 17.3884 27.1114
      vertex -13.3675 17.4241 27.0073
      vertex -13.3096 17.3376 27.1114
    endloop
  endfacet
  facet normal -0.42155 0.56827 0.706658
    outer loop
      vertex -13.3675 17.4241 27.0073
      vertex -13.389 17.2787 27.1114
      vertex -13.3096 17.3376 27.1114
    endloop
  endfacet
  facet normal -0.283444 0.257184 0.923859
    outer loop
      vertex -13.1073 16.8573 27.4123
      vertex -13.2458 16.9069 27.356
      vertex -13.1406 16.8206 27.4123
    endloop
  endfacet
  facet normal -0.307793 0.227499 0.923855
    outer loop
      vertex -13.2458 16.9069 27.356
      vertex -13.2832 16.8563 27.356
      vertex -13.1406 16.8206 27.4123
    endloop
  endfacet
  facet normal 0.363813 0.607004 0.706531
    outer loop
      vertex 13.2739 17.4802 27.0073
      vertex 13.2249 17.3884 27.1114
      vertex 13.3675 17.4241 27.0073
    endloop
  endfacet
  facet normal 0.302663 0.63967 0.706553
    outer loop
      vertex 13.2739 17.4802 27.0073
      vertex 13.1355 17.4307 27.1114
      vertex 13.2249 17.3884 27.1114
    endloop
  endfacet
  facet normal 0.316741 0.349787 0.88166
    outer loop
      vertex 13.2392 17.0961 27.2866
      vertex 13.2035 16.9535 27.356
      vertex 13.2953 17.0453 27.2866
    endloop
  endfacet
  facet normal 0.373869 0.411954 0.830973
    outer loop
      vertex 13.3169 17.1907 27.2048
      vertex 13.2953 17.0453 27.2866
      vertex 13.3818 17.1318 27.2048
    endloop
  endfacet
  facet normal 0.502987 0.237857 0.83092
    outer loop
      vertex 13.538 16.9212 27.2048
      vertex 13.4625 16.7951 27.2866
      vertex 13.5755 16.8419 27.2048
    endloop
  endfacet
  facet normal 0.502681 0.238112 0.831032
    outer loop
      vertex 13.538 16.9212 27.2048
      vertex 13.4301 16.8635 27.2866
      vertex 13.4625 16.7951 27.2866
    endloop
  endfacet
  facet normal 0.471304 0.023228 0.881665
    outer loop
      vertex 13.5174 16.5756 27.2866
      vertex 13.3882 16.5629 27.356
      vertex 13.3913 16.5 27.356
    endloop
  endfacet
  facet normal 0.37884 0.0560342 0.923764
    outer loop
      vertex 13.379 16.6251 27.356
      vertex 13.2529 16.5495 27.4123
      vertex 13.3882 16.5629 27.356
    endloop
  endfacet
  facet normal 0.627881 0.0930908 0.772722
    outer loop
      vertex 13.738 16.6965 27.1114
      vertex 13.6392 16.5876 27.2048
      vertex 13.7525 16.5987 27.1114
    endloop
  endfacet
  facet normal 0.615919 0.154161 0.772579
    outer loop
      vertex 13.738 16.6965 27.1114
      vertex 13.6051 16.7594 27.2048
      vertex 13.6264 16.6743 27.2048
    endloop
  endfacet
  facet normal 0.426596 0.201677 0.88167
    outer loop
      vertex 13.4301 16.8635 27.2866
      vertex 13.3156 16.8023 27.356
      vertex 13.3425 16.7454 27.356
    endloop
  endfacet
  facet normal 0.444329 0.159118 0.88162
    outer loop
      vertex 13.4879 16.7239 27.2866
      vertex 13.3425 16.7454 27.356
      vertex 13.3637 16.6862 27.356
    endloop
  endfacet
  facet normal 0.382519 0.0188523 0.923755
    outer loop
      vertex 13.3882 16.5629 27.356
      vertex 13.2529 16.5495 27.4123
      vertex 13.3913 16.5 27.356
    endloop
  endfacet
  facet normal 0.457828 0.114644 0.881618
    outer loop
      vertex 13.4879 16.7239 27.2866
      vertex 13.3637 16.6862 27.356
      vertex 13.379 16.6251 27.356
    endloop
  endfacet
  facet normal 0.16805 0.100721 0.980619
    outer loop
      vertex 13.053 16.7025 27.455
      vertex 12.9441 16.6038 27.4838
      vertex 13.0714 16.6718 27.455
    endloop
  endfacet
  facet normal 0.0718766 -0.066452 0.995197
    outer loop
      vertex 12.8069 -16.5467 27.4982
      vertex 12.802 -16.552 27.4982
      vertex 12.9056 -16.6556 27.4838
    endloop
  endfacet
  facet normal 0.167987 -0.100792 0.980623
    outer loop
      vertex 12.9441 -16.6038 27.4838
      vertex 12.933 -16.6223 27.4838
      vertex 13.053 -16.7025 27.455
    endloop
  endfacet
  facet normal 0.0949523 -0.0239641 0.995193
    outer loop
      vertex 12.9659 -16.5429 27.4838
      vertex 12.8204 -16.5214 27.4982
      vertex 12.9606 -16.5639 27.4838
    endloop
  endfacet
  facet normal -0.0970531 0.0134796 0.995188
    outer loop
      vertex -12.8222 16.5144 27.4982
      vertex -12.9659 16.5429 27.4838
      vertex -12.8232 16.5072 27.4982
    endloop
  endfacet
  facet normal 0.193782 0.0284651 0.980632
    outer loop
      vertex 13.1075 16.5711 27.455
      vertex 12.9659 16.5429 27.4838
      vertex 13.1127 16.5357 27.455
    endloop
  endfacet
  facet normal 0.273445 0.0977845 0.956904
    outer loop
      vertex 13.2169 16.6934 27.4123
      vertex 13.0988 16.6058 27.455
      vertex 13.2336 16.6467 27.4123
    endloop
  endfacet
  facet normal 0.287289 0.0422006 0.956914
    outer loop
      vertex 13.2529 16.5495 27.4123
      vertex 13.1075 16.5711 27.455
      vertex 13.1127 16.5357 27.455
    endloop
  endfacet
  facet normal 0.0921958 0.0331541 0.995189
    outer loop
      vertex 12.9533 16.5842 27.4838
      vertex 12.818 16.5282 27.4982
      vertex 12.9606 16.5639 27.4838
    endloop
  endfacet
  facet normal -0.0325897 0.0923376 0.995194
    outer loop
      vertex -12.7714 16.5704 27.4982
      vertex -12.8139 16.7106 27.4838
      vertex -12.7782 16.568 27.4982
    endloop
  endfacet
  facet normal 0.193771 0.0282014 0.980641
    outer loop
      vertex 13.1127 16.5357 27.455
      vertex 12.9659 16.5429 27.4838
      vertex 12.969 16.5216 27.4838
    endloop
  endfacet
  facet normal 0.145154 0.13146 0.980637
    outer loop
      vertex 13.0077 16.7577 27.455
      vertex 12.9056 16.6556 27.4838
      vertex 13.0317 16.7312 27.455
    endloop
  endfacet
  facet normal 0.25726 0.283412 0.923848
    outer loop
      vertex 13.1569 16.9958 27.356
      vertex 13.1073 16.8573 27.4123
      vertex 13.2035 16.9535 27.356
    endloop
  endfacet
  facet normal 0.083189 0.177229 0.980648
    outer loop
      vertex 12.8895 16.8367 27.455
      vertex 12.8342 16.7033 27.4838
      vertex 12.8538 16.6941 27.4838
    endloop
  endfacet
  facet normal 0.193782 -0.0284651 0.980632
    outer loop
      vertex 13.1127 -16.5357 27.455
      vertex 12.9659 -16.5429 27.4838
      vertex 13.1075 -16.5711 27.455
    endloop
  endfacet
  facet normal 0.193771 -0.0282014 0.980641
    outer loop
      vertex 12.969 -16.5216 27.4838
      vertex 12.9659 -16.5429 27.4838
      vertex 13.1127 -16.5357 27.455
    endloop
  endfacet
  facet normal 0.471304 -0.023228 0.881665
    outer loop
      vertex 13.3913 -16.5 27.356
      vertex 13.3882 -16.5629 27.356
      vertex 13.5174 -16.5756 27.2866
    endloop
  endfacet
  facet normal 0.382519 -0.0188523 0.923755
    outer loop
      vertex 13.3913 -16.5 27.356
      vertex 13.2529 -16.5495 27.4123
      vertex 13.3882 -16.5629 27.356
    endloop
  endfacet
  facet normal 0.539273 -0.135002 0.831239
    outer loop
      vertex 13.5063 -16.6504 27.2866
      vertex 13.4879 -16.7239 27.2866
      vertex 13.6051 -16.7594 27.2048
    endloop
  endfacet
  facet normal 0.53929 -0.134981 0.831232
    outer loop
      vertex 13.6264 -16.6743 27.2048
      vertex 13.5063 -16.6504 27.2866
      vertex 13.6051 -16.7594 27.2048
    endloop
  endfacet
  facet normal -0.0243996 -0.0948875 0.995189
    outer loop
      vertex -12.7714 -16.5704 27.4982
      vertex -12.7929 -16.7159 27.4838
      vertex -12.7644 -16.5722 27.4982
    endloop
  endfacet
  facet normal 0.066452 0.0718766 0.995197
    outer loop
      vertex 12.9056 16.6556 27.4838
      vertex 12.7967 16.5569 27.4982
      vertex 12.802 16.552 27.4982
    endloop
  endfacet
  facet normal -0.058554 0.0785259 0.995191
    outer loop
      vertex -12.8723 16.683 27.4838
      vertex -12.8896 16.6701 27.4838
      vertex -12.7909 16.5612 27.4982
    endloop
  endfacet
  facet normal -0.145121 0.131515 0.980634
    outer loop
      vertex -12.9056 16.6556 27.4838
      vertex -13.0317 16.7312 27.455
      vertex -12.9201 16.6396 27.4838
    endloop
  endfacet
  facet normal -0.156987 0.11706 0.980639
    outer loop
      vertex -12.9201 16.6396 27.4838
      vertex -13.0317 16.7312 27.455
      vertex -12.933 16.6223 27.4838
    endloop
  endfacet
  facet normal -0.0134796 0.0970531 0.995188
    outer loop
      vertex -12.7572 16.5732 27.4982
      vertex -12.7929 16.7159 27.4838
      vertex -12.7644 16.5722 27.4982
    endloop
  endfacet
  facet normal -0.00543448 0.0978206 0.995189
    outer loop
      vertex -12.75 16.7201 27.4838
      vertex -12.7572 16.5732 27.4982
      vertex -12.75 16.5736 27.4982
    endloop
  endfacet
  facet normal 0.0785259 -0.058554 0.995191
    outer loop
      vertex 12.933 -16.6223 27.4838
      vertex 12.8112 -16.5409 27.4982
      vertex 12.9201 -16.6396 27.4838
    endloop
  endfacet
  facet normal -0.066452 0.0718766 0.995197
    outer loop
      vertex -12.7967 16.5569 27.4982
      vertex -12.9056 16.6556 27.4838
      vertex -12.802 16.552 27.4982
    endloop
  endfacet
  facet normal -0.194963 0.215272 0.956895
    outer loop
      vertex -12.9812 16.7817 27.455
      vertex -13.1073 16.8573 27.4123
      vertex -13.0077 16.7577 27.455
    endloop
  endfacet
  facet normal -0.215272 0.194963 0.956895
    outer loop
      vertex -13.0077 16.7577 27.455
      vertex -13.1073 16.8573 27.4123
      vertex -13.0317 16.7312 27.455
    endloop
  endfacet
  facet normal -0.197047 0.328412 0.923752
    outer loop
      vertex -12.9882 16.9457 27.4123
      vertex -13.1063 17.0332 27.356
      vertex -13.0307 16.9202 27.4123
    endloop
  endfacet
  facet normal -0.228182 0.307583 0.923756
    outer loop
      vertex -13.0307 16.9202 27.4123
      vertex -13.1063 17.0332 27.356
      vertex -13.0706 16.8906 27.4123
    endloop
  endfacet
  facet normal -0.0501784 0.0840826 0.995195
    outer loop
      vertex -12.7847 16.5649 27.4982
      vertex -12.8538 16.6941 27.4838
      vertex -12.7909 16.5612 27.4982
    endloop
  endfacet
  facet normal -0.042149 0.088377 0.995195
    outer loop
      vertex -12.7782 16.568 27.4982
      vertex -12.8538 16.6941 27.4838
      vertex -12.7847 16.5649 27.4982
    endloop
  endfacet
  facet normal -0.0284651 0.193782 0.980632
    outer loop
      vertex -12.7857 16.8627 27.455
      vertex -12.8211 16.8575 27.455
      vertex -12.7929 16.7159 27.4838
    endloop
  endfacet
  facet normal -0.0243996 0.0948875 0.995189
    outer loop
      vertex -12.7644 16.5722 27.4982
      vertex -12.7929 16.7159 27.4838
      vertex -12.7714 16.5704 27.4982
    endloop
  endfacet
  facet normal 0.0503895 -0.0839825 0.995192
    outer loop
      vertex 12.8723 -16.683 27.4838
      vertex 12.7909 -16.5612 27.4982
      vertex 12.8538 -16.6941 27.4838
    endloop
  endfacet
  facet normal 0.157318 0.116755 0.980622
    outer loop
      vertex 13.0317 16.7312 27.455
      vertex 12.933 16.6223 27.4838
      vertex 13.053 16.7025 27.455
    endloop
  endfacet
  facet normal -0.0926751 0.371473 0.923807
    outer loop
      vertex -12.8751 17.129 27.356
      vertex -12.8967 16.9836 27.4123
      vertex -12.8486 16.9956 27.4123
    endloop
  endfacet
  facet normal -0.0690444 0.4668 0.881663
    outer loop
      vertex -12.8256 17.2674 27.2866
      vertex -12.8751 17.129 27.356
      vertex -12.8129 17.1382 27.356
    endloop
  endfacet
  facet normal -0.014622 0.290003 0.956914
    outer loop
      vertex -12.75 16.8645 27.455
      vertex -12.7995 17.0029 27.4123
      vertex -12.7857 16.8627 27.455
    endloop
  endfacet
  facet normal -0.0422006 0.287289 0.956914
    outer loop
      vertex -12.7995 17.0029 27.4123
      vertex -12.8211 16.8575 27.455
      vertex -12.7857 16.8627 27.455
    endloop
  endfacet
  facet normal -0.129116 0.36055 0.92376
    outer loop
      vertex -12.9362 17.1137 27.356
      vertex -12.9954 17.0925 27.356
      vertex -12.8967 16.9836 27.4123
    endloop
  endfacet
  facet normal -0.159118 0.444329 0.88162
    outer loop
      vertex -12.9739 17.2379 27.2866
      vertex -12.9954 17.0925 27.356
      vertex -12.9362 17.1137 27.356
    endloop
  endfacet
  facet normal -0.326061 0.544885 0.772518
    outer loop
      vertex -13.1712 17.288 27.2048
      vertex -13.3096 17.3376 27.1114
      vertex -13.2464 17.243 27.2048
    endloop
  endfacet
  facet normal -0.331287 0.446573 0.831157
    outer loop
      vertex -13.2464 17.243 27.2048
      vertex -13.3169 17.1907 27.2048
      vertex -13.1784 17.1412 27.2866
    endloop
  endfacet
  facet normal -0.249045 0.149264 0.956921
    outer loop
      vertex -13.053 16.7025 27.455
      vertex -13.1702 16.7807 27.4123
      vertex -13.0714 16.6718 27.455
    endloop
  endfacet
  facet normal -0.177229 0.083189 0.980648
    outer loop
      vertex -12.9441 16.6038 27.4838
      vertex -13.0867 16.6395 27.455
      vertex -12.9533 16.5842 27.4838
    endloop
  endfacet
  facet normal -0.26238 0.124285 0.956927
    outer loop
      vertex -13.0714 16.6718 27.455
      vertex -13.2169 16.6934 27.4123
      vertex -13.0867 16.6395 27.455
    endloop
  endfacet
  facet normal -0.273222 0.0981006 0.956936
    outer loop
      vertex -13.0867 16.6395 27.455
      vertex -13.2169 16.6934 27.4123
      vertex -13.0988 16.6058 27.455
    endloop
  endfacet
  facet normal -0.373869 -0.411954 0.830973
    outer loop
      vertex -13.2953 -17.0453 27.2866
      vertex -13.3818 -17.1318 27.2048
      vertex -13.3169 -17.1907 27.2048
    endloop
  endfacet
  facet normal -0.25726 -0.283412 0.923848
    outer loop
      vertex -13.1073 -16.8573 27.4123
      vertex -13.2035 -16.9535 27.356
      vertex -13.1569 -16.9958 27.356
    endloop
  endfacet
  facet normal -0.328412 -0.197047 0.923752
    outer loop
      vertex -13.1957 -16.7382 27.4123
      vertex -13.3156 -16.8023 27.356
      vertex -13.2832 -16.8563 27.356
    endloop
  endfacet
  facet normal -0.328412 -0.197047 0.923752
    outer loop
      vertex -13.1957 -16.7382 27.4123
      vertex -13.2832 -16.8563 27.356
      vertex -13.1702 -16.7807 27.4123
    endloop
  endfacet
  facet normal -0.184284 -0.0661672 0.980643
    outer loop
      vertex -12.9533 -16.5842 27.4838
      vertex -13.0988 -16.6058 27.455
      vertex -13.0867 -16.6395 27.455
    endloop
  endfacet
  facet normal -0.184269 -0.0662642 0.98064
    outer loop
      vertex -12.9606 -16.5639 27.4838
      vertex -13.0988 -16.6058 27.455
      vertex -12.9533 -16.5842 27.4838
    endloop
  endfacet
  facet normal -0.249045 -0.149264 0.956921
    outer loop
      vertex -13.0714 -16.6718 27.455
      vertex -13.1702 -16.7807 27.4123
      vertex -13.053 -16.7025 27.455
    endloop
  endfacet
  facet normal -0.16805 -0.100721 0.980619
    outer loop
      vertex -12.9441 -16.6038 27.4838
      vertex -13.0714 -16.6718 27.455
      vertex -13.053 -16.7025 27.455
    endloop
  endfacet
  facet normal 0.573163 0.519511 0.633713
    outer loop
      vertex 13.6019 17.3519 26.8935
      vertex 13.5359 17.2859 27.0073
      vertex 13.6813 17.2643 26.8935
    endloop
  endfacet
  facet normal 0.61591 0.558257 0.555881
    outer loop
      vertex 13.6598 17.4098 26.7712
      vertex 13.6019 17.3519 26.8935
      vertex 13.6813 17.2643 26.8935
    endloop
  endfacet
  facet normal 0.331079 0.6988 0.634086
    outer loop
      vertex 13.2111 17.6131 26.8935
      vertex 13.1753 17.5268 27.0073
      vertex 13.3179 17.5625 26.8935
    endloop
  endfacet
  facet normal 0.45352 0.756799 0.470717
    outer loop
      vertex 13.3892 17.6959 26.6413
      vertex 13.3565 17.6347 26.7712
      vertex 13.4648 17.5698 26.7712
    endloop
  endfacet
  facet normal 0.411954 0.373869 0.830973
    outer loop
      vertex 13.3818 17.1318 27.2048
      vertex 13.2953 17.0453 27.2866
      vertex 13.4407 17.0669 27.2048
    endloop
  endfacet
  facet normal 0.373219 0.412157 0.831164
    outer loop
      vertex 13.3169 17.1907 27.2048
      vertex 13.2392 17.0961 27.2866
      vertex 13.2953 17.0453 27.2866
    endloop
  endfacet
  facet normal 0.0379427 0.772592 0.633768
    outer loop
      vertex 12.8681 17.699 26.8935
      vertex 12.75 17.7048 26.8935
      vertex 12.8589 17.6061 27.0073
    endloop
  endfacet
  facet normal 0.0375936 0.772442 0.633972
    outer loop
      vertex 12.75 17.7048 26.8935
      vertex 12.75 17.6114 27.0073
      vertex 12.8589 17.6061 27.0073
    endloop
  endfacet
  facet normal 0.0930908 0.627881 0.772722
    outer loop
      vertex 12.8487 17.5025 27.1114
      vertex 12.8376 17.3892 27.2048
      vertex 12.9465 17.488 27.1114
    endloop
  endfacet
  facet normal 0.134981 0.53929 0.831232
    outer loop
      vertex 12.9243 17.3764 27.2048
      vertex 12.9004 17.2563 27.2866
      vertex 13.0094 17.3551 27.2048
    endloop
  endfacet
  facet normal 0.0185419 0.382426 0.9238
    outer loop
      vertex 12.75 17.1413 27.356
      vertex 12.75 17.0053 27.4123
      vertex 12.7995 17.0029 27.4123
    endloop
  endfacet
  facet normal 0.023228 0.471304 0.881665
    outer loop
      vertex 12.8256 17.2674 27.2866
      vertex 12.75 17.1413 27.356
      vertex 12.8129 17.1382 27.356
    endloop
  endfacet
  facet normal 0.238112 0.502681 0.831032
    outer loop
      vertex 13.1712 17.288 27.2048
      vertex 13.0451 17.2125 27.2866
      vertex 13.1135 17.1801 27.2866
    endloop
  endfacet
  facet normal 0.081223 0.550159 0.831101
    outer loop
      vertex 12.8376 17.3892 27.2048
      vertex 12.8256 17.2674 27.2866
      vertex 12.9243 17.3764 27.2048
    endloop
  endfacet
  facet normal 0.238696 0.666144 0.706595
    outer loop
      vertex 13.0726 17.5636 27.0073
      vertex 13.0424 17.464 27.1114
      vertex 13.1753 17.5268 27.0073
    endloop
  endfacet
  facet normal 0.260963 0.728286 0.633638
    outer loop
      vertex 13.0997 17.6529 26.8935
      vertex 13.0726 17.5636 27.0073
      vertex 13.1753 17.5268 27.0073
    endloop
  endfacet
  facet normal 0.331274 0.446596 0.831149
    outer loop
      vertex 13.3169 17.1907 27.2048
      vertex 13.1784 17.1412 27.2866
      vertex 13.2392 17.0961 27.2866
    endloop
  endfacet
  facet normal 0.331287 0.446573 0.831157
    outer loop
      vertex 13.2464 17.243 27.2048
      vertex 13.1784 17.1412 27.2866
      vertex 13.3169 17.1907 27.2048
    endloop
  endfacet
  facet normal 0.014622 0.290003 0.956914
    outer loop
      vertex 12.7995 17.0029 27.4123
      vertex 12.75 16.8645 27.455
      vertex 12.7857 16.8627 27.455
    endloop
  endfacet
  facet normal 0.0563033 0.378698 0.923806
    outer loop
      vertex 12.8751 17.129 27.356
      vertex 12.7995 17.0029 27.4123
      vertex 12.8486 16.9956 27.4123
    endloop
  endfacet
  facet normal 0.0706244 0.281686 0.956904
    outer loop
      vertex 12.8967 16.9836 27.4123
      vertex 12.8211 16.8575 27.455
      vertex 12.8558 16.8488 27.455
    endloop
  endfacet
  facet normal 0.782983 0.279737 0.555595
    outer loop
      vertex 13.9387 16.9924 26.7712
      vertex 13.8631 16.9611 26.8935
      vertex 13.9029 16.8497 26.8935
    endloop
  endfacet
  facet normal 0.751393 0.355997 0.555585
    outer loop
      vertex 13.9387 16.9924 26.7712
      vertex 13.8125 17.0679 26.8935
      vertex 13.8631 16.9611 26.8935
    endloop
  endfacet
  facet normal -0.668386 0.737411 0.0973896
    outer loop
      vertex -13.7004 17.6581 26.0736
      vertex -13.7992 17.5492 26.2201
      vertex -13.6913 17.647 26.2201
    endloop
  endfacet
  facet normal -0.658719 0.726746 0.194754
    outer loop
      vertex -13.6913 17.647 26.2201
      vertex -13.7992 17.5492 26.2201
      vertex -13.6731 17.6248 26.3645
    endloop
  endfacet
  facet normal -0.830871 0.296989 0.470585
    outer loop
      vertex -13.9387 16.9924 26.7712
      vertex -14.0028 17.0189 26.6413
      vertex -13.9812 16.8735 26.7712
    endloop
  endfacet
  facet normal -0.782885 0.279837 0.555683
    outer loop
      vertex -13.9387 16.9924 26.7712
      vertex -13.9812 16.8735 26.7712
      vertex -13.9029 16.8497 26.8935
    endloop
  endfacet
  facet normal -0.281081 0.37893 0.881706
    outer loop
      vertex -13.1784 17.1412 27.2866
      vertex -13.2392 17.0961 27.2866
      vertex -13.1063 17.0332 27.356
    endloop
  endfacet
  facet normal -0.242547 0.404661 0.881715
    outer loop
      vertex -13.1135 17.1801 27.2866
      vertex -13.1784 17.1412 27.2866
      vertex -13.1063 17.0332 27.356
    endloop
  endfacet
  facet normal -0.426561 0.470014 0.772744
    outer loop
      vertex -13.3169 17.1907 27.2048
      vertex -13.4623 17.2123 27.1114
      vertex -13.3818 17.1318 27.2048
    endloop
  endfacet
  facet normal -0.373869 0.411954 0.830973
    outer loop
      vertex -13.3169 17.1907 27.2048
      vertex -13.3818 17.1318 27.2048
      vertex -13.2953 17.0453 27.2866
    endloop
  endfacet
  facet normal -0.260963 -0.728286 0.633638
    outer loop
      vertex -13.0726 -17.5636 27.0073
      vertex -13.1753 -17.5268 27.0073
      vertex -13.0997 -17.6529 26.8935
    endloop
  endfacet
  facet normal -0.214521 -0.855989 0.470387
    outer loop
      vertex -13.001 -17.7619 26.7712
      vertex -13.1235 -17.7312 26.7712
      vertex -13.0145 -17.8299 26.6413
    endloop
  endfacet
  facet normal -0.331079 -0.6988 0.634086
    outer loop
      vertex -13.1753 -17.5268 27.0073
      vertex -13.3179 -17.5625 26.8935
      vertex -13.2111 -17.6131 26.8935
    endloop
  endfacet
  facet normal -0.202112 -0.806471 0.555658
    outer loop
      vertex -13.0997 -17.6529 26.8935
      vertex -13.1235 -17.7312 26.7712
      vertex -13.001 -17.7619 26.7712
    endloop
  endfacet
  facet normal -0.525943 -0.708242 0.470932
    outer loop
      vertex -13.5662 -17.4945 26.7712
      vertex -13.6102 -17.5482 26.6413
      vertex -13.4648 -17.5698 26.7712
    endloop
  endfacet
  facet normal -0.525694 -0.708659 0.470584
    outer loop
      vertex -13.4648 -17.5698 26.7712
      vertex -13.6102 -17.5482 26.6413
      vertex -13.5033 -17.6275 26.6413
    endloop
  endfacet
  facet normal -0.768866 -0.569779 0.290167
    outer loop
      vertex -13.9243 -17.2846 26.5053
      vertex -13.9598 -17.3084 26.3645
      vertex -13.8748 -17.4231 26.3645
    endloop
  endfacet
  facet normal -0.820908 -0.491875 0.29012
    outer loop
      vertex -13.9243 -17.2846 26.5053
      vertex -14.0332 -17.1859 26.3645
      vertex -13.9598 -17.3084 26.3645
    endloop
  endfacet
  facet normal -0.95139 -0.238363 0.195042
    outer loop
      vertex -14.1771 -16.7839 26.3645
      vertex -14.2053 -16.7895 26.2201
      vertex -14.1424 -16.9224 26.3645
    endloop
  endfacet
  facet normal -0.928298 -0.232577 0.290123
    outer loop
      vertex -14.1352 -16.7755 26.5053
      vertex -14.1771 -16.7839 26.3645
      vertex -14.1424 -16.9224 26.3645
    endloop
  endfacet
  facet normal 0.242776 -0.404627 0.881667
    outer loop
      vertex 13.1063 -17.0332 27.356
      vertex 13.0523 -17.0656 27.356
      vertex 13.1135 -17.1801 27.2866
    endloop
  endfacet
  facet normal 0.197047 -0.328412 0.923752
    outer loop
      vertex 13.1063 -17.0332 27.356
      vertex 12.9882 -16.9457 27.4123
      vertex 13.0523 -17.0656 27.356
    endloop
  endfacet
  facet normal 0.0690444 -0.4668 0.881663
    outer loop
      vertex 12.8751 -17.129 27.356
      vertex 12.8129 -17.1382 27.356
      vertex 12.8256 -17.2674 27.2866
    endloop
  endfacet
  facet normal 0.0560342 -0.37884 0.923764
    outer loop
      vertex 12.8751 -17.129 27.356
      vertex 12.7995 -17.0029 27.4123
      vertex 12.8129 -17.1382 27.356
    endloop
  endfacet
  facet normal 0.149264 -0.249045 0.956921
    outer loop
      vertex 12.9525 -16.803 27.455
      vertex 12.9218 -16.8214 27.455
      vertex 13.0307 -16.9202 27.4123
    endloop
  endfacet
  facet normal 0.173051 -0.233171 0.956914
    outer loop
      vertex 12.9812 -16.7817 27.455
      vertex 12.9525 -16.803 27.455
      vertex 13.0307 -16.9202 27.4123
    endloop
  endfacet
  facet normal 0.215035 -0.195113 0.956917
    outer loop
      vertex 13.1406 -16.8206 27.4123
      vertex 13.0317 -16.7312 27.455
      vertex 13.1073 -16.8573 27.4123
    endloop
  endfacet
  facet normal 0.233193 -0.172995 0.956919
    outer loop
      vertex 13.1702 -16.7807 27.4123
      vertex 13.0317 -16.7312 27.455
      vertex 13.1406 -16.8206 27.4123
    endloop
  endfacet
  facet normal 0.283444 -0.257184 0.923859
    outer loop
      vertex 13.1406 -16.8206 27.4123
      vertex 13.1073 -16.8573 27.4123
      vertex 13.2458 -16.9069 27.356
    endloop
  endfacet
  facet normal 0.283412 -0.25726 0.923848
    outer loop
      vertex 13.2458 -16.9069 27.356
      vertex 13.1073 -16.8573 27.4123
      vertex 13.2035 -16.9535 27.356
    endloop
  endfacet
  facet normal 0.281686 -0.0706244 0.956904
    outer loop
      vertex 13.1075 -16.5711 27.455
      vertex 13.0988 -16.6058 27.455
      vertex 13.2336 -16.6467 27.4123
    endloop
  endfacet
  facet normal 0.0948875 -0.0243996 0.995189
    outer loop
      vertex 12.8222 -16.5144 27.4982
      vertex 12.8204 -16.5214 27.4982
      vertex 12.9659 -16.5429 27.4838
    endloop
  endfacet
  facet normal 0.382426 -0.0185419 0.9238
    outer loop
      vertex 13.2553 -16.5 27.4123
      vertex 13.2529 -16.5495 27.4123
      vertex 13.3913 -16.5 27.356
    endloop
  endfacet
  facet normal 0.290186 -0.0140696 0.956867
    outer loop
      vertex 13.2553 -16.5 27.4123
      vertex 13.1145 -16.5 27.455
      vertex 13.2529 -16.5495 27.4123
    endloop
  endfacet
  facet normal 0.0970531 -0.0134796 0.995188
    outer loop
      vertex 12.8232 -16.5072 27.4982
      vertex 12.8222 -16.5144 27.4982
      vertex 12.9659 -16.5429 27.4838
    endloop
  endfacet
  facet normal 0.0787081 -0.0583526 0.995188
    outer loop
      vertex 12.8112 -16.5409 27.4982
      vertex 12.8069 -16.5467 27.4982
      vertex 12.9201 -16.6396 27.4838
    endloop
  endfacet
  facet normal -0.0838674 -0.177053 0.980621
    outer loop
      vertex -12.8538 -16.6941 27.4838
      vertex -12.9218 -16.8214 27.455
      vertex -12.8895 -16.8367 27.455
    endloop
  endfacet
  facet normal -0.124285 -0.26238 0.956927
    outer loop
      vertex -12.9218 -16.8214 27.455
      vertex -12.9434 -16.9669 27.4123
      vertex -12.8895 -16.8367 27.455
    endloop
  endfacet
  facet normal -0.0787081 0.0583526 0.995188
    outer loop
      vertex -12.8069 16.5467 27.4982
      vertex -12.9201 16.6396 27.4838
      vertex -12.8112 16.5409 27.4982
    endloop
  endfacet
  facet normal 0.0049805 -0.0977988 0.995194
    outer loop
      vertex 12.7572 -16.5732 27.4982
      vertex 12.75 -16.7201 27.4838
      vertex 12.7716 -16.719 27.4838
    endloop
  endfacet
  facet normal -0.187893 -0.523688 0.830931
    outer loop
      vertex -13.0451 -17.2125 27.2866
      vertex -13.0919 -17.3255 27.2048
      vertex -13.0094 -17.3551 27.2048
    endloop
  endfacet
  facet normal -0.237857 -0.502987 0.83092
    outer loop
      vertex -13.0451 -17.2125 27.2866
      vertex -13.1712 -17.288 27.2048
      vertex -13.0919 -17.3255 27.2048
    endloop
  endfacet
  facet normal -0.378323 -0.509977 0.772525
    outer loop
      vertex -13.2464 -17.243 27.2048
      vertex -13.3169 -17.1907 27.2048
      vertex -13.3096 -17.3376 27.1114
    endloop
  endfacet
  facet normal -0.326061 -0.544885 0.772518
    outer loop
      vertex -13.2464 -17.243 27.2048
      vertex -13.3096 -17.3376 27.1114
      vertex -13.1712 -17.288 27.2048
    endloop
  endfacet
  facet normal -0.280633 -0.37968 0.881526
    outer loop
      vertex -13.1569 -16.9958 27.356
      vertex -13.2392 -17.0961 27.2866
      vertex -13.1063 -17.0332 27.356
    endloop
  endfacet
  facet normal -0.317322 -0.349579 0.881533
    outer loop
      vertex -13.2035 -16.9535 27.356
      vertex -13.2392 -17.0961 27.2866
      vertex -13.1569 -16.9958 27.356
    endloop
  endfacet
  facet normal -0.835532 -0.394761 0.382165
    outer loop
      vertex -14.0028 -17.0189 26.6413
      vertex -14.0548 -17.0405 26.5053
      vertex -13.9956 -17.1658 26.5053
    endloop
  endfacet
  facet normal -0.870076 -0.311361 0.382128
    outer loop
      vertex -14.0028 -17.0189 26.6413
      vertex -14.1015 -16.91 26.5053
      vertex -14.0548 -17.0405 26.5053
    endloop
  endfacet
  facet normal 0.0308322 -0.633987 0.772729
    outer loop
      vertex 12.8376 -17.3892 27.2048
      vertex 12.75 -17.5073 27.1114
      vertex 12.8487 -17.5025 27.1114
    endloop
  endfacet
  facet normal 0.0343679 -0.706689 0.706689
    outer loop
      vertex 12.75 -17.5073 27.1114
      vertex 12.75 -17.6114 27.0073
      vertex 12.8487 -17.5025 27.1114
    endloop
  endfacet
  facet normal -0.302663 -0.63967 0.706553
    outer loop
      vertex -13.2249 -17.3884 27.1114
      vertex -13.2739 -17.4802 27.0073
      vertex -13.1355 -17.4307 27.1114
    endloop
  endfacet
  facet normal -0.271451 -0.573705 0.772772
    outer loop
      vertex -13.1712 -17.288 27.2048
      vertex -13.2249 -17.3884 27.1114
      vertex -13.1355 -17.4307 27.1114
    endloop
  endfacet
  facet normal -0.238696 -0.666144 0.706595
    outer loop
      vertex -13.0424 -17.464 27.1114
      vertex -13.1753 -17.5268 27.0073
      vertex -13.0726 -17.5636 27.0073
    endloop
  endfacet
  facet normal -0.171925 -0.686402 0.706607
    outer loop
      vertex -13.0424 -17.464 27.1114
      vertex -13.0726 -17.5636 27.0073
      vertex -12.9668 -17.5901 27.0073
    endloop
  endfacet
  facet normal 0.667595 -0.495948 0.555295
    outer loop
      vertex 13.7518 -17.1694 26.8935
      vertex 13.6813 -17.2643 26.8935
      vertex 13.8198 -17.2148 26.7712
    endloop
  endfacet
  facet normal 0.713751 -0.426844 0.555305
    outer loop
      vertex 13.8125 -17.0679 26.8935
      vertex 13.7518 -17.1694 26.8935
      vertex 13.8198 -17.2148 26.7712
    endloop
  endfacet
  facet normal 0.302448 -0.639943 0.706398
    outer loop
      vertex 13.2739 -17.4802 27.0073
      vertex 13.1355 -17.4307 27.1114
      vertex 13.1753 -17.5268 27.0073
    endloop
  endfacet
  facet normal 0.238383 -0.666471 0.706393
    outer loop
      vertex 13.1355 -17.4307 27.1114
      vertex 13.0424 -17.464 27.1114
      vertex 13.1753 -17.5268 27.0073
    endloop
  endfacet
  facet normal 0.671216 -0.741262 0.000112642
    outer loop
      vertex 13.8094 -17.5594 26.0736
      vertex 13.7004 -17.6581 26.0736
      vertex 13.7016 -17.6595 9.71
    endloop
  endfacet
  facet normal 0.667994 -0.737703 0.097871
    outer loop
      vertex 13.7992 -17.5492 26.2201
      vertex 13.7004 -17.6581 26.0736
      vertex 13.8094 -17.5594 26.0736
    endloop
  endfacet
  facet normal 0.419143 -0.886804 0.194674
    outer loop
      vertex 13.4494 -17.8086 26.2201
      vertex 13.3068 -17.8443 26.3645
      vertex 13.3178 -17.8708 26.2201
    endloop
  endfacet
  facet normal 0.330713 -0.923437 0.19466
    outer loop
      vertex 13.3068 -17.8443 26.3645
      vertex 13.1807 -17.9199 26.2201
      vertex 13.3178 -17.8708 26.2201
    endloop
  endfacet
  facet normal -0.666144 0.238696 0.706595
    outer loop
      vertex -13.7768 16.9253 27.0073
      vertex -13.8136 16.8226 27.0073
      vertex -13.714 16.7924 27.1114
    endloop
  endfacet
  facet normal -0.728286 0.260963 0.633638
    outer loop
      vertex -13.7768 16.9253 27.0073
      vertex -13.9029 16.8497 26.8935
      vertex -13.8136 16.8226 27.0073
    endloop
  endfacet
  facet normal -0.606806 0.36394 0.706636
    outer loop
      vertex -13.5876 17.0596 27.1114
      vertex -13.6741 17.1175 27.0073
      vertex -13.6384 16.9749 27.1114
    endloop
  endfacet
  facet normal -0.751397 0.355613 0.555826
    outer loop
      vertex -13.8847 17.1065 26.7712
      vertex -13.9387 16.9924 26.7712
      vertex -13.8125 17.0679 26.8935
    endloop
  endfacet
  facet normal -0.42631 0.201936 0.881749
    outer loop
      vertex -13.4301 16.8635 27.2866
      vertex -13.4625 16.7951 27.2866
      vertex -13.3425 16.7454 27.356
    endloop
  endfacet
  facet normal -0.444298 0.1585 0.881747
    outer loop
      vertex -13.4625 16.7951 27.2866
      vertex -13.4879 16.7239 27.2866
      vertex -13.3425 16.7454 27.356
    endloop
  endfacet
  facet normal -0.523688 0.187893 0.830931
    outer loop
      vertex -13.5755 16.8419 27.2048
      vertex -13.6051 16.7594 27.2048
      vertex -13.4625 16.7951 27.2866
    endloop
  endfacet
  facet normal -0.597325 0.214313 0.772834
    outer loop
      vertex -13.5755 16.8419 27.2048
      vertex -13.6807 16.8855 27.1114
      vertex -13.6051 16.7594 27.2048
    endloop
  endfacet
  facet normal -0.4668 0.0690444 0.881663
    outer loop
      vertex -13.379 16.6251 27.356
      vertex -13.5174 16.5756 27.2866
      vertex -13.3882 16.5629 27.356
    endloop
  endfacet
  facet normal -0.37884 0.0560342 0.923764
    outer loop
      vertex -13.379 16.6251 27.356
      vertex -13.3882 16.5629 27.356
      vertex -13.2529 16.5495 27.4123
    endloop
  endfacet
  facet normal -0.307793 -0.227499 0.923855
    outer loop
      vertex -13.1406 -16.8206 27.4123
      vertex -13.2832 -16.8563 27.356
      vertex -13.2458 -16.9069 27.356
    endloop
  endfacet
  facet normal -0.24894 -0.149364 0.956932
    outer loop
      vertex -13.0714 -16.6718 27.455
      vertex -13.1957 -16.7382 27.4123
      vertex -13.1702 -16.7807 27.4123
    endloop
  endfacet
  facet normal -0.238383 0.666471 0.706393
    outer loop
      vertex -13.0424 17.464 27.1114
      vertex -13.1753 17.5268 27.0073
      vertex -13.1355 17.4307 27.1114
    endloop
  endfacet
  facet normal -0.302448 0.639943 0.706398
    outer loop
      vertex -13.1753 17.5268 27.0073
      vertex -13.2739 17.4802 27.0073
      vertex -13.1355 17.4307 27.1114
    endloop
  endfacet
  facet normal 0.280633 0.37968 0.881526
    outer loop
      vertex 13.2392 17.0961 27.2866
      vertex 13.1063 17.0332 27.356
      vertex 13.1569 16.9958 27.356
    endloop
  endfacet
  facet normal 0.36394 0.606806 0.706636
    outer loop
      vertex 13.3675 17.4241 27.0073
      vertex 13.2249 17.3884 27.1114
      vertex 13.3096 17.3376 27.1114
    endloop
  endfacet
  facet normal 0.404661 0.242547 0.881715
    outer loop
      vertex 13.3912 16.9284 27.2866
      vertex 13.2832 16.8563 27.356
      vertex 13.4301 16.8635 27.2866
    endloop
  endfacet
  facet normal 0.446596 0.331274 0.831149
    outer loop
      vertex 13.4407 17.0669 27.2048
      vertex 13.3461 16.9892 27.2866
      vertex 13.3912 16.9284 27.2866
    endloop
  endfacet
  facet normal 0.550159 0.081223 0.831101
    outer loop
      vertex 13.6264 16.6743 27.2048
      vertex 13.5174 16.5756 27.2866
      vertex 13.6392 16.5876 27.2048
    endloop
  endfacet
  facet normal 0.555468 0.0272661 0.831091
    outer loop
      vertex 13.6392 16.5876 27.2048
      vertex 13.5174 16.5756 27.2866
      vertex 13.6435 16.5 27.2048
    endloop
  endfacet
  facet normal 0.4668 0.0690444 0.881663
    outer loop
      vertex 13.5174 16.5756 27.2866
      vertex 13.379 16.6251 27.356
      vertex 13.3882 16.5629 27.356
    endloop
  endfacet
  facet normal 0.466859 0.0692799 0.881614
    outer loop
      vertex 13.5063 16.6504 27.2866
      vertex 13.379 16.6251 27.356
      vertex 13.5174 16.5756 27.2866
    endloop
  endfacet
  facet normal 0.444298 0.1585 0.881747
    outer loop
      vertex 13.4625 16.7951 27.2866
      vertex 13.3425 16.7454 27.356
      vertex 13.4879 16.7239 27.2866
    endloop
  endfacet
  facet normal 0.52359 0.186786 0.831243
    outer loop
      vertex 13.6051 16.7594 27.2048
      vertex 13.4625 16.7951 27.2866
      vertex 13.4879 16.7239 27.2866
    endloop
  endfacet
  facet normal 0.37893 0.281081 0.881706
    outer loop
      vertex 13.3461 16.9892 27.2866
      vertex 13.2832 16.8563 27.356
      vertex 13.3912 16.9284 27.2866
    endloop
  endfacet
  facet normal 0.283444 0.257184 0.923859
    outer loop
      vertex 13.2458 16.9069 27.356
      vertex 13.1073 16.8573 27.4123
      vertex 13.1406 16.8206 27.4123
    endloop
  endfacet
  facet normal 0.273222 0.0981006 0.956936
    outer loop
      vertex 13.2169 16.6934 27.4123
      vertex 13.0867 16.6395 27.455
      vertex 13.0988 16.6058 27.455
    endloop
  endfacet
  facet normal 0.360666 0.128975 0.923735
    outer loop
      vertex 13.3425 16.7454 27.356
      vertex 13.2169 16.6934 27.4123
      vertex 13.2336 16.6467 27.4123
    endloop
  endfacet
  facet normal 0.0239641 -0.0949523 0.995193
    outer loop
      vertex 12.8139 -16.7106 27.4838
      vertex 12.7714 -16.5704 27.4982
      vertex 12.7929 -16.7159 27.4838
    endloop
  endfacet
  facet normal 0.083189 -0.177229 0.980648
    outer loop
      vertex 12.8538 -16.6941 27.4838
      vertex 12.8342 -16.7033 27.4838
      vertex 12.8895 -16.8367 27.455
    endloop
  endfacet
  facet normal 0.0838674 -0.177053 0.980621
    outer loop
      vertex 12.9218 -16.8214 27.455
      vertex 12.8538 -16.6941 27.4838
      vertex 12.8895 -16.8367 27.455
    endloop
  endfacet
  facet normal 0.131515 -0.145121 0.980634
    outer loop
      vertex 12.9056 -16.6556 27.4838
      vertex 12.8896 -16.6701 27.4838
      vertex 12.9812 -16.7817 27.455
    endloop
  endfacet
  facet normal 0.156987 -0.11706 0.980639
    outer loop
      vertex 12.933 -16.6223 27.4838
      vertex 12.9201 -16.6396 27.4838
      vertex 13.0317 -16.7312 27.455
    endloop
  endfacet
  facet normal 0.16805 -0.100721 0.980619
    outer loop
      vertex 13.0714 -16.6718 27.455
      vertex 12.9441 -16.6038 27.4838
      vertex 13.053 -16.7025 27.455
    endloop
  endfacet
  facet normal 0.26238 -0.124285 0.956927
    outer loop
      vertex 13.0867 -16.6395 27.455
      vertex 13.0714 -16.6718 27.455
      vertex 13.2169 -16.6934 27.4123
    endloop
  endfacet
  facet normal 0.177053 0.0838674 0.980621
    outer loop
      vertex 13.0714 16.6718 27.455
      vertex 12.9441 16.6038 27.4838
      vertex 13.0867 16.6395 27.455
    endloop
  endfacet
  facet normal 0.0239641 0.0949523 0.995193
    outer loop
      vertex 12.7929 16.7159 27.4838
      vertex 12.7714 16.5704 27.4982
      vertex 12.8139 16.7106 27.4838
    endloop
  endfacet
  facet normal 0.0325897 0.0923376 0.995194
    outer loop
      vertex 12.8139 16.7106 27.4838
      vertex 12.7714 16.5704 27.4982
      vertex 12.7782 16.568 27.4982
    endloop
  endfacet
  facet normal 0.189835 0.0479107 0.980646
    outer loop
      vertex 13.0988 16.6058 27.455
      vertex 12.9606 16.5639 27.4838
      vertex 12.9659 16.5429 27.4838
    endloop
  endfacet
  facet normal 0.184269 0.0662642 0.98064
    outer loop
      vertex 13.0988 16.6058 27.455
      vertex 12.9533 16.5842 27.4838
      vertex 12.9606 16.5639 27.4838
    endloop
  endfacet
  facet normal 0.167987 0.100792 0.980623
    outer loop
      vertex 13.053 16.7025 27.455
      vertex 12.933 16.6223 27.4838
      vertex 12.9441 16.6038 27.4838
    endloop
  endfacet
  facet normal 0.195113 0.215035 0.956917
    outer loop
      vertex 13.0706 16.8906 27.4123
      vertex 12.9812 16.7817 27.455
      vertex 13.1073 16.8573 27.4123
    endloop
  endfacet
  facet normal 0.16369 0.346245 0.923753
    outer loop
      vertex 12.9954 17.0925 27.356
      vertex 12.9882 16.9457 27.4123
      vertex 13.0523 17.0656 27.356
    endloop
  endfacet
  facet normal 0.0476283 0.189966 0.980635
    outer loop
      vertex 12.8211 16.8575 27.455
      vertex 12.7929 16.7159 27.4838
      vertex 12.8558 16.8488 27.455
    endloop
  endfacet
  facet normal 0.131515 0.145121 0.980634
    outer loop
      vertex 12.9812 16.7817 27.455
      vertex 12.8896 16.6701 27.4838
      vertex 12.9056 16.6556 27.4838
    endloop
  endfacet
  facet normal 0.0787081 0.0583526 0.995188
    outer loop
      vertex 12.9201 16.6396 27.4838
      vertex 12.8069 16.5467 27.4982
      vertex 12.8112 16.5409 27.4982
    endloop
  endfacet
  facet normal 0.100721 0.16805 0.980619
    outer loop
      vertex 12.9218 16.8214 27.455
      vertex 12.8538 16.6941 27.4838
      vertex 12.9525 16.803 27.455
    endloop
  endfacet
  facet normal -0.0726008 0.0657945 0.995189
    outer loop
      vertex -12.9056 16.6556 27.4838
      vertex -12.9201 16.6396 27.4838
      vertex -12.8069 16.5467 27.4982
    endloop
  endfacet
  facet normal 0.11706 0.156987 0.980639
    outer loop
      vertex 12.9812 16.7817 27.455
      vertex 12.8723 16.683 27.4838
      vertex 12.8896 16.6701 27.4838
    endloop
  endfacet
  facet normal 0.0503895 0.0839825 0.995192
    outer loop
      vertex 12.8538 16.6941 27.4838
      vertex 12.7909 16.5612 27.4982
      vertex 12.8723 16.683 27.4838
    endloop
  endfacet
  facet normal 0.0282014 -0.193771 0.980641
    outer loop
      vertex 12.7929 -16.7159 27.4838
      vertex 12.7716 -16.719 27.4838
      vertex 12.7857 -16.8627 27.455
    endloop
  endfacet
  facet normal 0.0501784 -0.0840826 0.995195
    outer loop
      vertex 12.7909 -16.5612 27.4982
      vertex 12.7847 -16.5649 27.4982
      vertex 12.8538 -16.6941 27.4838
    endloop
  endfacet
  facet normal -0.149364 0.24894 0.956932
    outer loop
      vertex -12.9882 16.9457 27.4123
      vertex -13.0307 16.9202 27.4123
      vertex -12.9218 16.8214 27.455
    endloop
  endfacet
  facet normal -0.124171 0.262399 0.956937
    outer loop
      vertex -12.9434 16.9669 27.4123
      vertex -12.9882 16.9457 27.4123
      vertex -12.9218 16.8214 27.455
    endloop
  endfacet
  facet normal -0.0838674 0.177053 0.980621
    outer loop
      vertex -12.8895 16.8367 27.455
      vertex -12.9218 16.8214 27.455
      vertex -12.8538 16.6941 27.4838
    endloop
  endfacet
  facet normal -0.0416291 0.0886881 0.995189
    outer loop
      vertex -12.8342 16.7033 27.4838
      vertex -12.8538 16.6941 27.4838
      vertex -12.7782 16.568 27.4982
    endloop
  endfacet
  facet normal -0.00986139 0.195584 0.980637
    outer loop
      vertex -12.75 16.8645 27.455
      vertex -12.7857 16.8627 27.455
      vertex -12.75 16.7201 27.4838
    endloop
  endfacet
  facet normal -0.0479107 0.189835 0.980646
    outer loop
      vertex -12.7929 16.7159 27.4838
      vertex -12.8558 16.8488 27.455
      vertex -12.8139 16.7106 27.4838
    endloop
  endfacet
  facet normal 0.0949523 0.0239641 0.995193
    outer loop
      vertex 12.9606 16.5639 27.4838
      vertex 12.8204 16.5214 27.4982
      vertex 12.9659 16.5429 27.4838
    endloop
  endfacet
  facet normal 0.0583526 -0.0787081 0.995188
    outer loop
      vertex 12.7967 -16.5569 27.4982
      vertex 12.7909 -16.5612 27.4982
      vertex 12.8896 -16.6701 27.4838
    endloop
  endfacet
  facet normal -0.197047 0.328412 0.923752
    outer loop
      vertex -13.0523 17.0656 27.356
      vertex -13.1063 17.0332 27.356
      vertex -12.9882 16.9457 27.4123
    endloop
  endfacet
  facet normal -0.163841 0.346229 0.923732
    outer loop
      vertex -12.9434 16.9669 27.4123
      vertex -12.9954 17.0925 27.356
      vertex -12.9882 16.9457 27.4123
    endloop
  endfacet
  facet normal -0.0560342 0.37884 0.923764
    outer loop
      vertex -12.8129 17.1382 27.356
      vertex -12.8751 17.129 27.356
      vertex -12.7995 17.0029 27.4123
    endloop
  endfacet
  facet normal -0.0188523 0.382519 0.923755
    outer loop
      vertex -12.75 17.1413 27.356
      vertex -12.8129 17.1382 27.356
      vertex -12.7995 17.0029 27.4123
    endloop
  endfacet
  facet normal -0.134981 0.53929 0.831232
    outer loop
      vertex -12.9243 17.3764 27.2048
      vertex -13.0094 17.3551 27.2048
      vertex -12.9004 17.2563 27.2866
    endloop
  endfacet
  facet normal -0.135002 0.539273 0.831239
    outer loop
      vertex -12.9004 17.2563 27.2866
      vertex -13.0094 17.3551 27.2048
      vertex -12.9739 17.2379 27.2866
    endloop
  endfacet
  facet normal -0.237857 0.502987 0.83092
    outer loop
      vertex -13.0919 17.3255 27.2048
      vertex -13.1712 17.288 27.2048
      vertex -13.0451 17.2125 27.2866
    endloop
  endfacet
  facet normal -0.187893 0.523688 0.830931
    outer loop
      vertex -13.0094 17.3551 27.2048
      vertex -13.0919 17.3255 27.2048
      vertex -13.0451 17.2125 27.2866
    endloop
  endfacet
  facet normal -0.0886881 0.0416291 0.995189
    outer loop
      vertex -12.9441 16.6038 27.4838
      vertex -12.9533 16.5842 27.4838
      vertex -12.818 16.5282 27.4982
    endloop
  endfacet
  facet normal -0.177053 0.0838674 0.980621
    outer loop
      vertex -13.0714 16.6718 27.455
      vertex -13.0867 16.6395 27.455
      vertex -12.9441 16.6038 27.4838
    endloop
  endfacet
  facet normal -0.283444 -0.257184 0.923859
    outer loop
      vertex -13.1406 -16.8206 27.4123
      vertex -13.2458 -16.9069 27.356
      vertex -13.1073 -16.8573 27.4123
    endloop
  endfacet
  facet normal -0.215035 -0.195113 0.956917
    outer loop
      vertex -13.0317 -16.7312 27.455
      vertex -13.1406 -16.8206 27.4123
      vertex -13.1073 -16.8573 27.4123
    endloop
  endfacet
  facet normal -0.346229 -0.163841 0.923732
    outer loop
      vertex -13.2169 -16.6934 27.4123
      vertex -13.3425 -16.7454 27.356
      vertex -13.1957 -16.7382 27.4123
    endloop
  endfacet
  facet normal -0.346245 -0.16369 0.923753
    outer loop
      vertex -13.1957 -16.7382 27.4123
      vertex -13.3425 -16.7454 27.356
      vertex -13.3156 -16.8023 27.356
    endloop
  endfacet
  facet normal 0.667595 0.495948 0.555295
    outer loop
      vertex 13.8198 17.2148 26.7712
      vertex 13.6813 17.2643 26.8935
      vertex 13.7518 17.1694 26.8935
    endloop
  endfacet
  facet normal 0.66763 0.495784 0.5554
    outer loop
      vertex 13.7445 17.3162 26.7712
      vertex 13.6813 17.2643 26.8935
      vertex 13.8198 17.2148 26.7712
    endloop
  endfacet
  facet normal 0.397709 0.663557 0.633655
    outer loop
      vertex 13.3179 17.5625 26.8935
      vertex 13.2739 17.4802 27.0073
      vertex 13.3675 17.4241 27.0073
    endloop
  endfacet
  facet normal 0.426844 0.713751 0.555305
    outer loop
      vertex 13.4648 17.5698 26.7712
      vertex 13.3179 17.5625 26.8935
      vertex 13.4194 17.5018 26.8935
    endloop
  endfacet
  facet normal 0.349787 0.316741 0.88166
    outer loop
      vertex 13.2953 17.0453 27.2866
      vertex 13.2035 16.9535 27.356
      vertex 13.3461 16.9892 27.2866
    endloop
  endfacet
  facet normal 0.412157 0.373219 0.831164
    outer loop
      vertex 13.4407 17.0669 27.2048
      vertex 13.2953 17.0453 27.2866
      vertex 13.3461 16.9892 27.2866
    endloop
  endfacet
  facet normal 0.103782 0.699877 0.706684
    outer loop
      vertex 12.8589 17.6061 27.0073
      vertex 12.8487 17.5025 27.1114
      vertex 12.9668 17.5901 27.0073
    endloop
  endfacet
  facet normal 0.0343941 0.706701 0.706676
    outer loop
      vertex 12.8589 17.6061 27.0073
      vertex 12.75 17.6114 27.0073
      vertex 12.8487 17.5025 27.1114
    endloop
  endfacet
  facet normal 0.271297 0.573703 0.772828
    outer loop
      vertex 13.1355 17.4307 27.1114
      vertex 13.0919 17.3255 27.2048
      vertex 13.1712 17.288 27.2048
    endloop
  endfacet
  facet normal 0.285961 0.477092 0.831029
    outer loop
      vertex 13.1712 17.288 27.2048
      vertex 13.1135 17.1801 27.2866
      vertex 13.1784 17.1412 27.2866
    endloop
  endfacet
  facet normal 0.159118 0.444329 0.88162
    outer loop
      vertex 12.9739 17.2379 27.2866
      vertex 12.9362 17.1137 27.356
      vertex 12.9954 17.0925 27.356
    endloop
  endfacet
  facet normal 0.187966 0.750444 0.633642
    outer loop
      vertex 13.0997 17.6529 26.8935
      vertex 12.9668 17.5901 27.0073
      vertex 13.0726 17.5636 27.0073
    endloop
  endfacet
  facet normal 0.171925 0.686402 0.706607
    outer loop
      vertex 13.0726 17.5636 27.0073
      vertex 12.9668 17.5901 27.0073
      vertex 13.0424 17.464 27.1114
    endloop
  endfacet
  facet normal 0.0479107 0.189835 0.980646
    outer loop
      vertex 12.8558 16.8488 27.455
      vertex 12.7929 16.7159 27.4838
      vertex 12.8139 16.7106 27.4838
    endloop
  endfacet
  facet normal 0.0981006 0.273222 0.956936
    outer loop
      vertex 12.9434 16.9669 27.4123
      vertex 12.8558 16.8488 27.455
      vertex 12.8895 16.8367 27.455
    endloop
  endfacet
  facet normal -0.0703184 0.28186 0.956875
    outer loop
      vertex -12.8486 16.9956 27.4123
      vertex -12.8967 16.9836 27.4123
      vertex -12.8211 16.8575 27.455
    endloop
  endfacet
  facet normal -0.0706244 0.281686 0.956904
    outer loop
      vertex -12.8211 16.8575 27.455
      vertex -12.8967 16.9836 27.4123
      vertex -12.8558 16.8488 27.455
    endloop
  endfacet
  facet normal -0.699441 0.330567 0.633646
    outer loop
      vertex -13.7302 17.0239 27.0073
      vertex -13.8125 17.0679 26.8935
      vertex -13.7768 16.9253 27.0073
    endloop
  endfacet
  facet normal -0.782983 0.279737 0.555595
    outer loop
      vertex -13.8631 16.9611 26.8935
      vertex -13.9387 16.9924 26.7712
      vertex -13.9029 16.8497 26.8935
    endloop
  endfacet
  facet normal -0.121734 -0.822586 0.555457
    outer loop
      vertex -12.8681 -17.699 26.8935
      vertex -12.985 -17.6817 26.8935
      vertex -12.8761 -17.7804 26.7712
    endloop
  endfacet
  facet normal -0.0407888 -0.830543 0.555458
    outer loop
      vertex -12.8681 -17.699 26.8935
      vertex -12.8761 -17.7804 26.7712
      vertex -12.75 -17.7048 26.8935
    endloop
  endfacet
  facet normal -0.45352 -0.756799 0.470717
    outer loop
      vertex -13.3565 -17.6347 26.7712
      vertex -13.4648 -17.5698 26.7712
      vertex -13.3892 -17.6959 26.6413
    endloop
  endfacet
  facet normal -0.377272 -0.797642 0.470566
    outer loop
      vertex -13.2424 -17.6887 26.7712
      vertex -13.3892 -17.6959 26.6413
      vertex -13.2689 -17.7528 26.6413
    endloop
  endfacet
  facet normal -0.788052 -0.583997 0.194737
    outer loop
      vertex -13.9598 -17.3084 26.3645
      vertex -13.9837 -17.3243 26.2201
      vertex -13.8748 -17.4231 26.3645
    endloop
  endfacet
  facet normal -0.841374 -0.504138 0.194769
    outer loop
      vertex -13.9598 -17.3084 26.3645
      vertex -14.0332 -17.1859 26.3645
      vertex -13.9837 -17.3243 26.2201
    endloop
  endfacet
  facet normal 0.280633 -0.37968 0.881526
    outer loop
      vertex 13.1569 -16.9958 27.356
      vertex 13.1063 -17.0332 27.356
      vertex 13.2392 -17.0961 27.2866
    endloop
  endfacet
  facet normal 0.317322 -0.349579 0.881533
    outer loop
      vertex 13.2035 -16.9535 27.356
      vertex 13.1569 -16.9958 27.356
      vertex 13.2392 -17.0961 27.2866
    endloop
  endfacet
  facet normal 0.16369 -0.346245 0.923753
    outer loop
      vertex 13.0523 -17.0656 27.356
      vertex 12.9882 -16.9457 27.4123
      vertex 12.9954 -17.0925 27.356
    endloop
  endfacet
  facet normal 0.201677 -0.426596 0.88167
    outer loop
      vertex 13.0523 -17.0656 27.356
      vertex 12.9954 -17.0925 27.356
      vertex 13.1135 -17.1801 27.2866
    endloop
  endfacet
  facet normal 0.159118 -0.444329 0.88162
    outer loop
      vertex 12.9954 -17.0925 27.356
      vertex 12.9362 -17.1137 27.356
      vertex 12.9739 -17.2379 27.2866
    endloop
  endfacet
  facet normal 0.129116 -0.36055 0.92376
    outer loop
      vertex 12.9954 -17.0925 27.356
      vertex 12.8967 -16.9836 27.4123
      vertex 12.9362 -17.1137 27.356
    endloop
  endfacet
  facet normal 0.0188523 -0.382519 0.923755
    outer loop
      vertex 12.7995 -17.0029 27.4123
      vertex 12.75 -17.1413 27.356
      vertex 12.8129 -17.1382 27.356
    endloop
  endfacet
  facet normal 0.023228 -0.471304 0.881665
    outer loop
      vertex 12.8129 -17.1382 27.356
      vertex 12.75 -17.1413 27.356
      vertex 12.8256 -17.2674 27.2866
    endloop
  endfacet
  facet normal 0.273222 -0.0981006 0.956936
    outer loop
      vertex 13.0988 -16.6058 27.455
      vertex 13.0867 -16.6395 27.455
      vertex 13.2169 -16.6934 27.4123
    endloop
  endfacet
  facet normal 0.184284 -0.0661672 0.980643
    outer loop
      vertex 13.0988 -16.6058 27.455
      vertex 12.9533 -16.5842 27.4838
      vertex 13.0867 -16.6395 27.455
    endloop
  endfacet
  facet normal 0.287289 -0.0422006 0.956914
    outer loop
      vertex 13.1127 -16.5357 27.455
      vertex 13.1075 -16.5711 27.455
      vertex 13.2529 -16.5495 27.4123
    endloop
  endfacet
  facet normal 0.290003 -0.014622 0.956914
    outer loop
      vertex 13.1145 -16.5 27.455
      vertex 13.1127 -16.5357 27.455
      vertex 13.2529 -16.5495 27.4123
    endloop
  endfacet
  facet normal 0.287354 -0.0427226 0.956871
    outer loop
      vertex 13.2529 -16.5495 27.4123
      vertex 13.1075 -16.5711 27.455
      vertex 13.2456 -16.5986 27.4123
    endloop
  endfacet
  facet normal 0.28186 -0.0703184 0.956875
    outer loop
      vertex 13.2456 -16.5986 27.4123
      vertex 13.1075 -16.5711 27.455
      vertex 13.2336 -16.6467 27.4123
    endloop
  endfacet
  facet normal 0.096898 0.0141025 0.995194
    outer loop
      vertex 12.9659 16.5429 27.4838
      vertex 12.8232 16.5072 27.4982
      vertex 12.969 16.5216 27.4838
    endloop
  endfacet
  facet normal -0.0331541 -0.0921958 0.995189
    outer loop
      vertex -12.7782 -16.568 27.4982
      vertex -12.8342 -16.7033 27.4838
      vertex -12.8139 -16.7106 27.4838
    endloop
  endfacet
  facet normal -0.0416291 -0.0886881 0.995189
    outer loop
      vertex -12.7782 -16.568 27.4982
      vertex -12.8538 -16.6941 27.4838
      vertex -12.8342 -16.7033 27.4838
    endloop
  endfacet
  facet normal -0.331287 -0.446573 0.831157
    outer loop
      vertex -13.1784 -17.1412 27.2866
      vertex -13.3169 -17.1907 27.2048
      vertex -13.2464 -17.243 27.2048
    endloop
  endfacet
  facet normal -0.285522 -0.477139 0.831153
    outer loop
      vertex -13.1784 -17.1412 27.2866
      vertex -13.2464 -17.243 27.2048
      vertex -13.1712 -17.288 27.2048
    endloop
  endfacet
  facet normal -0.509979 -0.37831 0.77253
    outer loop
      vertex -13.4407 -17.0669 27.2048
      vertex -13.5876 -17.0596 27.1114
      vertex -13.5287 -17.139 27.1114
    endloop
  endfacet
  facet normal -0.470621 -0.426319 0.772508
    outer loop
      vertex -13.4407 -17.0669 27.2048
      vertex -13.5287 -17.139 27.1114
      vertex -13.4623 -17.2123 27.1114
    endloop
  endfacet
  facet normal -0.830871 -0.296989 0.470585
    outer loop
      vertex -13.9812 -16.8735 26.7712
      vertex -14.0028 -17.0189 26.6413
      vertex -13.9387 -16.9924 26.7712
    endloop
  endfacet
  facet normal -0.830815 -0.297051 0.470645
    outer loop
      vertex -13.9812 -16.8735 26.7712
      vertex -14.0476 -16.8936 26.6413
      vertex -14.0028 -17.0189 26.6413
    endloop
  endfacet
  facet normal 0.756777 -0.453668 0.47061
    outer loop
      vertex 13.9459 -17.1392 26.6413
      vertex 13.8198 -17.2148 26.7712
      vertex 13.8775 -17.2533 26.6413
    endloop
  endfacet
  facet normal 0.756799 -0.45352 0.470717
    outer loop
      vertex 13.8847 -17.1065 26.7712
      vertex 13.8198 -17.2148 26.7712
      vertex 13.9459 -17.1392 26.6413
    endloop
  endfacet
  facet normal 0.425272 -0.899772 0.0977403
    outer loop
      vertex 13.4494 -17.8086 26.2201
      vertex 13.3178 -17.8708 26.2201
      vertex 13.4562 -17.8213 26.0736
    endloop
  endfacet
  facet normal 0.335758 -0.936872 0.0976592
    outer loop
      vertex 13.3178 -17.8708 26.2201
      vertex 13.1849 -17.9337 26.0736
      vertex 13.3233 -17.8841 26.0736
    endloop
  endfacet
  facet normal -0.56827 0.42155 0.706658
    outer loop
      vertex -13.5287 17.139 27.1114
      vertex -13.6741 17.1175 27.0073
      vertex -13.5876 17.0596 27.1114
    endloop
  endfacet
  facet normal -0.667595 0.495948 0.555295
    outer loop
      vertex -13.6813 17.2643 26.8935
      vertex -13.8198 17.2148 26.7712
      vertex -13.7518 17.1694 26.8935
    endloop
  endfacet
  facet normal -0.53929 0.134981 0.831232
    outer loop
      vertex -13.6051 16.7594 27.2048
      vertex -13.6264 16.6743 27.2048
      vertex -13.5063 16.6504 27.2866
    endloop
  endfacet
  facet normal -0.539273 0.135002 0.831239
    outer loop
      vertex -13.4879 16.7239 27.2866
      vertex -13.6051 16.7594 27.2048
      vertex -13.5063 16.6504 27.2866
    endloop
  endfacet
  facet normal -0.36055 0.129116 0.92376
    outer loop
      vertex -13.3425 16.7454 27.356
      vertex -13.3637 16.6862 27.356
      vertex -13.2336 16.6467 27.4123
    endloop
  endfacet
  facet normal -0.444329 0.159118 0.88162
    outer loop
      vertex -13.3425 16.7454 27.356
      vertex -13.4879 16.7239 27.2866
      vertex -13.3637 16.6862 27.356
    endloop
  endfacet
  facet normal 0.378323 0.509977 0.772525
    outer loop
      vertex 13.3096 17.3376 27.1114
      vertex 13.2464 17.243 27.2048
      vertex 13.3169 17.1907 27.2048
    endloop
  endfacet
  facet normal 0.37831 0.509979 0.77253
    outer loop
      vertex 13.389 17.2787 27.1114
      vertex 13.3096 17.3376 27.1114
      vertex 13.3169 17.1907 27.2048
    endloop
  endfacet
  facet normal 0.326061 0.544885 0.772518
    outer loop
      vertex 13.3096 17.3376 27.1114
      vertex 13.1712 17.288 27.2048
      vertex 13.2464 17.243 27.2048
    endloop
  endfacet
  facet normal 0.281081 0.37893 0.881706
    outer loop
      vertex 13.1784 17.1412 27.2866
      vertex 13.1063 17.0332 27.356
      vertex 13.2392 17.0961 27.2866
    endloop
  endfacet
  facet normal 0.36055 0.129116 0.92376
    outer loop
      vertex 13.3425 16.7454 27.356
      vertex 13.2336 16.6467 27.4123
      vertex 13.3637 16.6862 27.356
    endloop
  endfacet
  facet normal 0.371506 0.0930285 0.923758
    outer loop
      vertex 13.3637 16.6862 27.356
      vertex 13.2336 16.6467 27.4123
      vertex 13.379 16.6251 27.356
    endloop
  endfacet
  facet normal 0.37968 0.280633 0.881526
    outer loop
      vertex 13.3461 16.9892 27.2866
      vertex 13.2458 16.9069 27.356
      vertex 13.2832 16.8563 27.356
    endloop
  endfacet
  facet normal 0.349579 0.317322 0.881533
    outer loop
      vertex 13.3461 16.9892 27.2866
      vertex 13.2035 16.9535 27.356
      vertex 13.2458 16.9069 27.356
    endloop
  endfacet
  facet normal 0.404627 0.242776 0.881667
    outer loop
      vertex 13.4301 16.8635 27.2866
      vertex 13.2832 16.8563 27.356
      vertex 13.3156 16.8023 27.356
    endloop
  endfacet
  facet normal 0.346229 0.163841 0.923732
    outer loop
      vertex 13.3425 16.7454 27.356
      vertex 13.1957 16.7382 27.4123
      vertex 13.2169 16.6934 27.4123
    endloop
  endfacet
  facet normal 0.0479107 -0.189835 0.980646
    outer loop
      vertex 12.8139 -16.7106 27.4838
      vertex 12.7929 -16.7159 27.4838
      vertex 12.8558 -16.8488 27.455
    endloop
  endfacet
  facet normal 0.088377 -0.042149 0.995195
    outer loop
      vertex 12.818 -16.5282 27.4982
      vertex 12.8149 -16.5347 27.4982
      vertex 12.9441 -16.6038 27.4838
    endloop
  endfacet
  facet normal 0.0501784 0.0840826 0.995195
    outer loop
      vertex 12.8538 16.6941 27.4838
      vertex 12.7847 16.5649 27.4982
      vertex 12.7909 16.5612 27.4982
    endloop
  endfacet
  facet normal 0.0134796 -0.0970531 0.995188
    outer loop
      vertex 12.7644 -16.5722 27.4982
      vertex 12.7572 -16.5732 27.4982
      vertex 12.7929 -16.7159 27.4838
    endloop
  endfacet
  facet normal 0.0948875 0.0243996 0.995189
    outer loop
      vertex 12.9659 16.5429 27.4838
      vertex 12.8204 16.5214 27.4982
      vertex 12.8222 16.5144 27.4982
    endloop
  endfacet
  facet normal 0.0923376 -0.0325897 0.995194
    outer loop
      vertex 12.8204 -16.5214 27.4982
      vertex 12.818 -16.5282 27.4982
      vertex 12.9606 -16.5639 27.4838
    endloop
  endfacet
  facet normal 0.0921958 -0.0331541 0.995189
    outer loop
      vertex 12.9606 -16.5639 27.4838
      vertex 12.818 -16.5282 27.4982
      vertex 12.9533 -16.5842 27.4838
    endloop
  endfacet
  facet normal 0.0839825 0.0503895 0.995192
    outer loop
      vertex 12.933 16.6223 27.4838
      vertex 12.8112 16.5409 27.4982
      vertex 12.9441 16.6038 27.4838
    endloop
  endfacet
  facet normal 0.249045 0.149264 0.956921
    outer loop
      vertex 13.1702 16.7807 27.4123
      vertex 13.053 16.7025 27.455
      vertex 13.0714 16.6718 27.455
    endloop
  endfacet
  facet normal 0.307793 0.227499 0.923855
    outer loop
      vertex 13.2458 16.9069 27.356
      vertex 13.1406 16.8206 27.4123
      vertex 13.2832 16.8563 27.356
    endloop
  endfacet
  facet normal 0.283412 0.25726 0.923848
    outer loop
      vertex 13.2035 16.9535 27.356
      vertex 13.1073 16.8573 27.4123
      vertex 13.2458 16.9069 27.356
    endloop
  endfacet
  facet normal 0.242547 0.404661 0.881715
    outer loop
      vertex 13.1135 17.1801 27.2866
      vertex 13.1063 17.0332 27.356
      vertex 13.1784 17.1412 27.2866
    endloop
  endfacet
  facet normal 0.228182 0.307583 0.923756
    outer loop
      vertex 13.1063 17.0332 27.356
      vertex 13.0307 16.9202 27.4123
      vertex 13.0706 16.8906 27.4123
    endloop
  endfacet
  facet normal -0 0.195594 0.980685
    outer loop
      vertex -12.75 16.8645 27.455
      vertex 12.75 16.7201 27.4838
      vertex 12.75 16.8645 27.455
    endloop
  endfacet
  facet normal 0 0.195594 0.980685
    outer loop
      vertex 12.75 16.7201 27.4838
      vertex -12.75 16.8645 27.455
      vertex -12.75 16.7201 27.4838
    endloop
  endfacet
  facet normal -0 0.0978221 0.995204
    outer loop
      vertex -12.75 16.7201 27.4838
      vertex 12.75 16.5736 27.4982
      vertex 12.75 16.7201 27.4838
    endloop
  endfacet
  facet normal 0 0.0978221 0.995204
    outer loop
      vertex 12.75 16.5736 27.4982
      vertex -12.75 16.7201 27.4838
      vertex -12.75 16.5736 27.4982
    endloop
  endfacet
  facet normal 0.0331541 0.0921958 0.995189
    outer loop
      vertex 12.8139 16.7106 27.4838
      vertex 12.7782 16.568 27.4982
      vertex 12.8342 16.7033 27.4838
    endloop
  endfacet
  facet normal 0.0243996 -0.0948875 0.995189
    outer loop
      vertex 12.7714 -16.5704 27.4982
      vertex 12.7644 -16.5722 27.4982
      vertex 12.7929 -16.7159 27.4838
    endloop
  endfacet
  facet normal 0.0325897 -0.0923376 0.995194
    outer loop
      vertex 12.7782 -16.568 27.4982
      vertex 12.7714 -16.5704 27.4982
      vertex 12.8139 -16.7106 27.4838
    endloop
  endfacet
  facet normal 0.0840826 0.0501784 0.995195
    outer loop
      vertex 12.9441 16.6038 27.4838
      vertex 12.8112 16.5409 27.4982
      vertex 12.8149 16.5347 27.4982
    endloop
  endfacet
  facet normal 0.058554 0.0785259 0.995191
    outer loop
      vertex 12.8723 16.683 27.4838
      vertex 12.7909 16.5612 27.4982
      vertex 12.8896 16.6701 27.4838
    endloop
  endfacet
  facet normal 0.194963 0.215272 0.956895
    outer loop
      vertex 13.1073 16.8573 27.4123
      vertex 12.9812 16.7817 27.455
      vertex 13.0077 16.7577 27.455
    endloop
  endfacet
  facet normal 0.13146 0.145154 0.980637
    outer loop
      vertex 12.9812 16.7817 27.455
      vertex 12.9056 16.6556 27.4838
      vertex 13.0077 16.7577 27.455
    endloop
  endfacet
  facet normal 0.0134796 0.0970531 0.995188
    outer loop
      vertex 12.7929 16.7159 27.4838
      vertex 12.7572 16.5732 27.4982
      vertex 12.7644 16.5722 27.4982
    endloop
  endfacet
  facet normal 0.042149 0.088377 0.995195
    outer loop
      vertex 12.8538 16.6941 27.4838
      vertex 12.7782 16.568 27.4982
      vertex 12.7847 16.5649 27.4982
    endloop
  endfacet
  facet normal 0.0886881 0.0416291 0.995189
    outer loop
      vertex 12.9441 16.6038 27.4838
      vertex 12.818 16.5282 27.4982
      vertex 12.9533 16.5842 27.4838
    endloop
  endfacet
  facet normal 0.177229 0.083189 0.980648
    outer loop
      vertex 13.0867 16.6395 27.455
      vertex 12.9441 16.6038 27.4838
      vertex 12.9533 16.5842 27.4838
    endloop
  endfacet
  facet normal -0.0661672 0.184284 0.980643
    outer loop
      vertex -12.8558 16.8488 27.455
      vertex -12.8895 16.8367 27.455
      vertex -12.8342 16.7033 27.4838
    endloop
  endfacet
  facet normal -0.0981006 0.273222 0.956936
    outer loop
      vertex -12.8558 16.8488 27.455
      vertex -12.9434 16.9669 27.4123
      vertex -12.8895 16.8367 27.455
    endloop
  endfacet
  facet normal -0.0930285 0.371506 0.923758
    outer loop
      vertex -12.8751 17.129 27.356
      vertex -12.9362 17.1137 27.356
      vertex -12.8967 16.9836 27.4123
    endloop
  endfacet
  facet normal -0.114644 0.457828 0.881618
    outer loop
      vertex -12.8751 17.129 27.356
      vertex -12.9739 17.2379 27.2866
      vertex -12.9362 17.1137 27.356
    endloop
  endfacet
  facet normal -0.16369 0.346245 0.923753
    outer loop
      vertex -12.9954 17.0925 27.356
      vertex -13.0523 17.0656 27.356
      vertex -12.9882 16.9457 27.4123
    endloop
  endfacet
  facet normal -0.201677 0.426596 0.88167
    outer loop
      vertex -12.9954 17.0925 27.356
      vertex -13.1135 17.1801 27.2866
      vertex -13.0523 17.0656 27.356
    endloop
  endfacet
  facet normal -0.0840826 0.0501784 0.995195
    outer loop
      vertex -12.8112 16.5409 27.4982
      vertex -12.9441 16.6038 27.4838
      vertex -12.8149 16.5347 27.4982
    endloop
  endfacet
  facet normal -0.0839825 0.0503895 0.995192
    outer loop
      vertex -12.933 16.6223 27.4838
      vertex -12.9441 16.6038 27.4838
      vertex -12.8112 16.5409 27.4982
    endloop
  endfacet
  facet normal 0.573223 0.519306 0.633828
    outer loop
      vertex 13.6813 17.2643 26.8935
      vertex 13.5359 17.2859 27.0073
      vertex 13.6091 17.2051 27.0073
    endloop
  endfacet
  facet normal 0.524381 0.475058 0.706643
    outer loop
      vertex 13.5359 17.2859 27.0073
      vertex 13.5287 17.139 27.1114
      vertex 13.6091 17.2051 27.0073
    endloop
  endfacet
  facet normal 0.396869 0.663628 0.634107
    outer loop
      vertex 13.4194 17.5018 26.8935
      vertex 13.3179 17.5625 26.8935
      vertex 13.3675 17.4241 27.0073
    endloop
  endfacet
  facet normal 0.461118 0.62071 0.634105
    outer loop
      vertex 13.4194 17.5018 26.8935
      vertex 13.3675 17.4241 27.0073
      vertex 13.5143 17.4313 26.8935
    endloop
  endfacet
  facet normal 0.154161 0.615919 0.772579
    outer loop
      vertex 12.9465 17.488 27.1114
      vertex 12.9243 17.3764 27.2048
      vertex 13.0094 17.3551 27.2048
    endloop
  endfacet
  facet normal 0.0927338 0.628127 0.772565
    outer loop
      vertex 12.9465 17.488 27.1114
      vertex 12.8376 17.3892 27.2048
      vertex 12.9243 17.3764 27.2048
    endloop
  endfacet
  facet normal 0.326447 0.544292 0.772774
    outer loop
      vertex 13.2249 17.3884 27.1114
      vertex 13.1712 17.288 27.2048
      vertex 13.3096 17.3376 27.1114
    endloop
  endfacet
  facet normal 0.237857 0.502987 0.83092
    outer loop
      vertex 13.0919 17.3255 27.2048
      vertex 13.0451 17.2125 27.2866
      vertex 13.1712 17.288 27.2048
    endloop
  endfacet
  facet normal 0.0816042 0.549909 0.831228
    outer loop
      vertex 12.9243 17.3764 27.2048
      vertex 12.8256 17.2674 27.2866
      vertex 12.9004 17.2563 27.2866
    endloop
  endfacet
  facet normal 0.0690444 0.4668 0.881663
    outer loop
      vertex 12.8256 17.2674 27.2866
      vertex 12.8129 17.1382 27.356
      vertex 12.8751 17.129 27.356
    endloop
  endfacet
  facet normal -0 0.555954 0.831213
    outer loop
      vertex -12.75 17.3935 27.2048
      vertex 12.75 17.2712 27.2866
      vertex 12.75 17.3935 27.2048
    endloop
  endfacet
  facet normal 0 0.555954 0.831213
    outer loop
      vertex 12.75 17.2712 27.2866
      vertex -12.75 17.3935 27.2048
      vertex -12.75 17.2712 27.2866
    endloop
  endfacet
  facet normal 0.0560342 0.37884 0.923764
    outer loop
      vertex 12.8129 17.1382 27.356
      vertex 12.7995 17.0029 27.4123
      vertex 12.8751 17.129 27.356
    endloop
  endfacet
  facet normal 0.0692799 0.466859 0.881614
    outer loop
      vertex 12.9004 17.2563 27.2866
      vertex 12.8256 17.2674 27.2866
      vertex 12.8751 17.129 27.356
    endloop
  endfacet
  facet normal 0.0661672 0.184284 0.980643
    outer loop
      vertex 12.8558 16.8488 27.455
      vertex 12.8342 16.7033 27.4838
      vertex 12.8895 16.8367 27.455
    endloop
  endfacet
  facet normal 0.0416291 0.0886881 0.995189
    outer loop
      vertex 12.8342 16.7033 27.4838
      vertex 12.7782 16.568 27.4982
      vertex 12.8538 16.6941 27.4838
    endloop
  endfacet
  facet normal 0.0977845 0.273445 0.956904
    outer loop
      vertex 12.8967 16.9836 27.4123
      vertex 12.8558 16.8488 27.455
      vertex 12.9434 16.9669 27.4123
    endloop
  endfacet
  facet normal 0.128975 0.360666 0.923735
    outer loop
      vertex 12.9954 17.0925 27.356
      vertex 12.8967 16.9836 27.4123
      vertex 12.9434 16.9669 27.4123
    endloop
  endfacet
  facet normal 0.0703184 0.28186 0.956875
    outer loop
      vertex 12.8486 16.9956 27.4123
      vertex 12.8211 16.8575 27.455
      vertex 12.8967 16.9836 27.4123
    endloop
  endfacet
  facet normal 0.0427226 0.287354 0.956871
    outer loop
      vertex 12.8486 16.9956 27.4123
      vertex 12.7995 17.0029 27.4123
      vertex 12.8211 16.8575 27.455
    endloop
  endfacet
  facet normal -0.0282014 0.193771 0.980641
    outer loop
      vertex -12.7857 16.8627 27.455
      vertex -12.7929 16.7159 27.4838
      vertex -12.7716 16.719 27.4838
    endloop
  endfacet
  facet normal -0.0099591 0.19556 0.980641
    outer loop
      vertex -12.75 16.7201 27.4838
      vertex -12.7857 16.8627 27.455
      vertex -12.7716 16.719 27.4838
    endloop
  endfacet
  facet normal -0.568252 0.421648 0.706613
    outer loop
      vertex -13.6091 17.2051 27.0073
      vertex -13.6741 17.1175 27.0073
      vertex -13.5287 17.139 27.1114
    endloop
  endfacet
  facet normal -0.713751 0.426844 0.555305
    outer loop
      vertex -13.7518 17.1694 26.8935
      vertex -13.8198 17.2148 26.7712
      vertex -13.8125 17.0679 26.8935
    endloop
  endfacet
  facet normal -0.202516 -0.806547 0.555399
    outer loop
      vertex -12.985 -17.6817 26.8935
      vertex -13.0997 -17.6529 26.8935
      vertex -13.001 -17.7619 26.7712
    endloop
  endfacet
  facet normal -0.188348 -0.750121 0.633911
    outer loop
      vertex -12.9668 -17.5901 27.0073
      vertex -13.0997 -17.6529 26.8935
      vertex -12.985 -17.6817 26.8935
    endloop
  endfacet
  facet normal -0.0379427 -0.772592 0.633768
    outer loop
      vertex -12.8589 -17.6061 27.0073
      vertex -12.8681 -17.699 26.8935
      vertex -12.75 -17.7048 26.8935
    endloop
  endfacet
  facet normal -0.113459 -0.765139 0.63379
    outer loop
      vertex -12.8589 -17.6061 27.0073
      vertex -12.9668 -17.5901 27.0073
      vertex -12.8681 -17.699 26.8935
    endloop
  endfacet
  facet normal -0.377421 -0.797477 0.470726
    outer loop
      vertex -13.3565 -17.6347 26.7712
      vertex -13.3892 -17.6959 26.6413
      vertex -13.2424 -17.6887 26.7712
    endloop
  endfacet
  facet normal -0.355613 -0.751397 0.555826
    outer loop
      vertex -13.3179 -17.5625 26.8935
      vertex -13.3565 -17.6347 26.7712
      vertex -13.2424 -17.6887 26.7712
    endloop
  endfacet
  facet normal -0.79956 -0.592495 0.0982521
    outer loop
      vertex -13.9837 -17.3243 26.2201
      vertex -13.9957 -17.3324 26.0736
      vertex -13.897 -17.4413 26.2201
    endloop
  endfacet
  facet normal -0.799113 -0.593239 0.0973968
    outer loop
      vertex -13.897 -17.4413 26.2201
      vertex -13.9957 -17.3324 26.0736
      vertex -13.9081 -17.4504 26.0736
    endloop
  endfacet
  facet normal -0.331274 -0.446596 0.831149
    outer loop
      vertex -13.2392 -17.0961 27.2866
      vertex -13.3169 -17.1907 27.2048
      vertex -13.1784 -17.1412 27.2866
    endloop
  endfacet
  facet normal -0.281081 -0.37893 0.881706
    outer loop
      vertex -13.1063 -17.0332 27.356
      vertex -13.2392 -17.0961 27.2866
      vertex -13.1784 -17.1412 27.2866
    endloop
  endfacet
  facet normal -0.411954 -0.373869 0.830973
    outer loop
      vertex -13.2953 -17.0453 27.2866
      vertex -13.4407 -17.0669 27.2048
      vertex -13.3818 -17.1318 27.2048
    endloop
  endfacet
  facet normal -0.470014 -0.426561 0.772744
    outer loop
      vertex -13.4407 -17.0669 27.2048
      vertex -13.4623 -17.2123 27.1114
      vertex -13.3818 -17.1318 27.2048
    endloop
  endfacet
  facet normal 0.425196 -0.899818 0.0976529
    outer loop
      vertex 13.4562 -17.8213 26.0736
      vertex 13.3178 -17.8708 26.2201
      vertex 13.3233 -17.8841 26.0736
    endloop
  endfacet
  facet normal 0.427238 -0.904139 0.000111903
    outer loop
      vertex 13.4562 -17.8213 26.0736
      vertex 13.3233 -17.8841 26.0736
      vertex 13.4571 -17.8229 9.71
    endloop
  endfacet
  facet normal -0.663557 0.397709 0.633655
    outer loop
      vertex -13.6741 17.1175 27.0073
      vertex -13.8125 17.0679 26.8935
      vertex -13.7302 17.0239 27.0073
    endloop
  endfacet
  facet normal -0.607004 0.363813 0.706531
    outer loop
      vertex -13.6741 17.1175 27.0073
      vertex -13.7302 17.0239 27.0073
      vertex -13.6384 16.9749 27.1114
    endloop
  endfacet
  facet normal -0.502987 0.237857 0.83092
    outer loop
      vertex -13.538 16.9212 27.2048
      vertex -13.5755 16.8419 27.2048
      vertex -13.4625 16.7951 27.2866
    endloop
  endfacet
  facet normal -0.573703 0.271297 0.772828
    outer loop
      vertex -13.538 16.9212 27.2048
      vertex -13.6807 16.8855 27.1114
      vertex -13.5755 16.8419 27.2048
    endloop
  endfacet
  facet normal 0.281686 0.0706244 0.956904
    outer loop
      vertex 13.2336 16.6467 27.4123
      vertex 13.0988 16.6058 27.455
      vertex 13.1075 16.5711 27.455
    endloop
  endfacet
  facet normal 0.28186 0.0703184 0.956875
    outer loop
      vertex 13.2336 16.6467 27.4123
      vertex 13.1075 16.5711 27.455
      vertex 13.2456 16.5986 27.4123
    endloop
  endfacet
  facet normal 0.328412 0.197047 0.923752
    outer loop
      vertex 13.2832 16.8563 27.356
      vertex 13.1957 16.7382 27.4123
      vertex 13.3156 16.8023 27.356
    endloop
  endfacet
  facet normal 0.328412 0.197047 0.923752
    outer loop
      vertex 13.2832 16.8563 27.356
      vertex 13.1702 16.7807 27.4123
      vertex 13.1957 16.7382 27.4123
    endloop
  endfacet
  facet normal 0.0099591 -0.19556 0.980641
    outer loop
      vertex 12.7716 -16.719 27.4838
      vertex 12.75 -16.7201 27.4838
      vertex 12.7857 -16.8627 27.455
    endloop
  endfacet
  facet normal 0.189835 -0.0479107 0.980646
    outer loop
      vertex 12.9659 -16.5429 27.4838
      vertex 12.9606 -16.5639 27.4838
      vertex 13.0988 -16.6058 27.455
    endloop
  endfacet
  facet normal 0.189966 -0.0476283 0.980635
    outer loop
      vertex 13.1075 -16.5711 27.455
      vertex 12.9659 -16.5429 27.4838
      vertex 13.0988 -16.6058 27.455
    endloop
  endfacet
  facet normal 0.215035 0.195113 0.956917
    outer loop
      vertex 13.1073 16.8573 27.4123
      vertex 13.0317 16.7312 27.455
      vertex 13.1406 16.8206 27.4123
    endloop
  endfacet
  facet normal 0.233193 0.172995 0.956919
    outer loop
      vertex 13.1406 16.8206 27.4123
      vertex 13.0317 16.7312 27.455
      vertex 13.1702 16.7807 27.4123
    endloop
  endfacet
  facet normal 0.242776 0.404627 0.881667
    outer loop
      vertex 13.1135 17.1801 27.2866
      vertex 13.0523 17.0656 27.356
      vertex 13.1063 17.0332 27.356
    endloop
  endfacet
  facet normal 0.201677 0.426596 0.88167
    outer loop
      vertex 13.1135 17.1801 27.2866
      vertex 12.9954 17.0925 27.356
      vertex 13.0523 17.0656 27.356
    endloop
  endfacet
  facet normal 0.197047 0.328412 0.923752
    outer loop
      vertex 13.1063 17.0332 27.356
      vertex 12.9882 16.9457 27.4123
      vertex 13.0307 16.9202 27.4123
    endloop
  endfacet
  facet normal 0.197047 0.328412 0.923752
    outer loop
      vertex 13.0523 17.0656 27.356
      vertex 12.9882 16.9457 27.4123
      vertex 13.1063 17.0332 27.356
    endloop
  endfacet
  facet normal 0.0099591 0.19556 0.980641
    outer loop
      vertex 12.7857 16.8627 27.455
      vertex 12.75 16.7201 27.4838
      vertex 12.7716 16.719 27.4838
    endloop
  endfacet
  facet normal 0.0657945 0.0726008 0.995189
    outer loop
      vertex 12.8896 16.6701 27.4838
      vertex 12.7967 16.5569 27.4982
      vertex 12.9056 16.6556 27.4838
    endloop
  endfacet
  facet normal 0.088377 0.042149 0.995195
    outer loop
      vertex 12.9441 16.6038 27.4838
      vertex 12.8149 16.5347 27.4982
      vertex 12.818 16.5282 27.4982
    endloop
  endfacet
  facet normal 0.116755 0.157318 0.980622
    outer loop
      vertex 12.9525 16.803 27.455
      vertex 12.8723 16.683 27.4838
      vertex 12.9812 16.7817 27.455
    endloop
  endfacet
  facet normal 0.172995 0.233193 0.956919
    outer loop
      vertex 13.0307 16.9202 27.4123
      vertex 12.9812 16.7817 27.455
      vertex 13.0706 16.8906 27.4123
    endloop
  endfacet
  facet normal 0.100792 0.167987 0.980623
    outer loop
      vertex 12.9525 16.803 27.455
      vertex 12.8538 16.6941 27.4838
      vertex 12.8723 16.683 27.4838
    endloop
  endfacet
  facet normal 0.156987 0.11706 0.980639
    outer loop
      vertex 13.0317 16.7312 27.455
      vertex 12.9201 16.6396 27.4838
      vertex 12.933 16.6223 27.4838
    endloop
  endfacet
  facet normal 0.0785259 0.058554 0.995191
    outer loop
      vertex 12.9201 16.6396 27.4838
      vertex 12.8112 16.5409 27.4982
      vertex 12.933 16.6223 27.4838
    endloop
  endfacet
  facet normal 0.302448 0.639943 0.706398
    outer loop
      vertex 13.1753 17.5268 27.0073
      vertex 13.1355 17.4307 27.1114
      vertex 13.2739 17.4802 27.0073
    endloop
  endfacet
  facet normal 0.238383 0.666471 0.706393
    outer loop
      vertex 13.1753 17.5268 27.0073
      vertex 13.0424 17.464 27.1114
      vertex 13.1355 17.4307 27.1114
    endloop
  endfacet
  facet normal 0.114618 0.457848 0.881611
    outer loop
      vertex 12.9004 17.2563 27.2866
      vertex 12.8751 17.129 27.356
      vertex 12.9739 17.2379 27.2866
    endloop
  endfacet
  facet normal 0.135002 0.539273 0.831239
    outer loop
      vertex 13.0094 17.3551 27.2048
      vertex 12.9004 17.2563 27.2866
      vertex 12.9739 17.2379 27.2866
    endloop
  endfacet
  facet normal 0.0926751 0.371473 0.923807
    outer loop
      vertex 12.8751 17.129 27.356
      vertex 12.8486 16.9956 27.4123
      vertex 12.8967 16.9836 27.4123
    endloop
  endfacet
  facet normal 0.114644 0.457828 0.881618
    outer loop
      vertex 12.9739 17.2379 27.2866
      vertex 12.8751 17.129 27.356
      vertex 12.9362 17.1137 27.356
    endloop
  endfacet
  facet normal 0.0284651 0.193782 0.980632
    outer loop
      vertex 12.8211 16.8575 27.455
      vertex 12.7857 16.8627 27.455
      vertex 12.7929 16.7159 27.4838
    endloop
  endfacet
  facet normal 0.0422006 0.287289 0.956914
    outer loop
      vertex 12.7995 17.0029 27.4123
      vertex 12.7857 16.8627 27.455
      vertex 12.8211 16.8575 27.455
    endloop
  endfacet
  facet normal 0.00543448 0.0978206 0.995189
    outer loop
      vertex 12.75 16.7201 27.4838
      vertex 12.75 16.5736 27.4982
      vertex 12.7572 16.5732 27.4982
    endloop
  endfacet
  facet normal 0.163841 0.346229 0.923732
    outer loop
      vertex 12.9954 17.0925 27.356
      vertex 12.9434 16.9669 27.4123
      vertex 12.9882 16.9457 27.4123
    endloop
  endfacet
  facet normal 0.124171 0.262399 0.956937
    outer loop
      vertex 12.9434 16.9669 27.4123
      vertex 12.9218 16.8214 27.455
      vertex 12.9882 16.9457 27.4123
    endloop
  endfacet
  facet normal 0.173051 0.233171 0.956914
    outer loop
      vertex 13.0307 16.9202 27.4123
      vertex 12.9525 16.803 27.455
      vertex 12.9812 16.7817 27.455
    endloop
  endfacet
  facet normal 0.149264 0.249045 0.956921
    outer loop
      vertex 13.0307 16.9202 27.4123
      vertex 12.9218 16.8214 27.455
      vertex 12.9525 16.803 27.455
    endloop
  endfacet
  facet normal 0.145121 0.131515 0.980634
    outer loop
      vertex 13.0317 16.7312 27.455
      vertex 12.9056 16.6556 27.4838
      vertex 12.9201 16.6396 27.4838
    endloop
  endfacet
  facet normal 0.0726008 0.0657945 0.995189
    outer loop
      vertex 12.9056 16.6556 27.4838
      vertex 12.8069 16.5467 27.4982
      vertex 12.9201 16.6396 27.4838
    endloop
  endfacet
  facet normal 0.214313 0.597325 0.772834
    outer loop
      vertex 13.1355 17.4307 27.1114
      vertex 13.0094 17.3551 27.2048
      vertex 13.0919 17.3255 27.2048
    endloop
  endfacet
  facet normal 0.187893 0.523688 0.830931
    outer loop
      vertex 13.0919 17.3255 27.2048
      vertex 13.0094 17.3551 27.2048
      vertex 13.0451 17.2125 27.2866
    endloop
  endfacet
  facet normal 0.0930285 0.371506 0.923758
    outer loop
      vertex 12.9362 17.1137 27.356
      vertex 12.8751 17.129 27.356
      vertex 12.8967 16.9836 27.4123
    endloop
  endfacet
  facet normal 0.129116 0.36055 0.92376
    outer loop
      vertex 12.9362 17.1137 27.356
      vertex 12.8967 16.9836 27.4123
      vertex 12.9954 17.0925 27.356
    endloop
  endfacet
  facet normal -1 0 0
    outer loop
      vertex 11 -16.5 12.99
      vertex 11 16.5 25.71
      vertex 11 16.5 12.99
    endloop
  endfacet
  facet normal -1 -0 0
    outer loop
      vertex 11 16.5 25.71
      vertex 11 -16.5 12.99
      vertex 11 -16.5 25.71
    endloop
  endfacet
  facet normal 1 0 0
    outer loop
      vertex 11 16.5 12.7
      vertex 11 16.51 12.99
      vertex 11 16.5 12.99
    endloop
  endfacet
  facet normal 1 0 0
    outer loop
      vertex 11 16.51 12.99
      vertex 11 16.5 12.7
      vertex 11 16.51 9.705
    endloop
  endfacet
  facet normal 1 0 0
    outer loop
      vertex 11 16.51 9.705
      vertex 11 16.5 12.7
      vertex 11 16.5 9.705
    endloop
  endfacet
  facet normal 1 -0 0
    outer loop
      vertex 11 -16.51 12.99
      vertex 11 -16.5 12.7
      vertex 11 -16.5 12.99
    endloop
  endfacet
  facet normal 1 0 0
    outer loop
      vertex 11 -16.51 9.705
      vertex 11 -16.5 12.7
      vertex 11 -16.51 12.99
    endloop
  endfacet
  facet normal 1 0 0
    outer loop
      vertex 11 -16.5 12.7
      vertex 11 -16.51 9.705
      vertex 11 -16.5 9.705
    endloop
  endfacet
  facet normal 0 0 -1
    outer loop
      vertex 11 -16.5 25.71
      vertex 9 -1.5 25.71
      vertex 11 16.5 25.71
    endloop
  endfacet
  facet normal 0 0 -1
    outer loop
      vertex 11 -16.5 25.71
      vertex -9 -1.5 25.71
      vertex 9 -1.5 25.71
    endloop
  endfacet
  facet normal 0 0 -1
    outer loop
      vertex -11 16.5 25.71
      vertex -9 -1.5 25.71
      vertex -11 -16.5 25.71
    endloop
  endfacet
  facet normal 0 0 -1
    outer loop
      vertex -11 -16.5 25.71
      vertex -9 -1.5 25.71
      vertex 11 -16.5 25.71
    endloop
  endfacet
  facet normal 0 0 -1
    outer loop
      vertex 9 12.5 25.71
      vertex 11 16.5 25.71
      vertex 9 -1.5 25.71
    endloop
  endfacet
  facet normal 0 0 -1
    outer loop
      vertex -9 12.5 25.71
      vertex 11 16.5 25.71
      vertex 9 12.5 25.71
    endloop
  endfacet
  facet normal 0 0 -1
    outer loop
      vertex -9 12.5 25.71
      vertex -11 16.5 25.71
      vertex 11 16.5 25.71
    endloop
  endfacet
  facet normal 0 0 -1
    outer loop
      vertex -9 -1.5 25.71
      vertex -11 16.5 25.71
      vertex -9 12.5 25.71
    endloop
  endfacet
  facet normal 1 -0 0
    outer loop
      vertex -11 -16.5 25.71
      vertex -11 16.5 12.99
      vertex -11 16.5 25.71
    endloop
  endfacet
  facet normal 1 0 0
    outer loop
      vertex -11 16.5 12.99
      vertex -11 -16.5 25.71
      vertex -11 -16.5 12.99
    endloop
  endfacet
  facet normal -1 0 0
    outer loop
      vertex -11 16.5 12.7
      vertex -11 16.51 9.705
      vertex -11 16.5 9.705
    endloop
  endfacet
  facet normal -1 0 0
    outer loop
      vertex -11 16.51 9.705
      vertex -11 16.5 12.7
      vertex -11 16.51 12.99
    endloop
  endfacet
  facet normal -1 -0 0
    outer loop
      vertex -11 16.51 12.99
      vertex -11 16.5 12.7
      vertex -11 16.5 12.99
    endloop
  endfacet
  facet normal -1 0 0
    outer loop
      vertex -11 -16.51 9.705
      vertex -11 -16.5 12.7
      vertex -11 -16.5 9.705
    endloop
  endfacet
  facet normal -1 0 0
    outer loop
      vertex -11 -16.51 12.99
      vertex -11 -16.5 12.7
      vertex -11 -16.51 9.705
    endloop
  endfacet
  facet normal -1 0 0
    outer loop
      vertex -11 -16.5 12.7
      vertex -11 -16.51 12.99
      vertex -11 -16.5 12.99
    endloop
  endfacet
  facet normal -1 0 0
    outer loop
      vertex 12.15 -16.5 9.705
      vertex 12.15 -16.51 9.705
      vertex 12.15 -16.5 12.7
    endloop
  endfacet
  facet normal -1 0 0
    outer loop
      vertex 12.15 3.5 9.705
      vertex 12.15 -5.5 11.1
      vertex 12.15 3.5 11.1
    endloop
  endfacet
  facet normal -1 0 0
    outer loop
      vertex 12.15 -14.5 12.7
      vertex 12.15 -5.5 11.1
      vertex 12.15 -14.5 9.705
    endloop
  endfacet
  facet normal -1 0 0
    outer loop
      vertex 12.15 -14.5 9.705
      vertex 12.15 -5.5 11.1
      vertex 12.15 3.5 9.705
    endloop
  endfacet
  facet normal -1 0 0
    outer loop
      vertex 12.15 3.5 12.1
      vertex 12.15 -5.5 12.1
      vertex 12.15 3.5 12.7
    endloop
  endfacet
  facet normal -1 0 0
    outer loop
      vertex 12.15 5.5 12.7
      vertex 12.15 16.51 9.705
      vertex 12.15 5.5 9.705
    endloop
  endfacet
  facet normal -1 0 0
    outer loop
      vertex 12.15 16.51 9.705
      vertex 12.15 5.5 12.7
      vertex 12.15 16.51 12.99
    endloop
  endfacet
  facet normal -1 0 0
    outer loop
      vertex 12.15 3.5 12.7
      vertex 12.15 16.51 12.99
      vertex 12.15 5.5 12.7
    endloop
  endfacet
  facet normal -1 0 0
    outer loop
      vertex 12.15 -5.5 11.1
      vertex 12.15 -14.5 12.7
      vertex 12.15 -5.5 12.1
    endloop
  endfacet
  facet normal -1 0 0
    outer loop
      vertex 12.15 -14.5 12.7
      vertex 12.15 3.5 12.7
      vertex 12.15 -5.5 12.1
    endloop
  endfacet
  facet normal -1 0 0
    outer loop
      vertex 12.15 -16.51 12.99
      vertex 12.15 3.5 12.7
      vertex 12.15 -14.5 12.7
    endloop
  endfacet
  facet normal -1 0 0
    outer loop
      vertex 12.15 -16.51 12.99
      vertex 12.15 -14.5 12.7
      vertex 12.15 -16.5 12.7
    endloop
  endfacet
  facet normal -1 0 0
    outer loop
      vertex 12.15 3.5 12.7
      vertex 12.15 -16.51 12.99
      vertex 12.15 16.51 12.99
    endloop
  endfacet
  facet normal -1 0 0
    outer loop
      vertex 12.15 -16.51 12.99
      vertex 12.15 -16.5 12.7
      vertex 12.15 -16.51 9.705
    endloop
  endfacet
  facet normal 0 0 -1
    outer loop
      vertex 11 -16.5 12.99
      vertex 12.15 -16.51 12.99
      vertex 11 -16.51 12.99
    endloop
  endfacet
  facet normal 0 0 -1
    outer loop
      vertex 12.15 -16.51 12.99
      vertex 11 -16.5 12.99
      vertex 12.15 16.51 12.99
    endloop
  endfacet
  facet normal 0 0 -1
    outer loop
      vertex 11 16.5 12.99
      vertex 12.15 16.51 12.99
      vertex 11 -16.5 12.99
    endloop
  endfacet
  facet normal -0 0 -1
    outer loop
      vertex 12.15 16.51 12.99
      vertex 11 16.5 12.99
      vertex 11 16.51 12.99
    endloop
  endfacet
  facet normal 0 -1 0
    outer loop
      vertex 11 16.51 9.705
      vertex 12.15 16.51 12.99
      vertex 11 16.51 12.99
    endloop
  endfacet
  facet normal 0 -1 -0
    outer loop
      vertex 12.15 16.51 12.99
      vertex 11 16.51 9.705
      vertex 12.15 16.51 9.705
    endloop
  endfacet
  facet normal 0 1 -0
    outer loop
      vertex 12.15 -16.51 9.705
      vertex 11 -16.51 12.99
      vertex 12.15 -16.51 12.99
    endloop
  endfacet
  facet normal 0 1 0
    outer loop
      vertex 11 -16.51 12.99
      vertex 12.15 -16.51 9.705
      vertex 11 -16.51 9.705
    endloop
  endfacet
  facet normal 0 0 -1
    outer loop
      vertex -12.15 -16.51 12.99
      vertex -11 -16.5 12.99
      vertex -11 -16.51 12.99
    endloop
  endfacet
  facet normal -0 0 -1
    outer loop
      vertex -11 -16.5 12.99
      vertex -12.15 -16.51 12.99
      vertex -11 16.5 12.99
    endloop
  endfacet
  facet normal 0 0 -1
    outer loop
      vertex -12.15 16.51 12.99
      vertex -11 16.5 12.99
      vertex -12.15 -16.51 12.99
    endloop
  endfacet
  facet normal 0 0 -1
    outer loop
      vertex -11 16.5 12.99
      vertex -12.15 16.51 12.99
      vertex -11 16.51 12.99
    endloop
  endfacet
  facet normal 1 0 0
    outer loop
      vertex -12.15 16.51 12.99
      vertex -12.15 5.5 12.7
      vertex -12.15 16.51 9.705
    endloop
  endfacet
  facet normal 1 0 0
    outer loop
      vertex -12.15 16.51 12.99
      vertex -12.15 3.5 12.7
      vertex -12.15 5.5 12.7
    endloop
  endfacet
  facet normal 1 0 0
    outer loop
      vertex -12.15 3.5 12.7
      vertex -12.15 -5.5 12.1
      vertex -12.15 3.5 12.1
    endloop
  endfacet
  facet normal 1 0 0
    outer loop
      vertex -12.15 -5.5 12.1
      vertex -12.15 -14.5 12.7
      vertex -12.15 -5.5 11.1
    endloop
  endfacet
  facet normal 1 0 0
    outer loop
      vertex -12.15 3.5 12.7
      vertex -12.15 -14.5 12.7
      vertex -12.15 -5.5 12.1
    endloop
  endfacet
  facet normal 1 -0 0
    outer loop
      vertex -12.15 -16.51 12.99
      vertex -12.15 3.5 12.7
      vertex -12.15 16.51 12.99
    endloop
  endfacet
  facet normal 1 0 0
    outer loop
      vertex -12.15 3.5 12.7
      vertex -12.15 -16.51 12.99
      vertex -12.15 -14.5 12.7
    endloop
  endfacet
  facet normal 1 0 0
    outer loop
      vertex -12.15 -14.5 12.7
      vertex -12.15 -16.51 12.99
      vertex -12.15 -16.5 12.7
    endloop
  endfacet
  facet normal 1 0 0
    outer loop
      vertex -12.15 -16.51 9.705
      vertex -12.15 -16.5 12.7
      vertex -12.15 -16.51 12.99
    endloop
  endfacet
  facet normal 1 0 0
    outer loop
      vertex -12.15 -16.5 12.7
      vertex -12.15 -16.51 9.705
      vertex -12.15 -16.5 9.705
    endloop
  endfacet
  facet normal 1 0 0
    outer loop
      vertex -12.15 16.51 9.705
      vertex -12.15 5.5 12.7
      vertex -12.15 5.5 9.705
    endloop
  endfacet
  facet normal 1 -0 0
    outer loop
      vertex -12.15 -5.5 11.1
      vertex -12.15 3.5 9.705
      vertex -12.15 3.5 11.1
    endloop
  endfacet
  facet normal 1 0 0
    outer loop
      vertex -12.15 -5.5 11.1
      vertex -12.15 -14.5 9.705
      vertex -12.15 3.5 9.705
    endloop
  endfacet
  facet normal 1 0 0
    outer loop
      vertex -12.15 -14.5 9.705
      vertex -12.15 -5.5 11.1
      vertex -12.15 -14.5 12.7
    endloop
  endfacet
  facet normal 0 -1 0
    outer loop
      vertex -12.15 16.51 9.705
      vertex -11 16.51 12.99
      vertex -12.15 16.51 12.99
    endloop
  endfacet
  facet normal 0 -1 -0
    outer loop
      vertex -11 16.51 12.99
      vertex -12.15 16.51 9.705
      vertex -11 16.51 9.705
    endloop
  endfacet
  facet normal 0 1 -0
    outer loop
      vertex -11 -16.51 9.705
      vertex -12.15 -16.51 12.99
      vertex -11 -16.51 12.99
    endloop
  endfacet
  facet normal 0 1 0
    outer loop
      vertex -12.15 -16.51 12.99
      vertex -11 -16.51 9.705
      vertex -12.15 -16.51 9.705
    endloop
  endfacet
  facet normal -1 0 0
    outer loop
      vertex 12.55 -5.5 11.1
      vertex 12.55 3.5 12.1
      vertex 12.55 3.5 11.1
    endloop
  endfacet
  facet normal -1 -0 0
    outer loop
      vertex 12.55 3.5 12.1
      vertex 12.55 -5.5 11.1
      vertex 12.55 -5.5 12.1
    endloop
  endfacet
  facet normal 0 0 -1
    outer loop
      vertex 12.15 -5.5 12.1
      vertex 12.55 3.5 12.1
      vertex 12.55 -5.5 12.1
    endloop
  endfacet
  facet normal -0 0 -1
    outer loop
      vertex 12.55 3.5 12.1
      vertex 12.15 -5.5 12.1
      vertex 12.15 3.5 12.1
    endloop
  endfacet
  facet normal -0 0 1
    outer loop
      vertex 12.15 3.5 11.1
      vertex 12.55 -5.5 11.1
      vertex 12.55 3.5 11.1
    endloop
  endfacet
  facet normal 0 0 1
    outer loop
      vertex 12.55 -5.5 11.1
      vertex 12.15 3.5 11.1
      vertex 12.15 -5.5 11.1
    endloop
  endfacet
  facet normal 0 1 -0
    outer loop
      vertex 12.15 5.5 9.705
      vertex 12 5.5 12.7
      vertex 12.15 5.5 12.7
    endloop
  endfacet
  facet normal 0 1 0
    outer loop
      vertex 12 5.5 12.7
      vertex 12.15 5.5 9.705
      vertex 12 5.5 9.705
    endloop
  endfacet
  facet normal 0 1 -0
    outer loop
      vertex 11 5.5 9.7
      vertex 9 5.5 12.7
      vertex 11 5.5 12.7
    endloop
  endfacet
  facet normal 0 1 0
    outer loop
      vertex 9 5.5 12.7
      vertex 11 5.5 9.7
      vertex 9 5.5 9.7
    endloop
  endfacet
  facet normal 0 0 -0
    outer loop
      vertex 11 5.5 12.7
      vertex 9 5.5 12.7
      vertex 12.15 5.5 12.7
    endloop
  endfacet
  facet normal 0 0 0
    outer loop
      vertex 11 5.5 12.7
      vertex 12.15 5.5 12.7
      vertex 12 5.5 12.7
    endloop
  endfacet
  facet normal 0 1 -0
    outer loop
      vertex 12.55 -5.5 11.1
      vertex 12.15 -5.5 12.1
      vertex 12.55 -5.5 12.1
    endloop
  endfacet
  facet normal 0 1 0
    outer loop
      vertex 12.15 -5.5 12.1
      vertex 12.55 -5.5 11.1
      vertex 12.15 -5.5 11.1
    endloop
  endfacet
  facet normal 0 0 -1
    outer loop
      vertex -12.55 -5.5 12.1
      vertex -12.15 3.5 12.1
      vertex -12.15 -5.5 12.1
    endloop
  endfacet
  facet normal -0 0 -1
    outer loop
      vertex -12.15 3.5 12.1
      vertex -12.55 -5.5 12.1
      vertex -12.55 3.5 12.1
    endloop
  endfacet
  facet normal -0 0 1
    outer loop
      vertex -12.55 3.5 11.1
      vertex -12.15 -5.5 11.1
      vertex -12.15 3.5 11.1
    endloop
  endfacet
  facet normal 0 0 1
    outer loop
      vertex -12.15 -5.5 11.1
      vertex -12.55 3.5 11.1
      vertex -12.55 -5.5 11.1
    endloop
  endfacet
  facet normal 1 -0 0
    outer loop
      vertex -12.55 -5.5 12.1
      vertex -12.55 3.5 11.1
      vertex -12.55 3.5 12.1
    endloop
  endfacet
  facet normal 1 0 0
    outer loop
      vertex -12.55 3.5 11.1
      vertex -12.55 -5.5 12.1
      vertex -12.55 -5.5 11.1
    endloop
  endfacet
  facet normal 0 1 -0
    outer loop
      vertex -9 5.5 9.7
      vertex -11 5.5 12.7
      vertex -9 5.5 12.7
    endloop
  endfacet
  facet normal 0 1 0
    outer loop
      vertex -11 5.5 12.7
      vertex -9 5.5 9.7
      vertex -11 5.5 9.7
    endloop
  endfacet
  facet normal 0 1 -0
    outer loop
      vertex -12 5.5 9.705
      vertex -12.15 5.5 12.7
      vertex -12 5.5 12.7
    endloop
  endfacet
  facet normal 0 1 0
    outer loop
      vertex -12.15 5.5 12.7
      vertex -12 5.5 9.705
      vertex -12.15 5.5 9.705
    endloop
  endfacet
  facet normal 0 0 0
    outer loop
      vertex -9 5.5 12.7
      vertex -11 5.5 12.7
      vertex -12 5.5 12.7
    endloop
  endfacet
  facet normal 0 0 -0
    outer loop
      vertex -12 5.5 12.7
      vertex -12.15 5.5 12.7
      vertex -9 5.5 12.7
    endloop
  endfacet
  facet normal 0 1 -0
    outer loop
      vertex -12.15 -5.5 11.1
      vertex -12.55 -5.5 12.1
      vertex -12.15 -5.5 12.1
    endloop
  endfacet
  facet normal 0 1 0
    outer loop
      vertex -12.55 -5.5 12.1
      vertex -12.15 -5.5 11.1
      vertex -12.55 -5.5 11.1
    endloop
  endfacet
  facet normal -1 0 0
    outer loop
      vertex 9 -1.5 25.71
      vertex 9 12.5 26.21
      vertex 9 12.5 25.71
    endloop
  endfacet
  facet normal -1 -0 0
    outer loop
      vertex 9 12.5 26.21
      vertex 9 -1.5 25.71
      vertex 9 -1.5 26.21
    endloop
  endfacet
  facet normal 0 0 -1
    outer loop
      vertex -9 -1.5 26.21
      vertex 9 12.5 26.21
      vertex 9 -1.5 26.21
    endloop
  endfacet
  facet normal -0 0 -1
    outer loop
      vertex 9 12.5 26.21
      vertex -9 -1.5 26.21
      vertex -9 12.5 26.21
    endloop
  endfacet
  facet normal 1 -0 0
    outer loop
      vertex -9 -1.5 26.21
      vertex -9 12.5 25.71
      vertex -9 12.5 26.21
    endloop
  endfacet
  facet normal 1 0 0
    outer loop
      vertex -9 12.5 25.71
      vertex -9 -1.5 26.21
      vertex -9 -1.5 25.71
    endloop
  endfacet
  facet normal 0 -1 0
    outer loop
      vertex -9 12.5 25.71
      vertex 9 12.5 26.21
      vertex -9 12.5 26.21
    endloop
  endfacet
  facet normal 0 -1 -0
    outer loop
      vertex 9 12.5 26.21
      vertex -9 12.5 25.71
      vertex 9 12.5 25.71
    endloop
  endfacet
  facet normal 0 1 -0
    outer loop
      vertex 9 -1.5 25.71
      vertex -9 -1.5 26.21
      vertex 9 -1.5 26.21
    endloop
  endfacet
  facet normal 0 1 0
    outer loop
      vertex -9 -1.5 26.21
      vertex 9 -1.5 25.71
      vertex -9 -1.5 25.71
    endloop
  endfacet
  facet normal -0 0 1
    outer loop
      vertex 9 5.5 12.7
      vertex 12.15 3.5 12.7
      vertex 12.15 5.5 12.7
    endloop
  endfacet
  facet normal 0 0 1
    outer loop
      vertex 12.15 3.5 12.7
      vertex 9 5.5 12.7
      vertex 9 3.5 12.7
    endloop
  endfacet
  facet normal -1 0 0
    outer loop
      vertex 9 3.5 9.7
      vertex 9 5.5 12.7
      vertex 9 5.5 9.7
    endloop
  endfacet
  facet normal -1 -0 0
    outer loop
      vertex 9 5.5 12.7
      vertex 9 3.5 9.7
      vertex 9 3.5 12.7
    endloop
  endfacet
  facet normal 0 -1 0
    outer loop
      vertex 12 3.5 11.2
      vertex 12.15 3.5 11.1
      vertex 12.3 3.5 11.2
    endloop
  endfacet
  facet normal 0 -1 0
    outer loop
      vertex 12 3.5 9.705
      vertex 12.15 3.5 11.1
      vertex 12 3.5 11.2
    endloop
  endfacet
  facet normal 0 -1 -0
    outer loop
      vertex 12.15 3.5 11.1
      vertex 12 3.5 9.705
      vertex 12.15 3.5 9.705
    endloop
  endfacet
  facet normal 0 -1 0
    outer loop
      vertex 9 3.5 9.7
      vertex 11 3.5 12.7
      vertex 9 3.5 12.7
    endloop
  endfacet
  facet normal 0 -1 -0
    outer loop
      vertex 11 3.5 12.7
      vertex 9 3.5 9.7
      vertex 11 3.5 9.7
    endloop
  endfacet
  facet normal 0 -1 0
    outer loop
      vertex 12 3.5 12.7
      vertex 12.15 3.5 12.1
      vertex 12.15 3.5 12.7
    endloop
  endfacet
  facet normal 0 -1 0
    outer loop
      vertex 12 3.5 12
      vertex 12.15 3.5 12.1
      vertex 12 3.5 12.7
    endloop
  endfacet
  facet normal 0 -1 0
    outer loop
      vertex 12.3 3.5 12
      vertex 12.15 3.5 12.1
      vertex 12 3.5 12
    endloop
  endfacet
  facet normal 0 -1 0
    outer loop
      vertex 12.15 3.5 12.1
      vertex 12.3 3.5 12
      vertex 12.55 3.5 12.1
    endloop
  endfacet
  facet normal 0 -1 0
    outer loop
      vertex 12.3 3.5 11.2
      vertex 12.55 3.5 12.1
      vertex 12.3 3.5 12
    endloop
  endfacet
  facet normal 0 -1 0
    outer loop
      vertex 12.3 3.5 11.2
      vertex 12.55 3.5 11.1
      vertex 12.55 3.5 12.1
    endloop
  endfacet
  facet normal 0 -1 0
    outer loop
      vertex 12.55 3.5 11.1
      vertex 12.3 3.5 11.2
      vertex 12.15 3.5 11.1
    endloop
  endfacet
  facet normal 0 0 0
    outer loop
      vertex 9 3.5 12.7
      vertex 11 3.5 12.7
      vertex 12 3.5 12.7
    endloop
  endfacet
  facet normal 0 -0 0
    outer loop
      vertex 12 3.5 12.7
      vertex 12.15 3.5 12.7
      vertex 9 3.5 12.7
    endloop
  endfacet
  facet normal 0 0 1
    outer loop
      vertex 12.15 -14.5 12.7
      vertex 11 -16.5 12.7
      vertex 12.15 -16.5 12.7
    endloop
  endfacet
  facet normal -0 0 1
    outer loop
      vertex 9 -14.5 12.7
      vertex 11 -16.5 12.7
      vertex 12.15 -14.5 12.7
    endloop
  endfacet
  facet normal 0 0 1
    outer loop
      vertex 11 -16.5 12.7
      vertex 9 -14.5 12.7
      vertex 9 -16.5 12.7
    endloop
  endfacet
  facet normal -1 0 0
    outer loop
      vertex 9 -16.5 9.7
      vertex 9 -14.5 12.7
      vertex 9 -14.5 9.7
    endloop
  endfacet
  facet normal -1 -0 0
    outer loop
      vertex 9 -14.5 12.7
      vertex 9 -16.5 9.7
      vertex 9 -16.5 12.7
    endloop
  endfacet
  facet normal 0 1 -0
    outer loop
      vertex 12.15 -14.5 9.705
      vertex 12 -14.5 12.7
      vertex 12.15 -14.5 12.7
    endloop
  endfacet
  facet normal 0 1 0
    outer loop
      vertex 12 -14.5 12.7
      vertex 12.15 -14.5 9.705
      vertex 12 -14.5 9.705
    endloop
  endfacet
  facet normal 0 1 -0
    outer loop
      vertex 11 -14.5 9.7
      vertex 9 -14.5 12.7
      vertex 11 -14.5 12.7
    endloop
  endfacet
  facet normal 0 1 0
    outer loop
      vertex 9 -14.5 12.7
      vertex 11 -14.5 9.7
      vertex 9 -14.5 9.7
    endloop
  endfacet
  facet normal 0 0 -0
    outer loop
      vertex 11 -14.5 12.7
      vertex 9 -14.5 12.7
      vertex 12.15 -14.5 12.7
    endloop
  endfacet
  facet normal 0 0 0
    outer loop
      vertex 12.15 -14.5 12.7
      vertex 12 -14.5 12.7
      vertex 11 -14.5 12.7
    endloop
  endfacet
  facet normal 1 -0 0
    outer loop
      vertex -9 3.5 12.7
      vertex -9 5.5 9.7
      vertex -9 5.5 12.7
    endloop
  endfacet
  facet normal 1 0 0
    outer loop
      vertex -9 5.5 9.7
      vertex -9 3.5 12.7
      vertex -9 3.5 9.7
    endloop
  endfacet
  facet normal -0 0 1
    outer loop
      vertex -12.15 5.5 12.7
      vertex -9 3.5 12.7
      vertex -9 5.5 12.7
    endloop
  endfacet
  facet normal 0 0 1
    outer loop
      vertex -9 3.5 12.7
      vertex -12.15 5.5 12.7
      vertex -12.15 3.5 12.7
    endloop
  endfacet
  facet normal 0 -1 0
    outer loop
      vertex -12.55 3.5 12.1
      vertex -12.3 3.5 12
      vertex -12.15 3.5 12.1
    endloop
  endfacet
  facet normal 0 -1 0
    outer loop
      vertex -12.55 3.5 12.1
      vertex -12.3 3.5 11.2
      vertex -12.3 3.5 12
    endloop
  endfacet
  facet normal 0 -1 0
    outer loop
      vertex -12.55 3.5 11.1
      vertex -12.3 3.5 11.2
      vertex -12.55 3.5 12.1
    endloop
  endfacet
  facet normal 0 -1 0
    outer loop
      vertex -12.15 3.5 11.1
      vertex -12.3 3.5 11.2
      vertex -12.55 3.5 11.1
    endloop
  endfacet
  facet normal 0 -1 0
    outer loop
      vertex -12.3 3.5 11.2
      vertex -12.15 3.5 11.1
      vertex -12 3.5 11.2
    endloop
  endfacet
  facet normal 0 -1 0
    outer loop
      vertex -12 3.5 9.705
      vertex -12.15 3.5 11.1
      vertex -12.15 3.5 9.705
    endloop
  endfacet
  facet normal 0 -1 0
    outer loop
      vertex -12.15 3.5 11.1
      vertex -12 3.5 9.705
      vertex -12 3.5 11.2
    endloop
  endfacet
  facet normal 0 -1 0
    outer loop
      vertex -12.15 3.5 12.1
      vertex -12 3.5 12.7
      vertex -12.15 3.5 12.7
    endloop
  endfacet
  facet normal 0 -1 0
    outer loop
      vertex -12.15 3.5 12.1
      vertex -12 3.5 12
      vertex -12 3.5 12.7
    endloop
  endfacet
  facet normal 0 -1 0
    outer loop
      vertex -12 3.5 12
      vertex -12.15 3.5 12.1
      vertex -12.3 3.5 12
    endloop
  endfacet
  facet normal 0 -1 0
    outer loop
      vertex -11 3.5 9.7
      vertex -9 3.5 12.7
      vertex -11 3.5 12.7
    endloop
  endfacet
  facet normal 0 -1 -0
    outer loop
      vertex -9 3.5 12.7
      vertex -11 3.5 9.7
      vertex -9 3.5 9.7
    endloop
  endfacet
  facet normal 0 0 0
    outer loop
      vertex -9 3.5 12.7
      vertex -12.15 3.5 12.7
      vertex -12 3.5 12.7
    endloop
  endfacet
  facet normal 0 0 0
    outer loop
      vertex -9 3.5 12.7
      vertex -12 3.5 12.7
      vertex -11 3.5 12.7
    endloop
  endfacet
  facet normal 1 -0 0
    outer loop
      vertex -9 -16.5 12.7
      vertex -9 -14.5 9.7
      vertex -9 -14.5 12.7
    endloop
  endfacet
  facet normal 1 0 0
    outer loop
      vertex -9 -14.5 9.7
      vertex -9 -16.5 12.7
      vertex -9 -16.5 9.7
    endloop
  endfacet
  facet normal 0 0 1
    outer loop
      vertex -9 -14.5 12.7
      vertex -11 -16.5 12.7
      vertex -9 -16.5 12.7
    endloop
  endfacet
  facet normal -0 0 1
    outer loop
      vertex -12.15 -14.5 12.7
      vertex -11 -16.5 12.7
      vertex -9 -14.5 12.7
    endloop
  endfacet
  facet normal 0 0 1
    outer loop
      vertex -11 -16.5 12.7
      vertex -12.15 -14.5 12.7
      vertex -12.15 -16.5 12.7
    endloop
  endfacet
  facet normal 0 1 -0
    outer loop
      vertex -9 -14.5 9.7
      vertex -11 -14.5 12.7
      vertex -9 -14.5 12.7
    endloop
  endfacet
  facet normal 0 1 0
    outer loop
      vertex -11 -14.5 12.7
      vertex -9 -14.5 9.7
      vertex -11 -14.5 9.7
    endloop
  endfacet
  facet normal 0 1 -0
    outer loop
      vertex -12 -14.5 9.705
      vertex -12.15 -14.5 12.7
      vertex -12 -14.5 12.7
    endloop
  endfacet
  facet normal 0 1 0
    outer loop
      vertex -12.15 -14.5 12.7
      vertex -12 -14.5 9.705
      vertex -12.15 -14.5 9.705
    endloop
  endfacet
  facet normal 0 0 -0
    outer loop
      vertex -12 -14.5 12.7
      vertex -12.15 -14.5 12.7
      vertex -9 -14.5 12.7
    endloop
  endfacet
  facet normal 0 0 0
    outer loop
      vertex -9 -14.5 12.7
      vertex -11 -14.5 12.7
      vertex -12 -14.5 12.7
    endloop
  endfacet
  facet normal 1 -0 0
    outer loop
      vertex -4.75 5.5 20.1
      vertex -4.75 16.5 11.71
      vertex -4.75 16.5 20.1
    endloop
  endfacet
  facet normal 1 0 0
    outer loop
      vertex -4.75 16.5 11.71
      vertex -4.75 5.5 20.1
      vertex -4.75 5.5 11.71
    endloop
  endfacet
  facet normal 1 -0 0
    outer loop
      vertex -4.75 5.5 11.71
      vertex -4.75 16.5 11.7
      vertex -4.75 16.5 11.71
    endloop
  endfacet
  facet normal 1 0 0
    outer loop
      vertex -4.75 16.5 11.7
      vertex -4.75 5.5 11.71
      vertex -4.75 5.5 11.7
    endloop
  endfacet
  facet normal 1 -0 0
    outer loop
      vertex -4.75 16.5 11.7
      vertex -4.75 18 9.71
      vertex -4.75 17.9998 11.71
    endloop
  endfacet
  facet normal 1 0 0
    outer loop
      vertex -4.75 16.5 11.7
      vertex -4.75 17.9998 11.71
      vertex -4.75 16.5 11.71
    endloop
  endfacet
  facet normal 1 0 0
    outer loop
      vertex -4.75 16.5 9.705
      vertex -4.75 18 9.71
      vertex -4.75 16.5 11.7
    endloop
  endfacet
  facet normal 1 0 0
    outer loop
      vertex -4.75 18 9.71
      vertex -4.75 16.5 9.705
      vertex -4.75 18 9.705
    endloop
  endfacet
  facet normal 0 0 1
    outer loop
      vertex -4.75 16.5 20.1
      vertex -5.75 16.5 20.1
      vertex -4.75 5.5 20.1
    endloop
  endfacet
  facet normal 0 0 1
    outer loop
      vertex 4.75 5.5 20.1
      vertex 5.75 16.5 20.1
      vertex 4.75 16.5 20.1
    endloop
  endfacet
  facet normal 0 0 1
    outer loop
      vertex 5.75 16.5 20.1
      vertex 4.75 5.5 20.1
      vertex 5.75 4.5 20.1
    endloop
  endfacet
  facet normal -0 0 1
    outer loop
      vertex -4.75 5.5 20.1
      vertex 5.75 4.5 20.1
      vertex 4.75 5.5 20.1
    endloop
  endfacet
  facet normal 0 0 1
    outer loop
      vertex -4.75 5.5 20.1
      vertex -5.75 4.5 20.1
      vertex 5.75 4.5 20.1
    endloop
  endfacet
  facet normal 0 0 1
    outer loop
      vertex -5.75 4.5 20.1
      vertex -4.75 5.5 20.1
      vertex -5.75 16.5 20.1
    endloop
  endfacet
  facet normal 0 0 -1
    outer loop
      vertex 5.75 4.5 11.7
      vertex 4.75 5.5 11.7
      vertex 5.75 16.5 11.7
    endloop
  endfacet
  facet normal 0 0 -1
    outer loop
      vertex 5.75 4.5 11.7
      vertex -4.75 5.5 11.7
      vertex 4.75 5.5 11.7
    endloop
  endfacet
  facet normal 0 0 -1
    outer loop
      vertex -5.75 4.5 11.7
      vertex -4.75 5.5 11.7
      vertex 5.75 4.5 11.7
    endloop
  endfacet
  facet normal 0 0 -1
    outer loop
      vertex -5.75 16.5 11.7
      vertex -4.75 5.5 11.7
      vertex -5.75 4.5 11.7
    endloop
  endfacet
  facet normal 0 0 -1
    outer loop
      vertex -4.75 5.5 11.7
      vertex -5.75 16.5 11.7
      vertex -4.75 16.5 11.7
    endloop
  endfacet
  facet normal -0 0 -1
    outer loop
      vertex 5.75 16.5 11.7
      vertex 4.75 5.5 11.7
      vertex 4.75 16.5 11.7
    endloop
  endfacet
  facet normal -1 0 0
    outer loop
      vertex -5.75 4.5 11.7
      vertex -5.75 16.5 20.1
      vertex -5.75 16.5 11.7
    endloop
  endfacet
  facet normal -1 -0 0
    outer loop
      vertex -5.75 16.5 20.1
      vertex -5.75 4.5 11.7
      vertex -5.75 4.5 20.1
    endloop
  endfacet
  facet normal 0 1 -0
    outer loop
      vertex 4.75 5.5 11.71
      vertex -4.75 5.5 20.1
      vertex 4.75 5.5 20.1
    endloop
  endfacet
  facet normal 0 1 0
    outer loop
      vertex -4.75 5.5 20.1
      vertex 4.75 5.5 11.71
      vertex -4.75 5.5 11.71
    endloop
  endfacet
  facet normal 0 1 -0
    outer loop
      vertex 4.75 5.5 11.7
      vertex -4.75 5.5 11.71
      vertex 4.75 5.5 11.71
    endloop
  endfacet
  facet normal 0 1 0
    outer loop
      vertex -4.75 5.5 11.71
      vertex 4.75 5.5 11.7
      vertex -4.75 5.5 11.7
    endloop
  endfacet
  facet normal 1 -0 0
    outer loop
      vertex 5.75 4.5 20.1
      vertex 5.75 16.5 11.7
      vertex 5.75 16.5 20.1
    endloop
  endfacet
  facet normal 1 0 0
    outer loop
      vertex 5.75 16.5 11.7
      vertex 5.75 4.5 20.1
      vertex 5.75 4.5 11.7
    endloop
  endfacet
  facet normal -1 0 0
    outer loop
      vertex 4.75 5.5 11.71
      vertex 4.75 16.5 20.1
      vertex 4.75 16.5 11.71
    endloop
  endfacet
  facet normal -1 -0 0
    outer loop
      vertex 4.75 16.5 20.1
      vertex 4.75 5.5 11.71
      vertex 4.75 5.5 20.1
    endloop
  endfacet
  facet normal -1 0 0
    outer loop
      vertex 4.75 16.5 9.705
      vertex 4.75 18 9.71
      vertex 4.75 18 9.705
    endloop
  endfacet
  facet normal -1 -0 0
    outer loop
      vertex 4.75 18 9.71
      vertex 4.75 16.5 9.705
      vertex 4.75 17.9998 11.71
    endloop
  endfacet
  facet normal -1 0 0
    outer loop
      vertex 4.75 16.5 11.7
      vertex 4.75 17.9998 11.71
      vertex 4.75 16.5 9.705
    endloop
  endfacet
  facet normal -1 0 0
    outer loop
      vertex 4.75 16.5 11.7
      vertex 4.75 16.5 11.71
      vertex 4.75 17.9998 11.71
    endloop
  endfacet
  facet normal -1 0 0
    outer loop
      vertex 4.75 5.5 11.7
      vertex 4.75 16.5 11.71
      vertex 4.75 16.5 11.7
    endloop
  endfacet
  facet normal -1 -0 0
    outer loop
      vertex 4.75 16.5 11.71
      vertex 4.75 5.5 11.7
      vertex 4.75 5.5 11.71
    endloop
  endfacet
  facet normal 0 -1 0
    outer loop
      vertex -5.75 4.5 11.7
      vertex 5.75 4.5 20.1
      vertex -5.75 4.5 20.1
    endloop
  endfacet
  facet normal 0 -1 -0
    outer loop
      vertex 5.75 4.5 20.1
      vertex -5.75 4.5 11.7
      vertex 5.75 4.5 11.7
    endloop
  endfacet
  facet normal -1 0 0
    outer loop
      vertex 3 16.5 15.7
      vertex 3 17.9989 19.7
      vertex 3 17.9993 15.7
    endloop
  endfacet
  facet normal -1 -0 0
    outer loop
      vertex 3 17.9989 19.7
      vertex 3 16.5 15.7
      vertex 3 16.5 19.7
    endloop
  endfacet
  facet normal 0 0 -1
    outer loop
      vertex -3 16.5 19.7
      vertex 3 17.9989 19.7
      vertex 3 16.5 19.7
    endloop
  endfacet
  facet normal -0 0 -1
    outer loop
      vertex 3 17.9989 19.7
      vertex -3 16.5 19.7
      vertex -3 17.9989 19.7
    endloop
  endfacet
  facet normal -0 0 1
    outer loop
      vertex -3 17.9993 15.7
      vertex 3 16.5 15.7
      vertex 3 17.9993 15.7
    endloop
  endfacet
  facet normal 0 0 1
    outer loop
      vertex 3 16.5 15.7
      vertex -3 17.9993 15.7
      vertex -3 16.5 15.7
    endloop
  endfacet
  facet normal 1 -0 0
    outer loop
      vertex -3 16.5 19.7
      vertex -3 17.9993 15.7
      vertex -3 17.9989 19.7
    endloop
  endfacet
  facet normal 1 0 0
    outer loop
      vertex -3 17.9993 15.7
      vertex -3 16.5 19.7
      vertex -3 16.5 15.7
    endloop
  endfacet
  facet normal -1 0 0
    outer loop
      vertex 4.75 -16.5 12.7
      vertex 4.75 -17.9993 16.2
      vertex 4.75 -16.5 16.2
    endloop
  endfacet
  facet normal -1 0 -0
    outer loop
      vertex 4.75 -17.9993 16.2
      vertex 4.75 -16.5 12.7
      vertex 4.75 -17.9997 12.7
    endloop
  endfacet
  facet normal 0 0 -1
    outer loop
      vertex -4.75 -17.9993 16.2
      vertex 4.75 -16.5 16.2
      vertex 4.75 -17.9993 16.2
    endloop
  endfacet
  facet normal -0 0 -1
    outer loop
      vertex 4.75 -16.5 16.2
      vertex -4.75 -17.9993 16.2
      vertex -4.75 -16.5 16.2
    endloop
  endfacet
  facet normal -0 0 1
    outer loop
      vertex -4.75 -16.5 12.7
      vertex 4.75 -17.9997 12.7
      vertex 4.75 -16.5 12.7
    endloop
  endfacet
  facet normal 0 0 1
    outer loop
      vertex 4.75 -17.9997 12.7
      vertex -4.75 -16.5 12.7
      vertex -4.75 -17.9997 12.7
    endloop
  endfacet
  facet normal 1 -0 0
    outer loop
      vertex -4.75 -17.9993 16.2
      vertex -4.75 -16.5 12.7
      vertex -4.75 -16.5 16.2
    endloop
  endfacet
  facet normal 1 0 0
    outer loop
      vertex -4.75 -16.5 12.7
      vertex -4.75 -17.9993 16.2
      vertex -4.75 -17.9997 12.7
    endloop
  endfacet
  facet normal 0 0 -1
    outer loop
      vertex -4.75 16.5 11.71
      vertex 4.75 17.9998 11.71
      vertex 4.75 16.5 11.71
    endloop
  endfacet
  facet normal -0 0 -1
    outer loop
      vertex 4.75 17.9998 11.71
      vertex -4.75 16.5 11.71
      vertex -4.75 17.9998 11.71
    endloop
  endfacet
  facet normal 1 -0 0
    outer loop
      vertex 6.75 -20 18.2
      vertex 6.75 -18.8 11.7
      vertex 6.75 -18.8 18.2
    endloop
  endfacet
  facet normal 1 0 0
    outer loop
      vertex 6.75 -18.8 11.7
      vertex 6.75 -20 18.2
      vertex 6.75 -20 11.7
    endloop
  endfacet
  facet normal 1 0 0
    outer loop
      vertex 6.75 -18.8 18.2
      vertex 6.75 -18 19
      vertex 6.75 -18.8 19
    endloop
  endfacet
  facet normal 1 0 0
    outer loop
      vertex 6.75 -18 19
      vertex 6.75 -18.8 18.2
      vertex 6.75 -18 10.9
    endloop
  endfacet
  facet normal 1 -0 0
    outer loop
      vertex 6.75 -18.8 11.7
      vertex 6.75 -18 10.9
      vertex 6.75 -18.8 18.2
    endloop
  endfacet
  facet normal 1 0 0
    outer loop
      vertex 6.75 -18 10.9
      vertex 6.75 -18.8 11.7
      vertex 6.75 -18.8 10.9
    endloop
  endfacet
  facet normal -0 0 1
    outer loop
      vertex -6.75 -18.8 18.2
      vertex 6.75 -20 18.2
      vertex 6.75 -18.8 18.2
    endloop
  endfacet
  facet normal 0 0 1
    outer loop
      vertex 6.75 -20 18.2
      vertex -6.75 -18.8 18.2
      vertex -6.75 -20 18.2
    endloop
  endfacet
  facet normal 0 0 -1
    outer loop
      vertex -6.75 -20 11.7
      vertex 6.75 -18.8 11.7
      vertex 6.75 -20 11.7
    endloop
  endfacet
  facet normal -0 0 -1
    outer loop
      vertex 6.75 -18.8 11.7
      vertex -6.75 -20 11.7
      vertex -6.75 -18.8 11.7
    endloop
  endfacet
  facet normal -1 0 0
    outer loop
      vertex -6.75 -20 11.7
      vertex -6.75 -18.8 18.2
      vertex -6.75 -18.8 11.7
    endloop
  endfacet
  facet normal -1 -0 0
    outer loop
      vertex -6.75 -18.8 18.2
      vertex -6.75 -20 11.7
      vertex -6.75 -20 18.2
    endloop
  endfacet
  facet normal -1 0 0
    outer loop
      vertex -6.75 -18.8 11.7
      vertex -6.75 -18 10.9
      vertex -6.75 -18.8 10.9
    endloop
  endfacet
  facet normal -1 0 0
    outer loop
      vertex -6.75 -18 10.9
      vertex -6.75 -18.8 11.7
      vertex -6.75 -18 19
    endloop
  endfacet
  facet normal -1 0 0
    outer loop
      vertex -6.75 -18.8 18.2
      vertex -6.75 -18 19
      vertex -6.75 -18.8 11.7
    endloop
  endfacet
  facet normal -1 -0 0
    outer loop
      vertex -6.75 -18 19
      vertex -6.75 -18.8 18.2
      vertex -6.75 -18.8 19
    endloop
  endfacet
  facet normal 0 1 0
    outer loop
      vertex 6.75 -18 19
      vertex 0 -18 16.15
      vertex -6.75 -18 19
    endloop
  endfacet
  facet normal 0 1 0
    outer loop
      vertex 6.75 -18 19
      vertex 0.11762 -18 16.1442
      vertex 0 -18 16.15
    endloop
  endfacet
  facet normal 0 1 0
    outer loop
      vertex 6.75 -18 19
      vertex 0.234108 -18 16.1269
      vertex 0.11762 -18 16.1442
    endloop
  endfacet
  facet normal 0 1 0
    outer loop
      vertex 6.75 -18 19
      vertex 0.348341 -18 16.0983
      vertex 0.234108 -18 16.1269
    endloop
  endfacet
  facet normal 0 1 0
    outer loop
      vertex 6.75 -18 19
      vertex 0.45922 -18 16.0587
      vertex 0.348341 -18 16.0983
    endloop
  endfacet
  facet normal 0 1 0
    outer loop
      vertex 6.75 -18 19
      vertex 0.565676 -18 16.0083
      vertex 0.45922 -18 16.0587
    endloop
  endfacet
  facet normal 0 1 0
    outer loop
      vertex 6.75 -18 19
      vertex 0.666684 -18 15.9478
      vertex 0.565676 -18 16.0083
    endloop
  endfacet
  facet normal 0 1 0
    outer loop
      vertex 6.75 -18 19
      vertex 0.761271 -18 15.8776
      vertex 0.666684 -18 15.9478
    endloop
  endfacet
  facet normal 0 1 0
    outer loop
      vertex 6.75 -18 19
      vertex 0.848528 -18 15.7985
      vertex 0.761271 -18 15.8776
    endloop
  endfacet
  facet normal 0 1 0
    outer loop
      vertex 6.75 -18 19
      vertex 0.927612 -18 15.7113
      vertex 0.848528 -18 15.7985
    endloop
  endfacet
  facet normal 0 1 0
    outer loop
      vertex 6.75 -18 19
      vertex 0.997763 -18 15.6167
      vertex 0.927612 -18 15.7113
    endloop
  endfacet
  facet normal 0 1 0
    outer loop
      vertex 6.75 -18 19
      vertex 1.0583 -18 15.5157
      vertex 0.997763 -18 15.6167
    endloop
  endfacet
  facet normal 0 1 0
    outer loop
      vertex 6.75 -18 19
      vertex 1.10865 -18 15.4092
      vertex 1.0583 -18 15.5157
    endloop
  endfacet
  facet normal 0 1 0
    outer loop
      vertex 6.75 -18 19
      vertex 1.14833 -18 15.2983
      vertex 1.10865 -18 15.4092
    endloop
  endfacet
  facet normal 0 1 0
    outer loop
      vertex 6.75 -18 19
      vertex 1.17694 -18 15.1841
      vertex 1.14833 -18 15.2983
    endloop
  endfacet
  facet normal 0 1 0
    outer loop
      vertex 6.75 -18 19
      vertex 1.19422 -18 15.0676
      vertex 1.17694 -18 15.1841
    endloop
  endfacet
  facet normal 0 1 0
    outer loop
      vertex 6.75 -18 19
      vertex 1.2 -18 14.95
      vertex 1.19422 -18 15.0676
    endloop
  endfacet
  facet normal 0 1 -0
    outer loop
      vertex 6.75 -18 10.9
      vertex 1.2 -18 14.95
      vertex 6.75 -18 19
    endloop
  endfacet
  facet normal 0 1 0
    outer loop
      vertex 1.2 -18 14.95
      vertex 6.75 -18 10.9
      vertex 1.19422 -18 14.8324
    endloop
  endfacet
  facet normal 0 1 0
    outer loop
      vertex 1.19422 -18 14.8324
      vertex 6.75 -18 10.9
      vertex 1.17694 -18 14.7159
    endloop
  endfacet
  facet normal 0 1 0
    outer loop
      vertex 1.17694 -18 14.7159
      vertex 6.75 -18 10.9
      vertex 1.14833 -18 14.6017
    endloop
  endfacet
  facet normal 0 1 0
    outer loop
      vertex 1.14833 -18 14.6017
      vertex 6.75 -18 10.9
      vertex 1.10865 -18 14.4908
    endloop
  endfacet
  facet normal 0 1 0
    outer loop
      vertex 1.10865 -18 14.4908
      vertex 6.75 -18 10.9
      vertex 1.0583 -18 14.3843
    endloop
  endfacet
  facet normal 0 1 0
    outer loop
      vertex 1.0583 -18 14.3843
      vertex 6.75 -18 10.9
      vertex 0.997763 -18 14.2833
    endloop
  endfacet
  facet normal 0 1 0
    outer loop
      vertex 0.997763 -18 14.2833
      vertex 6.75 -18 10.9
      vertex 0.927612 -18 14.1887
    endloop
  endfacet
  facet normal 0 1 0
    outer loop
      vertex 0.927612 -18 14.1887
      vertex 6.75 -18 10.9
      vertex 0.848528 -18 14.1015
    endloop
  endfacet
  facet normal 0 1 0
    outer loop
      vertex 0.11762 -18 13.7558
      vertex 6.75 -18 10.9
      vertex 0 -18 13.75
    endloop
  endfacet
  facet normal 0 1 0
    outer loop
      vertex 0.234108 -18 13.7731
      vertex 6.75 -18 10.9
      vertex 0.11762 -18 13.7558
    endloop
  endfacet
  facet normal 0 1 0
    outer loop
      vertex 0.348341 -18 13.8017
      vertex 6.75 -18 10.9
      vertex 0.234108 -18 13.7731
    endloop
  endfacet
  facet normal 0 1 0
    outer loop
      vertex 0.45922 -18 13.8413
      vertex 6.75 -18 10.9
      vertex 0.348341 -18 13.8017
    endloop
  endfacet
  facet normal 0 1 0
    outer loop
      vertex 0.565676 -18 13.8917
      vertex 6.75 -18 10.9
      vertex 0.45922 -18 13.8413
    endloop
  endfacet
  facet normal 0 1 0
    outer loop
      vertex 0.666684 -18 13.9522
      vertex 6.75 -18 10.9
      vertex 0.565676 -18 13.8917
    endloop
  endfacet
  facet normal 0 1 0
    outer loop
      vertex 0.761271 -18 14.0224
      vertex 6.75 -18 10.9
      vertex 0.666684 -18 13.9522
    endloop
  endfacet
  facet normal 0 1 0
    outer loop
      vertex 0.848528 -18 14.1015
      vertex 6.75 -18 10.9
      vertex 0.761271 -18 14.0224
    endloop
  endfacet
  facet normal 0 1 -0
    outer loop
      vertex -0.11762 -18 16.1442
      vertex -6.75 -18 19
      vertex 0 -18 16.15
    endloop
  endfacet
  facet normal 0 1 -0
    outer loop
      vertex -0.234108 -18 16.1269
      vertex -6.75 -18 19
      vertex -0.11762 -18 16.1442
    endloop
  endfacet
  facet normal 0 1 -0
    outer loop
      vertex -0.348341 -18 16.0983
      vertex -6.75 -18 19
      vertex -0.234108 -18 16.1269
    endloop
  endfacet
  facet normal 0 1 -0
    outer loop
      vertex -0.45922 -18 16.0587
      vertex -6.75 -18 19
      vertex -0.348341 -18 16.0983
    endloop
  endfacet
  facet normal 0 1 -0
    outer loop
      vertex -0.565676 -18 16.0083
      vertex -6.75 -18 19
      vertex -0.45922 -18 16.0587
    endloop
  endfacet
  facet normal 0 1 -0
    outer loop
      vertex -0.666684 -18 15.9478
      vertex -6.75 -18 19
      vertex -0.565676 -18 16.0083
    endloop
  endfacet
  facet normal 0 1 -0
    outer loop
      vertex -0.761271 -18 15.8776
      vertex -6.75 -18 19
      vertex -0.666684 -18 15.9478
    endloop
  endfacet
  facet normal 0 1 -0
    outer loop
      vertex -0.848528 -18 15.7985
      vertex -6.75 -18 19
      vertex -0.761271 -18 15.8776
    endloop
  endfacet
  facet normal 0 1 -0
    outer loop
      vertex -0.927612 -18 15.7113
      vertex -6.75 -18 19
      vertex -0.848528 -18 15.7985
    endloop
  endfacet
  facet normal 0 1 -0
    outer loop
      vertex -0.997763 -18 15.6167
      vertex -6.75 -18 19
      vertex -0.927612 -18 15.7113
    endloop
  endfacet
  facet normal 0 1 -0
    outer loop
      vertex -1.0583 -18 15.5157
      vertex -6.75 -18 19
      vertex -0.997763 -18 15.6167
    endloop
  endfacet
  facet normal 0 1 -0
    outer loop
      vertex -1.10865 -18 15.4092
      vertex -6.75 -18 19
      vertex -1.0583 -18 15.5157
    endloop
  endfacet
  facet normal 0 1 -0
    outer loop
      vertex -1.14833 -18 15.2983
      vertex -6.75 -18 19
      vertex -1.10865 -18 15.4092
    endloop
  endfacet
  facet normal 0 1 -0
    outer loop
      vertex -1.17694 -18 15.1841
      vertex -6.75 -18 19
      vertex -1.14833 -18 15.2983
    endloop
  endfacet
  facet normal 0 1 -0
    outer loop
      vertex -1.19422 -18 15.0676
      vertex -6.75 -18 19
      vertex -1.17694 -18 15.1841
    endloop
  endfacet
  facet normal 0 1 -0
    outer loop
      vertex -1.2 -18 14.95
      vertex -6.75 -18 19
      vertex -1.19422 -18 15.0676
    endloop
  endfacet
  facet normal 0 1 0
    outer loop
      vertex -6.75 -18 10.9
      vertex -1.2 -18 14.95
      vertex -1.19422 -18 14.8324
    endloop
  endfacet
  facet normal 0 1 0
    outer loop
      vertex -6.75 -18 10.9
      vertex -1.19422 -18 14.8324
      vertex -1.17694 -18 14.7159
    endloop
  endfacet
  facet normal 0 1 0
    outer loop
      vertex -6.75 -18 10.9
      vertex -1.17694 -18 14.7159
      vertex -1.14833 -18 14.6017
    endloop
  endfacet
  facet normal 0 1 0
    outer loop
      vertex -6.75 -18 10.9
      vertex -1.14833 -18 14.6017
      vertex -1.10865 -18 14.4908
    endloop
  endfacet
  facet normal 0 1 0
    outer loop
      vertex -6.75 -18 10.9
      vertex -1.10865 -18 14.4908
      vertex -1.0583 -18 14.3843
    endloop
  endfacet
  facet normal 0 1 0
    outer loop
      vertex -6.75 -18 10.9
      vertex -1.0583 -18 14.3843
      vertex -0.997763 -18 14.2833
    endloop
  endfacet
  facet normal 0 1 0
    outer loop
      vertex -6.75 -18 10.9
      vertex -0.997763 -18 14.2833
      vertex -0.927612 -18 14.1887
    endloop
  endfacet
  facet normal 0 1 0
    outer loop
      vertex -6.75 -18 10.9
      vertex -0.927612 -18 14.1887
      vertex -0.848528 -18 14.1015
    endloop
  endfacet
  facet normal 0 1 0
    outer loop
      vertex -6.75 -18 10.9
      vertex -0.848528 -18 14.1015
      vertex -0.761271 -18 14.0224
    endloop
  endfacet
  facet normal 0 1 0
    outer loop
      vertex -6.75 -18 10.9
      vertex 0 -18 13.75
      vertex 6.75 -18 10.9
    endloop
  endfacet
  facet normal 0 1 0
    outer loop
      vertex 0 -18 13.75
      vertex -6.75 -18 10.9
      vertex -0.11762 -18 13.7558
    endloop
  endfacet
  facet normal 0 1 0
    outer loop
      vertex -0.11762 -18 13.7558
      vertex -6.75 -18 10.9
      vertex -0.234108 -18 13.7731
    endloop
  endfacet
  facet normal 0 1 0
    outer loop
      vertex -0.234108 -18 13.7731
      vertex -6.75 -18 10.9
      vertex -0.348341 -18 13.8017
    endloop
  endfacet
  facet normal 0 1 0
    outer loop
      vertex -1.2 -18 14.95
      vertex -6.75 -18 10.9
      vertex -6.75 -18 19
    endloop
  endfacet
  facet normal 0 1 0
    outer loop
      vertex -0.666684 -18 13.9522
      vertex -6.75 -18 10.9
      vertex -0.761271 -18 14.0224
    endloop
  endfacet
  facet normal 0 1 0
    outer loop
      vertex -0.565676 -18 13.8917
      vertex -6.75 -18 10.9
      vertex -0.666684 -18 13.9522
    endloop
  endfacet
  facet normal 0 1 0
    outer loop
      vertex -0.45922 -18 13.8413
      vertex -6.75 -18 10.9
      vertex -0.565676 -18 13.8917
    endloop
  endfacet
  facet normal 0 1 0
    outer loop
      vertex -0.348341 -18 13.8017
      vertex -6.75 -18 10.9
      vertex -0.45922 -18 13.8413
    endloop
  endfacet
  facet normal 0 -1 0
    outer loop
      vertex -6.75 -20 18.2
      vertex 0 -20 16.15
      vertex 6.75 -20 18.2
    endloop
  endfacet
  facet normal 0 -1 0
    outer loop
      vertex -6.75 -20 18.2
      vertex -0.11762 -20 16.1442
      vertex 0 -20 16.15
    endloop
  endfacet
  facet normal 0 -1 0
    outer loop
      vertex -6.75 -20 18.2
      vertex -0.234108 -20 16.1269
      vertex -0.11762 -20 16.1442
    endloop
  endfacet
  facet normal 0 -1 0
    outer loop
      vertex -6.75 -20 18.2
      vertex -0.348341 -20 16.0983
      vertex -0.234108 -20 16.1269
    endloop
  endfacet
  facet normal 0 -1 0
    outer loop
      vertex -6.75 -20 18.2
      vertex -0.45922 -20 16.0587
      vertex -0.348341 -20 16.0983
    endloop
  endfacet
  facet normal 0 -1 0
    outer loop
      vertex -6.75 -20 18.2
      vertex -0.565676 -20 16.0083
      vertex -0.45922 -20 16.0587
    endloop
  endfacet
  facet normal 0 -1 0
    outer loop
      vertex -6.75 -20 18.2
      vertex -0.666684 -20 15.9478
      vertex -0.565676 -20 16.0083
    endloop
  endfacet
  facet normal 0 -1 0
    outer loop
      vertex -6.75 -20 18.2
      vertex -0.761271 -20 15.8776
      vertex -0.666684 -20 15.9478
    endloop
  endfacet
  facet normal 0 -1 0
    outer loop
      vertex -6.75 -20 18.2
      vertex -0.848528 -20 15.7985
      vertex -0.761271 -20 15.8776
    endloop
  endfacet
  facet normal 0 -1 0
    outer loop
      vertex -6.75 -20 18.2
      vertex -0.927612 -20 15.7113
      vertex -0.848528 -20 15.7985
    endloop
  endfacet
  facet normal 0 -1 0
    outer loop
      vertex -6.75 -20 18.2
      vertex -0.997763 -20 15.6167
      vertex -0.927612 -20 15.7113
    endloop
  endfacet
  facet normal 0 -1 0
    outer loop
      vertex -6.75 -20 18.2
      vertex -1.0583 -20 15.5157
      vertex -0.997763 -20 15.6167
    endloop
  endfacet
  facet normal 0 -1 0
    outer loop
      vertex -6.75 -20 18.2
      vertex -1.10865 -20 15.4092
      vertex -1.0583 -20 15.5157
    endloop
  endfacet
  facet normal 0 -1 0
    outer loop
      vertex -6.75 -20 18.2
      vertex -1.14833 -20 15.2983
      vertex -1.10865 -20 15.4092
    endloop
  endfacet
  facet normal 0 -1 0
    outer loop
      vertex -6.75 -20 18.2
      vertex -1.17694 -20 15.1841
      vertex -1.14833 -20 15.2983
    endloop
  endfacet
  facet normal 0 -1 0
    outer loop
      vertex -6.75 -20 18.2
      vertex -1.19422 -20 15.0676
      vertex -1.17694 -20 15.1841
    endloop
  endfacet
  facet normal 0 -1 0
    outer loop
      vertex -6.75 -20 18.2
      vertex -1.2 -20 14.95
      vertex -1.19422 -20 15.0676
    endloop
  endfacet
  facet normal 0 -1 0
    outer loop
      vertex -6.75 -20 11.7
      vertex -1.2 -20 14.95
      vertex -6.75 -20 18.2
    endloop
  endfacet
  facet normal 0 -1 -0
    outer loop
      vertex -1.2 -20 14.95
      vertex -6.75 -20 11.7
      vertex -1.19422 -20 14.8324
    endloop
  endfacet
  facet normal 0 -1 -0
    outer loop
      vertex -1.19422 -20 14.8324
      vertex -6.75 -20 11.7
      vertex -1.17694 -20 14.7159
    endloop
  endfacet
  facet normal 0 -1 -0
    outer loop
      vertex -1.17694 -20 14.7159
      vertex -6.75 -20 11.7
      vertex -1.14833 -20 14.6017
    endloop
  endfacet
  facet normal 0 -1 -0
    outer loop
      vertex -1.14833 -20 14.6017
      vertex -6.75 -20 11.7
      vertex -1.10865 -20 14.4908
    endloop
  endfacet
  facet normal 0 -1 -0
    outer loop
      vertex -1.10865 -20 14.4908
      vertex -6.75 -20 11.7
      vertex -1.0583 -20 14.3843
    endloop
  endfacet
  facet normal 0 -1 -0
    outer loop
      vertex -1.0583 -20 14.3843
      vertex -6.75 -20 11.7
      vertex -0.997763 -20 14.2833
    endloop
  endfacet
  facet normal 0 -1 -0
    outer loop
      vertex -0.997763 -20 14.2833
      vertex -6.75 -20 11.7
      vertex -0.927612 -20 14.1887
    endloop
  endfacet
  facet normal 0 -1 -0
    outer loop
      vertex -0.927612 -20 14.1887
      vertex -6.75 -20 11.7
      vertex -0.848528 -20 14.1015
    endloop
  endfacet
  facet normal 0 -1 -0
    outer loop
      vertex -0.848528 -20 14.1015
      vertex -6.75 -20 11.7
      vertex -0.761271 -20 14.0224
    endloop
  endfacet
  facet normal 0 -1 -0
    outer loop
      vertex -0.11762 -20 13.7558
      vertex -6.75 -20 11.7
      vertex 0 -20 13.75
    endloop
  endfacet
  facet normal 0 -1 -0
    outer loop
      vertex -0.234108 -20 13.7731
      vertex -6.75 -20 11.7
      vertex -0.11762 -20 13.7558
    endloop
  endfacet
  facet normal 0 -1 -0
    outer loop
      vertex -0.348341 -20 13.8017
      vertex -6.75 -20 11.7
      vertex -0.234108 -20 13.7731
    endloop
  endfacet
  facet normal 0 -1 -0
    outer loop
      vertex -0.45922 -20 13.8413
      vertex -6.75 -20 11.7
      vertex -0.348341 -20 13.8017
    endloop
  endfacet
  facet normal 0 -1 -0
    outer loop
      vertex -0.565676 -20 13.8917
      vertex -6.75 -20 11.7
      vertex -0.45922 -20 13.8413
    endloop
  endfacet
  facet normal 0 -1 -0
    outer loop
      vertex -0.666684 -20 13.9522
      vertex -6.75 -20 11.7
      vertex -0.565676 -20 13.8917
    endloop
  endfacet
  facet normal 0 -1 -0
    outer loop
      vertex -0.761271 -20 14.0224
      vertex -6.75 -20 11.7
      vertex -0.666684 -20 13.9522
    endloop
  endfacet
  facet normal 0 -1 0
    outer loop
      vertex 0.11762 -20 16.1442
      vertex 6.75 -20 18.2
      vertex 0 -20 16.15
    endloop
  endfacet
  facet normal 0 -1 0
    outer loop
      vertex 0.234108 -20 16.1269
      vertex 6.75 -20 18.2
      vertex 0.11762 -20 16.1442
    endloop
  endfacet
  facet normal 0 -1 0
    outer loop
      vertex 0.348341 -20 16.0983
      vertex 6.75 -20 18.2
      vertex 0.234108 -20 16.1269
    endloop
  endfacet
  facet normal 0 -1 0
    outer loop
      vertex 0.45922 -20 16.0587
      vertex 6.75 -20 18.2
      vertex 0.348341 -20 16.0983
    endloop
  endfacet
  facet normal 0 -1 0
    outer loop
      vertex 0.565676 -20 16.0083
      vertex 6.75 -20 18.2
      vertex 0.45922 -20 16.0587
    endloop
  endfacet
  facet normal 0 -1 0
    outer loop
      vertex 0.666684 -20 15.9478
      vertex 6.75 -20 18.2
      vertex 0.565676 -20 16.0083
    endloop
  endfacet
  facet normal 0 -1 0
    outer loop
      vertex 0.761271 -20 15.8776
      vertex 6.75 -20 18.2
      vertex 0.666684 -20 15.9478
    endloop
  endfacet
  facet normal 0 -1 0
    outer loop
      vertex 0.848528 -20 15.7985
      vertex 6.75 -20 18.2
      vertex 0.761271 -20 15.8776
    endloop
  endfacet
  facet normal 0 -1 0
    outer loop
      vertex 0.927612 -20 15.7113
      vertex 6.75 -20 18.2
      vertex 0.848528 -20 15.7985
    endloop
  endfacet
  facet normal 0 -1 0
    outer loop
      vertex 0.997763 -20 15.6167
      vertex 6.75 -20 18.2
      vertex 0.927612 -20 15.7113
    endloop
  endfacet
  facet normal 0 -1 0
    outer loop
      vertex 1.0583 -20 15.5157
      vertex 6.75 -20 18.2
      vertex 0.997763 -20 15.6167
    endloop
  endfacet
  facet normal 0 -1 0
    outer loop
      vertex 1.10865 -20 15.4092
      vertex 6.75 -20 18.2
      vertex 1.0583 -20 15.5157
    endloop
  endfacet
  facet normal 0 -1 0
    outer loop
      vertex 1.14833 -20 15.2983
      vertex 6.75 -20 18.2
      vertex 1.10865 -20 15.4092
    endloop
  endfacet
  facet normal 0 -1 0
    outer loop
      vertex 1.17694 -20 15.1841
      vertex 6.75 -20 18.2
      vertex 1.14833 -20 15.2983
    endloop
  endfacet
  facet normal 0 -1 0
    outer loop
      vertex 1.19422 -20 15.0676
      vertex 6.75 -20 18.2
      vertex 1.17694 -20 15.1841
    endloop
  endfacet
  facet normal 0 -1 0
    outer loop
      vertex 1.2 -20 14.95
      vertex 6.75 -20 18.2
      vertex 1.19422 -20 15.0676
    endloop
  endfacet
  facet normal 0 -1 0
    outer loop
      vertex 6.75 -20 11.7
      vertex 1.2 -20 14.95
      vertex 1.19422 -20 14.8324
    endloop
  endfacet
  facet normal 0 -1 0
    outer loop
      vertex 6.75 -20 11.7
      vertex 1.19422 -20 14.8324
      vertex 1.17694 -20 14.7159
    endloop
  endfacet
  facet normal 0 -1 0
    outer loop
      vertex 6.75 -20 11.7
      vertex 1.17694 -20 14.7159
      vertex 1.14833 -20 14.6017
    endloop
  endfacet
  facet normal 0 -1 0
    outer loop
      vertex 6.75 -20 11.7
      vertex 1.14833 -20 14.6017
      vertex 1.10865 -20 14.4908
    endloop
  endfacet
  facet normal 0 -1 0
    outer loop
      vertex 6.75 -20 11.7
      vertex 1.10865 -20 14.4908
      vertex 1.0583 -20 14.3843
    endloop
  endfacet
  facet normal 0 -1 0
    outer loop
      vertex 6.75 -20 11.7
      vertex 1.0583 -20 14.3843
      vertex 0.997763 -20 14.2833
    endloop
  endfacet
  facet normal 0 -1 0
    outer loop
      vertex 6.75 -20 11.7
      vertex 0.997763 -20 14.2833
      vertex 0.927612 -20 14.1887
    endloop
  endfacet
  facet normal 0 -1 0
    outer loop
      vertex 6.75 -20 11.7
      vertex 0.927612 -20 14.1887
      vertex 0.848528 -20 14.1015
    endloop
  endfacet
  facet normal 0 -1 0
    outer loop
      vertex 6.75 -20 11.7
      vertex 0.848528 -20 14.1015
      vertex 0.761271 -20 14.0224
    endloop
  endfacet
  facet normal 0 -1 0
    outer loop
      vertex 6.75 -20 11.7
      vertex 0.761271 -20 14.0224
      vertex 0.666684 -20 13.9522
    endloop
  endfacet
  facet normal 0 -1 0
    outer loop
      vertex 6.75 -20 11.7
      vertex 0 -20 13.75
      vertex -6.75 -20 11.7
    endloop
  endfacet
  facet normal 0 -1 0
    outer loop
      vertex 0 -20 13.75
      vertex 6.75 -20 11.7
      vertex 0.11762 -20 13.7558
    endloop
  endfacet
  facet normal 0 -1 0
    outer loop
      vertex 0.11762 -20 13.7558
      vertex 6.75 -20 11.7
      vertex 0.234108 -20 13.7731
    endloop
  endfacet
  facet normal 0 -1 0
    outer loop
      vertex 1.2 -20 14.95
      vertex 6.75 -20 11.7
      vertex 6.75 -20 18.2
    endloop
  endfacet
  facet normal 0 -1 0
    outer loop
      vertex 0.565676 -20 13.8917
      vertex 6.75 -20 11.7
      vertex 0.666684 -20 13.9522
    endloop
  endfacet
  facet normal 0 -1 0
    outer loop
      vertex 0.45922 -20 13.8413
      vertex 6.75 -20 11.7
      vertex 0.565676 -20 13.8917
    endloop
  endfacet
  facet normal 0 -1 0
    outer loop
      vertex 0.348341 -20 13.8017
      vertex 6.75 -20 11.7
      vertex 0.45922 -20 13.8413
    endloop
  endfacet
  facet normal 0 -1 0
    outer loop
      vertex 0.234108 -20 13.7731
      vertex 6.75 -20 11.7
      vertex 0.348341 -20 13.8017
    endloop
  endfacet
  facet normal 0.0492515 0 0.998786
    outer loop
      vertex -0.11762 -18 13.7558
      vertex 0 -20 13.75
      vertex 0 -18 13.75
    endloop
  endfacet
  facet normal 0.0492515 0 0.998786
    outer loop
      vertex 0 -20 13.75
      vertex -0.11762 -18 13.7558
      vertex -0.11762 -20 13.7558
    endloop
  endfacet
  facet normal -0.989178 0 0.146721
    outer loop
      vertex 1.17694 -20 14.7159
      vertex 1.19422 -18 14.8324
      vertex 1.17694 -18 14.7159
    endloop
  endfacet
  facet normal -0.989178 0 0.146721
    outer loop
      vertex 1.19422 -18 14.8324
      vertex 1.17694 -20 14.7159
      vertex 1.19422 -20 14.8324
    endloop
  endfacet
  facet normal -0.998794 0 0.0490904
    outer loop
      vertex 1.19422 -20 14.8324
      vertex 1.2 -18 14.95
      vertex 1.19422 -18 14.8324
    endloop
  endfacet
  facet normal -0.998794 0 0.0490904
    outer loop
      vertex 1.2 -18 14.95
      vertex 1.19422 -20 14.8324
      vertex 1.2 -20 14.95
    endloop
  endfacet
  facet normal -0.970022 0 0.243015
    outer loop
      vertex 1.14833 -20 14.6017
      vertex 1.17694 -18 14.7159
      vertex 1.14833 -18 14.6017
    endloop
  endfacet
  facet normal -0.970022 0 0.243015
    outer loop
      vertex 1.17694 -18 14.7159
      vertex 1.14833 -20 14.6017
      vertex 1.17694 -20 14.7159
    endloop
  endfacet
  facet normal 0.0492515 0 -0.998786
    outer loop
      vertex -0.11762 -20 16.1442
      vertex 0 -18 16.15
      vertex 0 -20 16.15
    endloop
  endfacet
  facet normal 0.0492515 0 -0.998786
    outer loop
      vertex 0 -18 16.15
      vertex -0.11762 -20 16.1442
      vertex -0.11762 -18 16.1442
    endloop
  endfacet
  facet normal -0.803245 0 0.595649
    outer loop
      vertex 0.927612 -20 14.1887
      vertex 0.997763 -18 14.2833
      vertex 0.927612 -18 14.1887
    endloop
  endfacet
  facet normal -0.803245 0 0.595649
    outer loop
      vertex 0.997763 -18 14.2833
      vertex 0.927612 -20 14.1887
      vertex 0.997763 -20 14.2833
    endloop
  endfacet
  facet normal -0.59597 0 0.803006
    outer loop
      vertex 0.666684 -18 13.9522
      vertex 0.761271 -20 14.0224
      vertex 0.761271 -18 14.0224
    endloop
  endfacet
  facet normal -0.59597 0 0.803006
    outer loop
      vertex 0.761271 -20 14.0224
      vertex 0.666684 -18 13.9522
      vertex 0.666684 -20 13.9522
    endloop
  endfacet
  facet normal 0.941546 -0 0.336885
    outer loop
      vertex -1.14833 -20 14.6017
      vertex -1.10865 -18 14.4908
      vertex -1.14833 -18 14.6017
    endloop
  endfacet
  facet normal 0.941546 0 0.336885
    outer loop
      vertex -1.10865 -18 14.4908
      vertex -1.14833 -20 14.6017
      vertex -1.10865 -20 14.4908
    endloop
  endfacet
  facet normal -0.998794 0 -0.0490904
    outer loop
      vertex 1.2 -20 14.95
      vertex 1.19422 -18 15.0676
      vertex 1.2 -18 14.95
    endloop
  endfacet
  facet normal -0.998794 -0 -0.0490904
    outer loop
      vertex 1.19422 -18 15.0676
      vertex 1.2 -20 14.95
      vertex 1.19422 -20 15.0676
    endloop
  endfacet
  facet normal 0.427902 0 0.903825
    outer loop
      vertex -0.565676 -18 13.8917
      vertex -0.45922 -20 13.8413
      vertex -0.45922 -18 13.8413
    endloop
  endfacet
  facet normal 0.427902 0 0.903825
    outer loop
      vertex -0.45922 -20 13.8413
      vertex -0.565676 -18 13.8917
      vertex -0.565676 -20 13.8917
    endloop
  endfacet
  facet normal 0.146902 0 0.989151
    outer loop
      vertex -0.234108 -18 13.7731
      vertex -0.11762 -20 13.7558
      vertex -0.11762 -18 13.7558
    endloop
  endfacet
  facet normal 0.146902 0 0.989151
    outer loop
      vertex -0.11762 -20 13.7558
      vertex -0.234108 -18 13.7731
      vertex -0.234108 -20 13.7731
    endloop
  endfacet
  facet normal 0.740738 -0 0.671795
    outer loop
      vertex -0.927612 -20 14.1887
      vertex -0.848528 -18 14.1015
      vertex -0.927612 -18 14.1887
    endloop
  endfacet
  facet normal 0.740738 0 0.671795
    outer loop
      vertex -0.848528 -18 14.1015
      vertex -0.927612 -20 14.1887
      vertex -0.848528 -20 14.1015
    endloop
  endfacet
  facet normal -0.427902 0 0.903825
    outer loop
      vertex 0.45922 -18 13.8413
      vertex 0.565676 -20 13.8917
      vertex 0.565676 -18 13.8917
    endloop
  endfacet
  facet normal -0.427902 0 0.903825
    outer loop
      vertex 0.565676 -20 13.8917
      vertex 0.45922 -18 13.8413
      vertex 0.45922 -20 13.8413
    endloop
  endfacet
  facet normal 0.857729 -0 0.514102
    outer loop
      vertex -1.0583 -20 14.3843
      vertex -0.997763 -18 14.2833
      vertex -1.0583 -18 14.3843
    endloop
  endfacet
  facet normal 0.857729 0 0.514102
    outer loop
      vertex -0.997763 -18 14.2833
      vertex -1.0583 -20 14.3843
      vertex -0.997763 -20 14.2833
    endloop
  endfacet
  facet normal -0.336339 0 -0.941741
    outer loop
      vertex 0.348341 -20 16.0983
      vertex 0.45922 -18 16.0587
      vertex 0.45922 -20 16.0587
    endloop
  endfacet
  facet normal -0.336339 0 -0.941741
    outer loop
      vertex 0.45922 -18 16.0587
      vertex 0.348341 -20 16.0983
      vertex 0.348341 -18 16.0983
    endloop
  endfacet
  facet normal 0.336339 0 0.941741
    outer loop
      vertex -0.45922 -18 13.8413
      vertex -0.348341 -20 13.8017
      vertex -0.348341 -18 13.8017
    endloop
  endfacet
  facet normal 0.336339 0 0.941741
    outer loop
      vertex -0.348341 -20 13.8017
      vertex -0.45922 -18 13.8413
      vertex -0.45922 -20 13.8413
    endloop
  endfacet
  facet normal 0.59597 0 0.803006
    outer loop
      vertex -0.761271 -18 14.0224
      vertex -0.666684 -20 13.9522
      vertex -0.666684 -18 13.9522
    endloop
  endfacet
  facet normal 0.59597 0 0.803006
    outer loop
      vertex -0.666684 -20 13.9522
      vertex -0.761271 -18 14.0224
      vertex -0.761271 -20 14.0224
    endloop
  endfacet
  facet normal 0.998794 0 -0.0490904
    outer loop
      vertex -1.19422 -20 15.0676
      vertex -1.2 -18 14.95
      vertex -1.19422 -18 15.0676
    endloop
  endfacet
  facet normal 0.998794 0 -0.0490904
    outer loop
      vertex -1.2 -18 14.95
      vertex -1.19422 -20 15.0676
      vertex -1.2 -20 14.95
    endloop
  endfacet
  facet normal 0.803245 0 -0.595649
    outer loop
      vertex -0.927612 -20 15.7113
      vertex -0.997763 -18 15.6167
      vertex -0.927612 -18 15.7113
    endloop
  endfacet
  facet normal 0.803245 0 -0.595649
    outer loop
      vertex -0.997763 -18 15.6167
      vertex -0.927612 -20 15.7113
      vertex -0.997763 -20 15.6167
    endloop
  endfacet
  facet normal -0.989178 0 -0.146721
    outer loop
      vertex 1.19422 -20 15.0676
      vertex 1.17694 -18 15.1841
      vertex 1.19422 -18 15.0676
    endloop
  endfacet
  facet normal -0.989178 -0 -0.146721
    outer loop
      vertex 1.17694 -18 15.1841
      vertex 1.19422 -20 15.0676
      vertex 1.17694 -20 15.1841
    endloop
  endfacet
  facet normal -0.941546 0 0.336885
    outer loop
      vertex 1.10865 -20 14.4908
      vertex 1.14833 -18 14.6017
      vertex 1.10865 -18 14.4908
    endloop
  endfacet
  facet normal -0.941546 0 0.336885
    outer loop
      vertex 1.14833 -18 14.6017
      vertex 1.10865 -20 14.4908
      vertex 1.14833 -20 14.6017
    endloop
  endfacet
  facet normal 0.857729 0 -0.514102
    outer loop
      vertex -0.997763 -20 15.6167
      vertex -1.0583 -18 15.5157
      vertex -0.997763 -18 15.6167
    endloop
  endfacet
  facet normal 0.857729 0 -0.514102
    outer loop
      vertex -1.0583 -18 15.5157
      vertex -0.997763 -20 15.6167
      vertex -1.0583 -20 15.5157
    endloop
  endfacet
  facet normal -0.803245 0 -0.595649
    outer loop
      vertex 0.997763 -20 15.6167
      vertex 0.927612 -18 15.7113
      vertex 0.997763 -18 15.6167
    endloop
  endfacet
  facet normal -0.803245 -0 -0.595649
    outer loop
      vertex 0.927612 -18 15.7113
      vertex 0.997763 -20 15.6167
      vertex 0.927612 -20 15.7113
    endloop
  endfacet
  facet normal -0.336339 0 0.941741
    outer loop
      vertex 0.348341 -18 13.8017
      vertex 0.45922 -20 13.8413
      vertex 0.45922 -18 13.8413
    endloop
  endfacet
  facet normal -0.336339 0 0.941741
    outer loop
      vertex 0.45922 -20 13.8413
      vertex 0.348341 -18 13.8017
      vertex 0.348341 -20 13.8017
    endloop
  endfacet
  facet normal -0.740738 0 0.671795
    outer loop
      vertex 0.848528 -20 14.1015
      vertex 0.927612 -18 14.1887
      vertex 0.848528 -18 14.1015
    endloop
  endfacet
  facet normal -0.740738 0 0.671795
    outer loop
      vertex 0.927612 -18 14.1887
      vertex 0.848528 -20 14.1015
      vertex 0.927612 -20 14.1887
    endloop
  endfacet
  facet normal 0.904057 -0 0.427411
    outer loop
      vertex -1.10865 -20 14.4908
      vertex -1.0583 -18 14.3843
      vertex -1.10865 -18 14.4908
    endloop
  endfacet
  facet normal 0.904057 0 0.427411
    outer loop
      vertex -1.0583 -18 14.3843
      vertex -1.10865 -20 14.4908
      vertex -1.0583 -20 14.3843
    endloop
  endfacet
  facet normal -0.146902 0 0.989151
    outer loop
      vertex 0.11762 -18 13.7558
      vertex 0.234108 -20 13.7731
      vertex 0.234108 -18 13.7731
    endloop
  endfacet
  facet normal -0.146902 0 0.989151
    outer loop
      vertex 0.234108 -20 13.7731
      vertex 0.11762 -18 13.7558
      vertex 0.11762 -20 13.7558
    endloop
  endfacet
  facet normal -0.513841 0 -0.857885
    outer loop
      vertex 0.565676 -20 16.0083
      vertex 0.666684 -18 15.9478
      vertex 0.666684 -20 15.9478
    endloop
  endfacet
  facet normal -0.513841 0 -0.857885
    outer loop
      vertex 0.666684 -18 15.9478
      vertex 0.565676 -20 16.0083
      vertex 0.565676 -18 16.0083
    endloop
  endfacet
  facet normal -0.513841 0 0.857885
    outer loop
      vertex 0.565676 -18 13.8917
      vertex 0.666684 -20 13.9522
      vertex 0.666684 -18 13.9522
    endloop
  endfacet
  facet normal -0.513841 0 0.857885
    outer loop
      vertex 0.666684 -20 13.9522
      vertex 0.565676 -18 13.8917
      vertex 0.565676 -20 13.8917
    endloop
  endfacet
  facet normal 0.242869 0 0.970059
    outer loop
      vertex -0.348341 -18 13.8017
      vertex -0.234108 -20 13.7731
      vertex -0.234108 -18 13.7731
    endloop
  endfacet
  facet normal 0.242869 0 0.970059
    outer loop
      vertex -0.234108 -20 13.7731
      vertex -0.348341 -18 13.8017
      vertex -0.348341 -20 13.8017
    endloop
  endfacet
  facet normal 0.904057 0 -0.427411
    outer loop
      vertex -1.0583 -20 15.5157
      vertex -1.10865 -18 15.4092
      vertex -1.0583 -18 15.5157
    endloop
  endfacet
  facet normal 0.904057 0 -0.427411
    outer loop
      vertex -1.10865 -18 15.4092
      vertex -1.0583 -20 15.5157
      vertex -1.10865 -20 15.4092
    endloop
  endfacet
  facet normal -0.904057 0 0.427411
    outer loop
      vertex 1.0583 -20 14.3843
      vertex 1.10865 -18 14.4908
      vertex 1.0583 -18 14.3843
    endloop
  endfacet
  facet normal -0.904057 0 0.427411
    outer loop
      vertex 1.10865 -18 14.4908
      vertex 1.0583 -20 14.3843
      vertex 1.10865 -20 14.4908
    endloop
  endfacet
  facet normal 0.146902 0 -0.989151
    outer loop
      vertex -0.234108 -20 16.1269
      vertex -0.11762 -18 16.1442
      vertex -0.11762 -20 16.1442
    endloop
  endfacet
  facet normal 0.146902 0 -0.989151
    outer loop
      vertex -0.11762 -18 16.1442
      vertex -0.234108 -20 16.1269
      vertex -0.234108 -18 16.1269
    endloop
  endfacet
  facet normal -0.671628 0 -0.740888
    outer loop
      vertex 0.761271 -20 15.8776
      vertex 0.848528 -18 15.7985
      vertex 0.848528 -20 15.7985
    endloop
  endfacet
  facet normal -0.671628 0 -0.740888
    outer loop
      vertex 0.848528 -18 15.7985
      vertex 0.761271 -20 15.8776
      vertex 0.761271 -18 15.8776
    endloop
  endfacet
  facet normal 0.998794 -0 0.0490904
    outer loop
      vertex -1.2 -20 14.95
      vertex -1.19422 -18 14.8324
      vertex -1.2 -18 14.95
    endloop
  endfacet
  facet normal 0.998794 0 0.0490904
    outer loop
      vertex -1.19422 -18 14.8324
      vertex -1.2 -20 14.95
      vertex -1.19422 -20 14.8324
    endloop
  endfacet
  facet normal 0.989178 0 -0.146721
    outer loop
      vertex -1.17694 -20 15.1841
      vertex -1.19422 -18 15.0676
      vertex -1.17694 -18 15.1841
    endloop
  endfacet
  facet normal 0.989178 0 -0.146721
    outer loop
      vertex -1.19422 -18 15.0676
      vertex -1.17694 -20 15.1841
      vertex -1.19422 -20 15.0676
    endloop
  endfacet
  facet normal 0.59597 0 -0.803006
    outer loop
      vertex -0.761271 -20 15.8776
      vertex -0.666684 -18 15.9478
      vertex -0.666684 -20 15.9478
    endloop
  endfacet
  facet normal 0.59597 0 -0.803006
    outer loop
      vertex -0.666684 -18 15.9478
      vertex -0.761271 -20 15.8776
      vertex -0.761271 -18 15.8776
    endloop
  endfacet
  facet normal -0.146902 0 -0.989151
    outer loop
      vertex 0.11762 -20 16.1442
      vertex 0.234108 -18 16.1269
      vertex 0.234108 -20 16.1269
    endloop
  endfacet
  facet normal -0.146902 0 -0.989151
    outer loop
      vertex 0.234108 -18 16.1269
      vertex 0.11762 -20 16.1442
      vertex 0.11762 -18 16.1442
    endloop
  endfacet
  facet normal 0.941546 0 -0.336885
    outer loop
      vertex -1.10865 -20 15.4092
      vertex -1.14833 -18 15.2983
      vertex -1.10865 -18 15.4092
    endloop
  endfacet
  facet normal 0.941546 0 -0.336885
    outer loop
      vertex -1.14833 -18 15.2983
      vertex -1.10865 -20 15.4092
      vertex -1.14833 -20 15.2983
    endloop
  endfacet
  facet normal -0.59597 0 -0.803006
    outer loop
      vertex 0.666684 -20 15.9478
      vertex 0.761271 -18 15.8776
      vertex 0.761271 -20 15.8776
    endloop
  endfacet
  facet normal -0.59597 0 -0.803006
    outer loop
      vertex 0.761271 -18 15.8776
      vertex 0.666684 -20 15.9478
      vertex 0.666684 -18 15.9478
    endloop
  endfacet
  facet normal -0.427902 0 -0.903825
    outer loop
      vertex 0.45922 -20 16.0587
      vertex 0.565676 -18 16.0083
      vertex 0.565676 -20 16.0083
    endloop
  endfacet
  facet normal -0.427902 0 -0.903825
    outer loop
      vertex 0.565676 -18 16.0083
      vertex 0.45922 -20 16.0587
      vertex 0.45922 -18 16.0587
    endloop
  endfacet
  facet normal 0.740738 0 -0.671795
    outer loop
      vertex -0.848528 -20 15.7985
      vertex -0.927612 -18 15.7113
      vertex -0.848528 -18 15.7985
    endloop
  endfacet
  facet normal 0.740738 0 -0.671795
    outer loop
      vertex -0.927612 -18 15.7113
      vertex -0.848528 -20 15.7985
      vertex -0.927612 -20 15.7113
    endloop
  endfacet
  facet normal 0.671628 0 -0.740888
    outer loop
      vertex -0.848528 -20 15.7985
      vertex -0.761271 -18 15.8776
      vertex -0.761271 -20 15.8776
    endloop
  endfacet
  facet normal 0.671628 0 -0.740888
    outer loop
      vertex -0.761271 -18 15.8776
      vertex -0.848528 -20 15.7985
      vertex -0.848528 -18 15.7985
    endloop
  endfacet
  facet normal 0.242869 0 -0.970059
    outer loop
      vertex -0.348341 -20 16.0983
      vertex -0.234108 -18 16.1269
      vertex -0.234108 -20 16.1269
    endloop
  endfacet
  facet normal 0.242869 0 -0.970059
    outer loop
      vertex -0.234108 -18 16.1269
      vertex -0.348341 -20 16.0983
      vertex -0.348341 -18 16.0983
    endloop
  endfacet
  facet normal -0.0492515 0 0.998786
    outer loop
      vertex 0 -18 13.75
      vertex 0.11762 -20 13.7558
      vertex 0.11762 -18 13.7558
    endloop
  endfacet
  facet normal -0.0492515 0 0.998786
    outer loop
      vertex 0.11762 -20 13.7558
      vertex 0 -18 13.75
      vertex 0 -20 13.75
    endloop
  endfacet
  facet normal -0.904057 0 -0.427411
    outer loop
      vertex 1.10865 -20 15.4092
      vertex 1.0583 -18 15.5157
      vertex 1.10865 -18 15.4092
    endloop
  endfacet
  facet normal -0.904057 -0 -0.427411
    outer loop
      vertex 1.0583 -18 15.5157
      vertex 1.10865 -20 15.4092
      vertex 1.0583 -20 15.5157
    endloop
  endfacet
  facet normal 0.513841 0 0.857885
    outer loop
      vertex -0.666684 -18 13.9522
      vertex -0.565676 -20 13.8917
      vertex -0.565676 -18 13.8917
    endloop
  endfacet
  facet normal 0.513841 0 0.857885
    outer loop
      vertex -0.565676 -20 13.8917
      vertex -0.666684 -18 13.9522
      vertex -0.666684 -20 13.9522
    endloop
  endfacet
  facet normal -0.671628 0 0.740888
    outer loop
      vertex 0.761271 -18 14.0224
      vertex 0.848528 -20 14.1015
      vertex 0.848528 -18 14.1015
    endloop
  endfacet
  facet normal -0.671628 0 0.740888
    outer loop
      vertex 0.848528 -20 14.1015
      vertex 0.761271 -18 14.0224
      vertex 0.761271 -20 14.0224
    endloop
  endfacet
  facet normal 0.970022 -0 0.243015
    outer loop
      vertex -1.17694 -20 14.7159
      vertex -1.14833 -18 14.6017
      vertex -1.17694 -18 14.7159
    endloop
  endfacet
  facet normal 0.970022 0 0.243015
    outer loop
      vertex -1.14833 -18 14.6017
      vertex -1.17694 -20 14.7159
      vertex -1.14833 -20 14.6017
    endloop
  endfacet
  facet normal -0.970022 0 -0.243015
    outer loop
      vertex 1.17694 -20 15.1841
      vertex 1.14833 -18 15.2983
      vertex 1.17694 -18 15.1841
    endloop
  endfacet
  facet normal -0.970022 -0 -0.243015
    outer loop
      vertex 1.14833 -18 15.2983
      vertex 1.17694 -20 15.1841
      vertex 1.14833 -20 15.2983
    endloop
  endfacet
  facet normal -0.242869 0 -0.970059
    outer loop
      vertex 0.234108 -20 16.1269
      vertex 0.348341 -18 16.0983
      vertex 0.348341 -20 16.0983
    endloop
  endfacet
  facet normal -0.242869 0 -0.970059
    outer loop
      vertex 0.348341 -18 16.0983
      vertex 0.234108 -20 16.1269
      vertex 0.234108 -18 16.1269
    endloop
  endfacet
  facet normal -0.740738 0 -0.671795
    outer loop
      vertex 0.927612 -20 15.7113
      vertex 0.848528 -18 15.7985
      vertex 0.927612 -18 15.7113
    endloop
  endfacet
  facet normal -0.740738 -0 -0.671795
    outer loop
      vertex 0.848528 -18 15.7985
      vertex 0.927612 -20 15.7113
      vertex 0.848528 -20 15.7985
    endloop
  endfacet
  facet normal -0.857729 0 0.514102
    outer loop
      vertex 0.997763 -20 14.2833
      vertex 1.0583 -18 14.3843
      vertex 0.997763 -18 14.2833
    endloop
  endfacet
  facet normal -0.857729 0 0.514102
    outer loop
      vertex 1.0583 -18 14.3843
      vertex 0.997763 -20 14.2833
      vertex 1.0583 -20 14.3843
    endloop
  endfacet
  facet normal -0.0492515 0 -0.998786
    outer loop
      vertex 0 -20 16.15
      vertex 0.11762 -18 16.1442
      vertex 0.11762 -20 16.1442
    endloop
  endfacet
  facet normal -0.0492515 0 -0.998786
    outer loop
      vertex 0.11762 -18 16.1442
      vertex 0 -20 16.15
      vertex 0 -18 16.15
    endloop
  endfacet
  facet normal 0.970022 0 -0.243015
    outer loop
      vertex -1.14833 -20 15.2983
      vertex -1.17694 -18 15.1841
      vertex -1.14833 -18 15.2983
    endloop
  endfacet
  facet normal 0.970022 0 -0.243015
    outer loop
      vertex -1.17694 -18 15.1841
      vertex -1.14833 -20 15.2983
      vertex -1.17694 -20 15.1841
    endloop
  endfacet
  facet normal 0.671628 0 0.740888
    outer loop
      vertex -0.848528 -18 14.1015
      vertex -0.761271 -20 14.0224
      vertex -0.761271 -18 14.0224
    endloop
  endfacet
  facet normal 0.671628 0 0.740888
    outer loop
      vertex -0.761271 -20 14.0224
      vertex -0.848528 -18 14.1015
      vertex -0.848528 -20 14.1015
    endloop
  endfacet
  facet normal 0.513841 0 -0.857885
    outer loop
      vertex -0.666684 -20 15.9478
      vertex -0.565676 -18 16.0083
      vertex -0.565676 -20 16.0083
    endloop
  endfacet
  facet normal 0.513841 0 -0.857885
    outer loop
      vertex -0.565676 -18 16.0083
      vertex -0.666684 -20 15.9478
      vertex -0.666684 -18 15.9478
    endloop
  endfacet
  facet normal 0.336339 0 -0.941741
    outer loop
      vertex -0.45922 -20 16.0587
      vertex -0.348341 -18 16.0983
      vertex -0.348341 -20 16.0983
    endloop
  endfacet
  facet normal 0.336339 0 -0.941741
    outer loop
      vertex -0.348341 -18 16.0983
      vertex -0.45922 -20 16.0587
      vertex -0.45922 -18 16.0587
    endloop
  endfacet
  facet normal -0.857729 0 -0.514102
    outer loop
      vertex 1.0583 -20 15.5157
      vertex 0.997763 -18 15.6167
      vertex 1.0583 -18 15.5157
    endloop
  endfacet
  facet normal -0.857729 -0 -0.514102
    outer loop
      vertex 0.997763 -18 15.6167
      vertex 1.0583 -20 15.5157
      vertex 0.997763 -20 15.6167
    endloop
  endfacet
  facet normal -0.941546 0 -0.336885
    outer loop
      vertex 1.14833 -20 15.2983
      vertex 1.10865 -18 15.4092
      vertex 1.14833 -18 15.2983
    endloop
  endfacet
  facet normal -0.941546 -0 -0.336885
    outer loop
      vertex 1.10865 -18 15.4092
      vertex 1.14833 -20 15.2983
      vertex 1.10865 -20 15.4092
    endloop
  endfacet
  facet normal 0.427902 0 -0.903825
    outer loop
      vertex -0.565676 -20 16.0083
      vertex -0.45922 -18 16.0587
      vertex -0.45922 -20 16.0587
    endloop
  endfacet
  facet normal 0.427902 0 -0.903825
    outer loop
      vertex -0.45922 -18 16.0587
      vertex -0.565676 -20 16.0083
      vertex -0.565676 -18 16.0083
    endloop
  endfacet
  facet normal 0.989178 -0 0.146721
    outer loop
      vertex -1.19422 -20 14.8324
      vertex -1.17694 -18 14.7159
      vertex -1.19422 -18 14.8324
    endloop
  endfacet
  facet normal 0.989178 0 0.146721
    outer loop
      vertex -1.17694 -18 14.7159
      vertex -1.19422 -20 14.8324
      vertex -1.17694 -20 14.7159
    endloop
  endfacet
  facet normal -0.242869 0 0.970059
    outer loop
      vertex 0.234108 -18 13.7731
      vertex 0.348341 -20 13.8017
      vertex 0.348341 -18 13.8017
    endloop
  endfacet
  facet normal -0.242869 0 0.970059
    outer loop
      vertex 0.348341 -20 13.8017
      vertex 0.234108 -18 13.7731
      vertex 0.234108 -20 13.7731
    endloop
  endfacet
  facet normal 0.803245 -0 0.595649
    outer loop
      vertex -0.997763 -20 14.2833
      vertex -0.927612 -18 14.1887
      vertex -0.997763 -18 14.2833
    endloop
  endfacet
  facet normal 0.803245 0 0.595649
    outer loop
      vertex -0.927612 -18 14.1887
      vertex -0.997763 -20 14.2833
      vertex -0.927612 -20 14.1887
    endloop
  endfacet
  facet normal -0 0 1
    outer loop
      vertex -6.75 -18 19
      vertex 6.75 -18.8 19
      vertex 6.75 -18 19
    endloop
  endfacet
  facet normal 0 0 1
    outer loop
      vertex 6.75 -18.8 19
      vertex -6.75 -18 19
      vertex -6.75 -18.8 19
    endloop
  endfacet
  facet normal 0 -1 0
    outer loop
      vertex -6.75 -18.8 18.2
      vertex 6.75 -18.8 19
      vertex -6.75 -18.8 19
    endloop
  endfacet
  facet normal 0 -1 -0
    outer loop
      vertex 6.75 -18.8 19
      vertex -6.75 -18.8 18.2
      vertex 6.75 -18.8 18.2
    endloop
  endfacet
  facet normal 0 0 -1
    outer loop
      vertex -6.75 -18.8 10.9
      vertex 6.75 -18 10.9
      vertex 6.75 -18.8 10.9
    endloop
  endfacet
  facet normal -0 0 -1
    outer loop
      vertex 6.75 -18 10.9
      vertex -6.75 -18.8 10.9
      vertex -6.75 -18 10.9
    endloop
  endfacet
  facet normal 0 -1 0
    outer loop
      vertex -6.75 -18.8 10.9
      vertex 6.75 -18.8 11.7
      vertex -6.75 -18.8 11.7
    endloop
  endfacet
  facet normal 0 -1 -0
    outer loop
      vertex 6.75 -18.8 11.7
      vertex -6.75 -18.8 10.9
      vertex 6.75 -18.8 10.9
    endloop
  endfacet
endsolid OpenSCAD_Model
