solid OpenSCAD_Model
  facet normal -0.296949 0.830758 -0.470811
    outer loop
      vertex -13.2424 17.6887 0.728846
      vertex -13.2689 17.7528 0.858666
      vertex -13.1235 17.7312 0.728846
    endloop
  endfacet
  facet normal 0.16759 0.100445 -0.980726
    outer loop
      vertex 13.0714 16.6718 0.0449524
      vertex 12.9441 16.6038 0.0162344
      vertex 13.053 16.7025 0.0449524
    endloop
  endfacet
  facet normal 0.00983438 -0.195049 -0.980744
    outer loop
      vertex 12.7857 -16.8627 0.0449524
      vertex 12.75 -16.8645 0.0449524
      vertex 12.75 -16.7201 0.0162344
    endloop
  endfacet
  facet normal -0.195244 0.215179 -0.956858
    outer loop
      vertex -12.9812 16.7817 0.0449524
      vertex -13.1073 16.8573 0.0876837
      vertex -13.0706 16.8906 0.0876837
    endloop
  endfacet
  facet normal 0.187959 0.750417 -0.633676
    outer loop
      vertex 13.0726 17.5636 0.492661
      vertex 12.9668 17.5901 0.492661
      vertex 13.0997 17.6529 0.606451
    endloop
  endfacet
  facet normal 0.233328 0.173167 -0.956855
    outer loop
      vertex 13.053 16.7025 0.0449524
      vertex 13.0317 16.7312 0.0449524
      vertex 13.1702 16.7807 0.0876837
    endloop
  endfacet
  facet normal 0.238369 0.666432 -0.706433
    outer loop
      vertex 13.1355 17.4307 0.388573
      vertex 13.0424 17.464 0.388573
      vertex 13.1753 17.5268 0.492661
    endloop
  endfacet
  facet normal -0.984443 -0.146144 -0.0975416
    outer loop
      vertex -14.2194 -16.7923 1.4264
      vertex -14.241 -16.6468 1.4264
      vertex -14.2053 -16.7895 1.2799
    endloop
  endfacet
  facet normal -0.0451474 -0.92309 -0.381925
    outer loop
      vertex -12.75 -17.856 0.858666
      vertex -12.8884 -17.9055 0.994665
      vertex -12.8829 -17.8495 0.858666
    endloop
  endfacet
  facet normal 0 -0.995204 -0.0978221
    outer loop
      vertex -12.75 -17.9838 1.2799
      vertex 12.75 -17.9982 1.4264
      vertex -12.75 -17.9982 1.4264
    endloop
  endfacet
  facet normal 0 -0.995204 -0.0978221
    outer loop
      vertex 12.75 -17.9982 1.4264
      vertex -12.75 -17.9838 1.2799
      vertex 12.75 -17.9838 1.2799
    endloop
  endfacet
  facet normal -0.427269 -0.904125 0
    outer loop
      vertex -13.4571 -17.8229 9.695
      vertex -13.324 -17.8858 9.705
      vertex -13.4571 -17.8229 9.705
    endloop
  endfacet
  facet normal -0.427269 -0.904125 -0
    outer loop
      vertex -13.324 -17.8858 9.705
      vertex -13.4571 -17.8229 9.695
      vertex -13.324 -17.8858 9.695
    endloop
  endfacet
  facet normal -0.511808 0.853468 -0.0982066
    outer loop
      vertex -13.5743 17.7337 1.2799
      vertex -13.5824 17.7457 1.4264
      vertex -13.4494 17.8086 1.2799
    endloop
  endfacet
  facet normal -0.569801 0.768896 -0.290044
    outer loop
      vertex -13.5346 17.6743 0.994665
      vertex -13.6731 17.6248 1.13553
      vertex -13.5584 17.7098 1.13553
    endloop
  endfacet
  facet normal -0.136103 0.913837 -0.382593
    outer loop
      vertex -13.0145 17.8299 0.858666
      vertex -13.0255 17.8852 0.994665
      vertex -12.8829 17.8495 0.858666
    endloop
  endfacet
  facet normal -0.285915 0.477015 -0.831089
    outer loop
      vertex -13.1135 17.1801 0.213407
      vertex -13.1784 17.1412 0.213407
      vertex -13.1712 17.288 0.295188
    endloop
  endfacet
  facet normal 0.896324 -0.224581 -0.382319
    outer loop
      vertex 14.1015 -16.91 0.994665
      vertex 14.0476 -16.8936 0.858666
      vertex 14.1352 -16.7755 0.994665
    endloop
  endfacet
  facet normal -0.0469252 0.955933 -0.289811
    outer loop
      vertex -12.8884 17.9055 0.994665
      vertex -12.8926 17.948 1.13553
      vertex -12.75 17.955 1.13553
    endloop
  endfacet
  facet normal 0.0950711 -0.0244469 -0.99517
    outer loop
      vertex 12.9659 -16.5429 0.0162344
      vertex 12.8204 -16.5214 0.00180626
      vertex 12.8222 -16.5144 0.00180626
    endloop
  endfacet
  facet normal -0.706648 0.0343659 -0.70673
    outer loop
      vertex -13.7573 16.5 0.388573
      vertex -13.8614 16.5 0.492661
      vertex -13.7525 16.5987 0.388573
    endloop
  endfacet
  facet normal -0.941372 -0.33737 -0.000213944
    outer loop
      vertex -14.1341 -17.0733 1.4264
      vertex -14.1854 -16.9354 9.695
      vertex -14.1837 -16.9349 1.4264
    endloop
  endfacet
  facet normal -0.279904 0.783072 -0.555384
    outer loop
      vertex -13.0997 17.6529 0.606451
      vertex -13.2424 17.6887 0.728846
      vertex -13.1235 17.7312 0.728846
    endloop
  endfacet
  facet normal -0.238369 0.666432 -0.706433
    outer loop
      vertex -13.1355 17.4307 0.388573
      vertex -13.1753 17.5268 0.492661
      vertex -13.0424 17.464 0.388573
    endloop
  endfacet
  facet normal -0.20216 0.806664 -0.555359
    outer loop
      vertex -13.0997 17.6529 0.606451
      vertex -13.1235 17.7312 0.728846
      vertex -13.001 17.7619 0.728846
    endloop
  endfacet
  facet normal 0.311089 -0.870077 -0.382348
    outer loop
      vertex 13.16 -17.8515 0.994665
      vertex 13.1436 -17.7976 0.858666
      vertex 13.2689 -17.7528 0.858666
    endloop
  endfacet
  facet normal -0.998803 -0.0489209 0
    outer loop
      vertex -14.2428 -16.647 9.695
      vertex -14.25 -16.5 9.705
      vertex -14.25 -16.5 9.695
    endloop
  endfacet
  facet normal -0.998803 -0.0489209 0
    outer loop
      vertex -14.25 -16.5 9.705
      vertex -14.2428 -16.647 9.695
      vertex -14.2428 -16.647 9.705
    endloop
  endfacet
  facet normal -0.241698 -0.965437 -0.0975387
    outer loop
      vertex -13.0423 -17.9694 1.4264
      vertex -13.1849 -17.9337 1.4264
      vertex -13.0395 -17.9553 1.2799
    endloop
  endfacet
  facet normal -0.737703 0.667994 -0.097871
    outer loop
      vertex -13.7992 17.5492 1.2799
      vertex -13.9081 17.4504 1.4264
      vertex -13.8094 17.5594 1.4264
    endloop
  endfacet
  facet normal -0.084145 -0.050487 -0.995174
    outer loop
      vertex -12.933 -16.6223 0.0162344
      vertex -12.9441 -16.6038 0.0162344
      vertex -12.8112 -16.5409 0.00180626
    endloop
  endfacet
  facet normal -0.186756 0.523506 -0.831302
    outer loop
      vertex -12.9739 17.2379 0.213407
      vertex -13.0451 17.2125 0.213407
      vertex -13.0094 17.3551 0.295188
    endloop
  endfacet
  facet normal -0.857733 0.514096 -0.000217775
    outer loop
      vertex -13.9957 17.3324 1.4264
      vertex -14.0729 17.2071 9.695
      vertex -13.9972 17.3334 9.695
    endloop
  endfacet
  facet normal -0.886493 -0.419556 -0.195199
    outer loop
      vertex -14.0586 -17.1994 1.2799
      vertex -14.0943 -17.0568 1.13553
      vertex -14.0332 -17.1859 1.13553
    endloop
  endfacet
  facet normal -0.941527 0.336939 -0.0002221
    outer loop
      vertex -14.1341 17.0733 1.4264
      vertex -14.1854 16.9354 9.695
      vertex -14.1358 17.074 9.695
    endloop
  endfacet
  facet normal 0.146144 -0.984443 -0.0975416
    outer loop
      vertex 13.0423 -17.9694 1.4264
      vertex 12.8968 -17.991 1.4264
      vertex 13.0395 -17.9553 1.2799
    endloop
  endfacet
  facet normal -0.377221 0.797533 -0.470792
    outer loop
      vertex -13.2424 17.6887 0.728846
      vertex -13.3892 17.6959 0.858666
      vertex -13.2689 17.7528 0.858666
    endloop
  endfacet
  facet normal -0.0453501 0.923007 -0.382101
    outer loop
      vertex -12.75 17.856 0.858666
      vertex -12.8884 17.9055 0.994665
      vertex -12.75 17.9123 0.994665
    endloop
  endfacet
  facet normal -0.904139 0.427238 -0.000221457
    outer loop
      vertex -14.0713 17.2062 1.4264
      vertex -14.1341 17.0733 1.4264
      vertex -14.0729 17.2071 9.695
    endloop
  endfacet
  facet normal -0.509931 0.378273 -0.77258
    outer loop
      vertex -13.4407 17.0669 0.295188
      vertex -13.5876 17.0596 0.388573
      vertex -13.5287 17.139 0.388573
    endloop
  endfacet
  facet normal 0 0.772961 -0.634454
    outer loop
      vertex 12.75 17.6114 0.492661
      vertex -12.75 17.7048 0.606451
      vertex 12.75 17.7048 0.606451
    endloop
  endfacet
  facet normal 0 0.772961 -0.634454
    outer loop
      vertex -12.75 17.7048 0.606451
      vertex 12.75 17.6114 0.492661
      vertex -12.75 17.6114 0.492661
    endloop
  endfacet
  facet normal 0.830758 -0.296949 -0.470811
    outer loop
      vertex 14.0028 -17.0189 0.858666
      vertex 13.9387 -16.9924 0.728846
      vertex 13.9812 -16.8735 0.728846
    endloop
  endfacet
  facet normal -0.404591 0.242754 -0.88169
    outer loop
      vertex -13.3156 16.8023 0.144015
      vertex -13.4301 16.8635 0.213407
      vertex -13.2832 16.8563 0.144015
    endloop
  endfacet
  facet normal 0.0281241 -0.19324 -0.980748
    outer loop
      vertex 12.7857 -16.8627 0.0449524
      vertex 12.7716 -16.719 0.0162344
      vertex 12.7929 -16.7159 0.0162344
    endloop
  endfacet
  facet normal 0.820748 -0.492587 -0.289363
    outer loop
      vertex 14.0332 -17.1859 1.13553
      vertex 13.9243 -17.2846 0.994665
      vertex 13.9956 -17.1658 0.994665
    endloop
  endfacet
  facet normal 0.242015 -0.965324 -0.0978698
    outer loop
      vertex 13.1849 -17.9337 1.4264
      vertex 13.0395 -17.9553 1.2799
      vertex 13.1807 -17.9199 1.2799
    endloop
  endfacet
  facet normal 0.0279294 -0.555648 -0.830948
    outer loop
      vertex 12.8256 -17.2674 0.213407
      vertex 12.75 -17.3935 0.295188
      vertex 12.75 -17.2712 0.213407
    endloop
  endfacet
  facet normal 0.726741 -0.658714 -0.194793
    outer loop
      vertex 13.897 -17.4413 1.2799
      vertex 13.7992 -17.5492 1.2799
      vertex 13.8748 -17.4231 1.13553
    endloop
  endfacet
  facet normal -0.238682 -0.666105 -0.706636
    outer loop
      vertex -13.0726 -17.5636 0.492661
      vertex -13.1753 -17.5268 0.492661
      vertex -13.0424 -17.464 0.388573
    endloop
  endfacet
  facet normal -0.896292 -0.224247 -0.382589
    outer loop
      vertex -14.0476 -16.8936 0.858666
      vertex -14.1352 -16.7755 0.994665
      vertex -14.0799 -16.7645 0.858666
    endloop
  endfacet
  facet normal -0.41914 -0.886797 -0.194713
    outer loop
      vertex -13.3178 -17.8708 1.2799
      vertex -13.4494 -17.8086 1.2799
      vertex -13.3068 -17.8443 1.13553
    endloop
  endfacet
  facet normal -0.146746 -0.989174 0
    outer loop
      vertex -13.0426 -17.9712 9.695
      vertex -12.897 -17.9928 9.705
      vertex -13.0426 -17.9712 9.705
    endloop
  endfacet
  facet normal -0.146746 -0.989174 -0
    outer loop
      vertex -12.897 -17.9928 9.705
      vertex -13.0426 -17.9712 9.695
      vertex -12.897 -17.9928 9.695
    endloop
  endfacet
  facet normal 0.970262 -0.143418 -0.194993
    outer loop
      vertex 14.2053 -16.7895 1.2799
      vertex 14.198 -16.6426 1.13553
      vertex 14.2266 -16.6454 1.2799
    endloop
  endfacet
  facet normal 0 0.923958 -0.382494
    outer loop
      vertex 12.75 17.856 0.858666
      vertex -12.75 17.9123 0.994665
      vertex 12.75 17.9123 0.994665
    endloop
  endfacet
  facet normal 0 0.923958 -0.382494
    outer loop
      vertex -12.75 17.9123 0.994665
      vertex 12.75 17.856 0.858666
      vertex -12.75 17.856 0.858666
    endloop
  endfacet
  facet normal -0.941527 0.336939 0
    outer loop
      vertex -14.1854 16.9354 9.695
      vertex -14.1358 17.074 9.705
      vertex -14.1358 17.074 9.695
    endloop
  endfacet
  facet normal -0.941527 0.336939 0
    outer loop
      vertex -14.1358 17.074 9.705
      vertex -14.1854 16.9354 9.695
      vertex -14.1854 16.9354 9.705
    endloop
  endfacet
  facet normal -0.857733 0.514096 0
    outer loop
      vertex -14.0729 17.2071 9.695
      vertex -13.9972 17.3334 9.705
      vertex -13.9972 17.3334 9.695
    endloop
  endfacet
  facet normal -0.857733 0.514096 0
    outer loop
      vertex -13.9972 17.3334 9.705
      vertex -14.0729 17.2071 9.695
      vertex -14.0729 17.2071 9.705
    endloop
  endfacet
  facet normal 0.283546 0.257382 -0.923773
    outer loop
      vertex 13.2458 16.9069 0.144015
      vertex 13.1073 16.8573 0.0876837
      vertex 13.2035 16.9535 0.144015
    endloop
  endfacet
  facet normal 0.129977 0.8727 -0.470639
    outer loop
      vertex 13.001 17.7619 0.728846
      vertex 12.8829 17.8495 0.858666
      vertex 13.0145 17.8299 0.858666
    endloop
  endfacet
  facet normal 0.998803 -0.0489209 -0.00021743
    outer loop
      vertex 14.25 -16.5 9.695
      vertex 14.2428 -16.647 9.695
      vertex 14.2482 -16.5 1.4264
    endloop
  endfacet
  facet normal 1 0 -0.000217691
    outer loop
      vertex 14.25 -16.5 9.695
      vertex 14.2482 16.5 1.4264
      vertex 14.25 16.5 9.695
    endloop
  endfacet
  facet normal 1 0 -0.000217691
    outer loop
      vertex 14.2482 16.5 1.4264
      vertex 14.25 -16.5 9.695
      vertex 14.2482 -16.5 1.4264
    endloop
  endfacet
  facet normal -0.0430879 0.880983 -0.471182
    outer loop
      vertex -12.8761 17.7804 0.728846
      vertex -12.8829 17.8495 0.858666
      vertex -12.75 17.856 0.858666
    endloop
  endfacet
  facet normal -0.297011 0.830702 -0.470871
    outer loop
      vertex -13.1235 17.7312 0.728846
      vertex -13.2689 17.7528 0.858666
      vertex -13.1436 17.7976 0.858666
    endloop
  endfacet
  facet normal 0.404624 -0.242525 -0.881737
    outer loop
      vertex 13.3912 -16.9284 0.213407
      vertex 13.2832 -16.8563 0.144015
      vertex 13.4301 -16.8635 0.213407
    endloop
  endfacet
  facet normal 0.0930818 0.627821 -0.772772
    outer loop
      vertex 12.9465 17.488 0.388573
      vertex 12.8376 17.3892 0.295188
      vertex 12.8487 17.5025 0.388573
    endloop
  endfacet
  facet normal 0.0407985 -0.830742 -0.55516
    outer loop
      vertex 12.8761 -17.7804 0.728846
      vertex 12.75 -17.7048 0.606451
      vertex 12.8681 -17.699 0.606451
    endloop
  endfacet
  facet normal -0.857853 -0.513896 -0.000221932
    outer loop
      vertex -13.9957 -17.3324 1.4264
      vertex -14.0729 -17.2071 9.695
      vertex -14.0713 -17.2062 1.4264
    endloop
  endfacet
  facet normal -0.951373 0.238517 -0.194933
    outer loop
      vertex -14.1424 16.9224 1.13553
      vertex -14.2053 16.7895 1.2799
      vertex -14.1699 16.9307 1.2799
    endloop
  endfacet
  facet normal -1 0 0
    outer loop
      vertex -14.25 -16.5 9.695
      vertex -14.25 16.5 9.705
      vertex -14.25 16.5 9.695
    endloop
  endfacet
  facet normal -1 -0 0
    outer loop
      vertex -14.25 16.5 9.705
      vertex -14.25 -16.5 9.695
      vertex -14.25 -16.5 9.705
    endloop
  endfacet
  facet normal -0.539187 0.13498 -0.831299
    outer loop
      vertex -13.5063 16.6504 0.213407
      vertex -13.6051 16.7594 0.295188
      vertex -13.4879 16.7239 0.213407
    endloop
  endfacet
  facet normal -0.504406 0.841125 -0.195152
    outer loop
      vertex -13.4359 17.7832 1.13553
      vertex -13.5743 17.7337 1.2799
      vertex -13.4494 17.8086 1.2799
    endloop
  endfacet
  facet normal 0.0474979 -0.189446 -0.980742
    outer loop
      vertex 12.8211 -16.8575 0.0449524
      vertex 12.7929 -16.7159 0.0162344
      vertex 12.8558 -16.8488 0.0449524
    endloop
  endfacet
  facet normal 0.797533 0.377221 -0.470792
    outer loop
      vertex 14.0028 17.0189 0.858666
      vertex 13.9387 16.9924 0.728846
      vertex 13.9459 17.1392 0.858666
    endloop
  endfacet
  facet normal 0.0489874 -0.998799 -0.000218615
    outer loop
      vertex 12.897 -17.9928 9.695
      vertex 12.75 -17.9982 1.4264
      vertex 12.8968 -17.991 1.4264
    endloop
  endfacet
  facet normal 0 -1 -0.000217691
    outer loop
      vertex -12.75 -17.9982 1.4264
      vertex 12.75 -18 9.695
      vertex -12.75 -18 9.695
    endloop
  endfacet
  facet normal 0 -1 -0.000217691
    outer loop
      vertex 12.75 -18 9.695
      vertex -12.75 -17.9982 1.4264
      vertex 12.75 -17.9982 1.4264
    endloop
  endfacet
  facet normal -0.980677 0 -0.195633
    outer loop
      vertex -14.205 -16.5 1.13553
      vertex -14.2338 16.5 1.2799
      vertex -14.205 16.5 1.13553
    endloop
  endfacet
  facet normal -0.980677 -0 -0.195633
    outer loop
      vertex -14.2338 16.5 1.2799
      vertex -14.205 -16.5 1.13553
      vertex -14.2338 -16.5 1.2799
    endloop
  endfacet
  facet normal -0.671251 0.74123 -0.000222072
    outer loop
      vertex -13.8094 17.5594 1.4264
      vertex -13.8107 17.5607 9.695
      vertex -13.7016 17.6595 9.695
    endloop
  endfacet
  facet normal -0.857733 -0.514096 -0.000217775
    outer loop
      vertex -13.9972 -17.3334 9.695
      vertex -14.0729 -17.2071 9.695
      vertex -13.9957 -17.3324 1.4264
    endloop
  endfacet
  facet normal -0.620688 -0.461101 -0.634139
    outer loop
      vertex -13.6813 -17.2643 0.606451
      vertex -13.7518 -17.1694 0.606451
      vertex -13.6741 -17.1175 0.492661
    endloop
  endfacet
  facet normal -0.830718 -0.0408442 -0.555192
    outer loop
      vertex -14.0304 -16.6261 0.728846
      vertex -14.0366 -16.5 0.728846
      vertex -13.9548 -16.5 0.606451
    endloop
  endfacet
  facet normal 0.475031 -0.524351 -0.706684
    outer loop
      vertex 13.4551 -17.3591 0.492661
      vertex 13.389 -17.2787 0.388573
      vertex 13.5359 -17.2859 0.492661
    endloop
  endfacet
  facet normal -0.146746 -0.989174 -0.000220659
    outer loop
      vertex -12.897 -17.9928 9.695
      vertex -13.0426 -17.9712 9.695
      vertex -13.0423 -17.9694 1.4264
    endloop
  endfacet
  facet normal -0.799113 0.593239 -0.0973968
    outer loop
      vertex -13.897 17.4413 1.2799
      vertex -13.9957 17.3324 1.4264
      vertex -13.9081 17.4504 1.4264
    endloop
  endfacet
  facet normal -0.899818 0.425196 -0.0976529
    outer loop
      vertex -14.1208 17.0678 1.2799
      vertex -14.1341 17.0733 1.4264
      vertex -14.0713 17.2062 1.4264
    endloop
  endfacet
  facet normal 0.419556 0.886493 -0.195199
    outer loop
      vertex 13.4359 17.7832 1.13553
      vertex 13.3068 17.8443 1.13553
      vertex 13.4494 17.8086 1.2799
    endloop
  endfacet
  facet normal -0.241698 0.965437 -0.0975387
    outer loop
      vertex -13.0395 17.9553 1.2799
      vertex -13.1849 17.9337 1.4264
      vertex -13.0423 17.9694 1.4264
    endloop
  endfacet
  facet normal -0.427269 0.904125 -0.000222057
    outer loop
      vertex -13.3233 17.8841 1.4264
      vertex -13.4571 17.8229 9.695
      vertex -13.324 17.8858 9.695
    endloop
  endfacet
  facet normal 0.146746 -0.989174 0
    outer loop
      vertex 12.897 -17.9928 9.695
      vertex 13.0426 -17.9712 9.705
      vertex 12.897 -17.9928 9.705
    endloop
  endfacet
  facet normal 0.146746 -0.989174 0
    outer loop
      vertex 13.0426 -17.9712 9.705
      vertex 12.897 -17.9928 9.695
      vertex 13.0426 -17.9712 9.695
    endloop
  endfacet
  facet normal 0.941372 0.33737 -0.000213944
    outer loop
      vertex 14.1837 16.9349 1.4264
      vertex 14.1341 17.0733 1.4264
      vertex 14.1854 16.9354 9.695
    endloop
  endfacet
  facet normal -0.941372 0.33737 -0.000213944
    outer loop
      vertex -14.1837 16.9349 1.4264
      vertex -14.1854 16.9354 9.695
      vertex -14.1341 17.0733 1.4264
    endloop
  endfacet
  facet normal -0.965437 -0.241698 -0.0975387
    outer loop
      vertex -14.1837 -16.9349 1.4264
      vertex -14.2194 -16.7923 1.4264
      vertex -14.2053 -16.7895 1.2799
    endloop
  endfacet
  facet normal -1 0 -0.000217691
    outer loop
      vertex -14.2482 -16.5 1.4264
      vertex -14.25 16.5 9.695
      vertex -14.2482 16.5 1.4264
    endloop
  endfacet
  facet normal -1 -0 -0.000217691
    outer loop
      vertex -14.25 16.5 9.695
      vertex -14.2482 -16.5 1.4264
      vertex -14.25 -16.5 9.695
    endloop
  endfacet
  facet normal -0.425196 -0.899818 -0.0976529
    outer loop
      vertex -13.3233 -17.8841 1.4264
      vertex -13.4562 -17.8213 1.4264
      vertex -13.3178 -17.8708 1.2799
    endloop
  endfacet
  facet normal -0.260154 0.728171 -0.634104
    outer loop
      vertex -13.1753 17.5268 0.492661
      vertex -13.2111 17.6131 0.606451
      vertex -13.0997 17.6529 0.606451
    endloop
  endfacet
  facet normal -0.0408442 0.830718 -0.555192
    outer loop
      vertex -12.75 17.7048 0.606451
      vertex -12.8761 17.7804 0.728846
      vertex -12.75 17.7866 0.728846
    endloop
  endfacet
  facet normal -0.202564 0.806741 -0.555101
    outer loop
      vertex -12.985 17.6817 0.606451
      vertex -13.0997 17.6529 0.606451
      vertex -13.001 17.7619 0.728846
    endloop
  endfacet
  facet normal -0.188341 0.750095 -0.633944
    outer loop
      vertex -12.9668 17.5901 0.492661
      vertex -13.0997 17.6529 0.606451
      vertex -12.985 17.6817 0.606451
    endloop
  endfacet
  facet normal 0.0502755 -0.0842454 -0.995176
    outer loop
      vertex 12.8538 -16.6941 0.0162344
      vertex 12.7847 -16.5649 0.00180626
      vertex 12.7909 -16.5612 0.00180626
    endloop
  endfacet
  facet normal 0.0692737 -0.466818 -0.881636
    outer loop
      vertex 12.9004 -17.2563 0.213407
      vertex 12.8256 -17.2674 0.213407
      vertex 12.8751 -17.129 0.144015
    endloop
  endfacet
  facet normal -0.121874 0.822816 -0.555086
    outer loop
      vertex -12.985 17.6817 0.606451
      vertex -13.001 17.7619 0.728846
      vertex -12.8761 17.7804 0.728846
    endloop
  endfacet
  facet normal 0.103776 0.699836 -0.706725
    outer loop
      vertex 12.9668 17.5901 0.492661
      vertex 12.8487 17.5025 0.388573
      vertex 12.8589 17.6061 0.492661
    endloop
  endfacet
  facet normal -0.513896 -0.857853 -0.000221932
    outer loop
      vertex -13.4571 -17.8229 9.695
      vertex -13.5824 -17.7457 1.4264
      vertex -13.4562 -17.8213 1.4264
    endloop
  endfacet
  facet normal 0.995204 0 -0.0978221
    outer loop
      vertex 14.2482 -16.5 1.4264
      vertex 14.2338 16.5 1.2799
      vertex 14.2482 16.5 1.4264
    endloop
  endfacet
  facet normal 0.995204 0 -0.0978221
    outer loop
      vertex 14.2338 16.5 1.2799
      vertex 14.2482 -16.5 1.4264
      vertex 14.2338 -16.5 1.2799
    endloop
  endfacet
  facet normal 0.737703 0.667994 -0.097871
    outer loop
      vertex 13.9081 17.4504 1.4264
      vertex 13.7992 17.5492 1.2799
      vertex 13.8094 17.5594 1.4264
    endloop
  endfacet
  facet normal 0.923958 0 -0.382494
    outer loop
      vertex 14.1623 -16.5 0.994665
      vertex 14.106 16.5 0.858666
      vertex 14.1623 16.5 0.994665
    endloop
  endfacet
  facet normal 0.923958 0 -0.382494
    outer loop
      vertex 14.106 16.5 0.858666
      vertex 14.1623 -16.5 0.994665
      vertex 14.106 -16.5 0.858666
    endloop
  endfacet
  facet normal 0.616742 -0.558099 -0.555116
    outer loop
      vertex 13.7445 -17.3162 0.728846
      vertex 13.6598 -17.4098 0.728846
      vertex 13.6813 -17.2643 0.606451
    endloop
  endfacet
  facet normal 0.595861 0.803088 -0.000217751
    outer loop
      vertex 13.7016 17.6595 9.695
      vertex 13.5824 17.7457 1.4264
      vertex 13.5834 17.7472 9.695
    endloop
  endfacet
  facet normal -0.979543 -0.0480842 -0.195406
    outer loop
      vertex -14.198 -16.6426 1.13553
      vertex -14.2338 -16.5 1.2799
      vertex -14.205 -16.5 1.13553
    endloop
  endfacet
  facet normal -0.8727 0.129977 -0.470639
    outer loop
      vertex -14.0119 16.751 0.728846
      vertex -14.0995 16.6329 0.858666
      vertex -14.0799 16.7645 0.858666
    endloop
  endfacet
  facet normal -0.302431 0.639907 -0.706438
    outer loop
      vertex -13.1355 17.4307 0.388573
      vertex -13.2739 17.4802 0.492661
      vertex -13.1753 17.5268 0.492661
    endloop
  endfacet
  facet normal -0.356082 0.751573 -0.555287
    outer loop
      vertex -13.2111 17.6131 0.606451
      vertex -13.3179 17.5625 0.606451
      vertex -13.2424 17.6887 0.728846
    endloop
  endfacet
  facet normal -0.279804 0.78317 -0.555297
    outer loop
      vertex -13.2111 17.6131 0.606451
      vertex -13.2424 17.6887 0.728846
      vertex -13.0997 17.6529 0.606451
    endloop
  endfacet
  facet normal -0.201659 0.426558 -0.881693
    outer loop
      vertex -13.0523 17.0656 0.144015
      vertex -13.1135 17.1801 0.213407
      vertex -12.9954 17.0925 0.144015
    endloop
  endfacet
  facet normal -0.37737 0.797369 -0.470952
    outer loop
      vertex -13.3565 17.6347 0.728846
      vertex -13.3892 17.6959 0.858666
      vertex -13.2424 17.6887 0.728846
    endloop
  endfacet
  facet normal -0.227607 0.307939 -0.923779
    outer loop
      vertex -13.0706 16.8906 0.0876837
      vertex -13.1569 16.9958 0.144015
      vertex -13.1063 17.0332 0.144015
    endloop
  endfacet
  facet normal -0.573648 0.271271 -0.772878
    outer loop
      vertex -13.5755 16.8419 0.295188
      vertex -13.6807 16.8855 0.388573
      vertex -13.538 16.9212 0.295188
    endloop
  endfacet
  facet normal -0.378273 0.509931 -0.77258
    outer loop
      vertex -13.3169 17.1907 0.295188
      vertex -13.389 17.2787 0.388573
      vertex -13.3096 17.3376 0.388573
    endloop
  endfacet
  facet normal -0.713236 0.427415 -0.555528
    outer loop
      vertex -13.8125 17.0679 0.606451
      vertex -13.8847 17.1065 0.728846
      vertex -13.8198 17.2148 0.728846
    endloop
  endfacet
  facet normal 0.243175 -0.969982 -0.000219979
    outer loop
      vertex 13.0426 -17.9712 9.695
      vertex 13.0423 -17.9694 1.4264
      vertex 13.1854 -17.9354 9.695
    endloop
  endfacet
  facet normal 0.0469683 -0.955943 -0.289772
    outer loop
      vertex 12.8884 -17.9055 0.994665
      vertex 12.75 -17.955 1.13553
      vertex 12.75 -17.9123 0.994665
    endloop
  endfacet
  facet normal 0.98916 -0.146844 -0.000218883
    outer loop
      vertex 14.2428 -16.647 9.695
      vertex 14.2194 -16.7923 1.4264
      vertex 14.241 -16.6468 1.4264
    endloop
  endfacet
  facet normal -0.0489209 -0.998803 0
    outer loop
      vertex -12.897 -17.9928 9.695
      vertex -12.75 -18 9.705
      vertex -12.897 -17.9928 9.705
    endloop
  endfacet
  facet normal -0.0489209 -0.998803 -0
    outer loop
      vertex -12.75 -18 9.705
      vertex -12.897 -17.9928 9.695
      vertex -12.75 -18 9.695
    endloop
  endfacet
  facet normal 0.469969 -0.42652 -0.772794
    outer loop
      vertex 13.4623 -17.2123 0.388573
      vertex 13.3818 -17.1318 0.295188
      vertex 13.4407 -17.0669 0.295188
    endloop
  endfacet
  facet normal 0.989174 -0.146746 -0.000220659
    outer loop
      vertex 14.2212 -16.7926 9.695
      vertex 14.2194 -16.7923 1.4264
      vertex 14.2428 -16.647 9.695
    endloop
  endfacet
  facet normal 0.904139 -0.427238 -0.000221457
    outer loop
      vertex 14.0729 -17.2071 9.695
      vertex 14.0713 -17.2062 1.4264
      vertex 14.1341 -17.0733 1.4264
    endloop
  endfacet
  facet normal -0.0185507 -0.382607 -0.923725
    outer loop
      vertex -12.75 -17.1413 0.144015
      vertex -12.7995 -17.0029 0.0876837
      vertex -12.75 -17.0053 0.0876837
    endloop
  endfacet
  facet normal -0.0480842 -0.979543 -0.195406
    outer loop
      vertex -12.75 -17.9838 1.2799
      vertex -12.8926 -17.948 1.13553
      vertex -12.75 -17.955 1.13553
    endloop
  endfacet
  facet normal 0.243175 -0.969982 0
    outer loop
      vertex 13.0426 -17.9712 9.695
      vertex 13.1854 -17.9354 9.705
      vertex 13.0426 -17.9712 9.705
    endloop
  endfacet
  facet normal 0.243175 -0.969982 0
    outer loop
      vertex 13.1854 -17.9354 9.705
      vertex 13.0426 -17.9712 9.695
      vertex 13.1854 -17.9354 9.695
    endloop
  endfacet
  facet normal 0.335544 -0.936926 -0.0978762
    outer loop
      vertex 13.1849 -17.9337 1.4264
      vertex 13.1807 -17.9199 1.2799
      vertex 13.3178 -17.8708 1.2799
    endloop
  endfacet
  facet normal 0.511808 -0.853468 -0.0982066
    outer loop
      vertex 13.5824 -17.7457 1.4264
      vertex 13.4494 -17.8086 1.2799
      vertex 13.5743 -17.7337 1.2799
    endloop
  endfacet
  facet normal -0.21412 -0.855817 -0.470883
    outer loop
      vertex -13.0145 -17.8299 0.858666
      vertex -13.1436 -17.7976 0.858666
      vertex -13.1235 -17.7312 0.728846
    endloop
  endfacet
  facet normal -0.667994 -0.737703 -0.097871
    outer loop
      vertex -13.7004 -17.6581 1.4264
      vertex -13.8094 -17.5594 1.4264
      vertex -13.7992 -17.5492 1.2799
    endloop
  endfacet
  facet normal 0.737703 -0.667994 -0.097871
    outer loop
      vertex 13.8094 -17.5594 1.4264
      vertex 13.7992 -17.5492 1.2799
      vertex 13.9081 -17.4504 1.4264
    endloop
  endfacet
  facet normal -0.595861 0.803088 0
    outer loop
      vertex -13.5834 17.7472 9.695
      vertex -13.7016 17.6595 9.705
      vertex -13.5834 17.7472 9.705
    endloop
  endfacet
  facet normal -0.595861 0.803088 0
    outer loop
      vertex -13.7016 17.6595 9.705
      vertex -13.5834 17.7472 9.695
      vertex -13.7016 17.6595 9.695
    endloop
  endfacet
  facet normal 0.514096 0.857733 -0.000217775
    outer loop
      vertex 13.5824 17.7457 1.4264
      vertex 13.4571 17.8229 9.695
      vertex 13.5834 17.7472 9.695
    endloop
  endfacet
  facet normal 0.195244 -0.215179 -0.956858
    outer loop
      vertex 13.0706 -16.8906 0.0876837
      vertex 12.9812 -16.7817 0.0449524
      vertex 13.1073 -16.8573 0.0876837
    endloop
  endfacet
  facet normal -0.555648 0.0279294 -0.830948
    outer loop
      vertex -13.5212 16.5 0.213407
      vertex -13.6435 16.5 0.295188
      vertex -13.5174 16.5756 0.213407
    endloop
  endfacet
  facet normal 0.238369 -0.666432 -0.706433
    outer loop
      vertex 13.1753 -17.5268 0.492661
      vertex 13.0424 -17.464 0.388573
      vertex 13.1355 -17.4307 0.388573
    endloop
  endfacet
  facet normal 0.0343659 -0.706648 -0.70673
    outer loop
      vertex 12.8487 -17.5025 0.388573
      vertex 12.75 -17.6114 0.492661
      vertex 12.75 -17.5073 0.388573
    endloop
  endfacet
  facet normal -0.74123 -0.671251 0
    outer loop
      vertex -13.8107 -17.5607 9.695
      vertex -13.9095 -17.4516 9.705
      vertex -13.9095 -17.4516 9.695
    endloop
  endfacet
  facet normal -0.74123 -0.671251 0
    outer loop
      vertex -13.9095 -17.4516 9.705
      vertex -13.8107 -17.5607 9.695
      vertex -13.8107 -17.5607 9.705
    endloop
  endfacet
  facet normal -0.496067 -0.667755 -0.554996
    outer loop
      vertex -13.4648 -17.5698 0.728846
      vertex -13.5143 -17.4313 0.606451
      vertex -13.4194 -17.5018 0.606451
    endloop
  endfacet
  facet normal -0.397695 -0.663534 -0.633689
    outer loop
      vertex -13.3179 -17.5625 0.606451
      vertex -13.3675 -17.4241 0.492661
      vertex -13.2739 -17.4802 0.492661
    endloop
  endfacet
  facet normal -0.596073 0.80293 -0.000222455
    outer loop
      vertex -13.7004 17.6581 1.4264
      vertex -13.7016 17.6595 9.695
      vertex -13.5824 17.7457 1.4264
    endloop
  endfacet
  facet normal -0.620688 0.461101 -0.634139
    outer loop
      vertex -13.6741 17.1175 0.492661
      vertex -13.7518 17.1694 0.606451
      vertex -13.6813 17.2643 0.606451
    endloop
  endfacet
  facet normal -0.492587 0.820748 -0.289363
    outer loop
      vertex -13.4158 17.7456 0.994665
      vertex -13.5346 17.6743 0.994665
      vertex -13.4359 17.7832 1.13553
    endloop
  endfacet
  facet normal -0.830718 0.0408442 -0.555192
    outer loop
      vertex -13.9548 16.5 0.606451
      vertex -14.0366 16.5 0.728846
      vertex -14.0304 16.6261 0.728846
    endloop
  endfacet
  facet normal -0.74123 0.671251 -0.000222072
    outer loop
      vertex -13.8094 17.5594 1.4264
      vertex -13.9095 17.4516 9.695
      vertex -13.8107 17.5607 9.695
    endloop
  endfacet
  facet normal -0.671216 0.741262 -0.000222919
    outer loop
      vertex -13.7004 17.6581 1.4264
      vertex -13.8094 17.5594 1.4264
      vertex -13.7016 17.6595 9.695
    endloop
  endfacet
  facet normal 0.0489209 -0.998803 0
    outer loop
      vertex 12.75 -18 9.695
      vertex 12.897 -17.9928 9.705
      vertex 12.75 -18 9.705
    endloop
  endfacet
  facet normal 0.0489209 -0.998803 0
    outer loop
      vertex 12.897 -17.9928 9.705
      vertex 12.75 -18 9.695
      vertex 12.897 -17.9928 9.695
    endloop
  endfacet
  facet normal -0.642766 0.70912 -0.28983
    outer loop
      vertex -13.7487 17.4987 0.994665
      vertex -13.7789 17.5289 1.13553
      vertex -13.6731 17.6248 1.13553
    endloop
  endfacet
  facet normal -0.583992 0.788046 -0.194776
    outer loop
      vertex -13.5584 17.7098 1.13553
      vertex -13.6731 17.6248 1.13553
      vertex -13.5743 17.7337 1.2799
    endloop
  endfacet
  facet normal -0.514096 0.857733 -0.000217775
    outer loop
      vertex -13.5824 17.7457 1.4264
      vertex -13.5834 17.7472 9.695
      vertex -13.4571 17.8229 9.695
    endloop
  endfacet
  facet normal -0.993998 -0.0492213 -0.0977035
    outer loop
      vertex -14.2266 -16.6454 1.2799
      vertex -14.2482 -16.5 1.4264
      vertex -14.2338 -16.5 1.2799
    endloop
  endfacet
  facet normal -0.830742 0.0407985 -0.55516
    outer loop
      vertex -13.9548 16.5 0.606451
      vertex -14.0304 16.6261 0.728846
      vertex -13.949 16.6181 0.606451
    endloop
  endfacet
  facet normal -0.965324 0.242015 -0.0978698
    outer loop
      vertex -14.1699 16.9307 1.2799
      vertex -14.2053 16.7895 1.2799
      vertex -14.1837 16.9349 1.4264
    endloop
  endfacet
  facet normal -0.951382 0.238361 -0.195081
    outer loop
      vertex -14.1771 16.7839 1.13553
      vertex -14.2053 16.7895 1.2799
      vertex -14.1424 16.9224 1.13553
    endloop
  endfacet
  facet normal 0.514096 0.857733 -0
    outer loop
      vertex 13.5834 17.7472 9.695
      vertex 13.4571 17.8229 9.705
      vertex 13.5834 17.7472 9.705
    endloop
  endfacet
  facet normal 0.514096 0.857733 0
    outer loop
      vertex 13.4571 17.8229 9.705
      vertex 13.5834 17.7472 9.695
      vertex 13.4571 17.8229 9.695
    endloop
  endfacet
  facet normal -0.737411 0.668386 -0.0973896
    outer loop
      vertex -13.897 17.4413 1.2799
      vertex -13.9081 17.4504 1.4264
      vertex -13.7992 17.5492 1.2799
    endloop
  endfacet
  facet normal 0.803088 -0.595861 0
    outer loop
      vertex 13.9095 -17.4516 9.705
      vertex 13.9972 -17.3334 9.695
      vertex 13.9972 -17.3334 9.705
    endloop
  endfacet
  facet normal 0.803088 -0.595861 0
    outer loop
      vertex 13.9972 -17.3334 9.695
      vertex 13.9095 -17.4516 9.705
      vertex 13.9095 -17.4516 9.695
    endloop
  endfacet
  facet normal -0.989174 -0.146746 -0.000220659
    outer loop
      vertex -14.2212 -16.7926 9.695
      vertex -14.2428 -16.647 9.695
      vertex -14.2194 -16.7923 1.4264
    endloop
  endfacet
  facet normal -0.998803 0.0489209 0
    outer loop
      vertex -14.25 16.5 9.695
      vertex -14.2428 16.647 9.705
      vertex -14.2428 16.647 9.695
    endloop
  endfacet
  facet normal -0.998803 0.0489209 0
    outer loop
      vertex -14.2428 16.647 9.705
      vertex -14.25 16.5 9.695
      vertex -14.25 16.5 9.705
    endloop
  endfacet
  facet normal -0.0927249 0.628066 -0.772616
    outer loop
      vertex -12.9243 17.3764 0.295188
      vertex -12.9465 17.488 0.388573
      vertex -12.8376 17.3892 0.295188
    endloop
  endfacet
  facet normal -0.0692737 0.466818 -0.881636
    outer loop
      vertex -12.8751 17.129 0.144015
      vertex -12.9004 17.2563 0.213407
      vertex -12.8256 17.2674 0.213407
    endloop
  endfacet
  facet normal -0.214492 0.855872 -0.470613
    outer loop
      vertex -13.001 17.7619 0.728846
      vertex -13.1235 17.7312 0.728846
      vertex -13.0145 17.8299 0.858666
    endloop
  endfacet
  facet normal -0.171915 0.686363 -0.706648
    outer loop
      vertex -13.0424 17.464 0.388573
      vertex -13.0726 17.5636 0.492661
      vertex -12.9668 17.5901 0.492661
    endloop
  endfacet
  facet normal -0.0433197 0.881066 -0.471006
    outer loop
      vertex -12.75 17.7866 0.728846
      vertex -12.8761 17.7804 0.728846
      vertex -12.75 17.856 0.858666
    endloop
  endfacet
  facet normal 0.273406 -0.0981664 -0.956877
    outer loop
      vertex 13.2169 -16.6934 0.0876837
      vertex 13.0867 -16.6395 0.0449524
      vertex 13.0988 -16.6058 0.0449524
    endloop
  endfacet
  facet normal -0.183764 -0.0660827 -0.980747
    outer loop
      vertex -12.9533 -16.5842 0.0162344
      vertex -13.0988 -16.6058 0.0449524
      vertex -12.9606 -16.5639 0.0162344
    endloop
  endfacet
  facet normal -0.00983438 0.195049 -0.980744
    outer loop
      vertex -12.75 16.7201 0.0162344
      vertex -12.7857 16.8627 0.0449524
      vertex -12.75 16.8645 0.0449524
    endloop
  endfacet
  facet normal 0.0829611 -0.176743 -0.980754
    outer loop
      vertex 12.8895 -16.8367 0.0449524
      vertex 12.8342 -16.7033 0.0162344
      vertex 12.8538 -16.6941 0.0162344
    endloop
  endfacet
  facet normal 0.984474 0.145519 -0.098158
    outer loop
      vertex 14.2266 16.6454 1.2799
      vertex 14.2053 16.7895 1.2799
      vertex 14.241 16.6468 1.4264
    endloop
  endfacet
  facet normal 0.195058 0 -0.980792
    outer loop
      vertex 12.9701 -16.5 0.0162344
      vertex 13.1145 16.5 0.0449524
      vertex 13.1145 -16.5 0.0449524
    endloop
  endfacet
  facet normal 0.195058 0 -0.980792
    outer loop
      vertex 13.1145 16.5 0.0449524
      vertex 12.9701 -16.5 0.0162344
      vertex 12.9701 16.5 0.0162344
    endloop
  endfacet
  facet normal 0.331234 0.446501 -0.831216
    outer loop
      vertex 13.3169 17.1907 0.295188
      vertex 13.1784 17.1412 0.213407
      vertex 13.2464 17.243 0.295188
    endloop
  endfacet
  facet normal 0.1311 0.144757 -0.980744
    outer loop
      vertex 13.0077 16.7577 0.0449524
      vertex 12.9056 16.6556 0.0162344
      vertex 12.9812 16.7817 0.0449524
    endloop
  endfacet
  facet normal -0.33737 0.941372 -0.000213944
    outer loop
      vertex -13.1849 17.9337 1.4264
      vertex -13.3233 17.8841 1.4264
      vertex -13.1854 17.9354 9.695
    endloop
  endfacet
  facet normal -0.242856 0.970062 -0.000214127
    outer loop
      vertex -13.1849 17.9337 1.4264
      vertex -13.1854 17.9354 9.695
      vertex -13.0423 17.9694 1.4264
    endloop
  endfacet
  facet normal 0.993998 0.0492213 -0.0977035
    outer loop
      vertex 14.2338 16.5 1.2799
      vertex 14.2266 16.6454 1.2799
      vertex 14.2482 16.5 1.4264
    endloop
  endfacet
  facet normal 0.193251 0.0283871 -0.980739
    outer loop
      vertex 13.1127 16.5357 0.0449524
      vertex 12.9659 16.5429 0.0162344
      vertex 13.1075 16.5711 0.0449524
    endloop
  endfacet
  facet normal 0.331221 0.446524 -0.831209
    outer loop
      vertex 13.2392 17.0961 0.213407
      vertex 13.1784 17.1412 0.213407
      vertex 13.3169 17.1907 0.295188
    endloop
  endfacet
  facet normal 0.830702 -0.297011 -0.470871
    outer loop
      vertex 14.0028 -17.0189 0.858666
      vertex 13.9812 -16.8735 0.728846
      vertex 14.0476 -16.8936 0.858666
    endloop
  endfacet
  facet normal 0.466818 -0.0692737 -0.881636
    outer loop
      vertex 13.5063 -16.6504 0.213407
      vertex 13.379 -16.6251 0.144015
      vertex 13.5174 -16.5756 0.213407
    endloop
  endfacet
  facet normal 0.803088 0.595861 0
    outer loop
      vertex 13.9972 17.3334 9.705
      vertex 13.9095 17.4516 9.695
      vertex 13.9095 17.4516 9.705
    endloop
  endfacet
  facet normal 0.803088 0.595861 0
    outer loop
      vertex 13.9095 17.4516 9.695
      vertex 13.9972 17.3334 9.705
      vertex 13.9972 17.3334 9.695
    endloop
  endfacet
  facet normal -0.880983 -0.0430879 -0.471182
    outer loop
      vertex -14.0995 -16.6329 0.858666
      vertex -14.106 -16.5 0.858666
      vertex -14.0304 -16.6261 0.728846
    endloop
  endfacet
  facet normal -0.872514 -0.129235 -0.471187
    outer loop
      vertex -14.0119 -16.751 0.728846
      vertex -14.0995 -16.6329 0.858666
      vertex -14.0304 -16.6261 0.728846
    endloop
  endfacet
  facet normal -0.822816 0.121874 -0.555086
    outer loop
      vertex -13.9317 16.735 0.606451
      vertex -14.0304 16.6261 0.728846
      vertex -14.0119 16.751 0.728846
    endloop
  endfacet
  facet normal -0.765112 0.113455 -0.633823
    outer loop
      vertex -13.8561 16.6089 0.492661
      vertex -13.949 16.6181 0.606451
      vertex -13.8401 16.7168 0.492661
    endloop
  endfacet
  facet normal -0.881894 0 -0.471448
    outer loop
      vertex -14.0366 -16.5 0.728846
      vertex -14.106 16.5 0.858666
      vertex -14.0366 16.5 0.728846
    endloop
  endfacet
  facet normal -0.881894 -0 -0.471448
    outer loop
      vertex -14.106 16.5 0.858666
      vertex -14.0366 -16.5 0.728846
      vertex -14.106 -16.5 0.858666
    endloop
  endfacet
  facet normal -0.831412 0 -0.555656
    outer loop
      vertex -13.9548 -16.5 0.606451
      vertex -14.0366 16.5 0.728846
      vertex -13.9548 16.5 0.606451
    endloop
  endfacet
  facet normal -0.831412 -0 -0.555656
    outer loop
      vertex -14.0366 16.5 0.728846
      vertex -13.9548 -16.5 0.606451
      vertex -14.0366 -16.5 0.728846
    endloop
  endfacet
  facet normal -0.870075 -0.31136 -0.38213
    outer loop
      vertex -14.0548 -17.0405 0.994665
      vertex -14.1015 -16.91 0.994665
      vertex -14.0028 -17.0189 0.858666
    endloop
  endfacet
  facet normal -0.865209 0.409483 -0.289373
    outer loop
      vertex -13.9956 17.1658 0.994665
      vertex -14.0943 17.0568 1.13553
      vertex -14.0332 17.1859 1.13553
    endloop
  endfacet
  facet normal -0.331068 0.698775 -0.63412
    outer loop
      vertex -13.1753 17.5268 0.492661
      vertex -13.3179 17.5625 0.606451
      vertex -13.2111 17.6131 0.606451
    endloop
  endfacet
  facet normal -0.446501 0.331234 -0.831216
    outer loop
      vertex -13.3912 16.9284 0.213407
      vertex -13.493 16.9964 0.295188
      vertex -13.4407 17.0669 0.295188
    endloop
  endfacet
  facet normal -0.201918 0.426272 -0.881772
    outer loop
      vertex -12.9954 17.0925 0.144015
      vertex -13.1135 17.1801 0.213407
      vertex -13.0451 17.2125 0.213407
    endloop
  endfacet
  facet normal -0.238074 0.502601 -0.831092
    outer loop
      vertex -13.1135 17.1801 0.213407
      vertex -13.1712 17.288 0.295188
      vertex -13.0451 17.2125 0.213407
    endloop
  endfacet
  facet normal -0.382607 0.0185507 -0.923725
    outer loop
      vertex -13.2553 16.5 0.0876837
      vertex -13.3913 16.5 0.144015
      vertex -13.2529 16.5495 0.0876837
    endloop
  endfacet
  facet normal -0.290381 0.0140791 -0.956808
    outer loop
      vertex -13.1145 16.5 0.0449524
      vertex -13.2553 16.5 0.0876837
      vertex -13.2529 16.5495 0.0876837
    endloop
  endfacet
  facet normal -0.134959 0.539203 -0.831292
    outer loop
      vertex -12.9004 17.2563 0.213407
      vertex -13.0094 17.3551 0.295188
      vertex -12.9243 17.3764 0.295188
    endloop
  endfacet
  facet normal 0.201918 0.426272 -0.881772
    outer loop
      vertex 13.1135 17.1801 0.213407
      vertex 12.9954 17.0925 0.144015
      vertex 13.0451 17.2125 0.213407
    endloop
  endfacet
  facet normal -0.841125 0.504406 -0.195152
    outer loop
      vertex -14.0332 17.1859 1.13553
      vertex -14.0586 17.1994 1.2799
      vertex -13.9837 17.3243 1.2799
    endloop
  endfacet
  facet normal -0.32603 0.544833 -0.772568
    outer loop
      vertex -13.2464 17.243 0.295188
      vertex -13.3096 17.3376 0.388573
      vertex -13.1712 17.288 0.295188
    endloop
  endfacet
  facet normal 0.39476 -0.835531 -0.382168
    outer loop
      vertex 13.2905 -17.8048 0.994665
      vertex 13.2689 -17.7528 0.858666
      vertex 13.4158 -17.7456 0.994665
    endloop
  endfacet
  facet normal 0.425196 -0.899818 -0.0976529
    outer loop
      vertex 13.3233 -17.8841 1.4264
      vertex 13.3178 -17.8708 1.2799
      vertex 13.4562 -17.8213 1.4264
    endloop
  endfacet
  facet normal 0.969982 -0.243175 -0.000219979
    outer loop
      vertex 14.2212 -16.7926 9.695
      vertex 14.1854 -16.9354 9.695
      vertex 14.2194 -16.7923 1.4264
    endloop
  endfacet
  facet normal -0.243175 -0.969982 0
    outer loop
      vertex -13.1854 -17.9354 9.695
      vertex -13.0426 -17.9712 9.705
      vertex -13.1854 -17.9354 9.705
    endloop
  endfacet
  facet normal -0.243175 -0.969982 -0
    outer loop
      vertex -13.0426 -17.9712 9.705
      vertex -13.1854 -17.9354 9.695
      vertex -13.0426 -17.9712 9.695
    endloop
  endfacet
  facet normal 0.901074 -0.322453 -0.289983
    outer loop
      vertex 14.0943 -17.0568 1.13553
      vertex 14.0548 -17.0405 0.994665
      vertex 14.1015 -16.91 0.994665
    endloop
  endfacet
  facet normal -0.989174 -0.146746 0
    outer loop
      vertex -14.2212 -16.7926 9.695
      vertex -14.2428 -16.647 9.705
      vertex -14.2428 -16.647 9.695
    endloop
  endfacet
  facet normal -0.989174 -0.146746 0
    outer loop
      vertex -14.2428 -16.647 9.705
      vertex -14.2212 -16.7926 9.695
      vertex -14.2212 -16.7926 9.705
    endloop
  endfacet
  facet normal 0.363792 -0.606969 -0.706572
    outer loop
      vertex 13.2739 -17.4802 0.492661
      vertex 13.2249 -17.3884 0.388573
      vertex 13.3675 -17.4241 0.492661
    endloop
  endfacet
  facet normal 0.841367 -0.504134 -0.194808
    outer loop
      vertex 13.9837 -17.3243 1.2799
      vertex 13.9598 -17.3084 1.13553
      vertex 14.0332 -17.1859 1.13553
    endloop
  endfacet
  facet normal 0.408835 -0.865321 -0.289953
    outer loop
      vertex 13.3068 -17.8443 1.13553
      vertex 13.2905 -17.8048 0.994665
      vertex 13.4158 -17.7456 0.994665
    endloop
  endfacet
  facet normal 0.768896 -0.569801 -0.290044
    outer loop
      vertex 13.9598 -17.3084 1.13553
      vertex 13.8748 -17.4231 1.13553
      vertex 13.9243 -17.2846 0.994665
    endloop
  endfacet
  facet normal 0.0492213 -0.993998 -0.0977035
    outer loop
      vertex 12.8954 -17.9766 1.2799
      vertex 12.75 -17.9982 1.4264
      vertex 12.75 -17.9838 1.2799
    endloop
  endfacet
  facet normal 0.171915 -0.686363 -0.706648
    outer loop
      vertex 13.0726 -17.5636 0.492661
      vertex 12.9668 -17.5901 0.492661
      vertex 13.0424 -17.464 0.388573
    endloop
  endfacet
  facet normal -0.140184 -0.946758 -0.289824
    outer loop
      vertex -12.8926 -17.948 1.13553
      vertex -13.0255 -17.8852 0.994665
      vertex -12.8884 -17.9055 0.994665
    endloop
  endfacet
  facet normal 0.238361 -0.951382 -0.195081
    outer loop
      vertex 13.0395 -17.9553 1.2799
      vertex 13.0339 -17.9271 1.13553
      vertex 13.1724 -17.8924 1.13553
    endloop
  endfacet
  facet normal 0.684776 -0.620099 -0.38283
    outer loop
      vertex 13.7487 -17.4987 0.994665
      vertex 13.7088 -17.4588 0.858666
      vertex 13.8417 -17.396 0.994665
    endloop
  endfacet
  facet normal -0.0453501 -0.923007 -0.382101
    outer loop
      vertex -12.75 -17.9123 0.994665
      vertex -12.8884 -17.9055 0.994665
      vertex -12.75 -17.856 0.858666
    endloop
  endfacet
  facet normal 0.0433197 -0.881066 -0.471006
    outer loop
      vertex 12.8761 -17.7804 0.728846
      vertex 12.75 -17.856 0.858666
      vertex 12.75 -17.7866 0.728846
    endloop
  endfacet
  facet normal 0.453458 -0.756695 -0.470943
    outer loop
      vertex 13.3892 -17.6959 0.858666
      vertex 13.3565 -17.6347 0.728846
      vertex 13.4648 -17.5698 0.728846
    endloop
  endfacet
  facet normal 0.419556 -0.886493 -0.195199
    outer loop
      vertex 13.4494 -17.8086 1.2799
      vertex 13.3068 -17.8443 1.13553
      vertex 13.4359 -17.7832 1.13553
    endloop
  endfacet
  facet normal -0.514096 -0.857733 0
    outer loop
      vertex -13.5834 -17.7472 9.695
      vertex -13.4571 -17.8229 9.705
      vertex -13.5834 -17.7472 9.705
    endloop
  endfacet
  facet normal -0.514096 -0.857733 -0
    outer loop
      vertex -13.4571 -17.8229 9.705
      vertex -13.5834 -17.7472 9.695
      vertex -13.4571 -17.8229 9.695
    endloop
  endfacet
  facet normal 0.0489209 -0.998803 -0.00021743
    outer loop
      vertex 12.897 -17.9928 9.695
      vertex 12.75 -18 9.695
      vertex 12.75 -17.9982 1.4264
    endloop
  endfacet
  facet normal -0.989174 0.146746 -0.000220659
    outer loop
      vertex -14.2194 16.7923 1.4264
      vertex -14.2428 16.647 9.695
      vertex -14.2212 16.7926 9.695
    endloop
  endfacet
  facet normal -0.74123 0.671251 0
    outer loop
      vertex -13.9095 17.4516 9.695
      vertex -13.8107 17.5607 9.705
      vertex -13.8107 17.5607 9.695
    endloop
  endfacet
  facet normal -0.74123 0.671251 0
    outer loop
      vertex -13.8107 17.5607 9.705
      vertex -13.9095 17.4516 9.695
      vertex -13.9095 17.4516 9.705
    endloop
  endfacet
  facet normal 0.146746 0.989174 -0.000220659
    outer loop
      vertex 13.0423 17.9694 1.4264
      vertex 12.897 17.9928 9.695
      vertex 13.0426 17.9712 9.695
    endloop
  endfacet
  facet normal -0.998803 -0.0489209 -0.00021743
    outer loop
      vertex -14.2428 -16.647 9.695
      vertex -14.25 -16.5 9.695
      vertex -14.2482 -16.5 1.4264
    endloop
  endfacet
  facet normal 0 -1 0
    outer loop
      vertex -12.75 -18 9.695
      vertex 12.75 -18 9.705
      vertex -12.75 -18 9.705
    endloop
  endfacet
  facet normal 0 -1 -0
    outer loop
      vertex 12.75 -18 9.705
      vertex -12.75 -18 9.695
      vertex 12.75 -18 9.695
    endloop
  endfacet
  facet normal -0.290381 -0.0140791 -0.956808
    outer loop
      vertex -13.2529 -16.5495 0.0876837
      vertex -13.2553 -16.5 0.0876837
      vertex -13.1145 -16.5 0.0449524
    endloop
  endfacet
  facet normal 0 -0.29041 -0.956902
    outer loop
      vertex -12.75 -17.0053 0.0876837
      vertex 12.75 -16.8645 0.0449524
      vertex 12.75 -17.0053 0.0876837
    endloop
  endfacet
  facet normal -0 -0.29041 -0.956902
    outer loop
      vertex 12.75 -16.8645 0.0449524
      vertex -12.75 -17.0053 0.0876837
      vertex -12.75 -16.8645 0.0449524
    endloop
  endfacet
  facet normal 0.477063 -0.285476 -0.831213
    outer loop
      vertex 13.493 -16.9964 0.295188
      vertex 13.3912 -16.9284 0.213407
      vertex 13.538 -16.9212 0.295188
    endloop
  endfacet
  facet normal -0.0815911 -0.549821 -0.831288
    outer loop
      vertex -12.8256 -17.2674 0.213407
      vertex -12.9243 -17.3764 0.295188
      vertex -12.9004 -17.2563 0.213407
    endloop
  endfacet
  facet normal 0.154124 -0.615855 -0.772637
    outer loop
      vertex 13.0424 -17.464 0.388573
      vertex 12.9465 -17.488 0.388573
      vertex 13.0094 -17.3551 0.295188
    endloop
  endfacet
  facet normal 0.427415 -0.713236 -0.555528
    outer loop
      vertex 13.3565 -17.6347 0.728846
      vertex 13.3179 -17.5625 0.606451
      vertex 13.4648 -17.5698 0.728846
    endloop
  endfacet
  facet normal -0.593239 -0.799113 -0.0973968
    outer loop
      vertex -13.5824 -17.7457 1.4264
      vertex -13.7004 -17.6581 1.4264
      vertex -13.6913 -17.647 1.2799
    endloop
  endfacet
  facet normal -0.514096 -0.857733 -0.000217775
    outer loop
      vertex -13.4571 -17.8229 9.695
      vertex -13.5834 -17.7472 9.695
      vertex -13.5824 -17.7457 1.4264
    endloop
  endfacet
  facet normal -0.427238 -0.904139 -0.000221457
    outer loop
      vertex -13.3233 -17.8841 1.4264
      vertex -13.4571 -17.8229 9.695
      vertex -13.4562 -17.8213 1.4264
    endloop
  endfacet
  facet normal -0.511435 -0.853744 -0.0977496
    outer loop
      vertex -13.4562 -17.8213 1.4264
      vertex -13.5824 -17.7457 1.4264
      vertex -13.4494 -17.8086 1.2799
    endloop
  endfacet
  facet normal -0.658725 -0.726726 -0.19481
    outer loop
      vertex -13.6731 -17.6248 1.13553
      vertex -13.7992 -17.5492 1.2799
      vertex -13.7789 -17.5289 1.13553
    endloop
  endfacet
  facet normal -0.29041 0 -0.956902
    outer loop
      vertex -13.2553 -16.5 0.0876837
      vertex -13.1145 16.5 0.0449524
      vertex -13.1145 -16.5 0.0449524
    endloop
  endfacet
  facet normal -0.29041 0 -0.956902
    outer loop
      vertex -13.1145 16.5 0.0449524
      vertex -13.2553 -16.5 0.0876837
      vertex -13.2553 16.5 0.0876837
    endloop
  endfacet
  facet normal -0.504406 -0.841125 -0.195152
    outer loop
      vertex -13.4494 -17.8086 1.2799
      vertex -13.5743 -17.7337 1.2799
      vertex -13.4359 -17.7832 1.13553
    endloop
  endfacet
  facet normal -0.653717 -0.592721 -0.470463
    outer loop
      vertex -13.7088 -17.4588 0.858666
      vertex -13.7982 -17.3602 0.858666
      vertex -13.6598 -17.4098 0.728846
    endloop
  endfacet
  facet normal -0.61586 -0.154146 -0.772629
    outer loop
      vertex -13.6051 -16.7594 0.295188
      vertex -13.738 -16.6965 0.388573
      vertex -13.6264 -16.6743 0.295188
    endloop
  endfacet
  facet normal -0.568219 -0.421624 -0.706654
    outer loop
      vertex -13.6091 -17.2051 0.492661
      vertex -13.6741 -17.1175 0.492661
      vertex -13.5287 -17.139 0.388573
    endloop
  endfacet
  facet normal -0.741262 0.671216 -0.000222919
    outer loop
      vertex -13.9081 17.4504 1.4264
      vertex -13.9095 17.4516 9.695
      vertex -13.8094 17.5594 1.4264
    endloop
  endfacet
  facet normal -0.80293 0.596073 -0.000222455
    outer loop
      vertex -13.9081 17.4504 1.4264
      vertex -13.9957 17.3324 1.4264
      vertex -13.9095 17.4516 9.695
    endloop
  endfacet
  facet normal -0.923464 0.330496 -0.194904
    outer loop
      vertex -14.1424 16.9224 1.13553
      vertex -14.1699 16.9307 1.2799
      vertex -14.0943 17.0568 1.13553
    endloop
  endfacet
  facet normal -0.936872 0.335758 -0.0976592
    outer loop
      vertex -14.1208 17.0678 1.2799
      vertex -14.1837 16.9349 1.4264
      vertex -14.1341 17.0733 1.4264
    endloop
  endfacet
  facet normal -0.592495 0.79956 -0.0982521
    outer loop
      vertex -13.5743 17.7337 1.2799
      vertex -13.6913 17.647 1.2799
      vertex -13.5824 17.7457 1.4264
    endloop
  endfacet
  facet normal -0.593239 0.799113 -0.0973968
    outer loop
      vertex -13.6913 17.647 1.2799
      vertex -13.7004 17.6581 1.4264
      vertex -13.5824 17.7457 1.4264
    endloop
  endfacet
  facet normal -0.470575 0.426278 -0.772558
    outer loop
      vertex -13.4407 17.0669 0.295188
      vertex -13.5287 17.139 0.388573
      vertex -13.4623 17.2123 0.388573
    endloop
  endfacet
  facet normal -0.768896 0.569801 -0.290044
    outer loop
      vertex -13.9243 17.2846 0.994665
      vertex -13.9598 17.3084 1.13553
      vertex -13.8748 17.4231 1.13553
    endloop
  endfacet
  facet normal -0.904125 -0.427269 0
    outer loop
      vertex -14.0729 -17.2071 9.695
      vertex -14.1358 -17.074 9.705
      vertex -14.1358 -17.074 9.695
    endloop
  endfacet
  facet normal -0.904125 -0.427269 0
    outer loop
      vertex -14.1358 -17.074 9.705
      vertex -14.0729 -17.2071 9.695
      vertex -14.0729 -17.2071 9.705
    endloop
  endfacet
  facet normal 0.427238 -0.904139 -0.000221457
    outer loop
      vertex 13.4571 -17.8229 9.695
      vertex 13.3233 -17.8841 1.4264
      vertex 13.4562 -17.8213 1.4264
    endloop
  endfacet
  facet normal -0.514096 0.857733 0
    outer loop
      vertex -13.4571 17.8229 9.695
      vertex -13.5834 17.7472 9.705
      vertex -13.4571 17.8229 9.705
    endloop
  endfacet
  facet normal -0.514096 0.857733 0
    outer loop
      vertex -13.5834 17.7472 9.705
      vertex -13.4571 17.8229 9.695
      vertex -13.5834 17.7472 9.695
    endloop
  endfacet
  facet normal -0.143509 0.970231 -0.195083
    outer loop
      vertex -13.0339 17.9271 1.13553
      vertex -13.0395 17.9553 1.2799
      vertex -12.8926 17.948 1.13553
    endloop
  endfacet
  facet normal -0.419556 0.886493 -0.195199
    outer loop
      vertex -13.4359 17.7832 1.13553
      vertex -13.4494 17.8086 1.2799
      vertex -13.3068 17.8443 1.13553
    endloop
  endfacet
  facet normal -0.941527 -0.336939 -0.0002221
    outer loop
      vertex -14.1358 -17.074 9.695
      vertex -14.1854 -16.9354 9.695
      vertex -14.1341 -17.0733 1.4264
    endloop
  endfacet
  facet normal -0.427269 0.904125 0
    outer loop
      vertex -13.324 17.8858 9.695
      vertex -13.4571 17.8229 9.705
      vertex -13.324 17.8858 9.705
    endloop
  endfacet
  facet normal -0.427269 0.904125 0
    outer loop
      vertex -13.4571 17.8229 9.705
      vertex -13.324 17.8858 9.695
      vertex -13.4571 17.8229 9.695
    endloop
  endfacet
  facet normal -0.336939 0.941527 -0.0002221
    outer loop
      vertex -13.3233 17.8841 1.4264
      vertex -13.324 17.8858 9.695
      vertex -13.1854 17.9354 9.695
    endloop
  endfacet
  facet normal -0.969982 0.243175 -0.000219979
    outer loop
      vertex -14.2194 16.7923 1.4264
      vertex -14.2212 16.7926 9.695
      vertex -14.1854 16.9354 9.695
    endloop
  endfacet
  facet normal -0.969982 0.243175 0
    outer loop
      vertex -14.2212 16.7926 9.695
      vertex -14.1854 16.9354 9.705
      vertex -14.1854 16.9354 9.695
    endloop
  endfacet
  facet normal -0.969982 0.243175 0
    outer loop
      vertex -14.1854 16.9354 9.705
      vertex -14.2212 16.7926 9.695
      vertex -14.2212 16.7926 9.705
    endloop
  endfacet
  facet normal -0.788056 0.58397 -0.194799
    outer loop
      vertex -13.8748 17.4231 1.13553
      vertex -13.9837 17.3243 1.2799
      vertex -13.897 17.4413 1.2799
    endloop
  endfacet
  facet normal -0.936926 0.335544 -0.0978762
    outer loop
      vertex -14.1699 16.9307 1.2799
      vertex -14.1837 16.9349 1.4264
      vertex -14.1208 17.0678 1.2799
    endloop
  endfacet
  facet normal -0.993998 0.0492213 -0.0977035
    outer loop
      vertex -14.2338 16.5 1.2799
      vertex -14.2482 16.5 1.4264
      vertex -14.2266 16.6454 1.2799
    endloop
  endfacet
  facet normal -0.914227 0.135367 -0.381923
    outer loop
      vertex -14.0995 16.6329 0.858666
      vertex -14.1555 16.6384 0.994665
      vertex -14.1352 16.7755 0.994665
    endloop
  endfacet
  facet normal 0.857733 -0.514096 -0.000217775
    outer loop
      vertex 13.9972 -17.3334 9.695
      vertex 13.9957 -17.3324 1.4264
      vertex 14.0729 -17.2071 9.695
    endloop
  endfacet
  facet normal -0.969982 -0.243175 -0.000219979
    outer loop
      vertex -14.1854 -16.9354 9.695
      vertex -14.2212 -16.7926 9.695
      vertex -14.2194 -16.7923 1.4264
    endloop
  endfacet
  facet normal -0.951373 -0.238517 -0.194933
    outer loop
      vertex -14.1699 -16.9307 1.2799
      vertex -14.2053 -16.7895 1.2799
      vertex -14.1424 -16.9224 1.13553
    endloop
  endfacet
  facet normal -0.998799 -0.0489874 -0.000218615
    outer loop
      vertex -14.2428 -16.647 9.695
      vertex -14.2482 -16.5 1.4264
      vertex -14.241 -16.6468 1.4264
    endloop
  endfacet
  facet normal -0.171761 0.686329 -0.706718
    outer loop
      vertex -12.9465 17.488 0.388573
      vertex -13.0424 17.464 0.388573
      vertex -12.9668 17.5901 0.492661
    endloop
  endfacet
  facet normal -0.187863 0.523604 -0.830991
    outer loop
      vertex -13.0451 17.2125 0.213407
      vertex -13.0919 17.3255 0.295188
      vertex -13.0094 17.3551 0.295188
    endloop
  endfacet
  facet normal -0.159104 0.444289 -0.881642
    outer loop
      vertex -12.9362 17.1137 0.144015
      vertex -12.9954 17.0925 0.144015
      vertex -12.9739 17.2379 0.213407
    endloop
  endfacet
  facet normal -0.0379414 0.772564 -0.633802
    outer loop
      vertex -12.8589 17.6061 0.492661
      vertex -12.8681 17.699 0.606451
      vertex -12.75 17.7048 0.606451
    endloop
  endfacet
  facet normal -0.237818 0.502907 -0.83098
    outer loop
      vertex -13.0451 17.2125 0.213407
      vertex -13.1712 17.288 0.295188
      vertex -13.0919 17.3255 0.295188
    endloop
  endfacet
  facet normal -0.213809 0.597766 -0.772633
    outer loop
      vertex -13.0094 17.3551 0.295188
      vertex -13.1355 17.4307 0.388573
      vertex -13.0424 17.464 0.388573
    endloop
  endfacet
  facet normal -0.21412 0.855817 -0.470883
    outer loop
      vertex -13.1235 17.7312 0.728846
      vertex -13.1436 17.7976 0.858666
      vertex -13.0145 17.8299 0.858666
    endloop
  endfacet
  facet normal -0.311089 0.870077 -0.382348
    outer loop
      vertex -13.1436 17.7976 0.858666
      vertex -13.2689 17.7528 0.858666
      vertex -13.16 17.8515 0.994665
    endloop
  endfacet
  facet normal -0.121763 0.822783 -0.555159
    outer loop
      vertex -12.8681 17.699 0.606451
      vertex -12.985 17.6817 0.606451
      vertex -12.8761 17.7804 0.728846
    endloop
  endfacet
  facet normal -0.187959 0.750417 -0.633676
    outer loop
      vertex -13.0726 17.5636 0.492661
      vertex -13.0997 17.6529 0.606451
      vertex -12.9668 17.5901 0.492661
    endloop
  endfacet
  facet normal 0.1311 -0.144757 -0.980744
    outer loop
      vertex 12.9812 -16.7817 0.0449524
      vertex 12.9056 -16.6556 0.0162344
      vertex 13.0077 -16.7577 0.0449524
    endloop
  endfacet
  facet normal 0.05633 -0.378877 -0.923731
    outer loop
      vertex 12.8751 -17.129 0.144015
      vertex 12.7995 -17.0029 0.0876837
      vertex 12.8486 -16.9956 0.0876837
    endloop
  endfacet
  facet normal 0.00993183 -0.195025 -0.980748
    outer loop
      vertex 12.7857 -16.8627 0.0449524
      vertex 12.75 -16.7201 0.0162344
      vertex 12.7716 -16.719 0.0162344
    endloop
  endfacet
  facet normal -0.597766 -0.213809 -0.772633
    outer loop
      vertex -13.6807 -16.8855 0.388573
      vertex -13.714 -16.7924 0.388573
      vertex -13.6051 -16.7594 0.295188
    endloop
  endfacet
  facet normal 0.830742 0.0407985 -0.55516
    outer loop
      vertex 13.9548 16.5 0.606451
      vertex 13.949 16.6181 0.606451
      vertex 14.0304 16.6261 0.728846
    endloop
  endfacet
  facet normal 0.0829611 0.176743 -0.980754
    outer loop
      vertex 12.8538 16.6941 0.0162344
      vertex 12.8342 16.7033 0.0162344
      vertex 12.8895 16.8367 0.0449524
    endloop
  endfacet
  facet normal -0.095136 0.0240105 -0.995175
    outer loop
      vertex -12.8204 16.5214 0.00180626
      vertex -12.9659 16.5429 0.0162344
      vertex -12.9606 16.5639 0.0162344
    endloop
  endfacet
  facet normal 0.457787 0.114634 -0.881641
    outer loop
      vertex 13.379 16.6251 0.144015
      vertex 13.3637 16.6862 0.144015
      vertex 13.4879 16.7239 0.213407
    endloop
  endfacet
  facet normal 0.412091 0.373159 -0.831224
    outer loop
      vertex 13.3461 16.9892 0.213407
      vertex 13.2953 17.0453 0.213407
      vertex 13.4407 17.0669 0.295188
    endloop
  endfacet
  facet normal 0.19714 0.328567 -0.923677
    outer loop
      vertex 13.1063 17.0332 0.144015
      vertex 12.9882 16.9457 0.0876837
      vertex 13.0523 17.0656 0.144015
    endloop
  endfacet
  facet normal 0.149464 0.249107 -0.956873
    outer loop
      vertex 13.0307 16.9202 0.0876837
      vertex 12.9218 16.8214 0.0449524
      vertex 12.9882 16.9457 0.0876837
    endloop
  endfacet
  facet normal -0.163918 0.346394 -0.923657
    outer loop
      vertex -12.9882 16.9457 0.0876837
      vertex -12.9954 17.0925 0.144015
      vertex -12.9434 16.9669 0.0876837
    endloop
  endfacet
  facet normal -0.023677 0.471048 -0.88179
    outer loop
      vertex -12.75 17.1413 0.144015
      vertex -12.8256 17.2674 0.213407
      vertex -12.75 17.2712 0.213407
    endloop
  endfacet
  facet normal 0.0422306 0.088548 -0.995176
    outer loop
      vertex 12.7847 16.5649 0.00180626
      vertex 12.7782 16.568 0.00180626
      vertex 12.8538 16.6941 0.0162344
    endloop
  endfacet
  facet normal 0.307729 0.22829 -0.923681
    outer loop
      vertex 13.1702 16.7807 0.0876837
      vertex 13.1406 16.8206 0.0876837
      vertex 13.2832 16.8563 0.144015
    endloop
  endfacet
  facet normal 0.356082 0.751573 -0.555287
    outer loop
      vertex 13.3179 17.5625 0.606451
      vertex 13.2111 17.6131 0.606451
      vertex 13.2424 17.6887 0.728846
    endloop
  endfacet
  facet normal 0.923007 0.0453501 -0.382101
    outer loop
      vertex 14.1623 16.5 0.994665
      vertex 14.106 16.5 0.858666
      vertex 14.1555 16.6384 0.994665
    endloop
  endfacet
  facet normal 0.514096 -0.857733 0
    outer loop
      vertex 13.4571 -17.8229 9.695
      vertex 13.5834 -17.7472 9.705
      vertex 13.4571 -17.8229 9.705
    endloop
  endfacet
  facet normal 0.514096 -0.857733 0
    outer loop
      vertex 13.5834 -17.7472 9.705
      vertex 13.4571 -17.8229 9.695
      vertex 13.5834 -17.7472 9.695
    endloop
  endfacet
  facet normal 0.671251 -0.74123 0
    outer loop
      vertex 13.7016 -17.6595 9.695
      vertex 13.8107 -17.5607 9.705
      vertex 13.7016 -17.6595 9.705
    endloop
  endfacet
  facet normal 0.671251 -0.74123 0
    outer loop
      vertex 13.8107 -17.5607 9.705
      vertex 13.7016 -17.6595 9.695
      vertex 13.8107 -17.5607 9.695
    endloop
  endfacet
  facet normal 0.788056 0.58397 -0.194799
    outer loop
      vertex 13.9837 17.3243 1.2799
      vertex 13.8748 17.4231 1.13553
      vertex 13.897 17.4413 1.2799
    endloop
  endfacet
  facet normal 0.80293 0.596073 -0.000222455
    outer loop
      vertex 13.9957 17.3324 1.4264
      vertex 13.9081 17.4504 1.4264
      vertex 13.9095 17.4516 9.695
    endloop
  endfacet
  facet normal 0.549821 0.0815911 -0.831288
    outer loop
      vertex 13.5174 16.5756 0.213407
      vertex 13.5063 16.6504 0.213407
      vertex 13.6264 16.6743 0.295188
    endloop
  endfacet
  facet normal 0.989174 0.146746 0
    outer loop
      vertex 14.2428 16.647 9.705
      vertex 14.2212 16.7926 9.695
      vertex 14.2212 16.7926 9.705
    endloop
  endfacet
  facet normal 0.989174 0.146746 0
    outer loop
      vertex 14.2212 16.7926 9.695
      vertex 14.2428 16.647 9.705
      vertex 14.2428 16.647 9.695
    endloop
  endfacet
  facet normal 0.772414 0.0375922 -0.634006
    outer loop
      vertex 13.8614 16.5 0.492661
      vertex 13.8561 16.6089 0.492661
      vertex 13.9548 16.5 0.606451
    endloop
  endfacet
  facet normal 0.54424 0.326415 -0.772824
    outer loop
      vertex 13.6384 16.9749 0.388573
      vertex 13.538 16.9212 0.295188
      vertex 13.5876 17.0596 0.388573
    endloop
  endfacet
  facet normal 0.470575 -0.426278 -0.772558
    outer loop
      vertex 13.4623 -17.2123 0.388573
      vertex 13.4407 -17.0669 0.295188
      vertex 13.5287 -17.139 0.388573
    endloop
  endfacet
  facet normal 0.262556 -0.124369 -0.956868
    outer loop
      vertex 13.2169 -16.6934 0.0876837
      vertex 13.0714 -16.6718 0.0449524
      vertex 13.0867 -16.6395 0.0449524
    endloop
  endfacet
  facet normal 0.965324 -0.242015 -0.0978698
    outer loop
      vertex 14.1837 -16.9349 1.4264
      vertex 14.1699 -16.9307 1.2799
      vertex 14.2053 -16.7895 1.2799
    endloop
  endfacet
  facet normal 0.965437 0.241698 -0.0975387
    outer loop
      vertex 14.2053 16.7895 1.2799
      vertex 14.1837 16.9349 1.4264
      vertex 14.2194 16.7923 1.4264
    endloop
  endfacet
  facet normal -0.750095 -0.188341 -0.633944
    outer loop
      vertex -13.9029 -16.8497 0.606451
      vertex -13.9317 -16.735 0.606451
      vertex -13.8401 -16.7168 0.492661
    endloop
  endfacet
  facet normal -0.634052 0.0311236 -0.772663
    outer loop
      vertex -13.6435 16.5 0.295188
      vertex -13.7573 16.5 0.388573
      vertex -13.6392 16.5876 0.295188
    endloop
  endfacet
  facet normal -0.822783 0.121763 -0.555159
    outer loop
      vertex -13.949 16.6181 0.606451
      vertex -14.0304 16.6261 0.728846
      vertex -13.9317 16.735 0.606451
    endloop
  endfacet
  facet normal -0.707066 0 -0.707148
    outer loop
      vertex -13.7573 -16.5 0.388573
      vertex -13.8614 16.5 0.492661
      vertex -13.7573 16.5 0.388573
    endloop
  endfacet
  facet normal -0.707066 -0 -0.707148
    outer loop
      vertex -13.8614 16.5 0.492661
      vertex -13.7573 -16.5 0.388573
      vertex -13.8614 -16.5 0.492661
    endloop
  endfacet
  facet normal -0.806664 0.20216 -0.555359
    outer loop
      vertex -13.9029 16.8497 0.606451
      vertex -14.0119 16.751 0.728846
      vertex -13.9812 16.8735 0.728846
    endloop
  endfacet
  facet normal -0.923958 0 -0.382494
    outer loop
      vertex -14.106 -16.5 0.858666
      vertex -14.1623 16.5 0.994665
      vertex -14.106 16.5 0.858666
    endloop
  endfacet
  facet normal -0.923958 -0 -0.382494
    outer loop
      vertex -14.1623 16.5 0.994665
      vertex -14.106 -16.5 0.858666
      vertex -14.1623 -16.5 0.994665
    endloop
  endfacet
  facet normal -0.955943 0.0469683 -0.289772
    outer loop
      vertex -14.1623 16.5 0.994665
      vertex -14.205 16.5 1.13553
      vertex -14.1555 16.6384 0.994665
    endloop
  endfacet
  facet normal -0.260954 0.72826 -0.633672
    outer loop
      vertex -13.0726 17.5636 0.492661
      vertex -13.1753 17.5268 0.492661
      vertex -13.0997 17.6529 0.606451
    endloop
  endfacet
  facet normal -0.238682 0.666105 -0.706636
    outer loop
      vertex -13.0424 17.464 0.388573
      vertex -13.1753 17.5268 0.492661
      vertex -13.0726 17.5636 0.492661
    endloop
  endfacet
  facet normal -0.158485 0.444258 -0.881769
    outer loop
      vertex -12.9954 17.0925 0.144015
      vertex -13.0451 17.2125 0.213407
      vertex -12.9739 17.2379 0.213407
    endloop
  endfacet
  facet normal -0.023226 0.471262 -0.881687
    outer loop
      vertex -12.8129 17.1382 0.144015
      vertex -12.8256 17.2674 0.213407
      vertex -12.75 17.1413 0.144015
    endloop
  endfacet
  facet normal -0.317294 0.349548 -0.881556
    outer loop
      vertex -13.2035 16.9535 0.144015
      vertex -13.2392 17.0961 0.213407
      vertex -13.1569 16.9958 0.144015
    endloop
  endfacet
  facet normal -0.3827 0.0188612 -0.92368
    outer loop
      vertex -13.2529 16.5495 0.0876837
      vertex -13.3913 16.5 0.144015
      vertex -13.3882 16.5629 0.144015
    endloop
  endfacet
  facet normal -0.302645 0.639633 -0.706594
    outer loop
      vertex -13.2249 17.3884 0.388573
      vertex -13.2739 17.4802 0.492661
      vertex -13.1355 17.4307 0.388573
    endloop
  endfacet
  facet normal -0.19714 0.328567 -0.923677
    outer loop
      vertex -13.0307 16.9202 0.0876837
      vertex -13.1063 17.0332 0.144015
      vertex -12.9882 16.9457 0.0876837
    endloop
  endfacet
  facet normal 0.0970855 -0.0141298 -0.995176
    outer loop
      vertex 12.9659 -16.5429 0.0162344
      vertex 12.8232 -16.5072 0.00180626
      vertex 12.969 -16.5216 0.0162344
    endloop
  endfacet
  facet normal -0.412091 0.373159 -0.831224
    outer loop
      vertex -13.3461 16.9892 0.213407
      vertex -13.4407 17.0669 0.295188
      vertex -13.2953 17.0453 0.213407
    endloop
  endfacet
  facet normal -0.426946 0.713922 -0.555007
    outer loop
      vertex -13.4194 17.5018 0.606451
      vertex -13.4648 17.5698 0.728846
      vertex -13.3179 17.5625 0.606451
    endloop
  endfacet
  facet normal -0.397695 0.663534 -0.633689
    outer loop
      vertex -13.2739 17.4802 0.492661
      vertex -13.3675 17.4241 0.492661
      vertex -13.3179 17.5625 0.606451
    endloop
  endfacet
  facet normal -0.426278 0.470575 -0.772558
    outer loop
      vertex -13.3169 17.1907 0.295188
      vertex -13.4623 17.2123 0.388573
      vertex -13.389 17.2787 0.388573
    endloop
  endfacet
  facet normal -0.597268 0.214293 -0.772884
    outer loop
      vertex -13.6051 16.7594 0.295188
      vertex -13.6807 16.8855 0.388573
      vertex -13.5755 16.8419 0.295188
    endloop
  endfacet
  facet normal 0.928326 -0.232599 -0.290014
    outer loop
      vertex 14.1424 -16.9224 1.13553
      vertex 14.1015 -16.91 0.994665
      vertex 14.1352 -16.7755 0.994665
    endloop
  endfacet
  facet normal 0.706648 0.0343659 -0.70673
    outer loop
      vertex 13.7573 16.5 0.388573
      vertex 13.7525 16.5987 0.388573
      vertex 13.8614 16.5 0.492661
    endloop
  endfacet
  facet normal 0.941527 -0.336939 -0.0002221
    outer loop
      vertex 14.1358 -17.074 9.695
      vertex 14.1341 -17.0733 1.4264
      vertex 14.1854 -16.9354 9.695
    endloop
  endfacet
  facet normal 0.74123 -0.671251 -0.000222072
    outer loop
      vertex 13.8107 -17.5607 9.695
      vertex 13.8094 -17.5594 1.4264
      vertex 13.9095 -17.4516 9.695
    endloop
  endfacet
  facet normal 0.511435 -0.853744 -0.0977496
    outer loop
      vertex 13.4562 -17.8213 1.4264
      vertex 13.4494 -17.8086 1.2799
      vertex 13.5824 -17.7457 1.4264
    endloop
  endfacet
  facet normal 0.335758 -0.936872 -0.0976592
    outer loop
      vertex 13.3233 -17.8841 1.4264
      vertex 13.1849 -17.9337 1.4264
      vertex 13.3178 -17.8708 1.2799
    endloop
  endfacet
  facet normal 0.936872 -0.335758 -0.0976592
    outer loop
      vertex 14.1341 -17.0733 1.4264
      vertex 14.1208 -17.0678 1.2799
      vertex 14.1837 -16.9349 1.4264
    endloop
  endfacet
  facet normal 1 -0 0
    outer loop
      vertex 14.25 -16.5 9.705
      vertex 14.25 16.5 9.695
      vertex 14.25 16.5 9.705
    endloop
  endfacet
  facet normal 1 0 0
    outer loop
      vertex 14.25 16.5 9.695
      vertex 14.25 -16.5 9.705
      vertex 14.25 -16.5 9.695
    endloop
  endfacet
  facet normal 0.427269 -0.904125 0
    outer loop
      vertex 13.324 -17.8858 9.695
      vertex 13.4571 -17.8229 9.705
      vertex 13.324 -17.8858 9.705
    endloop
  endfacet
  facet normal 0.427269 -0.904125 0
    outer loop
      vertex 13.4571 -17.8229 9.705
      vertex 13.324 -17.8858 9.695
      vertex 13.4571 -17.8229 9.695
    endloop
  endfacet
  facet normal 0.331068 -0.698775 -0.63412
    outer loop
      vertex 13.2111 -17.6131 0.606451
      vertex 13.1753 -17.5268 0.492661
      vertex 13.3179 -17.5625 0.606451
    endloop
  endfacet
  facet normal 0.496067 -0.667755 -0.554996
    outer loop
      vertex 13.4648 -17.5698 0.728846
      vertex 13.4194 -17.5018 0.606451
      vertex 13.5143 -17.4313 0.606451
    endloop
  endfacet
  facet normal 0.524351 -0.475031 -0.706684
    outer loop
      vertex 13.5359 -17.2859 0.492661
      vertex 13.5287 -17.139 0.388573
      vertex 13.6091 -17.2051 0.492661
    endloop
  endfacet
  facet normal 0.708562 -0.525622 -0.470809
    outer loop
      vertex 13.8775 -17.2533 0.858666
      vertex 13.7982 -17.3602 0.858666
      vertex 13.8198 -17.2148 0.728846
    endloop
  endfacet
  facet normal 0.671216 -0.741262 -0.000222919
    outer loop
      vertex 13.7016 -17.6595 9.695
      vertex 13.7004 -17.6581 1.4264
      vertex 13.8094 -17.5594 1.4264
    endloop
  endfacet
  facet normal 0.857853 -0.513896 -0.000221932
    outer loop
      vertex 14.0729 -17.2071 9.695
      vertex 13.9957 -17.3324 1.4264
      vertex 14.0713 -17.2062 1.4264
    endloop
  endfacet
  facet normal -0.80293 -0.596073 -0.000222455
    outer loop
      vertex -13.9095 -17.4516 9.695
      vertex -13.9957 -17.3324 1.4264
      vertex -13.9081 -17.4504 1.4264
    endloop
  endfacet
  facet normal -0.143418 -0.970262 -0.194993
    outer loop
      vertex -12.8954 -17.9766 1.2799
      vertex -13.0395 -17.9553 1.2799
      vertex -12.8926 -17.948 1.13553
    endloop
  endfacet
  facet normal 0.154146 -0.61586 -0.772629
    outer loop
      vertex 12.9465 -17.488 0.388573
      vertex 12.9243 -17.3764 0.295188
      vertex 13.0094 -17.3551 0.295188
    endloop
  endfacet
  facet normal -0.20216 -0.806664 -0.555359
    outer loop
      vertex -13.001 -17.7619 0.728846
      vertex -13.1235 -17.7312 0.728846
      vertex -13.0997 -17.6529 0.606451
    endloop
  endfacet
  facet normal 0 -0.881894 -0.471448
    outer loop
      vertex -12.75 -17.7866 0.728846
      vertex 12.75 -17.856 0.858666
      vertex -12.75 -17.856 0.858666
    endloop
  endfacet
  facet normal 0 -0.881894 -0.471448
    outer loop
      vertex 12.75 -17.856 0.858666
      vertex -12.75 -17.7866 0.728846
      vertex 12.75 -17.7866 0.728846
    endloop
  endfacet
  facet normal 0.188341 -0.750095 -0.633944
    outer loop
      vertex 12.985 -17.6817 0.606451
      vertex 12.9668 -17.5901 0.492661
      vertex 13.0997 -17.6529 0.606451
    endloop
  endfacet
  facet normal 0.241698 -0.965437 -0.0975387
    outer loop
      vertex 13.0423 -17.9694 1.4264
      vertex 13.0395 -17.9553 1.2799
      vertex 13.1849 -17.9337 1.4264
    endloop
  endfacet
  facet normal 0.146844 -0.98916 -0.000218883
    outer loop
      vertex 12.897 -17.9928 9.695
      vertex 12.8968 -17.991 1.4264
      vertex 13.0423 -17.9694 1.4264
    endloop
  endfacet
  facet normal 0.0480842 -0.979543 -0.195406
    outer loop
      vertex 12.8926 -17.948 1.13553
      vertex 12.75 -17.9838 1.2799
      vertex 12.75 -17.955 1.13553
    endloop
  endfacet
  facet normal -0.0492213 -0.993998 -0.0977035
    outer loop
      vertex -12.75 -17.9982 1.4264
      vertex -12.8954 -17.9766 1.2799
      vertex -12.75 -17.9838 1.2799
    endloop
  endfacet
  facet normal 0.136103 -0.913837 -0.382593
    outer loop
      vertex 13.0255 -17.8852 0.994665
      vertex 12.8829 -17.8495 0.858666
      vertex 13.0145 -17.8299 0.858666
    endloop
  endfacet
  facet normal 0.653717 -0.592721 -0.470463
    outer loop
      vertex 13.7088 -17.4588 0.858666
      vertex 13.6598 -17.4098 0.728846
      vertex 13.7982 -17.3602 0.858666
    endloop
  endfacet
  facet normal 0.260154 -0.728171 -0.634104
    outer loop
      vertex 13.2111 -17.6131 0.606451
      vertex 13.0997 -17.6529 0.606451
      vertex 13.1753 -17.5268 0.492661
    endloop
  endfacet
  facet normal 0.453606 -0.756674 -0.470836
    outer loop
      vertex 13.5033 -17.6275 0.858666
      vertex 13.3892 -17.6959 0.858666
      vertex 13.4648 -17.5698 0.728846
    endloop
  endfacet
  facet normal 0.145519 -0.984474 -0.098158
    outer loop
      vertex 12.8968 -17.991 1.4264
      vertex 12.8954 -17.9766 1.2799
      vertex 13.0395 -17.9553 1.2799
    endloop
  endfacet
  facet normal 0.0487508 -0.993975 -0.0981672
    outer loop
      vertex 12.8968 -17.991 1.4264
      vertex 12.75 -17.9982 1.4264
      vertex 12.8954 -17.9766 1.2799
    endloop
  endfacet
  facet normal 0.146746 -0.989174 -0.000220659
    outer loop
      vertex 13.0426 -17.9712 9.695
      vertex 12.897 -17.9928 9.695
      vertex 13.0423 -17.9694 1.4264
    endloop
  endfacet
  facet normal 0.335758 0.936872 -0.0976592
    outer loop
      vertex 13.3178 17.8708 1.2799
      vertex 13.1849 17.9337 1.4264
      vertex 13.3233 17.8841 1.4264
    endloop
  endfacet
  facet normal 0.595861 0.803088 -0
    outer loop
      vertex 13.7016 17.6595 9.695
      vertex 13.5834 17.7472 9.705
      vertex 13.7016 17.6595 9.705
    endloop
  endfacet
  facet normal 0.595861 0.803088 0
    outer loop
      vertex 13.5834 17.7472 9.705
      vertex 13.7016 17.6595 9.695
      vertex 13.5834 17.7472 9.695
    endloop
  endfacet
  facet normal -0.33737 -0.941372 -0.000213944
    outer loop
      vertex -13.1854 -17.9354 9.695
      vertex -13.3233 -17.8841 1.4264
      vertex -13.1849 -17.9337 1.4264
    endloop
  endfacet
  facet normal -0.336939 -0.941527 -0.0002221
    outer loop
      vertex -13.1854 -17.9354 9.695
      vertex -13.324 -17.8858 9.695
      vertex -13.3233 -17.8841 1.4264
    endloop
  endfacet
  facet normal -0.857733 -0.514096 0
    outer loop
      vertex -13.9972 -17.3334 9.695
      vertex -14.0729 -17.2071 9.705
      vertex -14.0729 -17.2071 9.695
    endloop
  endfacet
  facet normal -0.857733 -0.514096 0
    outer loop
      vertex -14.0729 -17.2071 9.705
      vertex -13.9972 -17.3334 9.695
      vertex -13.9972 -17.3334 9.705
    endloop
  endfacet
  facet normal -0.0930727 -0.371682 -0.923683
    outer loop
      vertex -12.8751 -17.129 0.144015
      vertex -12.9362 -17.1137 0.144015
      vertex -12.8967 -16.9836 0.0876837
    endloop
  endfacet
  facet normal -0.466818 0.0692737 -0.881636
    outer loop
      vertex -13.379 16.6251 0.144015
      vertex -13.5174 16.5756 0.213407
      vertex -13.5063 16.6504 0.213407
    endloop
  endfacet
  facet normal 0.0980114 0 -0.995185
    outer loop
      vertex 12.8236 -16.5 0.00180626
      vertex 12.9701 16.5 0.0162344
      vertex 12.9701 -16.5 0.0162344
    endloop
  endfacet
  facet normal 0.0980114 0 -0.995185
    outer loop
      vertex 12.9701 16.5 0.0162344
      vertex 12.8236 -16.5 0.00180626
      vertex 12.8236 16.5 0.00180626
    endloop
  endfacet
  facet normal -0.195025 0.00993183 -0.980748
    outer loop
      vertex -12.9701 16.5 0.0162344
      vertex -13.1127 16.5357 0.0449524
      vertex -12.969 16.5216 0.0162344
    endloop
  endfacet
  facet normal 0.285915 -0.477015 -0.831089
    outer loop
      vertex 13.1712 -17.288 0.295188
      vertex 13.1135 -17.1801 0.213407
      vertex 13.1784 -17.1412 0.213407
    endloop
  endfacet
  facet normal 0 -0.382673 -0.923884
    outer loop
      vertex -12.75 -17.1413 0.144015
      vertex 12.75 -17.0053 0.0876837
      vertex 12.75 -17.1413 0.144015
    endloop
  endfacet
  facet normal -0 -0.382673 -0.923884
    outer loop
      vertex 12.75 -17.0053 0.0876837
      vertex -12.75 -17.1413 0.144015
      vertex -12.75 -17.0053 0.0876837
    endloop
  endfacet
  facet normal 0.0927249 -0.628066 -0.772616
    outer loop
      vertex 12.9465 -17.488 0.388573
      vertex 12.8376 -17.3892 0.295188
      vertex 12.9243 -17.3764 0.295188
    endloop
  endfacet
  facet normal 0.0185507 -0.382607 -0.923725
    outer loop
      vertex 12.7995 -17.0029 0.0876837
      vertex 12.75 -17.1413 0.144015
      vertex 12.75 -17.0053 0.0876837
    endloop
  endfacet
  facet normal 0.0140791 -0.290381 -0.956808
    outer loop
      vertex 12.7995 -17.0029 0.0876837
      vertex 12.75 -17.0053 0.0876837
      vertex 12.75 -16.8645 0.0449524
    endloop
  endfacet
  facet normal 0.941527 -0.336939 0
    outer loop
      vertex 14.1358 -17.074 9.705
      vertex 14.1854 -16.9354 9.695
      vertex 14.1854 -16.9354 9.705
    endloop
  endfacet
  facet normal 0.941527 -0.336939 0
    outer loop
      vertex 14.1854 -16.9354 9.695
      vertex 14.1358 -17.074 9.705
      vertex 14.1358 -17.074 9.695
    endloop
  endfacet
  facet normal 0.427269 -0.904125 -0.000222057
    outer loop
      vertex 13.324 -17.8858 9.695
      vertex 13.3233 -17.8841 1.4264
      vertex 13.4571 -17.8229 9.695
    endloop
  endfacet
  facet normal -0.74123 -0.671251 -0.000222072
    outer loop
      vertex -13.8107 -17.5607 9.695
      vertex -13.9095 -17.4516 9.695
      vertex -13.8094 -17.5594 1.4264
    endloop
  endfacet
  facet normal -0.671216 -0.741262 -0.000222919
    outer loop
      vertex -13.7016 -17.6595 9.695
      vertex -13.8094 -17.5594 1.4264
      vertex -13.7004 -17.6581 1.4264
    endloop
  endfacet
  facet normal -0.504134 -0.841367 -0.194808
    outer loop
      vertex -13.4359 -17.7832 1.13553
      vertex -13.5743 -17.7337 1.2799
      vertex -13.5584 -17.7098 1.13553
    endloop
  endfacet
  facet normal -0.335758 -0.936872 -0.0976592
    outer loop
      vertex -13.1849 -17.9337 1.4264
      vertex -13.3233 -17.8841 1.4264
      vertex -13.3178 -17.8708 1.2799
    endloop
  endfacet
  facet normal 0.005445 -0.09801 -0.995171
    outer loop
      vertex 12.7572 -16.5732 0.00180626
      vertex 12.75 -16.7201 0.0162344
      vertex 12.75 -16.5736 0.00180626
    endloop
  endfacet
  facet normal 0 -0.63436 -0.773038
    outer loop
      vertex -12.75 -17.5073 0.388573
      vertex 12.75 -17.3935 0.295188
      vertex 12.75 -17.5073 0.388573
    endloop
  endfacet
  facet normal -0 -0.63436 -0.773038
    outer loop
      vertex 12.75 -17.3935 0.295188
      vertex -12.75 -17.5073 0.388573
      vertex -12.75 -17.3935 0.295188
    endloop
  endfacet
  facet normal -0.642766 -0.70912 -0.28983
    outer loop
      vertex -13.6731 -17.6248 1.13553
      vertex -13.7789 -17.5289 1.13553
      vertex -13.7487 -17.4987 0.994665
    endloop
  endfacet
  facet normal -0.154146 -0.61586 -0.772629
    outer loop
      vertex -12.9465 -17.488 0.388573
      vertex -13.0094 -17.3551 0.295188
      vertex -12.9243 -17.3764 0.295188
    endloop
  endfacet
  facet normal -0.82094 -0.491894 -0.289997
    outer loop
      vertex -13.9598 -17.3084 1.13553
      vertex -14.0332 -17.1859 1.13553
      vertex -13.9243 -17.2846 0.994665
    endloop
  endfacet
  facet normal -0.923007 -0.0453501 -0.382101
    outer loop
      vertex -14.1555 -16.6384 0.994665
      vertex -14.1623 -16.5 0.994665
      vertex -14.106 -16.5 0.858666
    endloop
  endfacet
  facet normal -0.904139 -0.427238 -0.000221457
    outer loop
      vertex -14.0729 -17.2071 9.695
      vertex -14.1341 -17.0733 1.4264
      vertex -14.0713 -17.2062 1.4264
    endloop
  endfacet
  facet normal -0.523506 -0.186756 -0.831302
    outer loop
      vertex -13.4625 -16.7951 0.213407
      vertex -13.6051 -16.7594 0.295188
      vertex -13.4879 -16.7239 0.213407
    endloop
  endfacet
  facet normal -0.792223 -0.475467 -0.38251
    outer loop
      vertex -13.9243 -17.2846 0.994665
      vertex -13.9956 -17.1658 0.994665
      vertex -13.9459 -17.1392 0.858666
    endloop
  endfacet
  facet normal -0.667789 -0.495903 -0.555101
    outer loop
      vertex -13.7445 -17.3162 0.728846
      vertex -13.8198 -17.2148 0.728846
      vertex -13.6813 -17.2643 0.606451
    endloop
  endfacet
  facet normal -0.408835 -0.865321 -0.289953
    outer loop
      vertex -13.3068 -17.8443 1.13553
      vertex -13.4158 -17.7456 0.994665
      vertex -13.2905 -17.8048 0.994665
    endloop
  endfacet
  facet normal -0.249107 -0.149464 -0.956873
    outer loop
      vertex -13.1702 -16.7807 0.0876837
      vertex -13.1957 -16.7382 0.0876837
      vertex -13.0714 -16.6718 0.0449524
    endloop
  endfacet
  facet normal -0.103776 -0.699836 -0.706725
    outer loop
      vertex -12.8589 -17.6061 0.492661
      vertex -12.9668 -17.5901 0.492661
      vertex -12.8487 -17.5025 0.388573
    endloop
  endfacet
  facet normal -0.666432 -0.238369 -0.706433
    outer loop
      vertex -13.6807 -16.8855 0.388573
      vertex -13.7768 -16.9253 0.492661
      vertex -13.714 -16.7924 0.388573
    endloop
  endfacet
  facet normal -0.634052 -0.0311236 -0.772663
    outer loop
      vertex -13.6392 -16.5876 0.295188
      vertex -13.7573 -16.5 0.388573
      vertex -13.6435 -16.5 0.295188
    endloop
  endfacet
  facet normal -0.471048 0.023677 -0.88179
    outer loop
      vertex -13.3913 16.5 0.144015
      vertex -13.5212 16.5 0.213407
      vertex -13.5174 16.5756 0.213407
    endloop
  endfacet
  facet normal -0.803088 0.595861 0
    outer loop
      vertex -13.9972 17.3334 9.695
      vertex -13.9095 17.4516 9.705
      vertex -13.9095 17.4516 9.695
    endloop
  endfacet
  facet normal -0.803088 0.595861 0
    outer loop
      vertex -13.9095 17.4516 9.705
      vertex -13.9972 17.3334 9.695
      vertex -13.9972 17.3334 9.705
    endloop
  endfacet
  facet normal -0.803088 0.595861 -0.000217751
    outer loop
      vertex -13.9957 17.3324 1.4264
      vertex -13.9972 17.3334 9.695
      vertex -13.9095 17.4516 9.695
    endloop
  endfacet
  facet normal -0.667994 0.737703 -0.097871
    outer loop
      vertex -13.7992 17.5492 1.2799
      vertex -13.8094 17.5594 1.4264
      vertex -13.7004 17.6581 1.4264
    endloop
  endfacet
  facet normal -0.79956 0.592495 -0.0982521
    outer loop
      vertex -13.9837 17.3243 1.2799
      vertex -13.9957 17.3324 1.4264
      vertex -13.897 17.4413 1.2799
    endloop
  endfacet
  facet normal -0.76869 0.569962 -0.290275
    outer loop
      vertex -13.8417 17.396 0.994665
      vertex -13.9243 17.2846 0.994665
      vertex -13.8748 17.4231 1.13553
    endloop
  endfacet
  facet normal -0.865321 0.408835 -0.289953
    outer loop
      vertex -14.0548 17.0405 0.994665
      vertex -14.0943 17.0568 1.13553
      vertex -13.9956 17.1658 0.994665
    endloop
  endfacet
  facet normal -0.595861 0.803088 -0.000217751
    outer loop
      vertex -13.5824 17.7457 1.4264
      vertex -13.7016 17.6595 9.695
      vertex -13.5834 17.7472 9.695
    endloop
  endfacet
  facet normal -0.58397 0.788056 -0.194799
    outer loop
      vertex -13.6731 17.6248 1.13553
      vertex -13.6913 17.647 1.2799
      vertex -13.5743 17.7337 1.2799
    endloop
  endfacet
  facet normal -0.525622 0.708562 -0.470809
    outer loop
      vertex -13.4648 17.5698 0.728846
      vertex -13.6102 17.5482 0.858666
      vertex -13.5033 17.6275 0.858666
    endloop
  endfacet
  facet normal -0.654031 0.591842 -0.471133
    outer loop
      vertex -13.7445 17.3162 0.728846
      vertex -13.7982 17.3602 0.858666
      vertex -13.6598 17.4098 0.728846
    endloop
  endfacet
  facet normal -0.409483 0.865209 -0.289373
    outer loop
      vertex -13.4158 17.7456 0.994665
      vertex -13.4359 17.7832 1.13553
      vertex -13.3068 17.8443 1.13553
    endloop
  endfacet
  facet normal -0.550407 0.742317 -0.382122
    outer loop
      vertex -13.5033 17.6275 0.858666
      vertex -13.646 17.5917 0.994665
      vertex -13.5346 17.6743 0.994665
    endloop
  endfacet
  facet normal -0.355698 0.751577 -0.555528
    outer loop
      vertex -13.3179 17.5625 0.606451
      vertex -13.3565 17.6347 0.728846
      vertex -13.2424 17.6887 0.728846
    endloop
  endfacet
  facet normal -0.620099 0.684776 -0.38283
    outer loop
      vertex -13.7088 17.4588 0.858666
      vertex -13.7487 17.4987 0.994665
      vertex -13.646 17.5917 0.994665
    endloop
  endfacet
  facet normal -0.461101 0.620688 -0.634139
    outer loop
      vertex -13.3675 17.4241 0.492661
      vertex -13.5143 17.4313 0.606451
      vertex -13.4194 17.5018 0.606451
    endloop
  endfacet
  facet normal -0.519493 0.573143 -0.633746
    outer loop
      vertex -13.5359 17.2859 0.492661
      vertex -13.6019 17.3519 0.606451
      vertex -13.5143 17.4313 0.606451
    endloop
  endfacet
  facet normal 0.998803 0.0489209 -0.00021743
    outer loop
      vertex 14.2482 16.5 1.4264
      vertex 14.2428 16.647 9.695
      vertex 14.25 16.5 9.695
    endloop
  endfacet
  facet normal -0.671251 0.74123 0
    outer loop
      vertex -13.7016 17.6595 9.695
      vertex -13.8107 17.5607 9.705
      vertex -13.7016 17.6595 9.705
    endloop
  endfacet
  facet normal -0.671251 0.74123 0
    outer loop
      vertex -13.8107 17.5607 9.705
      vertex -13.7016 17.6595 9.695
      vertex -13.8107 17.5607 9.695
    endloop
  endfacet
  facet normal -0.427238 0.904139 -0.000221457
    outer loop
      vertex -13.4562 17.8213 1.4264
      vertex -13.4571 17.8229 9.695
      vertex -13.3233 17.8841 1.4264
    endloop
  endfacet
  facet normal -0.425196 0.899818 -0.0976529
    outer loop
      vertex -13.3178 17.8708 1.2799
      vertex -13.4562 17.8213 1.4264
      vertex -13.3233 17.8841 1.4264
    endloop
  endfacet
  facet normal 0 1 -0.000217691
    outer loop
      vertex 12.75 17.9982 1.4264
      vertex -12.75 18 9.695
      vertex 12.75 18 9.695
    endloop
  endfacet
  facet normal 0 1 -0.000217691
    outer loop
      vertex -12.75 18 9.695
      vertex 12.75 17.9982 1.4264
      vertex -12.75 17.9982 1.4264
    endloop
  endfacet
  facet normal -0.146844 0.98916 -0.000218883
    outer loop
      vertex -12.8968 17.991 1.4264
      vertex -13.0423 17.9694 1.4264
      vertex -12.897 17.9928 9.695
    endloop
  endfacet
  facet normal -0.425272 0.899772 -0.0977403
    outer loop
      vertex -13.4494 17.8086 1.2799
      vertex -13.4562 17.8213 1.4264
      vertex -13.3178 17.8708 1.2799
    endloop
  endfacet
  facet normal -0.41914 0.886797 -0.194713
    outer loop
      vertex -13.3068 17.8443 1.13553
      vertex -13.4494 17.8086 1.2799
      vertex -13.3178 17.8708 1.2799
    endloop
  endfacet
  facet normal -0.0489209 0.998803 -0.00021743
    outer loop
      vertex -12.75 17.9982 1.4264
      vertex -12.897 17.9928 9.695
      vertex -12.75 18 9.695
    endloop
  endfacet
  facet normal -0.0489874 0.998799 -0.000218615
    outer loop
      vertex -12.8968 17.991 1.4264
      vertex -12.897 17.9928 9.695
      vertex -12.75 17.9982 1.4264
    endloop
  endfacet
  facet normal -0.146144 0.984443 -0.0975416
    outer loop
      vertex -13.0395 17.9553 1.2799
      vertex -13.0423 17.9694 1.4264
      vertex -12.8968 17.991 1.4264
    endloop
  endfacet
  facet normal -0.146746 0.989174 -0.000220659
    outer loop
      vertex -13.0423 17.9694 1.4264
      vertex -13.0426 17.9712 9.695
      vertex -12.897 17.9928 9.695
    endloop
  endfacet
  facet normal -0.993975 0.0487508 -0.0981672
    outer loop
      vertex -14.2266 16.6454 1.2799
      vertex -14.2482 16.5 1.4264
      vertex -14.241 16.6468 1.4264
    endloop
  endfacet
  facet normal -0.984474 0.145519 -0.098158
    outer loop
      vertex -14.2266 16.6454 1.2799
      vertex -14.241 16.6468 1.4264
      vertex -14.2053 16.7895 1.2799
    endloop
  endfacet
  facet normal -0.92343 0.33071 -0.194699
    outer loop
      vertex -14.0943 17.0568 1.13553
      vertex -14.1699 16.9307 1.2799
      vertex -14.1208 17.0678 1.2799
    endloop
  endfacet
  facet normal -0.901057 0.322477 -0.290008
    outer loop
      vertex -14.1015 16.91 0.994665
      vertex -14.1424 16.9224 1.13553
      vertex -14.0943 17.0568 1.13553
    endloop
  endfacet
  facet normal -0.857853 0.513896 -0.000221932
    outer loop
      vertex -14.0713 17.2062 1.4264
      vertex -14.0729 17.2071 9.695
      vertex -13.9957 17.3324 1.4264
    endloop
  endfacet
  facet normal -0.989174 0.146746 0
    outer loop
      vertex -14.2428 16.647 9.695
      vertex -14.2212 16.7926 9.705
      vertex -14.2212 16.7926 9.695
    endloop
  endfacet
  facet normal -0.989174 0.146746 0
    outer loop
      vertex -14.2212 16.7926 9.705
      vertex -14.2428 16.647 9.695
      vertex -14.2428 16.647 9.705
    endloop
  endfacet
  facet normal -0.984443 0.146144 -0.0975416
    outer loop
      vertex -14.2053 16.7895 1.2799
      vertex -14.241 16.6468 1.4264
      vertex -14.2194 16.7923 1.4264
    endloop
  endfacet
  facet normal -0.998803 0.0489209 -0.00021743
    outer loop
      vertex -14.2482 16.5 1.4264
      vertex -14.25 16.5 9.695
      vertex -14.2428 16.647 9.695
    endloop
  endfacet
  facet normal -0.803088 -0.595861 0
    outer loop
      vertex -13.9095 -17.4516 9.695
      vertex -13.9972 -17.3334 9.705
      vertex -13.9972 -17.3334 9.695
    endloop
  endfacet
  facet normal -0.803088 -0.595861 0
    outer loop
      vertex -13.9972 -17.3334 9.705
      vertex -13.9095 -17.4516 9.695
      vertex -13.9095 -17.4516 9.705
    endloop
  endfacet
  facet normal 0.79956 0.592495 -0.0982521
    outer loop
      vertex 13.9837 17.3243 1.2799
      vertex 13.897 17.4413 1.2799
      vertex 13.9957 17.3324 1.4264
    endloop
  endfacet
  facet normal -0.993975 -0.0487508 -0.0981672
    outer loop
      vertex -14.241 -16.6468 1.4264
      vertex -14.2482 -16.5 1.4264
      vertex -14.2266 -16.6454 1.2799
    endloop
  endfacet
  facet normal -0.98916 -0.146844 -0.000218883
    outer loop
      vertex -14.2194 -16.7923 1.4264
      vertex -14.2428 -16.647 9.695
      vertex -14.241 -16.6468 1.4264
    endloop
  endfacet
  facet normal -0.0815911 0.549821 -0.831288
    outer loop
      vertex -12.9004 17.2563 0.213407
      vertex -12.9243 17.3764 0.295188
      vertex -12.8256 17.2674 0.213407
    endloop
  endfacet
  facet normal -0.0930818 0.627821 -0.772772
    outer loop
      vertex -12.8376 17.3892 0.295188
      vertex -12.9465 17.488 0.388573
      vertex -12.8487 17.5025 0.388573
    endloop
  endfacet
  facet normal -0.271271 0.573648 -0.772878
    outer loop
      vertex -13.0919 17.3255 0.295188
      vertex -13.1712 17.288 0.295188
      vertex -13.1355 17.4307 0.388573
    endloop
  endfacet
  facet normal -0.214293 0.597268 -0.772884
    outer loop
      vertex -13.0919 17.3255 0.295188
      vertex -13.1355 17.4307 0.388573
      vertex -13.0094 17.3551 0.295188
    endloop
  endfacet
  facet normal -0.33071 0.92343 -0.194699
    outer loop
      vertex -13.3068 17.8443 1.13553
      vertex -13.3178 17.8708 1.2799
      vertex -13.1807 17.9199 1.2799
    endloop
  endfacet
  facet normal -0.322453 0.901074 -0.289983
    outer loop
      vertex -13.2905 17.8048 0.994665
      vertex -13.3068 17.8443 1.13553
      vertex -13.16 17.8515 0.994665
    endloop
  endfacet
  facet normal -0.224581 0.896324 -0.382319
    outer loop
      vertex -13.1436 17.7976 0.858666
      vertex -13.16 17.8515 0.994665
      vertex -13.0255 17.8852 0.994665
    endloop
  endfacet
  facet normal -0.224247 0.896292 -0.382589
    outer loop
      vertex -13.0145 17.8299 0.858666
      vertex -13.1436 17.7976 0.858666
      vertex -13.0255 17.8852 0.994665
    endloop
  endfacet
  facet normal -0.103776 0.699836 -0.706725
    outer loop
      vertex -12.8487 17.5025 0.388573
      vertex -12.9668 17.5901 0.492661
      vertex -12.8589 17.6061 0.492661
    endloop
  endfacet
  facet normal 0.0923742 -0.0332183 -0.99517
    outer loop
      vertex 12.9533 -16.5842 0.0162344
      vertex 12.818 -16.5282 0.00180626
      vertex 12.9606 -16.5639 0.0162344
    endloop
  endfacet
  facet normal 0.290381 -0.0140791 -0.956808
    outer loop
      vertex 13.2529 -16.5495 0.0876837
      vertex 13.1145 -16.5 0.0449524
      vertex 13.2553 -16.5 0.0876837
    endloop
  endfacet
  facet normal 0.3827 -0.0188612 -0.92368
    outer loop
      vertex 13.3882 -16.5629 0.144015
      vertex 13.2529 -16.5495 0.0876837
      vertex 13.3913 -16.5 0.144015
    endloop
  endfacet
  facet normal 0.555865 0 -0.831273
    outer loop
      vertex 13.5212 -16.5 0.213407
      vertex 13.6435 16.5 0.295188
      vertex 13.6435 -16.5 0.295188
    endloop
  endfacet
  facet normal 0.555865 0 -0.831273
    outer loop
      vertex 13.6435 16.5 0.295188
      vertex 13.5212 -16.5 0.213407
      vertex 13.5212 16.5 0.213407
    endloop
  endfacet
  facet normal 0.0981664 -0.273406 -0.956877
    outer loop
      vertex 12.9434 -16.9669 0.0876837
      vertex 12.8558 -16.8488 0.0449524
      vertex 12.8895 -16.8367 0.0449524
    endloop
  endfacet
  facet normal 0.097241 -0.0135057 -0.995169
    outer loop
      vertex 12.9659 -16.5429 0.0162344
      vertex 12.8222 -16.5144 0.00180626
      vertex 12.8232 -16.5072 0.00180626
    endloop
  endfacet
  facet normal 0.539203 -0.134959 -0.831292
    outer loop
      vertex 13.6051 -16.7594 0.295188
      vertex 13.5063 -16.6504 0.213407
      vertex 13.6264 -16.6743 0.295188
    endloop
  endfacet
  facet normal 0.382607 0.0185507 -0.923725
    outer loop
      vertex 13.2553 16.5 0.0876837
      vertex 13.2529 16.5495 0.0876837
      vertex 13.3913 16.5 0.144015
    endloop
  endfacet
  facet normal 0.281875 -0.0706718 -0.956845
    outer loop
      vertex 13.2336 -16.6467 0.0876837
      vertex 13.0988 -16.6058 0.0449524
      vertex 13.1075 -16.5711 0.0449524
    endloop
  endfacet
  facet normal -0.0283871 -0.193251 -0.980739
    outer loop
      vertex -12.7857 -16.8627 0.0449524
      vertex -12.8211 -16.8575 0.0449524
      vertex -12.7929 -16.7159 0.0162344
    endloop
  endfacet
  facet normal 0.0417097 0.0888597 -0.99517
    outer loop
      vertex 12.8538 16.6941 0.0162344
      vertex 12.7782 16.568 0.00180626
      vertex 12.8342 16.7033 0.0162344
    endloop
  endfacet
  facet normal 0.149365 0.249212 -0.956861
    outer loop
      vertex 12.9525 16.803 0.0449524
      vertex 12.9218 16.8214 0.0449524
      vertex 13.0307 16.9202 0.0876837
    endloop
  endfacet
  facet normal 0.523604 0.187863 -0.830991
    outer loop
      vertex 13.6051 16.7594 0.295188
      vertex 13.4625 16.7951 0.213407
      vertex 13.5755 16.8419 0.295188
    endloop
  endfacet
  facet normal 0.0308292 0.633926 -0.772779
    outer loop
      vertex 12.8376 17.3892 0.295188
      vertex 12.75 17.5073 0.388573
      vertex 12.8487 17.5025 0.388573
    endloop
  endfacet
  facet normal 0.0692737 0.466818 -0.881636
    outer loop
      vertex 12.8751 17.129 0.144015
      vertex 12.8256 17.2674 0.213407
      vertex 12.9004 17.2563 0.213407
    endloop
  endfacet
  facet normal 0.116739 0.156557 -0.980746
    outer loop
      vertex 12.8896 16.6701 0.0162344
      vertex 12.8723 16.683 0.0162344
      vertex 12.9812 16.7817 0.0449524
    endloop
  endfacet
  facet normal -0.19324 -0.0281241 -0.980748
    outer loop
      vertex -12.9659 -16.5429 0.0162344
      vertex -13.1127 -16.5357 0.0449524
      vertex -12.969 -16.5216 0.0162344
    endloop
  endfacet
  facet normal -0.47118 0 -0.882037
    outer loop
      vertex -13.5212 -16.5 0.213407
      vertex -13.3913 16.5 0.144015
      vertex -13.3913 -16.5 0.144015
    endloop
  endfacet
  facet normal -0.47118 0 -0.882037
    outer loop
      vertex -13.3913 16.5 0.144015
      vertex -13.5212 -16.5 0.213407
      vertex -13.5212 16.5 0.213407
    endloop
  endfacet
  facet normal -0.0703656 0.282049 -0.956816
    outer loop
      vertex -12.8211 16.8575 0.0449524
      vertex -12.8967 16.9836 0.0876837
      vertex -12.8486 16.9956 0.0876837
    endloop
  endfacet
  facet normal -0.05633 0.378877 -0.923731
    outer loop
      vertex -12.8486 16.9956 0.0876837
      vertex -12.8751 17.129 0.144015
      vertex -12.7995 17.0029 0.0876837
    endloop
  endfacet
  facet normal 0 0.195058 -0.980792
    outer loop
      vertex -12.75 16.7201 0.0162344
      vertex 12.75 16.8645 0.0449524
      vertex 12.75 16.7201 0.0162344
    endloop
  endfacet
  facet normal 0 0.195058 -0.980792
    outer loop
      vertex 12.75 16.8645 0.0449524
      vertex -12.75 16.7201 0.0162344
      vertex -12.75 16.8645 0.0449524
    endloop
  endfacet
  facet normal 0.0981664 0.273406 -0.956877
    outer loop
      vertex 12.8895 16.8367 0.0449524
      vertex 12.8558 16.8488 0.0449524
      vertex 12.9434 16.9669 0.0876837
    endloop
  endfacet
  facet normal -0.0279294 0.555648 -0.830948
    outer loop
      vertex -12.75 17.2712 0.213407
      vertex -12.8256 17.2674 0.213407
      vertex -12.75 17.3935 0.295188
    endloop
  endfacet
  facet normal 0.103761 0.699847 -0.706716
    outer loop
      vertex 12.9465 17.488 0.388573
      vertex 12.8487 17.5025 0.388573
      vertex 12.9668 17.5901 0.492661
    endloop
  endfacet
  facet normal 0 0.831412 -0.555656
    outer loop
      vertex 12.75 17.7048 0.606451
      vertex -12.75 17.7866 0.728846
      vertex 12.75 17.7866 0.728846
    endloop
  endfacet
  facet normal 0 0.831412 -0.555656
    outer loop
      vertex -12.75 17.7866 0.728846
      vertex 12.75 17.7048 0.606451
      vertex -12.75 17.7048 0.606451
    endloop
  endfacet
  facet normal 0.135367 0.914227 -0.381923
    outer loop
      vertex 13.0255 17.8852 0.994665
      vertex 12.8829 17.8495 0.858666
      vertex 12.8884 17.9055 0.994665
    endloop
  endfacet
  facet normal 0.0408442 0.830718 -0.555192
    outer loop
      vertex 12.8761 17.7804 0.728846
      vertex 12.75 17.7048 0.606451
      vertex 12.75 17.7866 0.728846
    endloop
  endfacet
  facet normal 0.378287 0.509928 -0.772575
    outer loop
      vertex 13.3169 17.1907 0.295188
      vertex 13.2464 17.243 0.295188
      vertex 13.3096 17.3376 0.388573
    endloop
  endfacet
  facet normal 0.39476 0.835531 -0.382168
    outer loop
      vertex 13.4158 17.7456 0.994665
      vertex 13.2689 17.7528 0.858666
      vertex 13.2905 17.8048 0.994665
    endloop
  endfacet
  facet normal 0.491894 0.82094 -0.289997
    outer loop
      vertex 13.5346 17.6743 0.994665
      vertex 13.4359 17.7832 1.13553
      vertex 13.5584 17.7098 1.13553
    endloop
  endfacet
  facet normal 0 1 -0
    outer loop
      vertex 12.75 18 9.695
      vertex -12.75 18 9.705
      vertex 12.75 18 9.705
    endloop
  endfacet
  facet normal 0 1 0
    outer loop
      vertex -12.75 18 9.705
      vertex 12.75 18 9.695
      vertex -12.75 18 9.695
    endloop
  endfacet
  facet normal 0.470575 0.426278 -0.772558
    outer loop
      vertex 13.5287 17.139 0.388573
      vertex 13.4407 17.0669 0.295188
      vertex 13.4623 17.2123 0.388573
    endloop
  endfacet
  facet normal 0.788046 0.583992 -0.194776
    outer loop
      vertex 13.9598 17.3084 1.13553
      vertex 13.8748 17.4231 1.13553
      vertex 13.9837 17.3243 1.2799
    endloop
  endfacet
  facet normal 0.772564 -0.0379414 -0.633802
    outer loop
      vertex 13.949 -16.6181 0.606451
      vertex 13.8561 -16.6089 0.492661
      vertex 13.9548 -16.5 0.606451
    endloop
  endfacet
  facet normal 0.271425 0.57365 -0.772822
    outer loop
      vertex 13.1712 17.288 0.295188
      vertex 13.1355 17.4307 0.388573
      vertex 13.2249 17.3884 0.388573
    endloop
  endfacet
  facet normal 0.707066 0 -0.707148
    outer loop
      vertex 13.8614 -16.5 0.492661
      vertex 13.7573 16.5 0.388573
      vertex 13.8614 16.5 0.492661
    endloop
  endfacet
  facet normal 0.707066 0 -0.707148
    outer loop
      vertex 13.7573 16.5 0.388573
      vertex 13.8614 -16.5 0.492661
      vertex 13.7573 -16.5 0.388573
    endloop
  endfacet
  facet normal 0.822816 0.121874 -0.555086
    outer loop
      vertex 14.0304 16.6261 0.728846
      vertex 13.9317 16.735 0.606451
      vertex 14.0119 16.751 0.728846
    endloop
  endfacet
  facet normal 0.806741 0.202564 -0.555101
    outer loop
      vertex 13.9317 16.735 0.606451
      vertex 13.9029 16.8497 0.606451
      vertex 14.0119 16.751 0.728846
    endloop
  endfacet
  facet normal 0.965437 -0.241698 -0.0975387
    outer loop
      vertex 14.2194 -16.7923 1.4264
      vertex 14.1837 -16.9349 1.4264
      vertex 14.2053 -16.7895 1.2799
    endloop
  endfacet
  facet normal 0.955943 0.0469683 -0.289772
    outer loop
      vertex 14.1623 16.5 0.994665
      vertex 14.1555 16.6384 0.994665
      vertex 14.205 16.5 1.13553
    endloop
  endfacet
  facet normal 0.993998 -0.0492213 -0.0977035
    outer loop
      vertex 14.2482 -16.5 1.4264
      vertex 14.2266 -16.6454 1.2799
      vertex 14.2338 -16.5 1.2799
    endloop
  endfacet
  facet normal 0.79956 -0.592495 -0.0982521
    outer loop
      vertex 13.9957 -17.3324 1.4264
      vertex 13.897 -17.4413 1.2799
      vertex 13.9837 -17.3243 1.2799
    endloop
  endfacet
  facet normal 0.998803 -0.0489209 0
    outer loop
      vertex 14.2428 -16.647 9.705
      vertex 14.25 -16.5 9.695
      vertex 14.25 -16.5 9.705
    endloop
  endfacet
  facet normal 0.998803 -0.0489209 0
    outer loop
      vertex 14.25 -16.5 9.695
      vertex 14.2428 -16.647 9.705
      vertex 14.2428 -16.647 9.695
    endloop
  endfacet
  facet normal 0.998803 0.0489209 0
    outer loop
      vertex 14.25 16.5 9.705
      vertex 14.2428 16.647 9.695
      vertex 14.2428 16.647 9.705
    endloop
  endfacet
  facet normal 0.998803 0.0489209 0
    outer loop
      vertex 14.2428 16.647 9.695
      vertex 14.25 16.5 9.705
      vertex 14.25 16.5 9.695
    endloop
  endfacet
  facet normal 0.969982 -0.243175 0
    outer loop
      vertex 14.1854 -16.9354 9.705
      vertex 14.2212 -16.7926 9.695
      vertex 14.2212 -16.7926 9.705
    endloop
  endfacet
  facet normal 0.969982 -0.243175 0
    outer loop
      vertex 14.2212 -16.7926 9.695
      vertex 14.1854 -16.9354 9.705
      vertex 14.1854 -16.9354 9.695
    endloop
  endfacet
  facet normal -0.37902 -0.0560608 -0.923689
    outer loop
      vertex -13.379 -16.6251 0.144015
      vertex -13.3882 -16.5629 0.144015
      vertex -13.2529 -16.5495 0.0876837
    endloop
  endfacet
  facet normal -0.549821 0.0815911 -0.831288
    outer loop
      vertex -13.5174 16.5756 0.213407
      vertex -13.6264 16.6743 0.295188
      vertex -13.5063 16.6504 0.213407
    endloop
  endfacet
  facet normal -0.627821 0.0930818 -0.772772
    outer loop
      vertex -13.6392 16.5876 0.295188
      vertex -13.7525 16.5987 0.388573
      vertex -13.738 16.6965 0.388573
    endloop
  endfacet
  facet normal -0.928334 0.232586 -0.29
    outer loop
      vertex -14.1352 16.7755 0.994665
      vertex -14.1771 16.7839 1.13553
      vertex -14.1424 16.9224 1.13553
    endloop
  endfacet
  facet normal -0.946758 0.140184 -0.289824
    outer loop
      vertex -14.1555 16.6384 0.994665
      vertex -14.198 16.6426 1.13553
      vertex -14.1352 16.7755 0.994665
    endloop
  endfacet
  facet normal -0.872514 0.129235 -0.471187
    outer loop
      vertex -14.0304 16.6261 0.728846
      vertex -14.0995 16.6329 0.858666
      vertex -14.0119 16.751 0.728846
    endloop
  endfacet
  facet normal -0.880983 0.0430879 -0.471182
    outer loop
      vertex -14.0304 16.6261 0.728846
      vertex -14.106 16.5 0.858666
      vertex -14.0995 16.6329 0.858666
    endloop
  endfacet
  facet normal -0.956999 0 -0.290092
    outer loop
      vertex -14.1623 -16.5 0.994665
      vertex -14.205 16.5 1.13553
      vertex -14.1623 16.5 0.994665
    endloop
  endfacet
  facet normal -0.956999 -0 -0.290092
    outer loop
      vertex -14.205 16.5 1.13553
      vertex -14.1623 -16.5 0.994665
      vertex -14.205 -16.5 1.13553
    endloop
  endfacet
  facet normal -0.502601 0.238074 -0.831092
    outer loop
      vertex -13.4625 16.7951 0.213407
      vertex -13.538 16.9212 0.295188
      vertex -13.4301 16.8635 0.213407
    endloop
  endfacet
  facet normal -0.502907 0.237818 -0.83098
    outer loop
      vertex -13.4625 16.7951 0.213407
      vertex -13.5755 16.8419 0.295188
      vertex -13.538 16.9212 0.295188
    endloop
  endfacet
  facet normal -0.349548 0.317294 -0.881556
    outer loop
      vertex -13.2458 16.9069 0.144015
      vertex -13.3461 16.9892 0.213407
      vertex -13.2035 16.9535 0.144015
    endloop
  endfacet
  facet normal -0.446524 0.331221 -0.831209
    outer loop
      vertex -13.3912 16.9284 0.213407
      vertex -13.4407 17.0669 0.295188
      vertex -13.3461 16.9892 0.213407
    endloop
  endfacet
  facet normal -0.331221 0.446524 -0.831209
    outer loop
      vertex -13.2392 17.0961 0.213407
      vertex -13.3169 17.1907 0.295188
      vertex -13.1784 17.1412 0.213407
    endloop
  endfacet
  facet normal -0.163768 0.346409 -0.923678
    outer loop
      vertex -12.9882 16.9457 0.0876837
      vertex -13.0523 17.0656 0.144015
      vertex -12.9954 17.0925 0.144015
    endloop
  endfacet
  facet normal -0.396855 0.663605 -0.634141
    outer loop
      vertex -13.3675 17.4241 0.492661
      vertex -13.4194 17.5018 0.606451
      vertex -13.3179 17.5625 0.606451
    endloop
  endfacet
  facet normal -0.330556 0.699416 -0.63368
    outer loop
      vertex -13.2739 17.4802 0.492661
      vertex -13.3179 17.5625 0.606451
      vertex -13.1753 17.5268 0.492661
    endloop
  endfacet
  facet normal -0.285476 0.477063 -0.831213
    outer loop
      vertex -13.1784 17.1412 0.213407
      vertex -13.2464 17.243 0.295188
      vertex -13.1712 17.288 0.295188
    endloop
  endfacet
  facet normal -0.373159 0.412091 -0.831224
    outer loop
      vertex -13.2953 17.0453 0.213407
      vertex -13.3169 17.1907 0.295188
      vertex -13.2392 17.0961 0.213407
    endloop
  endfacet
  facet normal 0.349755 -0.316712 -0.881683
    outer loop
      vertex 13.2953 -17.0453 0.213407
      vertex 13.2035 -16.9535 0.144015
      vertex 13.3461 -16.9892 0.213407
    endloop
  endfacet
  facet normal 0.772961 0 -0.634454
    outer loop
      vertex 13.9548 -16.5 0.606451
      vertex 13.8614 16.5 0.492661
      vertex 13.9548 16.5 0.606451
    endloop
  endfacet
  facet normal 0.772961 0 -0.634454
    outer loop
      vertex 13.8614 16.5 0.492661
      vertex 13.9548 -16.5 0.606451
      vertex 13.8614 -16.5 0.492661
    endloop
  endfacet
  facet normal 0.765112 -0.113455 -0.633823
    outer loop
      vertex 13.949 -16.6181 0.606451
      vertex 13.8401 -16.7168 0.492661
      vertex 13.8561 -16.6089 0.492661
    endloop
  endfacet
  facet normal 0.914227 -0.135367 -0.381923
    outer loop
      vertex 14.1352 -16.7755 0.994665
      vertex 14.0995 -16.6329 0.858666
      vertex 14.1555 -16.6384 0.994665
    endloop
  endfacet
  facet normal 0.742137 -0.550529 -0.382296
    outer loop
      vertex 13.8417 -17.396 0.994665
      vertex 13.7982 -17.3602 0.858666
      vertex 13.8775 -17.2533 0.858666
    endloop
  endfacet
  facet normal 0.509928 -0.378287 -0.772575
    outer loop
      vertex 13.5876 -17.0596 0.388573
      vertex 13.4407 -17.0669 0.295188
      vertex 13.493 -16.9964 0.295188
    endloop
  endfacet
  facet normal 0.904125 -0.427269 0
    outer loop
      vertex 14.0729 -17.2071 9.705
      vertex 14.1358 -17.074 9.695
      vertex 14.1358 -17.074 9.705
    endloop
  endfacet
  facet normal 0.904125 -0.427269 0
    outer loop
      vertex 14.1358 -17.074 9.695
      vertex 14.0729 -17.2071 9.705
      vertex 14.0729 -17.2071 9.695
    endloop
  endfacet
  facet normal 0.904125 -0.427269 -0.000222057
    outer loop
      vertex 14.1358 -17.074 9.695
      vertex 14.0729 -17.2071 9.695
      vertex 14.1341 -17.0733 1.4264
    endloop
  endfacet
  facet normal 0.58397 -0.788056 -0.194799
    outer loop
      vertex 13.6913 -17.647 1.2799
      vertex 13.5743 -17.7337 1.2799
      vertex 13.6731 -17.6248 1.13553
    endloop
  endfacet
  facet normal 0.596073 -0.80293 -0.000222455
    outer loop
      vertex 13.7016 -17.6595 9.695
      vertex 13.5824 -17.7457 1.4264
      vertex 13.7004 -17.6581 1.4264
    endloop
  endfacet
  facet normal 0.513896 -0.857853 -0.000221932
    outer loop
      vertex 13.4571 -17.8229 9.695
      vertex 13.4562 -17.8213 1.4264
      vertex 13.5824 -17.7457 1.4264
    endloop
  endfacet
  facet normal 0.425272 -0.899772 -0.0977403
    outer loop
      vertex 13.4562 -17.8213 1.4264
      vertex 13.3178 -17.8708 1.2799
      vertex 13.4494 -17.8086 1.2799
    endloop
  endfacet
  facet normal 0.242856 -0.970062 -0.000214127
    outer loop
      vertex 13.1854 -17.9354 9.695
      vertex 13.0423 -17.9694 1.4264
      vertex 13.1849 -17.9337 1.4264
    endloop
  endfacet
  facet normal 0.33737 -0.941372 -0.000213944
    outer loop
      vertex 13.1854 -17.9354 9.695
      vertex 13.1849 -17.9337 1.4264
      vertex 13.3233 -17.8841 1.4264
    endloop
  endfacet
  facet normal 0.74123 0.671251 0
    outer loop
      vertex 13.9095 17.4516 9.705
      vertex 13.8107 17.5607 9.695
      vertex 13.8107 17.5607 9.705
    endloop
  endfacet
  facet normal 0.74123 0.671251 0
    outer loop
      vertex 13.8107 17.5607 9.695
      vertex 13.9095 17.4516 9.705
      vertex 13.9095 17.4516 9.695
    endloop
  endfacet
  facet normal 0.595861 -0.803088 -0.000217751
    outer loop
      vertex 13.5834 -17.7472 9.695
      vertex 13.5824 -17.7457 1.4264
      vertex 13.7016 -17.6595 9.695
    endloop
  endfacet
  facet normal 0.857733 0.514096 -0.000217775
    outer loop
      vertex 14.0729 17.2071 9.695
      vertex 13.9957 17.3324 1.4264
      vertex 13.9972 17.3334 9.695
    endloop
  endfacet
  facet normal 0.658725 -0.726726 -0.19481
    outer loop
      vertex 13.7992 -17.5492 1.2799
      vertex 13.6731 -17.6248 1.13553
      vertex 13.7789 -17.5289 1.13553
    endloop
  endfacet
  facet normal 0.684538 -0.620666 -0.382336
    outer loop
      vertex 13.8417 -17.396 0.994665
      vertex 13.7088 -17.4588 0.858666
      vertex 13.7982 -17.3602 0.858666
    endloop
  endfacet
  facet normal 0.658714 -0.726741 -0.194793
    outer loop
      vertex 13.6913 -17.647 1.2799
      vertex 13.6731 -17.6248 1.13553
      vertex 13.7992 -17.5492 1.2799
    endloop
  endfacet
  facet normal 0.751573 -0.356082 -0.555287
    outer loop
      vertex 13.9387 -16.9924 0.728846
      vertex 13.8125 -17.0679 0.606451
      vertex 13.8631 -16.9611 0.606451
    endloop
  endfacet
  facet normal 0.667789 -0.495903 -0.555101
    outer loop
      vertex 13.7445 -17.3162 0.728846
      vertex 13.6813 -17.2643 0.606451
      vertex 13.8198 -17.2148 0.728846
    endloop
  endfacet
  facet normal 0.713236 -0.427415 -0.555528
    outer loop
      vertex 13.8198 -17.2148 0.728846
      vertex 13.8125 -17.0679 0.606451
      vertex 13.8847 -17.1065 0.728846
    endloop
  endfacet
  facet normal 0.509931 -0.378273 -0.77258
    outer loop
      vertex 13.5287 -17.139 0.388573
      vertex 13.4407 -17.0669 0.295188
      vertex 13.5876 -17.0596 0.388573
    endloop
  endfacet
  facet normal 0.970231 -0.143509 -0.195083
    outer loop
      vertex 14.2053 -16.7895 1.2799
      vertex 14.1771 -16.7839 1.13553
      vertex 14.198 -16.6426 1.13553
    endloop
  endfacet
  facet normal 0.899818 -0.425196 -0.0976529
    outer loop
      vertex 14.1341 -17.0733 1.4264
      vertex 14.0713 -17.2062 1.4264
      vertex 14.1208 -17.0678 1.2799
    endloop
  endfacet
  facet normal -0.0487508 -0.993975 -0.0981672
    outer loop
      vertex -12.75 -17.9982 1.4264
      vertex -12.8968 -17.991 1.4264
      vertex -12.8954 -17.9766 1.2799
    endloop
  endfacet
  facet normal -0.0489874 -0.998799 -0.000218615
    outer loop
      vertex -12.75 -17.9982 1.4264
      vertex -12.897 -17.9928 9.695
      vertex -12.8968 -17.991 1.4264
    endloop
  endfacet
  facet normal -0.336939 -0.941527 0
    outer loop
      vertex -13.324 -17.8858 9.695
      vertex -13.1854 -17.9354 9.705
      vertex -13.324 -17.8858 9.705
    endloop
  endfacet
  facet normal -0.336939 -0.941527 -0
    outer loop
      vertex -13.1854 -17.9354 9.705
      vertex -13.324 -17.8858 9.695
      vertex -13.1854 -17.9354 9.695
    endloop
  endfacet
  facet normal -0.427269 -0.904125 -0.000222057
    outer loop
      vertex -13.324 -17.8858 9.695
      vertex -13.4571 -17.8229 9.695
      vertex -13.3233 -17.8841 1.4264
    endloop
  endfacet
  facet normal 0.0930818 -0.627821 -0.772772
    outer loop
      vertex 12.8487 -17.5025 0.388573
      vertex 12.8376 -17.3892 0.295188
      vertex 12.9465 -17.488 0.388573
    endloop
  endfacet
  facet normal 0.023677 -0.471048 -0.88179
    outer loop
      vertex 12.8256 -17.2674 0.213407
      vertex 12.75 -17.2712 0.213407
      vertex 12.75 -17.1413 0.144015
    endloop
  endfacet
  facet normal 0.121763 -0.822783 -0.555159
    outer loop
      vertex 12.8761 -17.7804 0.728846
      vertex 12.8681 -17.699 0.606451
      vertex 12.985 -17.6817 0.606451
    endloop
  endfacet
  facet normal 0.279804 -0.78317 -0.555297
    outer loop
      vertex 13.2424 -17.6887 0.728846
      vertex 13.0997 -17.6529 0.606451
      vertex 13.2111 -17.6131 0.606451
    endloop
  endfacet
  facet normal 0.0451474 -0.92309 -0.381925
    outer loop
      vertex 12.8884 -17.9055 0.994665
      vertex 12.75 -17.856 0.858666
      vertex 12.8829 -17.8495 0.858666
    endloop
  endfacet
  facet normal -0.202564 -0.806741 -0.555101
    outer loop
      vertex -13.001 -17.7619 0.728846
      vertex -13.0997 -17.6529 0.606451
      vertex -12.985 -17.6817 0.606451
    endloop
  endfacet
  facet normal 0.224581 -0.896324 -0.382319
    outer loop
      vertex 13.16 -17.8515 0.994665
      vertex 13.0255 -17.8852 0.994665
      vertex 13.1436 -17.7976 0.858666
    endloop
  endfacet
  facet normal 0.409483 -0.865209 -0.289373
    outer loop
      vertex 13.4359 -17.7832 1.13553
      vertex 13.3068 -17.8443 1.13553
      vertex 13.4158 -17.7456 0.994665
    endloop
  endfacet
  facet normal -0.0469683 -0.955943 -0.289772
    outer loop
      vertex -12.75 -17.955 1.13553
      vertex -12.8884 -17.9055 0.994665
      vertex -12.75 -17.9123 0.994665
    endloop
  endfacet
  facet normal 0.0453501 -0.923007 -0.382101
    outer loop
      vertex 12.8884 -17.9055 0.994665
      vertex 12.75 -17.9123 0.994665
      vertex 12.75 -17.856 0.858666
    endloop
  endfacet
  facet normal 0.140034 -0.94674 -0.289956
    outer loop
      vertex 13.0339 -17.9271 1.13553
      vertex 12.8926 -17.948 1.13553
      vertex 13.0255 -17.8852 0.994665
    endloop
  endfacet
  facet normal 0.143509 -0.970231 -0.195083
    outer loop
      vertex 13.0395 -17.9553 1.2799
      vertex 12.8926 -17.948 1.13553
      vertex 13.0339 -17.9271 1.13553
    endloop
  endfacet
  facet normal 0.475467 -0.792223 -0.38251
    outer loop
      vertex 13.4158 -17.7456 0.994665
      vertex 13.3892 -17.6959 0.858666
      vertex 13.5346 -17.6743 0.994665
    endloop
  endfacet
  facet normal 0.491894 -0.82094 -0.289997
    outer loop
      vertex 13.5584 -17.7098 1.13553
      vertex 13.4359 -17.7832 1.13553
      vertex 13.5346 -17.6743 0.994665
    endloop
  endfacet
  facet normal 0.33071 -0.92343 -0.194699
    outer loop
      vertex 13.3178 -17.8708 1.2799
      vertex 13.1807 -17.9199 1.2799
      vertex 13.3068 -17.8443 1.13553
    endloop
  endfacet
  facet normal 0.238517 -0.951373 -0.194933
    outer loop
      vertex 13.1807 -17.9199 1.2799
      vertex 13.0395 -17.9553 1.2799
      vertex 13.1724 -17.8924 1.13553
    endloop
  endfacet
  facet normal 0.296949 -0.830758 -0.470811
    outer loop
      vertex 13.2689 -17.7528 0.858666
      vertex 13.1235 -17.7312 0.728846
      vertex 13.2424 -17.6887 0.728846
    endloop
  endfacet
  facet normal 0.504134 -0.841367 -0.194808
    outer loop
      vertex 13.5743 -17.7337 1.2799
      vertex 13.4359 -17.7832 1.13553
      vertex 13.5584 -17.7098 1.13553
    endloop
  endfacet
  facet normal 0.421624 -0.568219 -0.706654
    outer loop
      vertex 13.4551 -17.3591 0.492661
      vertex 13.3675 -17.4241 0.492661
      vertex 13.389 -17.2787 0.388573
    endloop
  endfacet
  facet normal 0.569962 -0.76869 -0.290275
    outer loop
      vertex 13.6731 -17.6248 1.13553
      vertex 13.5346 -17.6743 0.994665
      vertex 13.646 -17.5917 0.994665
    endloop
  endfacet
  facet normal 0.187959 -0.750417 -0.633676
    outer loop
      vertex 13.0997 -17.6529 0.606451
      vertex 12.9668 -17.5901 0.492661
      vertex 13.0726 -17.5636 0.492661
    endloop
  endfacet
  facet normal 0.260954 -0.72826 -0.633672
    outer loop
      vertex 13.0997 -17.6529 0.606451
      vertex 13.0726 -17.5636 0.492661
      vertex 13.1753 -17.5268 0.492661
    endloop
  endfacet
  facet normal 0.475019 -0.524381 -0.70667
    outer loop
      vertex 13.5359 -17.2859 0.492661
      vertex 13.389 -17.2787 0.388573
      vertex 13.4623 -17.2123 0.388573
    endloop
  endfacet
  facet normal 0.495903 -0.667789 -0.555101
    outer loop
      vertex 13.5662 -17.4945 0.728846
      vertex 13.4648 -17.5698 0.728846
      vertex 13.5143 -17.4313 0.606451
    endloop
  endfacet
  facet normal 0.0485085 -0.979603 -0.195002
    outer loop
      vertex 12.8954 -17.9766 1.2799
      vertex 12.75 -17.9838 1.2799
      vertex 12.8926 -17.948 1.13553
    endloop
  endfacet
  facet normal 0.143418 -0.970262 -0.194993
    outer loop
      vertex 12.8954 -17.9766 1.2799
      vertex 12.8926 -17.948 1.13553
      vertex 13.0395 -17.9553 1.2799
    endloop
  endfacet
  facet normal -0.238517 -0.951373 -0.194933
    outer loop
      vertex -13.0395 -17.9553 1.2799
      vertex -13.1807 -17.9199 1.2799
      vertex -13.1724 -17.8924 1.13553
    endloop
  endfacet
  facet normal -0.425272 -0.899772 -0.0977403
    outer loop
      vertex -13.3178 -17.8708 1.2799
      vertex -13.4562 -17.8213 1.4264
      vertex -13.4494 -17.8086 1.2799
    endloop
  endfacet
  facet normal -0.173111 0.233349 -0.95686
    outer loop
      vertex -12.9812 16.7817 0.0449524
      vertex -13.0706 16.8906 0.0876837
      vertex -13.0307 16.9202 0.0876837
    endloop
  endfacet
  facet normal 0.0422306 -0.088548 -0.995176
    outer loop
      vertex 12.8538 -16.6941 0.0162344
      vertex 12.7782 -16.568 0.00180626
      vertex 12.7847 -16.5649 0.00180626
    endloop
  endfacet
  facet normal -0.116435 0.156887 -0.980729
    outer loop
      vertex -12.8723 16.683 0.0162344
      vertex -12.9812 16.7817 0.0449524
      vertex -12.9525 16.803 0.0449524
    endloop
  endfacet
  facet normal 0.0417097 -0.0888597 -0.99517
    outer loop
      vertex 12.8342 -16.7033 0.0162344
      vertex 12.7782 -16.568 0.00180626
      vertex 12.8538 -16.6941 0.0162344
    endloop
  endfacet
  facet normal 0.0786779 -0.0586673 -0.995172
    outer loop
      vertex 12.9201 -16.6396 0.0162344
      vertex 12.8112 -16.5409 0.00180626
      vertex 12.933 -16.6223 0.0162344
    endloop
  endfacet
  facet normal 0.173167 -0.233328 -0.956855
    outer loop
      vertex 13.0307 -16.9202 0.0876837
      vertex 12.9525 -16.803 0.0449524
      vertex 12.9812 -16.7817 0.0449524
    endloop
  endfacet
  facet normal 0.159104 -0.444289 -0.881642
    outer loop
      vertex 12.9739 -17.2379 0.213407
      vertex 12.9362 -17.1137 0.144015
      vertex 12.9954 -17.0925 0.144015
    endloop
  endfacet
  facet normal 0.0815911 -0.549821 -0.831288
    outer loop
      vertex 12.9243 -17.3764 0.295188
      vertex 12.8256 -17.2674 0.213407
      vertex 12.9004 -17.2563 0.213407
    endloop
  endfacet
  facet normal 0.131155 -0.144723 -0.980741
    outer loop
      vertex 12.9812 -16.7817 0.0449524
      vertex 12.8896 -16.6701 0.0162344
      vertex 12.9056 -16.6556 0.0162344
    endloop
  endfacet
  facet normal -0.583992 -0.788046 -0.194776
    outer loop
      vertex -13.5743 -17.7337 1.2799
      vertex -13.6731 -17.6248 1.13553
      vertex -13.5584 -17.7098 1.13553
    endloop
  endfacet
  facet normal -0.409483 -0.865209 -0.289373
    outer loop
      vertex -13.3068 -17.8443 1.13553
      vertex -13.4359 -17.7832 1.13553
      vertex -13.4158 -17.7456 0.994665
    endloop
  endfacet
  facet normal -0.595861 -0.803088 0
    outer loop
      vertex -13.7016 -17.6595 9.695
      vertex -13.5834 -17.7472 9.705
      vertex -13.7016 -17.6595 9.705
    endloop
  endfacet
  facet normal -0.595861 -0.803088 -0
    outer loop
      vertex -13.5834 -17.7472 9.705
      vertex -13.7016 -17.6595 9.695
      vertex -13.5834 -17.7472 9.695
    endloop
  endfacet
  facet normal -0.671251 -0.74123 -0.000222072
    outer loop
      vertex -13.7016 -17.6595 9.695
      vertex -13.8107 -17.5607 9.695
      vertex -13.8094 -17.5594 1.4264
    endloop
  endfacet
  facet normal 0 -0.707066 -0.707148
    outer loop
      vertex -12.75 -17.6114 0.492661
      vertex 12.75 -17.5073 0.388573
      vertex 12.75 -17.6114 0.492661
    endloop
  endfacet
  facet normal -0 -0.707066 -0.707148
    outer loop
      vertex 12.75 -17.5073 0.388573
      vertex -12.75 -17.6114 0.492661
      vertex -12.75 -17.5073 0.388573
    endloop
  endfacet
  facet normal 0.0408442 -0.830718 -0.555192
    outer loop
      vertex 12.8761 -17.7804 0.728846
      vertex 12.75 -17.7866 0.728846
      vertex 12.75 -17.7048 0.606451
    endloop
  endfacet
  facet normal -0.297011 -0.830702 -0.470871
    outer loop
      vertex -13.1436 -17.7976 0.858666
      vertex -13.2689 -17.7528 0.858666
      vertex -13.1235 -17.7312 0.728846
    endloop
  endfacet
  facet normal -0.355698 -0.751577 -0.555528
    outer loop
      vertex -13.2424 -17.6887 0.728846
      vertex -13.3565 -17.6347 0.728846
      vertex -13.3179 -17.5625 0.606451
    endloop
  endfacet
  facet normal -0.788056 -0.58397 -0.194799
    outer loop
      vertex -13.897 -17.4413 1.2799
      vertex -13.9837 -17.3243 1.2799
      vertex -13.8748 -17.4231 1.13553
    endloop
  endfacet
  facet normal -0.803088 -0.595861 -0.000217751
    outer loop
      vertex -13.9095 -17.4516 9.695
      vertex -13.9972 -17.3334 9.695
      vertex -13.9957 -17.3324 1.4264
    endloop
  endfacet
  facet normal -0.841125 -0.504406 -0.195152
    outer loop
      vertex -13.9837 -17.3243 1.2799
      vertex -14.0586 -17.1994 1.2799
      vertex -14.0332 -17.1859 1.13553
    endloop
  endfacet
  facet normal -0.865209 -0.409483 -0.289373
    outer loop
      vertex -14.0332 -17.1859 1.13553
      vertex -14.0943 -17.0568 1.13553
      vertex -13.9956 -17.1658 0.994665
    endloop
  endfacet
  facet normal -0.928326 -0.232599 -0.290014
    outer loop
      vertex -14.1015 -16.91 0.994665
      vertex -14.1424 -16.9224 1.13553
      vertex -14.1352 -16.7755 0.994665
    endloop
  endfacet
  facet normal -0.946758 -0.140184 -0.289824
    outer loop
      vertex -14.1352 -16.7755 0.994665
      vertex -14.198 -16.6426 1.13553
      vertex -14.1555 -16.6384 0.994665
    endloop
  endfacet
  facet normal -0.58397 -0.788056 -0.194799
    outer loop
      vertex -13.5743 -17.7337 1.2799
      vertex -13.6913 -17.647 1.2799
      vertex -13.6731 -17.6248 1.13553
    endloop
  endfacet
  facet normal -0.663605 -0.396855 -0.634141
    outer loop
      vertex -13.7518 -17.1694 0.606451
      vertex -13.8125 -17.0679 0.606451
      vertex -13.6741 -17.1175 0.492661
    endloop
  endfacet
  facet normal -0.708562 -0.525622 -0.470809
    outer loop
      vertex -13.7982 -17.3602 0.858666
      vertex -13.8775 -17.2533 0.858666
      vertex -13.8198 -17.2148 0.728846
    endloop
  endfacet
  facet normal -0.792608 -0.475148 -0.382107
    outer loop
      vertex -13.9243 -17.2846 0.994665
      vertex -13.9459 -17.1392 0.858666
      vertex -13.8775 -17.2533 0.858666
    endloop
  endfacet
  facet normal -0.285915 -0.477015 -0.831089
    outer loop
      vertex -13.1712 -17.288 0.295188
      vertex -13.1784 -17.1412 0.213407
      vertex -13.1135 -17.1801 0.213407
    endloop
  endfacet
  facet normal -0.519493 -0.573143 -0.633746
    outer loop
      vertex -13.5143 -17.4313 0.606451
      vertex -13.6019 -17.3519 0.606451
      vertex -13.5359 -17.2859 0.492661
    endloop
  endfacet
  facet normal -0.363919 -0.606771 -0.706677
    outer loop
      vertex -13.2249 -17.3884 0.388573
      vertex -13.3675 -17.4241 0.492661
      vertex -13.3096 -17.3376 0.388573
    endloop
  endfacet
  facet normal -0.783072 -0.279904 -0.555384
    outer loop
      vertex -13.9387 -16.9924 0.728846
      vertex -13.9812 -16.8735 0.728846
      vertex -13.9029 -16.8497 0.606451
    endloop
  endfacet
  facet normal -0.509928 -0.378287 -0.772575
    outer loop
      vertex -13.4407 -17.0669 0.295188
      vertex -13.5876 -17.0596 0.388573
      vertex -13.493 -16.9964 0.295188
    endloop
  endfacet
  facet normal -0.0417097 -0.0888597 -0.99517
    outer loop
      vertex -12.8342 -16.7033 0.0162344
      vertex -12.8538 -16.6941 0.0162344
      vertex -12.7782 -16.568 0.00180626
    endloop
  endfacet
  facet normal -0.457787 0.114634 -0.881641
    outer loop
      vertex -13.379 16.6251 0.144015
      vertex -13.4879 16.7239 0.213407
      vertex -13.3637 16.6862 0.144015
    endloop
  endfacet
  facet normal -0.471262 0.023226 -0.881687
    outer loop
      vertex -13.3913 16.5 0.144015
      vertex -13.5174 16.5756 0.213407
      vertex -13.3882 16.5629 0.144015
    endloop
  endfacet
  facet normal -0.886493 0.419556 -0.195199
    outer loop
      vertex -14.0332 17.1859 1.13553
      vertex -14.0943 17.0568 1.13553
      vertex -14.0586 17.1994 1.2799
    endloop
  endfacet
  facet normal -0.853468 0.511808 -0.0982066
    outer loop
      vertex -13.9837 17.3243 1.2799
      vertex -14.0586 17.1994 1.2799
      vertex -13.9957 17.3324 1.4264
    endloop
  endfacet
  facet normal -0.658725 0.726726 -0.19481
    outer loop
      vertex -13.7789 17.5289 1.13553
      vertex -13.7992 17.5492 1.2799
      vertex -13.6731 17.6248 1.13553
    endloop
  endfacet
  facet normal -0.726741 0.658714 -0.194793
    outer loop
      vertex -13.8748 17.4231 1.13553
      vertex -13.897 17.4413 1.2799
      vertex -13.7992 17.5492 1.2799
    endloop
  endfacet
  facet normal -0.513896 0.857853 -0.000221932
    outer loop
      vertex -13.4562 17.8213 1.4264
      vertex -13.5824 17.7457 1.4264
      vertex -13.4571 17.8229 9.695
    endloop
  endfacet
  facet normal -0.511435 0.853744 -0.0977496
    outer loop
      vertex -13.4494 17.8086 1.2799
      vertex -13.5824 17.7457 1.4264
      vertex -13.4562 17.8213 1.4264
    endloop
  endfacet
  facet normal -0.519287 0.573202 -0.633861
    outer loop
      vertex -13.4551 17.3591 0.492661
      vertex -13.5359 17.2859 0.492661
      vertex -13.5143 17.4313 0.606451
    endloop
  endfacet
  facet normal -0.573202 0.519287 -0.633861
    outer loop
      vertex -13.6091 17.2051 0.492661
      vertex -13.6813 17.2643 0.606451
      vertex -13.5359 17.2859 0.492661
    endloop
  endfacet
  facet normal -0.616742 0.558099 -0.555116
    outer loop
      vertex -13.6813 17.2643 0.606451
      vertex -13.7445 17.3162 0.728846
      vertex -13.6598 17.4098 0.728846
    endloop
  endfacet
  facet normal -0.756695 0.453458 -0.470943
    outer loop
      vertex -13.8847 17.1065 0.728846
      vertex -13.9459 17.1392 0.858666
      vertex -13.8198 17.2148 0.728846
    endloop
  endfacet
  facet normal -0.684776 0.620099 -0.38283
    outer loop
      vertex -13.7088 17.4588 0.858666
      vertex -13.8417 17.396 0.994665
      vertex -13.7487 17.4987 0.994665
    endloop
  endfacet
  facet normal -0.427415 0.713236 -0.555528
    outer loop
      vertex -13.3179 17.5625 0.606451
      vertex -13.4648 17.5698 0.728846
      vertex -13.3565 17.6347 0.728846
    endloop
  endfacet
  facet normal -0.504134 0.841367 -0.194808
    outer loop
      vertex -13.5584 17.7098 1.13553
      vertex -13.5743 17.7337 1.2799
      vertex -13.4359 17.7832 1.13553
    endloop
  endfacet
  facet normal -0.491894 0.82094 -0.289997
    outer loop
      vertex -13.5346 17.6743 0.994665
      vertex -13.5584 17.7098 1.13553
      vertex -13.4359 17.7832 1.13553
    endloop
  endfacet
  facet normal -0.475467 0.792223 -0.38251
    outer loop
      vertex -13.3892 17.6959 0.858666
      vertex -13.5346 17.6743 0.994665
      vertex -13.4158 17.7456 0.994665
    endloop
  endfacet
  facet normal -0.395055 0.835239 -0.382502
    outer loop
      vertex -13.3892 17.6959 0.858666
      vertex -13.4158 17.7456 0.994665
      vertex -13.2689 17.7528 0.858666
    endloop
  endfacet
  facet normal -0.475031 0.524351 -0.706684
    outer loop
      vertex -13.389 17.2787 0.388573
      vertex -13.5359 17.2859 0.492661
      vertex -13.4551 17.3591 0.492661
    endloop
  endfacet
  facet normal -0.558391 0.616058 -0.555583
    outer loop
      vertex -13.6019 17.3519 0.606451
      vertex -13.6598 17.4098 0.728846
      vertex -13.5143 17.4313 0.606451
    endloop
  endfacet
  facet normal 0.232599 0.928326 -0.290014
    outer loop
      vertex 13.16 17.8515 0.994665
      vertex 13.0255 17.8852 0.994665
      vertex 13.1724 17.8924 1.13553
    endloop
  endfacet
  facet normal -0.335758 0.936872 -0.0976592
    outer loop
      vertex -13.3178 17.8708 1.2799
      vertex -13.3233 17.8841 1.4264
      vertex -13.1849 17.9337 1.4264
    endloop
  endfacet
  facet normal -0.232599 0.928326 -0.290014
    outer loop
      vertex -13.16 17.8515 0.994665
      vertex -13.1724 17.8924 1.13553
      vertex -13.0255 17.8852 0.994665
    endloop
  endfacet
  facet normal -0.0480842 0.979543 -0.195406
    outer loop
      vertex -12.75 17.955 1.13553
      vertex -12.8926 17.948 1.13553
      vertex -12.75 17.9838 1.2799
    endloop
  endfacet
  facet normal -0.140184 0.946758 -0.289824
    outer loop
      vertex -12.8884 17.9055 0.994665
      vertex -13.0255 17.8852 0.994665
      vertex -12.8926 17.948 1.13553
    endloop
  endfacet
  facet normal -0.336939 0.941527 0
    outer loop
      vertex -13.1854 17.9354 9.695
      vertex -13.324 17.8858 9.705
      vertex -13.1854 17.9354 9.705
    endloop
  endfacet
  facet normal -0.336939 0.941527 0
    outer loop
      vertex -13.324 17.8858 9.705
      vertex -13.1854 17.9354 9.695
      vertex -13.324 17.8858 9.695
    endloop
  endfacet
  facet normal -0.146746 0.989174 0
    outer loop
      vertex -12.897 17.9928 9.695
      vertex -13.0426 17.9712 9.705
      vertex -12.897 17.9928 9.705
    endloop
  endfacet
  facet normal -0.146746 0.989174 0
    outer loop
      vertex -13.0426 17.9712 9.705
      vertex -12.897 17.9928 9.695
      vertex -13.0426 17.9712 9.695
    endloop
  endfacet
  facet normal -0.0489209 0.998803 0
    outer loop
      vertex -12.75 18 9.695
      vertex -12.897 17.9928 9.705
      vertex -12.75 18 9.705
    endloop
  endfacet
  facet normal -0.0489209 0.998803 0
    outer loop
      vertex -12.897 17.9928 9.705
      vertex -12.75 18 9.695
      vertex -12.897 17.9928 9.695
    endloop
  endfacet
  facet normal -0.243175 0.969982 -0.000219979
    outer loop
      vertex -13.0423 17.9694 1.4264
      vertex -13.1854 17.9354 9.695
      vertex -13.0426 17.9712 9.695
    endloop
  endfacet
  facet normal -0.0487508 0.993975 -0.0981672
    outer loop
      vertex -12.8954 17.9766 1.2799
      vertex -12.8968 17.991 1.4264
      vertex -12.75 17.9982 1.4264
    endloop
  endfacet
  facet normal -0.145519 0.984474 -0.098158
    outer loop
      vertex -12.8954 17.9766 1.2799
      vertex -13.0395 17.9553 1.2799
      vertex -12.8968 17.991 1.4264
    endloop
  endfacet
  facet normal -0.995204 0 -0.0978221
    outer loop
      vertex -14.2338 -16.5 1.2799
      vertex -14.2482 16.5 1.4264
      vertex -14.2338 16.5 1.2799
    endloop
  endfacet
  facet normal -0.995204 -0 -0.0978221
    outer loop
      vertex -14.2482 16.5 1.4264
      vertex -14.2338 -16.5 1.2799
      vertex -14.2482 -16.5 1.4264
    endloop
  endfacet
  facet normal -0.904125 0.427269 -0.000222057
    outer loop
      vertex -14.1341 17.0733 1.4264
      vertex -14.1358 17.074 9.695
      vertex -14.0729 17.2071 9.695
    endloop
  endfacet
  facet normal -0.904125 0.427269 0
    outer loop
      vertex -14.1358 17.074 9.695
      vertex -14.0729 17.2071 9.705
      vertex -14.0729 17.2071 9.695
    endloop
  endfacet
  facet normal -0.904125 0.427269 0
    outer loop
      vertex -14.0729 17.2071 9.705
      vertex -14.1358 17.074 9.695
      vertex -14.1358 17.074 9.705
    endloop
  endfacet
  facet normal -0.788046 0.583992 -0.194776
    outer loop
      vertex -13.9598 17.3084 1.13553
      vertex -13.9837 17.3243 1.2799
      vertex -13.8748 17.4231 1.13553
    endloop
  endfacet
  facet normal -0.886797 0.41914 -0.194713
    outer loop
      vertex -14.0943 17.0568 1.13553
      vertex -14.1208 17.0678 1.2799
      vertex -14.0586 17.1994 1.2799
    endloop
  endfacet
  facet normal -0.970062 0.242856 -0.000214127
    outer loop
      vertex -14.1837 16.9349 1.4264
      vertex -14.2194 16.7923 1.4264
      vertex -14.1854 16.9354 9.695
    endloop
  endfacet
  facet normal -0.965437 0.241698 -0.0975387
    outer loop
      vertex -14.2053 16.7895 1.2799
      vertex -14.2194 16.7923 1.4264
      vertex -14.1837 16.9349 1.4264
    endloop
  endfacet
  facet normal -0.98916 0.146844 -0.000218883
    outer loop
      vertex -14.241 16.6468 1.4264
      vertex -14.2428 16.647 9.695
      vertex -14.2194 16.7923 1.4264
    endloop
  endfacet
  facet normal -0.998799 0.0489874 -0.000218615
    outer loop
      vertex -14.241 16.6468 1.4264
      vertex -14.2482 16.5 1.4264
      vertex -14.2428 16.647 9.695
    endloop
  endfacet
  facet normal -0.671251 -0.74123 0
    outer loop
      vertex -13.8107 -17.5607 9.695
      vertex -13.7016 -17.6595 9.705
      vertex -13.8107 -17.5607 9.705
    endloop
  endfacet
  facet normal -0.671251 -0.74123 -0
    outer loop
      vertex -13.7016 -17.6595 9.705
      vertex -13.8107 -17.5607 9.695
      vertex -13.7016 -17.6595 9.695
    endloop
  endfacet
  facet normal 0.336939 0.941527 -0
    outer loop
      vertex 13.324 17.8858 9.695
      vertex 13.1854 17.9354 9.705
      vertex 13.324 17.8858 9.705
    endloop
  endfacet
  facet normal 0.336939 0.941527 0
    outer loop
      vertex 13.1854 17.9354 9.705
      vertex 13.324 17.8858 9.695
      vertex 13.1854 17.9354 9.695
    endloop
  endfacet
  facet normal -0.984474 -0.145519 -0.098158
    outer loop
      vertex -14.2053 -16.7895 1.2799
      vertex -14.241 -16.6468 1.4264
      vertex -14.2266 -16.6454 1.2799
    endloop
  endfacet
  facet normal -0.979603 -0.0485085 -0.195002
    outer loop
      vertex -14.2266 -16.6454 1.2799
      vertex -14.2338 -16.5 1.2799
      vertex -14.198 -16.6426 1.13553
    endloop
  endfacet
  facet normal -0.0188612 0.3827 -0.92368
    outer loop
      vertex -12.7995 17.0029 0.0876837
      vertex -12.8129 17.1382 0.144015
      vertex -12.75 17.1413 0.144015
    endloop
  endfacet
  facet normal -0.114634 0.457787 -0.881641
    outer loop
      vertex -12.9362 17.1137 0.144015
      vertex -12.9739 17.2379 0.213407
      vertex -12.8751 17.129 0.144015
    endloop
  endfacet
  facet normal -0.129235 0.872514 -0.471187
    outer loop
      vertex -12.8761 17.7804 0.728846
      vertex -13.001 17.7619 0.728846
      vertex -12.8829 17.8495 0.858666
    endloop
  endfacet
  facet normal -0.129977 0.8727 -0.470639
    outer loop
      vertex -13.001 17.7619 0.728846
      vertex -13.0145 17.8299 0.858666
      vertex -12.8829 17.8495 0.858666
    endloop
  endfacet
  facet normal -0.31136 0.870075 -0.38213
    outer loop
      vertex -13.2689 17.7528 0.858666
      vertex -13.2905 17.8048 0.994665
      vertex -13.16 17.8515 0.994665
    endloop
  endfacet
  facet normal -0.322477 0.901057 -0.290008
    outer loop
      vertex -13.16 17.8515 0.994665
      vertex -13.3068 17.8443 1.13553
      vertex -13.1724 17.8924 1.13553
    endloop
  endfacet
  facet normal -0.0407985 0.830742 -0.55516
    outer loop
      vertex -12.8681 17.699 0.606451
      vertex -12.8761 17.7804 0.728846
      vertex -12.75 17.7048 0.606451
    endloop
  endfacet
  facet normal -0.113455 0.765112 -0.633823
    outer loop
      vertex -12.8589 17.6061 0.492661
      vertex -12.9668 17.5901 0.492661
      vertex -12.8681 17.699 0.606451
    endloop
  endfacet
  facet normal -0.113218 0.765037 -0.633956
    outer loop
      vertex -12.9668 17.5901 0.492661
      vertex -12.985 17.6817 0.606451
      vertex -12.8681 17.699 0.606451
    endloop
  endfacet
  facet normal -0.0272618 0.555379 -0.83115
    outer loop
      vertex -12.8256 17.2674 0.213407
      vertex -12.8376 17.3892 0.295188
      vertex -12.75 17.3935 0.295188
    endloop
  endfacet
  facet normal 0 0.707066 -0.707148
    outer loop
      vertex -12.75 17.5073 0.388573
      vertex 12.75 17.6114 0.492661
      vertex 12.75 17.5073 0.388573
    endloop
  endfacet
  facet normal 0 0.707066 -0.707148
    outer loop
      vertex 12.75 17.6114 0.492661
      vertex -12.75 17.5073 0.388573
      vertex -12.75 17.6114 0.492661
    endloop
  endfacet
  facet normal 0.176569 -0.0836378 -0.980728
    outer loop
      vertex 13.0714 -16.6718 0.0449524
      vertex 12.9441 -16.6038 0.0162344
      vertex 13.0867 -16.6395 0.0449524
    endloop
  endfacet
  facet normal 0.371649 -0.092719 -0.923732
    outer loop
      vertex 13.379 -16.6251 0.144015
      vertex 13.2336 -16.6467 0.0876837
      vertex 13.2456 -16.5986 0.0876837
    endloop
  endfacet
  facet normal 0.290198 -0.0146318 -0.956855
    outer loop
      vertex 13.2529 -16.5495 0.0876837
      vertex 13.1127 -16.5357 0.0449524
      vertex 13.1145 -16.5 0.0449524
    endloop
  endfacet
  facet normal 0.282049 -0.0703656 -0.956816
    outer loop
      vertex 13.2336 -16.6467 0.0876837
      vertex 13.1075 -16.5711 0.0449524
      vertex 13.2456 -16.5986 0.0876837
    endloop
  endfacet
  facet normal 0.54424 -0.326415 -0.772824
    outer loop
      vertex 13.5876 -17.0596 0.388573
      vertex 13.538 -16.9212 0.295188
      vertex 13.6384 -16.9749 0.388573
    endloop
  endfacet
  facet normal 0.446524 -0.331221 -0.831209
    outer loop
      vertex 13.4407 -17.0669 0.295188
      vertex 13.3461 -16.9892 0.213407
      vertex 13.3912 -16.9284 0.213407
    endloop
  endfacet
  facet normal 0.050487 -0.084145 -0.995174
    outer loop
      vertex 12.8538 -16.6941 0.0162344
      vertex 12.7909 -16.5612 0.00180626
      vertex 12.8723 -16.683 0.0162344
    endloop
  endfacet
  facet normal -0.005445 0.09801 -0.995171
    outer loop
      vertex -12.75 16.5736 0.00180626
      vertex -12.7572 16.5732 0.00180626
      vertex -12.75 16.7201 0.0162344
    endloop
  endfacet
  facet normal 0.0283871 -0.193251 -0.980739
    outer loop
      vertex 12.8211 -16.8575 0.0449524
      vertex 12.7857 -16.8627 0.0449524
      vertex 12.7929 -16.7159 0.0162344
    endloop
  endfacet
  facet normal 0.0422289 -0.287481 -0.956855
    outer loop
      vertex 12.7995 -17.0029 0.0876837
      vertex 12.7857 -16.8627 0.0449524
      vertex 12.8211 -16.8575 0.0449524
    endloop
  endfacet
  facet normal -0.0720157 0.0665806 -0.995179
    outer loop
      vertex -12.8069 16.5467 0.00180626
      vertex -12.9056 16.6556 0.0162344
      vertex -12.802 16.552 0.00180626
    endloop
  endfacet
  facet normal 0.0135057 -0.097241 -0.995169
    outer loop
      vertex 12.7929 -16.7159 0.0162344
      vertex 12.7572 -16.5732 0.00180626
      vertex 12.7644 -16.5722 0.00180626
    endloop
  endfacet
  facet normal 0.328567 -0.19714 -0.923677
    outer loop
      vertex 13.2832 -16.8563 0.144015
      vertex 13.1702 -16.7807 0.0876837
      vertex 13.1957 -16.7382 0.0876837
    endloop
  endfacet
  facet normal 0.0888597 -0.0417097 -0.99517
    outer loop
      vertex 12.9441 -16.6038 0.0162344
      vertex 12.818 -16.5282 0.00180626
      vertex 12.9533 -16.5842 0.0162344
    endloop
  endfacet
  facet normal 0.156557 -0.116739 -0.980746
    outer loop
      vertex 13.0317 -16.7312 0.0449524
      vertex 12.9201 -16.6396 0.0162344
      vertex 12.933 -16.6223 0.0162344
    endloop
  endfacet
  facet normal 0.0836378 0.176569 -0.980728
    outer loop
      vertex 12.9218 16.8214 0.0449524
      vertex 12.8538 16.6941 0.0162344
      vertex 12.8895 16.8367 0.0449524
    endloop
  endfacet
  facet normal 0.287481 -0.0422289 -0.956855
    outer loop
      vertex 13.2529 -16.5495 0.0876837
      vertex 13.1075 -16.5711 0.0449524
      vertex 13.1127 -16.5357 0.0449524
    endloop
  endfacet
  facet normal 0.189446 -0.0474979 -0.980742
    outer loop
      vertex 13.0988 -16.6058 0.0449524
      vertex 12.9659 -16.5429 0.0162344
      vertex 13.1075 -16.5711 0.0449524
    endloop
  endfacet
  facet normal 0.195049 0.00983438 -0.980744
    outer loop
      vertex 13.1145 16.5 0.0449524
      vertex 12.9701 16.5 0.0162344
      vertex 13.1127 16.5357 0.0449524
    endloop
  endfacet
  facet normal -0.00499014 0.0979881 -0.995175
    outer loop
      vertex -12.7572 16.5732 0.00180626
      vertex -12.7716 16.719 0.0162344
      vertex -12.75 16.7201 0.0162344
    endloop
  endfacet
  facet normal 0.290198 0.0146318 -0.956855
    outer loop
      vertex 13.1145 16.5 0.0449524
      vertex 13.1127 16.5357 0.0449524
      vertex 13.2529 16.5495 0.0876837
    endloop
  endfacet
  facet normal 0.262575 0.124254 -0.956878
    outer loop
      vertex 13.2169 16.6934 0.0876837
      vertex 13.0714 16.6718 0.0449524
      vertex 13.1957 16.7382 0.0876837
    endloop
  endfacet
  facet normal 0.195025 0.00993183 -0.980748
    outer loop
      vertex 12.9701 16.5 0.0162344
      vertex 12.969 16.5216 0.0162344
      vertex 13.1127 16.5357 0.0449524
    endloop
  endfacet
  facet normal 0.237818 0.502907 -0.83098
    outer loop
      vertex 13.1712 17.288 0.295188
      vertex 13.0451 17.2125 0.213407
      vertex 13.0919 17.3255 0.295188
    endloop
  endfacet
  facet normal 0.271271 0.573648 -0.772878
    outer loop
      vertex 13.1712 17.288 0.295188
      vertex 13.0919 17.3255 0.295188
      vertex 13.1355 17.4307 0.388573
    endloop
  endfacet
  facet normal 0.171761 0.686329 -0.706718
    outer loop
      vertex 13.0424 17.464 0.388573
      vertex 12.9465 17.488 0.388573
      vertex 12.9668 17.5901 0.492661
    endloop
  endfacet
  facet normal 0 0.382673 -0.923884
    outer loop
      vertex -12.75 17.0053 0.0876837
      vertex 12.75 17.1413 0.144015
      vertex 12.75 17.0053 0.0876837
    endloop
  endfacet
  facet normal 0 0.382673 -0.923884
    outer loop
      vertex 12.75 17.1413 0.144015
      vertex -12.75 17.0053 0.0876837
      vertex -12.75 17.1413 0.144015
    endloop
  endfacet
  facet normal 0.667789 0.495903 -0.555101
    outer loop
      vertex 13.8198 17.2148 0.728846
      vertex 13.6813 17.2643 0.606451
      vertex 13.7445 17.3162 0.728846
    endloop
  endfacet
  facet normal 0.708145 0.525871 -0.471158
    outer loop
      vertex 13.8198 17.2148 0.728846
      vertex 13.7445 17.3162 0.728846
      vertex 13.7982 17.3602 0.858666
    endloop
  endfacet
  facet normal 0 0.0980114 -0.995185
    outer loop
      vertex -12.75 16.5736 0.00180626
      vertex 12.75 16.7201 0.0162344
      vertex 12.75 16.5736 0.00180626
    endloop
  endfacet
  facet normal 0 0.0980114 -0.995185
    outer loop
      vertex 12.75 16.7201 0.0162344
      vertex -12.75 16.5736 0.00180626
      vertex -12.75 16.7201 0.0162344
    endloop
  endfacet
  facet normal -0.100516 0.167527 -0.98073
    outer loop
      vertex -12.8723 16.683 0.0162344
      vertex -12.9525 16.803 0.0449524
      vertex -12.8538 16.6941 0.0162344
    endloop
  endfacet
  facet normal -0.129177 0.360721 -0.923685
    outer loop
      vertex -12.8967 16.9836 0.0876837
      vertex -12.9954 17.0925 0.144015
      vertex -12.9362 17.1137 0.144015
    endloop
  endfacet
  facet normal -0.124254 0.262575 -0.956878
    outer loop
      vertex -12.9218 16.8214 0.0449524
      vertex -12.9882 16.9457 0.0876837
      vertex -12.9434 16.9669 0.0876837
    endloop
  endfacet
  facet normal 0 0.29041 -0.956902
    outer loop
      vertex -12.75 16.8645 0.0449524
      vertex 12.75 17.0053 0.0876837
      vertex 12.75 16.8645 0.0449524
    endloop
  endfacet
  facet normal 0 0.29041 -0.956902
    outer loop
      vertex 12.75 17.0053 0.0876837
      vertex -12.75 16.8645 0.0449524
      vertex -12.75 17.0053 0.0876837
    endloop
  endfacet
  facet normal 0.0185507 0.382607 -0.923725
    outer loop
      vertex 12.7995 17.0029 0.0876837
      vertex 12.75 17.0053 0.0876837
      vertex 12.75 17.1413 0.144015
    endloop
  endfacet
  facet normal -0.0888597 -0.0417097 -0.99517
    outer loop
      vertex -12.9441 -16.6038 0.0162344
      vertex -12.9533 -16.5842 0.0162344
      vertex -12.818 -16.5282 0.00180626
    endloop
  endfacet
  facet normal 0.0978501 0.273629 -0.956845
    outer loop
      vertex 12.9434 16.9669 0.0876837
      vertex 12.8558 16.8488 0.0449524
      vertex 12.8967 16.9836 0.0876837
    endloop
  endfacet
  facet normal 0.379646 0.280608 -0.881549
    outer loop
      vertex 13.2832 16.8563 0.144015
      vertex 13.2458 16.9069 0.144015
      vertex 13.3461 16.9892 0.213407
    endloop
  endfacet
  facet normal 0.279804 0.78317 -0.555297
    outer loop
      vertex 13.2111 17.6131 0.606451
      vertex 13.0997 17.6529 0.606451
      vertex 13.2424 17.6887 0.728846
    endloop
  endfacet
  facet normal 0.260154 0.728171 -0.634104
    outer loop
      vertex 13.1753 17.5268 0.492661
      vertex 13.0997 17.6529 0.606451
      vertex 13.2111 17.6131 0.606451
    endloop
  endfacet
  facet normal 0.13498 0.539187 -0.831299
    outer loop
      vertex 12.9739 17.2379 0.213407
      vertex 12.9004 17.2563 0.213407
      vertex 13.0094 17.3551 0.295188
    endloop
  endfacet
  facet normal 0.0188612 0.3827 -0.92368
    outer loop
      vertex 12.7995 17.0029 0.0876837
      vertex 12.75 17.1413 0.144015
      vertex 12.8129 17.1382 0.144015
    endloop
  endfacet
  facet normal 0.297011 0.830702 -0.470871
    outer loop
      vertex 13.2689 17.7528 0.858666
      vertex 13.1235 17.7312 0.728846
      vertex 13.1436 17.7976 0.858666
    endloop
  endfacet
  facet normal 0.0379414 0.772564 -0.633802
    outer loop
      vertex 12.8589 17.6061 0.492661
      vertex 12.75 17.7048 0.606451
      vertex 12.8681 17.699 0.606451
    endloop
  endfacet
  facet normal 0.550407 0.742317 -0.382122
    outer loop
      vertex 13.646 17.5917 0.994665
      vertex 13.5033 17.6275 0.858666
      vertex 13.5346 17.6743 0.994665
    endloop
  endfacet
  facet normal 0.583992 0.788046 -0.194776
    outer loop
      vertex 13.6731 17.6248 1.13553
      vertex 13.5584 17.7098 1.13553
      vertex 13.5743 17.7337 1.2799
    endloop
  endfacet
  facet normal 0.558099 0.616742 -0.555116
    outer loop
      vertex 13.6598 17.4098 0.728846
      vertex 13.5143 17.4313 0.606451
      vertex 13.5662 17.4945 0.728846
    endloop
  endfacet
  facet normal 0.363792 0.606969 -0.706572
    outer loop
      vertex 13.3675 17.4241 0.492661
      vertex 13.2249 17.3884 0.388573
      vertex 13.2739 17.4802 0.492661
    endloop
  endfacet
  facet normal 0.671251 0.74123 -0
    outer loop
      vertex 13.8107 17.5607 9.695
      vertex 13.7016 17.6595 9.705
      vertex 13.8107 17.5607 9.705
    endloop
  endfacet
  facet normal 0.671251 0.74123 0
    outer loop
      vertex 13.7016 17.6595 9.705
      vertex 13.8107 17.5607 9.695
      vertex 13.7016 17.6595 9.695
    endloop
  endfacet
  facet normal 0.596073 0.80293 -0.000222455
    outer loop
      vertex 13.7004 17.6581 1.4264
      vertex 13.5824 17.7457 1.4264
      vertex 13.7016 17.6595 9.695
    endloop
  endfacet
  facet normal 0.642766 0.70912 -0.28983
    outer loop
      vertex 13.7487 17.4987 0.994665
      vertex 13.6731 17.6248 1.13553
      vertex 13.7789 17.5289 1.13553
    endloop
  endfacet
  facet normal 0.241698 0.965437 -0.0975387
    outer loop
      vertex 13.1849 17.9337 1.4264
      vertex 13.0395 17.9553 1.2799
      vertex 13.0423 17.9694 1.4264
    endloop
  endfacet
  facet normal 0.495903 0.667789 -0.555101
    outer loop
      vertex 13.5143 17.4313 0.606451
      vertex 13.4648 17.5698 0.728846
      vertex 13.5662 17.4945 0.728846
    endloop
  endfacet
  facet normal 0.335544 0.936926 -0.0978762
    outer loop
      vertex 13.3178 17.8708 1.2799
      vertex 13.1807 17.9199 1.2799
      vertex 13.1849 17.9337 1.4264
    endloop
  endfacet
  facet normal 0.841367 0.504134 -0.194808
    outer loop
      vertex 14.0332 17.1859 1.13553
      vertex 13.9598 17.3084 1.13553
      vertex 13.9837 17.3243 1.2799
    endloop
  endfacet
  facet normal 0.620099 0.684776 -0.38283
    outer loop
      vertex 13.7088 17.4588 0.858666
      vertex 13.646 17.5917 0.994665
      vertex 13.7487 17.4987 0.994665
    endloop
  endfacet
  facet normal 0.936926 0.335544 -0.0978762
    outer loop
      vertex 14.1699 16.9307 1.2799
      vertex 14.1208 17.0678 1.2799
      vertex 14.1837 16.9349 1.4264
    endloop
  endfacet
  facet normal 0.904125 0.427269 -0.000222057
    outer loop
      vertex 14.1341 17.0733 1.4264
      vertex 14.0729 17.2071 9.695
      vertex 14.1358 17.074 9.695
    endloop
  endfacet
  facet normal 0.881894 0 -0.471448
    outer loop
      vertex 14.106 -16.5 0.858666
      vertex 14.0366 16.5 0.728846
      vertex 14.106 16.5 0.858666
    endloop
  endfacet
  facet normal 0.881894 0 -0.471448
    outer loop
      vertex 14.0366 16.5 0.728846
      vertex 14.106 -16.5 0.858666
      vertex 14.0366 -16.5 0.728846
    endloop
  endfacet
  facet normal 0.544833 0.32603 -0.772568
    outer loop
      vertex 13.538 16.9212 0.295188
      vertex 13.493 16.9964 0.295188
      vertex 13.5876 17.0596 0.388573
    endloop
  endfacet
  facet normal 0.550071 0.08121 -0.83116
    outer loop
      vertex 13.6392 16.5876 0.295188
      vertex 13.5174 16.5756 0.213407
      vertex 13.6264 16.6743 0.295188
    endloop
  endfacet
  facet normal 0.37902 -0.0560608 -0.923689
    outer loop
      vertex 13.379 -16.6251 0.144015
      vertex 13.2529 -16.5495 0.0876837
      vertex 13.3882 -16.5629 0.144015
    endloop
  endfacet
  facet normal 0.502601 0.238074 -0.831092
    outer loop
      vertex 13.4625 16.7951 0.213407
      vertex 13.4301 16.8635 0.213407
      vertex 13.538 16.9212 0.295188
    endloop
  endfacet
  facet normal 0.663605 0.396855 -0.634141
    outer loop
      vertex 13.8125 17.0679 0.606451
      vertex 13.6741 17.1175 0.492661
      vertex 13.7518 17.1694 0.606451
    endloop
  endfacet
  facet normal 0.639907 0.302431 -0.706438
    outer loop
      vertex 13.7768 16.9253 0.492661
      vertex 13.6807 16.8855 0.388573
      vertex 13.7302 17.0239 0.492661
    endloop
  endfacet
  facet normal 0.984443 0.146144 -0.0975416
    outer loop
      vertex 14.241 16.6468 1.4264
      vertex 14.2053 16.7895 1.2799
      vertex 14.2194 16.7923 1.4264
    endloop
  endfacet
  facet normal 0.666432 0.238369 -0.706433
    outer loop
      vertex 13.714 16.7924 0.388573
      vertex 13.6807 16.8855 0.388573
      vertex 13.7768 16.9253 0.492661
    endloop
  endfacet
  facet normal 0.956999 0 -0.290092
    outer loop
      vertex 14.205 -16.5 1.13553
      vertex 14.1623 16.5 0.994665
      vertex 14.205 16.5 1.13553
    endloop
  endfacet
  facet normal 0.956999 0 -0.290092
    outer loop
      vertex 14.1623 16.5 0.994665
      vertex 14.205 -16.5 1.13553
      vertex 14.1623 -16.5 0.994665
    endloop
  endfacet
  facet normal 0.881066 0.0433197 -0.471006
    outer loop
      vertex 14.0366 16.5 0.728846
      vertex 14.0304 16.6261 0.728846
      vertex 14.106 16.5 0.858666
    endloop
  endfacet
  facet normal 0.92343 -0.33071 -0.194699
    outer loop
      vertex 14.1208 -17.0678 1.2799
      vertex 14.0943 -17.0568 1.13553
      vertex 14.1699 -16.9307 1.2799
    endloop
  endfacet
  facet normal 0.998799 -0.0489874 -0.000218615
    outer loop
      vertex 14.2428 -16.647 9.695
      vertex 14.241 -16.6468 1.4264
      vertex 14.2482 -16.5 1.4264
    endloop
  endfacet
  facet normal 0.899818 0.425196 -0.0976529
    outer loop
      vertex 14.1208 17.0678 1.2799
      vertex 14.0713 17.2062 1.4264
      vertex 14.1341 17.0733 1.4264
    endloop
  endfacet
  facet normal 0.841125 0.504406 -0.195152
    outer loop
      vertex 14.0332 17.1859 1.13553
      vertex 13.9837 17.3243 1.2799
      vertex 14.0586 17.1994 1.2799
    endloop
  endfacet
  facet normal 0.74123 -0.671251 0
    outer loop
      vertex 13.8107 -17.5607 9.705
      vertex 13.9095 -17.4516 9.695
      vertex 13.9095 -17.4516 9.705
    endloop
  endfacet
  facet normal 0.74123 -0.671251 0
    outer loop
      vertex 13.9095 -17.4516 9.695
      vertex 13.8107 -17.5607 9.705
      vertex 13.8107 -17.5607 9.695
    endloop
  endfacet
  facet normal -0.426272 -0.201918 -0.881772
    outer loop
      vertex -13.4301 -16.8635 0.213407
      vertex -13.4625 -16.7951 0.213407
      vertex -13.3425 -16.7454 0.144015
    endloop
  endfacet
  facet normal -0.509928 0.378287 -0.772575
    outer loop
      vertex -13.493 16.9964 0.295188
      vertex -13.5876 17.0596 0.388573
      vertex -13.4407 17.0669 0.295188
    endloop
  endfacet
  facet normal -0.633926 0.0308292 -0.772779
    outer loop
      vertex -13.6392 16.5876 0.295188
      vertex -13.7573 16.5 0.388573
      vertex -13.7525 16.5987 0.388573
    endloop
  endfacet
  facet normal -0.444258 0.158485 -0.881769
    outer loop
      vertex -13.3425 16.7454 0.144015
      vertex -13.4879 16.7239 0.213407
      vertex -13.4625 16.7951 0.213407
    endloop
  endfacet
  facet normal -0.457807 0.114607 -0.881634
    outer loop
      vertex -13.379 16.6251 0.144015
      vertex -13.5063 16.6504 0.213407
      vertex -13.4879 16.7239 0.213407
    endloop
  endfacet
  facet normal -0.901074 0.322453 -0.289983
    outer loop
      vertex -14.0548 17.0405 0.994665
      vertex -14.1015 16.91 0.994665
      vertex -14.0943 17.0568 1.13553
    endloop
  endfacet
  facet normal -0.979543 0.0480842 -0.195406
    outer loop
      vertex -14.205 16.5 1.13553
      vertex -14.2338 16.5 1.2799
      vertex -14.198 16.6426 1.13553
    endloop
  endfacet
  facet normal -0.742317 0.550407 -0.382122
    outer loop
      vertex -13.8775 17.2533 0.858666
      vertex -13.9243 17.2846 0.994665
      vertex -13.8417 17.396 0.994665
    endloop
  endfacet
  facet normal -0.913837 0.136103 -0.382593
    outer loop
      vertex -14.0995 16.6329 0.858666
      vertex -14.1352 16.7755 0.994665
      vertex -14.0799 16.7645 0.858666
    endloop
  endfacet
  facet normal -0.979603 0.0485085 -0.195002
    outer loop
      vertex -14.198 16.6426 1.13553
      vertex -14.2338 16.5 1.2799
      vertex -14.2266 16.6454 1.2799
    endloop
  endfacet
  facet normal -0.970262 0.143418 -0.194993
    outer loop
      vertex -14.198 16.6426 1.13553
      vertex -14.2266 16.6454 1.2799
      vertex -14.2053 16.7895 1.2799
    endloop
  endfacet
  facet normal -0.881066 0.0433197 -0.471006
    outer loop
      vertex -14.0366 16.5 0.728846
      vertex -14.106 16.5 0.858666
      vertex -14.0304 16.6261 0.728846
    endloop
  endfacet
  facet normal -0.955933 0.0469252 -0.289811
    outer loop
      vertex -14.1555 16.6384 0.994665
      vertex -14.205 16.5 1.13553
      vertex -14.198 16.6426 1.13553
    endloop
  endfacet
  facet normal -0.928326 0.232599 -0.290014
    outer loop
      vertex -14.1352 16.7755 0.994665
      vertex -14.1424 16.9224 1.13553
      vertex -14.1015 16.91 0.994665
    endloop
  endfacet
  facet normal -0.426272 0.201918 -0.881772
    outer loop
      vertex -13.3425 16.7454 0.144015
      vertex -13.4625 16.7951 0.213407
      vertex -13.4301 16.8635 0.213407
    endloop
  endfacet
  facet normal -0.346409 0.163768 -0.923678
    outer loop
      vertex -13.1957 16.7382 0.0876837
      vertex -13.3425 16.7454 0.144015
      vertex -13.3156 16.8023 0.144015
    endloop
  endfacet
  facet normal -0.378896 0.281056 -0.881729
    outer loop
      vertex -13.2832 16.8563 0.144015
      vertex -13.3912 16.9284 0.213407
      vertex -13.3461 16.9892 0.213407
    endloop
  endfacet
  facet normal -0.404624 0.242525 -0.881737
    outer loop
      vertex -13.2832 16.8563 0.144015
      vertex -13.4301 16.8635 0.213407
      vertex -13.3912 16.9284 0.213407
    endloop
  endfacet
  facet normal -0.667755 0.496067 -0.554996
    outer loop
      vertex -13.7518 17.1694 0.606451
      vertex -13.8198 17.2148 0.728846
      vertex -13.6813 17.2643 0.606451
    endloop
  endfacet
  facet normal -0.373809 0.411888 -0.831033
    outer loop
      vertex -13.2953 17.0453 0.213407
      vertex -13.3818 17.1318 0.295188
      vertex -13.3169 17.1907 0.295188
    endloop
  endfacet
  facet normal -0.281056 0.378896 -0.881729
    outer loop
      vertex -13.1063 17.0332 0.144015
      vertex -13.2392 17.0961 0.213407
      vertex -13.1784 17.1412 0.213407
    endloop
  endfacet
  facet normal -0.242525 0.404624 -0.881737
    outer loop
      vertex -13.1063 17.0332 0.144015
      vertex -13.1784 17.1412 0.213407
      vertex -13.1135 17.1801 0.213407
    endloop
  endfacet
  facet normal -0.271425 0.57365 -0.772822
    outer loop
      vertex -13.1712 17.288 0.295188
      vertex -13.2249 17.3884 0.388573
      vertex -13.1355 17.4307 0.388573
    endloop
  endfacet
  facet normal -0.326415 0.54424 -0.772824
    outer loop
      vertex -13.1712 17.288 0.295188
      vertex -13.3096 17.3376 0.388573
      vertex -13.2249 17.3884 0.388573
    endloop
  endfacet
  facet normal -0.331234 0.446501 -0.831216
    outer loop
      vertex -13.1784 17.1412 0.213407
      vertex -13.3169 17.1907 0.295188
      vertex -13.2464 17.243 0.295188
    endloop
  endfacet
  facet normal -0.378287 0.509928 -0.772575
    outer loop
      vertex -13.2464 17.243 0.295188
      vertex -13.3169 17.1907 0.295188
      vertex -13.3096 17.3376 0.388573
    endloop
  endfacet
  facet normal -0.280608 0.379646 -0.881549
    outer loop
      vertex -13.1569 16.9958 0.144015
      vertex -13.2392 17.0961 0.213407
      vertex -13.1063 17.0332 0.144015
    endloop
  endfacet
  facet normal -0.257382 0.283546 -0.923773
    outer loop
      vertex -13.1073 16.8573 0.0876837
      vertex -13.2035 16.9535 0.144015
      vertex -13.1569 16.9958 0.144015
    endloop
  endfacet
  facet normal 0.750417 -0.187959 -0.633676
    outer loop
      vertex 13.9029 -16.8497 0.606451
      vertex 13.8136 -16.8226 0.492661
      vertex 13.8401 -16.7168 0.492661
    endloop
  endfacet
  facet normal 0.783072 -0.279904 -0.555384
    outer loop
      vertex 13.9387 -16.9924 0.728846
      vertex 13.9029 -16.8497 0.606451
      vertex 13.9812 -16.8735 0.728846
    endloop
  endfacet
  facet normal 0.870077 -0.311089 -0.382348
    outer loop
      vertex 14.1015 -16.91 0.994665
      vertex 14.0028 -17.0189 0.858666
      vertex 14.0476 -16.8936 0.858666
    endloop
  endfacet
  facet normal 0.870075 -0.31136 -0.38213
    outer loop
      vertex 14.0548 -17.0405 0.994665
      vertex 14.0028 -17.0189 0.858666
      vertex 14.1015 -16.91 0.994665
    endloop
  endfacet
  facet normal 0.899772 -0.425272 -0.0977403
    outer loop
      vertex 14.0713 -17.2062 1.4264
      vertex 14.0586 -17.1994 1.2799
      vertex 14.1208 -17.0678 1.2799
    endloop
  endfacet
  facet normal 0.82094 -0.491894 -0.289997
    outer loop
      vertex 13.9598 -17.3084 1.13553
      vertex 13.9243 -17.2846 0.994665
      vertex 14.0332 -17.1859 1.13553
    endloop
  endfacet
  facet normal 0.475148 -0.792608 -0.382107
    outer loop
      vertex 13.5346 -17.6743 0.994665
      vertex 13.3892 -17.6959 0.858666
      vertex 13.5033 -17.6275 0.858666
    endloop
  endfacet
  facet normal 0.591842 -0.654031 -0.471133
    outer loop
      vertex 13.6102 -17.5482 0.858666
      vertex 13.5662 -17.4945 0.728846
      vertex 13.6598 -17.4098 0.728846
    endloop
  endfacet
  facet normal 0.741262 -0.671216 -0.000222919
    outer loop
      vertex 13.9095 -17.4516 9.695
      vertex 13.8094 -17.5594 1.4264
      vertex 13.9081 -17.4504 1.4264
    endloop
  endfacet
  facet normal 0.592495 -0.79956 -0.0982521
    outer loop
      vertex 13.5824 -17.7457 1.4264
      vertex 13.5743 -17.7337 1.2799
      vertex 13.6913 -17.647 1.2799
    endloop
  endfacet
  facet normal 0.857733 -0.514096 0
    outer loop
      vertex 13.9972 -17.3334 9.705
      vertex 14.0729 -17.2071 9.695
      vertex 14.0729 -17.2071 9.705
    endloop
  endfacet
  facet normal 0.857733 -0.514096 0
    outer loop
      vertex 14.0729 -17.2071 9.695
      vertex 13.9972 -17.3334 9.705
      vertex 13.9972 -17.3334 9.695
    endloop
  endfacet
  facet normal 0.941527 0.336939 -0.0002221
    outer loop
      vertex 14.1854 16.9354 9.695
      vertex 14.1341 17.0733 1.4264
      vertex 14.1358 17.074 9.695
    endloop
  endfacet
  facet normal 0.336939 -0.941527 0
    outer loop
      vertex 13.1854 -17.9354 9.695
      vertex 13.324 -17.8858 9.705
      vertex 13.1854 -17.9354 9.705
    endloop
  endfacet
  facet normal 0.336939 -0.941527 0
    outer loop
      vertex 13.324 -17.8858 9.705
      vertex 13.1854 -17.9354 9.695
      vertex 13.324 -17.8858 9.695
    endloop
  endfacet
  facet normal 0.336939 -0.941527 -0.0002221
    outer loop
      vertex 13.324 -17.8858 9.695
      vertex 13.1854 -17.9354 9.695
      vertex 13.3233 -17.8841 1.4264
    endloop
  endfacet
  facet normal 0 0 1
    outer loop
      vertex 12 16.5 9.705
      vertex 14.25 16.5 9.705
      vertex 14.2428 16.647 9.705
    endloop
  endfacet
  facet normal 0 0 1
    outer loop
      vertex 14.25 16.5 9.705
      vertex 12 16.5 9.705
      vertex 14.25 -16.5 9.705
    endloop
  endfacet
  facet normal 0 0 1
    outer loop
      vertex 12 16.5 9.705
      vertex 14.2428 16.647 9.705
      vertex 14.2212 16.7926 9.705
    endloop
  endfacet
  facet normal 0 0 1
    outer loop
      vertex 12 -16.5 9.705
      vertex 14.25 -16.5 9.705
      vertex 12 16.5 9.705
    endloop
  endfacet
  facet normal 0 0 1
    outer loop
      vertex 12 16.5 9.705
      vertex 14.2212 16.7926 9.705
      vertex 14.1854 16.9354 9.705
    endloop
  endfacet
  facet normal 0 0 1
    outer loop
      vertex 14.25 -16.5 9.705
      vertex 12 -16.5 9.705
      vertex 14.2428 -16.647 9.705
    endloop
  endfacet
  facet normal 0 0 1
    outer loop
      vertex 12 16.5 9.705
      vertex 14.1854 16.9354 9.705
      vertex 14.1358 17.074 9.705
    endloop
  endfacet
  facet normal 0 0 1
    outer loop
      vertex 14.2428 -16.647 9.705
      vertex 12 -16.5 9.705
      vertex 14.2212 -16.7926 9.705
    endloop
  endfacet
  facet normal 0 0 1
    outer loop
      vertex 12 16.5 9.705
      vertex 14.1358 17.074 9.705
      vertex 14.0729 17.2071 9.705
    endloop
  endfacet
  facet normal 0 0 1
    outer loop
      vertex 14.2212 -16.7926 9.705
      vertex 12 -16.5 9.705
      vertex 14.1854 -16.9354 9.705
    endloop
  endfacet
  facet normal 0 0 1
    outer loop
      vertex 12 16.5 9.705
      vertex 14.0729 17.2071 9.705
      vertex 13.9972 17.3334 9.705
    endloop
  endfacet
  facet normal 0 0 1
    outer loop
      vertex 14.1854 -16.9354 9.705
      vertex 12 -16.5 9.705
      vertex 14.1358 -17.074 9.705
    endloop
  endfacet
  facet normal 0 0 1
    outer loop
      vertex 12 16.5 9.705
      vertex 13.9972 17.3334 9.705
      vertex 13.9095 17.4516 9.705
    endloop
  endfacet
  facet normal 0 0 1
    outer loop
      vertex 14.1358 -17.074 9.705
      vertex 12 -16.5 9.705
      vertex 14.0729 -17.2071 9.705
    endloop
  endfacet
  facet normal 0 0 1
    outer loop
      vertex 12 16.5 9.705
      vertex 13.9095 17.4516 9.705
      vertex 13.8107 17.5607 9.705
    endloop
  endfacet
  facet normal 0 0 1
    outer loop
      vertex 14.0729 -17.2071 9.705
      vertex 12 -16.5 9.705
      vertex 13.9972 -17.3334 9.705
    endloop
  endfacet
  facet normal 0 0 1
    outer loop
      vertex 12 16.5 9.705
      vertex 13.8107 17.5607 9.705
      vertex 13.7016 17.6595 9.705
    endloop
  endfacet
  facet normal 0 0 1
    outer loop
      vertex 13.9972 -17.3334 9.705
      vertex 12 -16.5 9.705
      vertex 13.9095 -17.4516 9.705
    endloop
  endfacet
  facet normal 0 0 1
    outer loop
      vertex 12 16.5 9.705
      vertex 13.7016 17.6595 9.705
      vertex 13.5834 17.7472 9.705
    endloop
  endfacet
  facet normal 0 0 1
    outer loop
      vertex 13.9095 -17.4516 9.705
      vertex 12 -16.5 9.705
      vertex 13.8107 -17.5607 9.705
    endloop
  endfacet
  facet normal 0 0 1
    outer loop
      vertex 12 16.5 9.705
      vertex 13.5834 17.7472 9.705
      vertex 13.4571 17.8229 9.705
    endloop
  endfacet
  facet normal 0 0 1
    outer loop
      vertex 13.8107 -17.5607 9.705
      vertex 12 -16.5 9.705
      vertex 13.7016 -17.6595 9.705
    endloop
  endfacet
  facet normal 0 0 1
    outer loop
      vertex 12 16.5 9.705
      vertex 13.4571 17.8229 9.705
      vertex 13.324 17.8858 9.705
    endloop
  endfacet
  facet normal 0 0 1
    outer loop
      vertex 13.7016 -17.6595 9.705
      vertex 12 -16.5 9.705
      vertex 13.5834 -17.7472 9.705
    endloop
  endfacet
  facet normal 0 0 1
    outer loop
      vertex 12 16.5 9.705
      vertex 13.324 17.8858 9.705
      vertex 13.1854 17.9354 9.705
    endloop
  endfacet
  facet normal 0 0 1
    outer loop
      vertex 13.5834 -17.7472 9.705
      vertex 12 -16.5 9.705
      vertex 13.4571 -17.8229 9.705
    endloop
  endfacet
  facet normal 0 0 1
    outer loop
      vertex 12 16.5 9.705
      vertex 13.1854 17.9354 9.705
      vertex 13.0426 17.9712 9.705
    endloop
  endfacet
  facet normal 0 0 1
    outer loop
      vertex 13.4571 -17.8229 9.705
      vertex 12 -16.5 9.705
      vertex 13.324 -17.8858 9.705
    endloop
  endfacet
  facet normal 0 0 1
    outer loop
      vertex 12 16.5 9.705
      vertex 13.0426 17.9712 9.705
      vertex 12.897 17.9928 9.705
    endloop
  endfacet
  facet normal 0 0 1
    outer loop
      vertex 13.324 -17.8858 9.705
      vertex 12 -16.5 9.705
      vertex 13.1854 -17.9354 9.705
    endloop
  endfacet
  facet normal 0 0 1
    outer loop
      vertex 12 16.5 9.705
      vertex 12.897 17.9928 9.705
      vertex 12.75 18 9.705
    endloop
  endfacet
  facet normal 0 0 1
    outer loop
      vertex 13.1854 -17.9354 9.705
      vertex 12 -16.5 9.705
      vertex 13.0426 -17.9712 9.705
    endloop
  endfacet
  facet normal 0 0 1
    outer loop
      vertex 13.0426 -17.9712 9.705
      vertex 12 -16.5 9.705
      vertex 12.897 -17.9928 9.705
    endloop
  endfacet
  facet normal 0 0 1
    outer loop
      vertex 12.75 18 9.705
      vertex 11 16.5 9.705
      vertex 12 16.5 9.705
    endloop
  endfacet
  facet normal 0 0 1
    outer loop
      vertex 12.75 18 9.705
      vertex -11 16.5 9.705
      vertex 11 16.5 9.705
    endloop
  endfacet
  facet normal -0 0 1
    outer loop
      vertex -12.75 18 9.705
      vertex -11 16.5 9.705
      vertex 12.75 18 9.705
    endloop
  endfacet
  facet normal -0 0 1
    outer loop
      vertex -12.897 17.9928 9.705
      vertex -12 16.5 9.705
      vertex -12.75 18 9.705
    endloop
  endfacet
  facet normal 0 0 1
    outer loop
      vertex -11 16.5 9.705
      vertex -12.75 18 9.705
      vertex -12 16.5 9.705
    endloop
  endfacet
  facet normal 0 0 1
    outer loop
      vertex 12.897 -17.9928 9.705
      vertex 12 -16.5 9.705
      vertex 12.75 -18 9.705
    endloop
  endfacet
  facet normal -0 0 1
    outer loop
      vertex 11 -16.5 9.705
      vertex 12.75 -18 9.705
      vertex 12 -16.5 9.705
    endloop
  endfacet
  facet normal -0 0 1
    outer loop
      vertex -11 -16.5 9.705
      vertex 12.75 -18 9.705
      vertex 11 -16.5 9.705
    endloop
  endfacet
  facet normal 0 0 1
    outer loop
      vertex -12.75 -18 9.705
      vertex -11 -16.5 9.705
      vertex -12 -16.5 9.705
    endloop
  endfacet
  facet normal 0 0 1
    outer loop
      vertex -11 -16.5 9.705
      vertex -12.75 -18 9.705
      vertex 12.75 -18 9.705
    endloop
  endfacet
  facet normal 0 0 1
    outer loop
      vertex -12 16.5 9.705
      vertex -14.25 16.5 9.705
      vertex -12 -16.5 9.705
    endloop
  endfacet
  facet normal -0 0 1
    outer loop
      vertex -13.0426 17.9712 9.705
      vertex -12 16.5 9.705
      vertex -12.897 17.9928 9.705
    endloop
  endfacet
  facet normal 0 0 1
    outer loop
      vertex -14.25 -16.5 9.705
      vertex -12 -16.5 9.705
      vertex -14.25 16.5 9.705
    endloop
  endfacet
  facet normal -0 0 1
    outer loop
      vertex -13.1854 17.9354 9.705
      vertex -12 16.5 9.705
      vertex -13.0426 17.9712 9.705
    endloop
  endfacet
  facet normal 0 -0 1
    outer loop
      vertex -14.2428 -16.647 9.705
      vertex -12 -16.5 9.705
      vertex -14.25 -16.5 9.705
    endloop
  endfacet
  facet normal -0 0 1
    outer loop
      vertex -13.324 17.8858 9.705
      vertex -12 16.5 9.705
      vertex -13.1854 17.9354 9.705
    endloop
  endfacet
  facet normal 0 0 1
    outer loop
      vertex -12 -16.5 9.705
      vertex -12.897 -17.9928 9.705
      vertex -12.75 -18 9.705
    endloop
  endfacet
  facet normal -0 0 1
    outer loop
      vertex -13.4571 17.8229 9.705
      vertex -12 16.5 9.705
      vertex -13.324 17.8858 9.705
    endloop
  endfacet
  facet normal 0 0 1
    outer loop
      vertex -12 -16.5 9.705
      vertex -13.0426 -17.9712 9.705
      vertex -12.897 -17.9928 9.705
    endloop
  endfacet
  facet normal -0 0 1
    outer loop
      vertex -13.5834 17.7472 9.705
      vertex -12 16.5 9.705
      vertex -13.4571 17.8229 9.705
    endloop
  endfacet
  facet normal 0 0 1
    outer loop
      vertex -12 -16.5 9.705
      vertex -13.1854 -17.9354 9.705
      vertex -13.0426 -17.9712 9.705
    endloop
  endfacet
  facet normal -0 0 1
    outer loop
      vertex -13.7016 17.6595 9.705
      vertex -12 16.5 9.705
      vertex -13.5834 17.7472 9.705
    endloop
  endfacet
  facet normal 0 0 1
    outer loop
      vertex -12 -16.5 9.705
      vertex -13.324 -17.8858 9.705
      vertex -13.1854 -17.9354 9.705
    endloop
  endfacet
  facet normal -0 0 1
    outer loop
      vertex -13.8107 17.5607 9.705
      vertex -12 16.5 9.705
      vertex -13.7016 17.6595 9.705
    endloop
  endfacet
  facet normal 0 0 1
    outer loop
      vertex -12 -16.5 9.705
      vertex -13.4571 -17.8229 9.705
      vertex -13.324 -17.8858 9.705
    endloop
  endfacet
  facet normal -0 0 1
    outer loop
      vertex -13.9095 17.4516 9.705
      vertex -12 16.5 9.705
      vertex -13.8107 17.5607 9.705
    endloop
  endfacet
  facet normal 0 0 1
    outer loop
      vertex -12 -16.5 9.705
      vertex -13.5834 -17.7472 9.705
      vertex -13.4571 -17.8229 9.705
    endloop
  endfacet
  facet normal -0 0 1
    outer loop
      vertex -13.9972 17.3334 9.705
      vertex -12 16.5 9.705
      vertex -13.9095 17.4516 9.705
    endloop
  endfacet
  facet normal 0 0 1
    outer loop
      vertex -12 -16.5 9.705
      vertex -13.7016 -17.6595 9.705
      vertex -13.5834 -17.7472 9.705
    endloop
  endfacet
  facet normal -0 0 1
    outer loop
      vertex -14.0729 17.2071 9.705
      vertex -12 16.5 9.705
      vertex -13.9972 17.3334 9.705
    endloop
  endfacet
  facet normal 0 0 1
    outer loop
      vertex -12 -16.5 9.705
      vertex -13.8107 -17.5607 9.705
      vertex -13.7016 -17.6595 9.705
    endloop
  endfacet
  facet normal -0 0 1
    outer loop
      vertex -14.1358 17.074 9.705
      vertex -12 16.5 9.705
      vertex -14.0729 17.2071 9.705
    endloop
  endfacet
  facet normal 0 0 1
    outer loop
      vertex -12 -16.5 9.705
      vertex -13.9095 -17.4516 9.705
      vertex -13.8107 -17.5607 9.705
    endloop
  endfacet
  facet normal -0 0 1
    outer loop
      vertex -14.1854 16.9354 9.705
      vertex -12 16.5 9.705
      vertex -14.1358 17.074 9.705
    endloop
  endfacet
  facet normal 0 0 1
    outer loop
      vertex -12 -16.5 9.705
      vertex -13.9972 -17.3334 9.705
      vertex -13.9095 -17.4516 9.705
    endloop
  endfacet
  facet normal -0 0 1
    outer loop
      vertex -14.2212 16.7926 9.705
      vertex -12 16.5 9.705
      vertex -14.1854 16.9354 9.705
    endloop
  endfacet
  facet normal 0 0 1
    outer loop
      vertex -12 -16.5 9.705
      vertex -14.0729 -17.2071 9.705
      vertex -13.9972 -17.3334 9.705
    endloop
  endfacet
  facet normal -0 0 1
    outer loop
      vertex -14.2428 16.647 9.705
      vertex -12 16.5 9.705
      vertex -14.2212 16.7926 9.705
    endloop
  endfacet
  facet normal 0 0 1
    outer loop
      vertex -12 -16.5 9.705
      vertex -14.1358 -17.074 9.705
      vertex -14.0729 -17.2071 9.705
    endloop
  endfacet
  facet normal 0 0 1
    outer loop
      vertex -12 16.5 9.705
      vertex -14.2428 16.647 9.705
      vertex -14.25 16.5 9.705
    endloop
  endfacet
  facet normal 0 0 1
    outer loop
      vertex -12 -16.5 9.705
      vertex -14.1854 -16.9354 9.705
      vertex -14.1358 -17.074 9.705
    endloop
  endfacet
  facet normal 0 0 1
    outer loop
      vertex -12 -16.5 9.705
      vertex -14.2212 -16.7926 9.705
      vertex -14.1854 -16.9354 9.705
    endloop
  endfacet
  facet normal 0 0 1
    outer loop
      vertex -12 -16.5 9.705
      vertex -14.2428 -16.647 9.705
      vertex -14.2212 -16.7926 9.705
    endloop
  endfacet
  facet normal 0.803088 -0.595861 -0.000217751
    outer loop
      vertex 13.9972 -17.3334 9.695
      vertex 13.9095 -17.4516 9.695
      vertex 13.9957 -17.3324 1.4264
    endloop
  endfacet
  facet normal 0.708145 -0.525871 -0.471158
    outer loop
      vertex 13.7982 -17.3602 0.858666
      vertex 13.7445 -17.3162 0.728846
      vertex 13.8198 -17.2148 0.728846
    endloop
  endfacet
  facet normal 0.654031 -0.591842 -0.471133
    outer loop
      vertex 13.7982 -17.3602 0.858666
      vertex 13.6598 -17.4098 0.728846
      vertex 13.7445 -17.3162 0.728846
    endloop
  endfacet
  facet normal 0.792608 -0.475148 -0.382107
    outer loop
      vertex 13.9243 -17.2846 0.994665
      vertex 13.8775 -17.2533 0.858666
      vertex 13.9459 -17.1392 0.858666
    endloop
  endfacet
  facet normal 0.835531 -0.39476 -0.382168
    outer loop
      vertex 14.0548 -17.0405 0.994665
      vertex 13.9956 -17.1658 0.994665
      vertex 14.0028 -17.0189 0.858666
    endloop
  endfacet
  facet normal 0.573202 -0.519287 -0.633861
    outer loop
      vertex 13.6813 -17.2643 0.606451
      vertex 13.5359 -17.2859 0.492661
      vertex 13.6091 -17.2051 0.492661
    endloop
  endfacet
  facet normal 0.460878 -0.621121 -0.633877
    outer loop
      vertex 13.5143 -17.4313 0.606451
      vertex 13.3675 -17.4241 0.492661
      vertex 13.4551 -17.3591 0.492661
    endloop
  endfacet
  facet normal 0.397695 -0.663534 -0.633689
    outer loop
      vertex 13.3179 -17.5625 0.606451
      vertex 13.2739 -17.4802 0.492661
      vertex 13.3675 -17.4241 0.492661
    endloop
  endfacet
  facet normal 0.378287 -0.509928 -0.772575
    outer loop
      vertex 13.3096 -17.3376 0.388573
      vertex 13.2464 -17.243 0.295188
      vertex 13.3169 -17.1907 0.295188
    endloop
  endfacet
  facet normal 0.80293 -0.596073 -0.000222455
    outer loop
      vertex 13.9095 -17.4516 9.695
      vertex 13.9081 -17.4504 1.4264
      vertex 13.9957 -17.3324 1.4264
    endloop
  endfacet
  facet normal 0.737411 -0.668386 -0.0973896
    outer loop
      vertex 13.9081 -17.4504 1.4264
      vertex 13.7992 -17.5492 1.2799
      vertex 13.897 -17.4413 1.2799
    endloop
  endfacet
  facet normal 0.853744 -0.511435 -0.0977496
    outer loop
      vertex 14.0713 -17.2062 1.4264
      vertex 13.9957 -17.3324 1.4264
      vertex 14.0586 -17.1994 1.2799
    endloop
  endfacet
  facet normal 0.853468 -0.511808 -0.0982066
    outer loop
      vertex 13.9957 -17.3324 1.4264
      vertex 13.9837 -17.3243 1.2799
      vertex 14.0586 -17.1994 1.2799
    endloop
  endfacet
  facet normal -0.330496 -0.923464 -0.194904
    outer loop
      vertex -13.1807 -17.9199 1.2799
      vertex -13.3068 -17.8443 1.13553
      vertex -13.1724 -17.8924 1.13553
    endloop
  endfacet
  facet normal -0.242015 -0.965324 -0.0978698
    outer loop
      vertex -13.0395 -17.9553 1.2799
      vertex -13.1849 -17.9337 1.4264
      vertex -13.1807 -17.9199 1.2799
    endloop
  endfacet
  facet normal -0.143509 -0.970231 -0.195083
    outer loop
      vertex -12.8926 -17.948 1.13553
      vertex -13.0395 -17.9553 1.2799
      vertex -13.0339 -17.9271 1.13553
    endloop
  endfacet
  facet normal -0.0485085 -0.979603 -0.195002
    outer loop
      vertex -12.75 -17.9838 1.2799
      vertex -12.8954 -17.9766 1.2799
      vertex -12.8926 -17.948 1.13553
    endloop
  endfacet
  facet normal 0.0308292 -0.633926 -0.772779
    outer loop
      vertex 12.8487 -17.5025 0.388573
      vertex 12.75 -17.5073 0.388573
      vertex 12.8376 -17.3892 0.295188
    endloop
  endfacet
  facet normal 0.0311236 -0.634052 -0.772663
    outer loop
      vertex 12.8376 -17.3892 0.295188
      vertex 12.75 -17.5073 0.388573
      vertex 12.75 -17.3935 0.295188
    endloop
  endfacet
  facet normal 0.285476 -0.477063 -0.831213
    outer loop
      vertex 13.2464 -17.243 0.295188
      vertex 13.1712 -17.288 0.295188
      vertex 13.1784 -17.1412 0.213407
    endloop
  endfacet
  facet normal 0.237818 -0.502907 -0.83098
    outer loop
      vertex 13.0919 -17.3255 0.295188
      vertex 13.0451 -17.2125 0.213407
      vertex 13.1712 -17.288 0.295188
    endloop
  endfacet
  facet normal 0.171761 -0.686329 -0.706718
    outer loop
      vertex 12.9668 -17.5901 0.492661
      vertex 12.9465 -17.488 0.388573
      vertex 13.0424 -17.464 0.388573
    endloop
  endfacet
  facet normal 0.103761 -0.699847 -0.706716
    outer loop
      vertex 12.9668 -17.5901 0.492661
      vertex 12.8487 -17.5025 0.388573
      vertex 12.9465 -17.488 0.388573
    endloop
  endfacet
  facet normal 0.279904 -0.783072 -0.555384
    outer loop
      vertex 13.1235 -17.7312 0.728846
      vertex 13.0997 -17.6529 0.606451
      vertex 13.2424 -17.6887 0.728846
    endloop
  endfacet
  facet normal 0.113218 -0.765037 -0.633956
    outer loop
      vertex 12.985 -17.6817 0.606451
      vertex 12.8681 -17.699 0.606451
      vertex 12.9668 -17.5901 0.492661
    endloop
  endfacet
  facet normal 0.129235 -0.872514 -0.471187
    outer loop
      vertex 12.8829 -17.8495 0.858666
      vertex 12.8761 -17.7804 0.728846
      vertex 13.001 -17.7619 0.728846
    endloop
  endfacet
  facet normal 0.121874 -0.822816 -0.555086
    outer loop
      vertex 13.001 -17.7619 0.728846
      vertex 12.8761 -17.7804 0.728846
      vertex 12.985 -17.6817 0.606451
    endloop
  endfacet
  facet normal 0.129977 -0.8727 -0.470639
    outer loop
      vertex 13.0145 -17.8299 0.858666
      vertex 12.8829 -17.8495 0.858666
      vertex 13.001 -17.7619 0.728846
    endloop
  endfacet
  facet normal 0.31136 -0.870075 -0.38213
    outer loop
      vertex 13.2905 -17.8048 0.994665
      vertex 13.16 -17.8515 0.994665
      vertex 13.2689 -17.7528 0.858666
    endloop
  endfacet
  facet normal -0.232586 -0.928334 -0.29
    outer loop
      vertex -13.0339 -17.9271 1.13553
      vertex -13.1724 -17.8924 1.13553
      vertex -13.0255 -17.8852 0.994665
    endloop
  endfacet
  facet normal -0.0469252 -0.955933 -0.289811
    outer loop
      vertex -12.75 -17.955 1.13553
      vertex -12.8926 -17.948 1.13553
      vertex -12.8884 -17.9055 0.994665
    endloop
  endfacet
  facet normal 0.0469252 -0.955933 -0.289811
    outer loop
      vertex 12.8926 -17.948 1.13553
      vertex 12.75 -17.955 1.13553
      vertex 12.8884 -17.9055 0.994665
    endloop
  endfacet
  facet normal 0 -0.956999 -0.290092
    outer loop
      vertex -12.75 -17.9123 0.994665
      vertex 12.75 -17.955 1.13553
      vertex -12.75 -17.955 1.13553
    endloop
  endfacet
  facet normal 0 -0.956999 -0.290092
    outer loop
      vertex 12.75 -17.955 1.13553
      vertex -12.75 -17.9123 0.994665
      vertex 12.75 -17.9123 0.994665
    endloop
  endfacet
  facet normal 0.232599 -0.928326 -0.290014
    outer loop
      vertex 13.1724 -17.8924 1.13553
      vertex 13.0255 -17.8852 0.994665
      vertex 13.16 -17.8515 0.994665
    endloop
  endfacet
  facet normal 0.232586 -0.928334 -0.29
    outer loop
      vertex 13.0339 -17.9271 1.13553
      vertex 13.0255 -17.8852 0.994665
      vertex 13.1724 -17.8924 1.13553
    endloop
  endfacet
  facet normal 0.330496 -0.923464 -0.194904
    outer loop
      vertex 13.1807 -17.9199 1.2799
      vertex 13.1724 -17.8924 1.13553
      vertex 13.3068 -17.8443 1.13553
    endloop
  endfacet
  facet normal 0.504406 -0.841125 -0.195152
    outer loop
      vertex 13.4494 -17.8086 1.2799
      vertex 13.4359 -17.7832 1.13553
      vertex 13.5743 -17.7337 1.2799
    endloop
  endfacet
  facet normal 0.492587 -0.820748 -0.289363
    outer loop
      vertex 13.4359 -17.7832 1.13553
      vertex 13.4158 -17.7456 0.994665
      vertex 13.5346 -17.6743 0.994665
    endloop
  endfacet
  facet normal 0.41914 -0.886797 -0.194713
    outer loop
      vertex 13.3178 -17.8708 1.2799
      vertex 13.3068 -17.8443 1.13553
      vertex 13.4494 -17.8086 1.2799
    endloop
  endfacet
  facet normal 0.322477 -0.901057 -0.290008
    outer loop
      vertex 13.1724 -17.8924 1.13553
      vertex 13.16 -17.8515 0.994665
      vertex 13.3068 -17.8443 1.13553
    endloop
  endfacet
  facet normal 0.322453 -0.901074 -0.289983
    outer loop
      vertex 13.3068 -17.8443 1.13553
      vertex 13.16 -17.8515 0.994665
      vertex 13.2905 -17.8048 0.994665
    endloop
  endfacet
  facet normal 0.363919 -0.606771 -0.706677
    outer loop
      vertex 13.3675 -17.4241 0.492661
      vertex 13.2249 -17.3884 0.388573
      vertex 13.3096 -17.3376 0.388573
    endloop
  endfacet
  facet normal 0.558099 -0.616742 -0.555116
    outer loop
      vertex 13.5662 -17.4945 0.728846
      vertex 13.5143 -17.4313 0.606451
      vertex 13.6598 -17.4098 0.728846
    endloop
  endfacet
  facet normal 0.395055 -0.835239 -0.382502
    outer loop
      vertex 13.4158 -17.7456 0.994665
      vertex 13.2689 -17.7528 0.858666
      vertex 13.3892 -17.6959 0.858666
    endloop
  endfacet
  facet normal 0.377221 -0.797533 -0.470792
    outer loop
      vertex 13.2689 -17.7528 0.858666
      vertex 13.2424 -17.6887 0.728846
      vertex 13.3892 -17.6959 0.858666
    endloop
  endfacet
  facet normal 0.461101 -0.620688 -0.634139
    outer loop
      vertex 13.4194 -17.5018 0.606451
      vertex 13.3675 -17.4241 0.492661
      vertex 13.5143 -17.4313 0.606451
    endloop
  endfacet
  facet normal 0.426946 -0.713922 -0.555007
    outer loop
      vertex 13.4648 -17.5698 0.728846
      vertex 13.3179 -17.5625 0.606451
      vertex 13.4194 -17.5018 0.606451
    endloop
  endfacet
  facet normal 0.238682 -0.666105 -0.706636
    outer loop
      vertex 13.0726 -17.5636 0.492661
      vertex 13.0424 -17.464 0.388573
      vertex 13.1753 -17.5268 0.492661
    endloop
  endfacet
  facet normal 0.356082 -0.751573 -0.555287
    outer loop
      vertex 13.2424 -17.6887 0.728846
      vertex 13.2111 -17.6131 0.606451
      vertex 13.3179 -17.5625 0.606451
    endloop
  endfacet
  facet normal 0.20216 -0.806664 -0.555359
    outer loop
      vertex 13.1235 -17.7312 0.728846
      vertex 13.001 -17.7619 0.728846
      vertex 13.0997 -17.6529 0.606451
    endloop
  endfacet
  facet normal 0.202564 -0.806741 -0.555101
    outer loop
      vertex 13.001 -17.7619 0.728846
      vertex 12.985 -17.6817 0.606451
      vertex 13.0997 -17.6529 0.606451
    endloop
  endfacet
  facet normal 0.271425 -0.57365 -0.772822
    outer loop
      vertex 13.2249 -17.3884 0.388573
      vertex 13.1355 -17.4307 0.388573
      vertex 13.1712 -17.288 0.295188
    endloop
  endfacet
  facet normal 0.330556 -0.699416 -0.63368
    outer loop
      vertex 13.3179 -17.5625 0.606451
      vertex 13.1753 -17.5268 0.492661
      vertex 13.2739 -17.4802 0.492661
    endloop
  endfacet
  facet normal -0.33071 -0.92343 -0.194699
    outer loop
      vertex -13.1807 -17.9199 1.2799
      vertex -13.3178 -17.8708 1.2799
      vertex -13.3068 -17.8443 1.13553
    endloop
  endfacet
  facet normal -0.335544 -0.936926 -0.0978762
    outer loop
      vertex -13.1849 -17.9337 1.4264
      vertex -13.3178 -17.8708 1.2799
      vertex -13.1807 -17.9199 1.2799
    endloop
  endfacet
  facet normal -0.0978501 0.273629 -0.956845
    outer loop
      vertex -12.8558 16.8488 0.0449524
      vertex -12.9434 16.9669 0.0876837
      vertex -12.8967 16.9836 0.0876837
    endloop
  endfacet
  facet normal -0.0326528 0.0925163 -0.995176
    outer loop
      vertex -12.7782 16.568 0.00180626
      vertex -12.8139 16.7106 0.0162344
      vertex -12.7714 16.5704 0.00180626
    endloop
  endfacet
  facet normal -0.0502755 -0.0842454 -0.995176
    outer loop
      vertex -12.7847 -16.5649 0.00180626
      vertex -12.8538 -16.6941 0.0162344
      vertex -12.7909 -16.5612 0.00180626
    endloop
  endfacet
  facet normal -0.282049 -0.0703656 -0.956816
    outer loop
      vertex -13.2336 -16.6467 0.0876837
      vertex -13.2456 -16.5986 0.0876837
      vertex -13.1075 -16.5711 0.0449524
    endloop
  endfacet
  facet normal -0.307939 0.227607 -0.923779
    outer loop
      vertex -13.1406 16.8206 0.0876837
      vertex -13.2832 16.8563 0.144015
      vertex -13.2458 16.9069 0.144015
    endloop
  endfacet
  facet normal -0.316712 0.349755 -0.881683
    outer loop
      vertex -13.2035 16.9535 0.144015
      vertex -13.2953 17.0453 0.213407
      vertex -13.2392 17.0961 0.213407
    endloop
  endfacet
  facet normal -0.262556 -0.124369 -0.956868
    outer loop
      vertex -13.0714 -16.6718 0.0449524
      vertex -13.2169 -16.6934 0.0876837
      vertex -13.0867 -16.6395 0.0449524
    endloop
  endfacet
  facet normal -0.0836378 0.176569 -0.980728
    outer loop
      vertex -12.8538 16.6941 0.0162344
      vertex -12.9218 16.8214 0.0449524
      vertex -12.8895 16.8367 0.0449524
    endloop
  endfacet
  facet normal 0.373809 -0.411888 -0.831033
    outer loop
      vertex 13.3169 -17.1907 0.295188
      vertex 13.2953 -17.0453 0.213407
      vertex 13.3818 -17.1318 0.295188
    endloop
  endfacet
  facet normal 0.379646 -0.280608 -0.881549
    outer loop
      vertex 13.3461 -16.9892 0.213407
      vertex 13.2458 -16.9069 0.144015
      vertex 13.2832 -16.8563 0.144015
    endloop
  endfacet
  facet normal 0.307939 -0.227607 -0.923779
    outer loop
      vertex 13.2458 -16.9069 0.144015
      vertex 13.1406 -16.8206 0.0876837
      vertex 13.2832 -16.8563 0.144015
    endloop
  endfacet
  facet normal 0.227607 -0.307939 -0.923779
    outer loop
      vertex 13.1063 -17.0332 0.144015
      vertex 13.0706 -16.8906 0.0876837
      vertex 13.1569 -16.9958 0.144015
    endloop
  endfacet
  facet normal -0.684776 -0.620099 -0.38283
    outer loop
      vertex -13.7487 -17.4987 0.994665
      vertex -13.8417 -17.396 0.994665
      vertex -13.7088 -17.4588 0.858666
    endloop
  endfacet
  facet normal -0.668386 -0.737411 -0.0973896
    outer loop
      vertex -13.7004 -17.6581 1.4264
      vertex -13.7992 -17.5492 1.2799
      vertex -13.6913 -17.647 1.2799
    endloop
  endfacet
  facet normal -0.511808 -0.853468 -0.0982066
    outer loop
      vertex -13.4494 -17.8086 1.2799
      vertex -13.5824 -17.7457 1.4264
      vertex -13.5743 -17.7337 1.2799
    endloop
  endfacet
  facet normal -0.592495 -0.79956 -0.0982521
    outer loop
      vertex -13.5824 -17.7457 1.4264
      vertex -13.6913 -17.647 1.2799
      vertex -13.5743 -17.7337 1.2799
    endloop
  endfacet
  facet normal -0.37737 -0.797369 -0.470952
    outer loop
      vertex -13.2424 -17.6887 0.728846
      vertex -13.3892 -17.6959 0.858666
      vertex -13.3565 -17.6347 0.728846
    endloop
  endfacet
  facet normal 0 -0.772961 -0.634454
    outer loop
      vertex -12.75 -17.6114 0.492661
      vertex 12.75 -17.7048 0.606451
      vertex -12.75 -17.7048 0.606451
    endloop
  endfacet
  facet normal 0 -0.772961 -0.634454
    outer loop
      vertex 12.75 -17.7048 0.606451
      vertex -12.75 -17.6114 0.492661
      vertex 12.75 -17.6114 0.492661
    endloop
  endfacet
  facet normal -0.171761 -0.686329 -0.706718
    outer loop
      vertex -12.9668 -17.5901 0.492661
      vertex -13.0424 -17.464 0.388573
      vertex -12.9465 -17.488 0.388573
    endloop
  endfacet
  facet normal -0.0379414 -0.772564 -0.633802
    outer loop
      vertex -12.75 -17.7048 0.606451
      vertex -12.8681 -17.699 0.606451
      vertex -12.8589 -17.6061 0.492661
    endloop
  endfacet
  facet normal 0.0379414 -0.772564 -0.633802
    outer loop
      vertex 12.8681 -17.699 0.606451
      vertex 12.75 -17.7048 0.606451
      vertex 12.8589 -17.6061 0.492661
    endloop
  endfacet
  facet normal 0.0375922 -0.772414 -0.634006
    outer loop
      vertex 12.8589 -17.6061 0.492661
      vertex 12.75 -17.7048 0.606451
      vertex 12.75 -17.6114 0.492661
    endloop
  endfacet
  facet normal -0.31136 -0.870075 -0.38213
    outer loop
      vertex -13.16 -17.8515 0.994665
      vertex -13.2905 -17.8048 0.994665
      vertex -13.2689 -17.7528 0.858666
    endloop
  endfacet
  facet normal -0.311089 -0.870077 -0.382348
    outer loop
      vertex -13.16 -17.8515 0.994665
      vertex -13.2689 -17.7528 0.858666
      vertex -13.1436 -17.7976 0.858666
    endloop
  endfacet
  facet normal -0.453606 -0.756674 -0.470836
    outer loop
      vertex -13.3892 -17.6959 0.858666
      vertex -13.5033 -17.6275 0.858666
      vertex -13.4648 -17.5698 0.728846
    endloop
  endfacet
  facet normal -0.419556 -0.886493 -0.195199
    outer loop
      vertex -13.3068 -17.8443 1.13553
      vertex -13.4494 -17.8086 1.2799
      vertex -13.4359 -17.7832 1.13553
    endloop
  endfacet
  facet normal -0.302645 -0.639633 -0.706594
    outer loop
      vertex -13.1355 -17.4307 0.388573
      vertex -13.2739 -17.4802 0.492661
      vertex -13.2249 -17.3884 0.388573
    endloop
  endfacet
  facet normal -0.550407 -0.742317 -0.382122
    outer loop
      vertex -13.5346 -17.6743 0.994665
      vertex -13.646 -17.5917 0.994665
      vertex -13.5033 -17.6275 0.858666
    endloop
  endfacet
  facet normal -0.904125 -0.427269 -0.000222057
    outer loop
      vertex -14.0729 -17.2071 9.695
      vertex -14.1358 -17.074 9.695
      vertex -14.1341 -17.0733 1.4264
    endloop
  endfacet
  facet normal -0.970062 -0.242856 -0.000214127
    outer loop
      vertex -14.1854 -16.9354 9.695
      vertex -14.2194 -16.7923 1.4264
      vertex -14.1837 -16.9349 1.4264
    endloop
  endfacet
  facet normal -0.788046 -0.583992 -0.194776
    outer loop
      vertex -13.8748 -17.4231 1.13553
      vertex -13.9837 -17.3243 1.2799
      vertex -13.9598 -17.3084 1.13553
    endloop
  endfacet
  facet normal -0.820748 -0.492587 -0.289363
    outer loop
      vertex -13.9243 -17.2846 0.994665
      vertex -14.0332 -17.1859 1.13553
      vertex -13.9956 -17.1658 0.994665
    endloop
  endfacet
  facet normal -0.896324 -0.224581 -0.382319
    outer loop
      vertex -14.1015 -16.91 0.994665
      vertex -14.1352 -16.7755 0.994665
      vertex -14.0476 -16.8936 0.858666
    endloop
  endfacet
  facet normal -0.870077 -0.311089 -0.382348
    outer loop
      vertex -14.0028 -17.0189 0.858666
      vertex -14.1015 -16.91 0.994665
      vertex -14.0476 -16.8936 0.858666
    endloop
  endfacet
  facet normal -0.881066 -0.0433197 -0.471006
    outer loop
      vertex -14.0304 -16.6261 0.728846
      vertex -14.106 -16.5 0.858666
      vertex -14.0366 -16.5 0.728846
    endloop
  endfacet
  facet normal -0.8727 -0.129977 -0.470639
    outer loop
      vertex -14.0799 -16.7645 0.858666
      vertex -14.0995 -16.6329 0.858666
      vertex -14.0119 -16.751 0.728846
    endloop
  endfacet
  facet normal -0.835531 -0.39476 -0.382168
    outer loop
      vertex -13.9956 -17.1658 0.994665
      vertex -14.0548 -17.0405 0.994665
      vertex -14.0028 -17.0189 0.858666
    endloop
  endfacet
  facet normal -0.865321 -0.408835 -0.289953
    outer loop
      vertex -13.9956 -17.1658 0.994665
      vertex -14.0943 -17.0568 1.13553
      vertex -14.0548 -17.0405 0.994665
    endloop
  endfacet
  facet normal -0.173111 -0.233349 -0.95686
    outer loop
      vertex -13.0307 -16.9202 0.0876837
      vertex -13.0706 -16.8906 0.0876837
      vertex -12.9812 -16.7817 0.0449524
    endloop
  endfacet
  facet normal -0.606771 -0.363919 -0.706677
    outer loop
      vertex -13.5876 -17.0596 0.388573
      vertex -13.6741 -17.1175 0.492661
      vertex -13.6384 -16.9749 0.388573
    endloop
  endfacet
  facet normal -0.713922 -0.426946 -0.555007
    outer loop
      vertex -13.7518 -17.1694 0.606451
      vertex -13.8198 -17.2148 0.728846
      vertex -13.8125 -17.0679 0.606451
    endloop
  endfacet
  facet normal -0.667755 -0.496067 -0.554996
    outer loop
      vertex -13.6813 -17.2643 0.606451
      vertex -13.8198 -17.2148 0.728846
      vertex -13.7518 -17.1694 0.606451
    endloop
  endfacet
  facet normal -0.620099 -0.684776 -0.38283
    outer loop
      vertex -13.646 -17.5917 0.994665
      vertex -13.7487 -17.4987 0.994665
      vertex -13.7088 -17.4588 0.858666
    endloop
  endfacet
  facet normal -0.708145 -0.525871 -0.471158
    outer loop
      vertex -13.7982 -17.3602 0.858666
      vertex -13.8198 -17.2148 0.728846
      vertex -13.7445 -17.3162 0.728846
    endloop
  endfacet
  facet normal -0.765037 -0.113218 -0.633956
    outer loop
      vertex -13.9317 -16.735 0.606451
      vertex -13.949 -16.6181 0.606451
      vertex -13.8401 -16.7168 0.492661
    endloop
  endfacet
  facet normal -0.830702 -0.297011 -0.470871
    outer loop
      vertex -14.0028 -17.0189 0.858666
      vertex -14.0476 -16.8936 0.858666
      vertex -13.9812 -16.8735 0.728846
    endloop
  endfacet
  facet normal -0.475019 -0.524381 -0.70667
    outer loop
      vertex -13.389 -17.2787 0.388573
      vertex -13.5359 -17.2859 0.492661
      vertex -13.4623 -17.2123 0.388573
    endloop
  endfacet
  facet normal -0.426946 -0.713922 -0.555007
    outer loop
      vertex -13.3179 -17.5625 0.606451
      vertex -13.4648 -17.5698 0.728846
      vertex -13.4194 -17.5018 0.606451
    endloop
  endfacet
  facet normal -0.349755 -0.316712 -0.881683
    outer loop
      vertex -13.2953 -17.0453 0.213407
      vertex -13.3461 -16.9892 0.213407
      vertex -13.2035 -16.9535 0.144015
    endloop
  endfacet
  facet normal -0.331234 -0.446501 -0.831216
    outer loop
      vertex -13.2464 -17.243 0.295188
      vertex -13.3169 -17.1907 0.295188
      vertex -13.1784 -17.1412 0.213407
    endloop
  endfacet
  facet normal -0.144757 -0.1311 -0.980744
    outer loop
      vertex -13.0077 -16.7577 0.0449524
      vertex -13.0317 -16.7312 0.0449524
      vertex -12.9056 -16.6556 0.0162344
    endloop
  endfacet
  facet normal -0.238369 -0.666432 -0.706433
    outer loop
      vertex -13.0424 -17.464 0.388573
      vertex -13.1753 -17.5268 0.492661
      vertex -13.1355 -17.4307 0.388573
    endloop
  endfacet
  facet normal 0 -0.555865 -0.831273
    outer loop
      vertex -12.75 -17.3935 0.295188
      vertex 12.75 -17.2712 0.213407
      vertex 12.75 -17.3935 0.295188
    endloop
  endfacet
  facet normal -0 -0.555865 -0.831273
    outer loop
      vertex 12.75 -17.2712 0.213407
      vertex -12.75 -17.3935 0.295188
      vertex -12.75 -17.2712 0.213407
    endloop
  endfacet
  facet normal -0.08121 -0.550071 -0.83116
    outer loop
      vertex -12.8376 -17.3892 0.295188
      vertex -12.9243 -17.3764 0.295188
      vertex -12.8256 -17.2674 0.213407
    endloop
  endfacet
  facet normal -0.772961 0 -0.634454
    outer loop
      vertex -13.8614 -16.5 0.492661
      vertex -13.9548 16.5 0.606451
      vertex -13.8614 16.5 0.492661
    endloop
  endfacet
  facet normal -0.772961 -0 -0.634454
    outer loop
      vertex -13.9548 16.5 0.606451
      vertex -13.8614 -16.5 0.492661
      vertex -13.9548 -16.5 0.606451
    endloop
  endfacet
  facet normal -0.686363 -0.171915 -0.706648
    outer loop
      vertex -13.8136 -16.8226 0.492661
      vertex -13.8401 -16.7168 0.492661
      vertex -13.714 -16.7924 0.388573
    endloop
  endfacet
  facet normal -0.751573 -0.356082 -0.555287
    outer loop
      vertex -13.8125 -17.0679 0.606451
      vertex -13.9387 -16.9924 0.728846
      vertex -13.8631 -16.9611 0.606451
    endloop
  endfacet
  facet normal -0.0140791 -0.290381 -0.956808
    outer loop
      vertex -12.75 -17.0053 0.0876837
      vertex -12.7995 -17.0029 0.0876837
      vertex -12.75 -16.8645 0.0449524
    endloop
  endfacet
  facet normal -0.0146318 -0.290198 -0.956855
    outer loop
      vertex -12.75 -16.8645 0.0449524
      vertex -12.7995 -17.0029 0.0876837
      vertex -12.7857 -16.8627 0.0449524
    endloop
  endfacet
  facet normal -0.820748 0.492587 -0.289363
    outer loop
      vertex -13.9956 17.1658 0.994665
      vertex -14.0332 17.1859 1.13553
      vertex -13.9243 17.2846 0.994665
    endloop
  endfacet
  facet normal -0.82094 0.491894 -0.289997
    outer loop
      vertex -13.9243 17.2846 0.994665
      vertex -14.0332 17.1859 1.13553
      vertex -13.9598 17.3084 1.13553
    endloop
  endfacet
  facet normal -0.658714 0.726741 -0.194793
    outer loop
      vertex -13.6731 17.6248 1.13553
      vertex -13.7992 17.5492 1.2799
      vertex -13.6913 17.647 1.2799
    endloop
  endfacet
  facet normal -0.668386 0.737411 -0.0973896
    outer loop
      vertex -13.6913 17.647 1.2799
      vertex -13.7992 17.5492 1.2799
      vertex -13.7004 17.6581 1.4264
    endloop
  endfacet
  facet normal -0.70912 0.642766 -0.28983
    outer loop
      vertex -13.7487 17.4987 0.994665
      vertex -13.8748 17.4231 1.13553
      vertex -13.7789 17.5289 1.13553
    endloop
  endfacet
  facet normal -0.726726 0.658725 -0.19481
    outer loop
      vertex -13.7789 17.5289 1.13553
      vertex -13.8748 17.4231 1.13553
      vertex -13.7992 17.5492 1.2799
    endloop
  endfacet
  facet normal -0.573143 0.519493 -0.633746
    outer loop
      vertex -13.5359 17.2859 0.492661
      vertex -13.6813 17.2643 0.606451
      vertex -13.6019 17.3519 0.606451
    endloop
  endfacet
  facet normal -0.621121 0.460878 -0.633877
    outer loop
      vertex -13.6741 17.1175 0.492661
      vertex -13.6813 17.2643 0.606451
      vertex -13.6091 17.2051 0.492661
    endloop
  endfacet
  facet normal -0.855872 0.214492 -0.470613
    outer loop
      vertex -14.0119 16.751 0.728846
      vertex -14.0799 16.7645 0.858666
      vertex -13.9812 16.8735 0.728846
    endloop
  endfacet
  facet normal -0.708562 0.525622 -0.470809
    outer loop
      vertex -13.8198 17.2148 0.728846
      vertex -13.8775 17.2533 0.858666
      vertex -13.7982 17.3602 0.858666
    endloop
  endfacet
  facet normal -0.642338 0.709335 -0.290252
    outer loop
      vertex -13.646 17.5917 0.994665
      vertex -13.7487 17.4987 0.994665
      vertex -13.6731 17.6248 1.13553
    endloop
  endfacet
  facet normal -0.569962 0.76869 -0.290275
    outer loop
      vertex -13.646 17.5917 0.994665
      vertex -13.6731 17.6248 1.13553
      vertex -13.5346 17.6743 0.994665
    endloop
  endfacet
  facet normal -0.550529 0.742137 -0.382296
    outer loop
      vertex -13.6102 17.5482 0.858666
      vertex -13.646 17.5917 0.994665
      vertex -13.5033 17.6275 0.858666
    endloop
  endfacet
  facet normal -0.475148 0.792608 -0.382107
    outer loop
      vertex -13.5033 17.6275 0.858666
      vertex -13.5346 17.6743 0.994665
      vertex -13.3892 17.6959 0.858666
    endloop
  endfacet
  facet normal -0.363792 0.606969 -0.706572
    outer loop
      vertex -13.2249 17.3884 0.388573
      vertex -13.3675 17.4241 0.492661
      vertex -13.2739 17.4802 0.492661
    endloop
  endfacet
  facet normal -0.363919 0.606771 -0.706677
    outer loop
      vertex -13.3096 17.3376 0.388573
      vertex -13.3675 17.4241 0.492661
      vertex -13.2249 17.3884 0.388573
    endloop
  endfacet
  facet normal -0.335544 0.936926 -0.0978762
    outer loop
      vertex -13.1807 17.9199 1.2799
      vertex -13.3178 17.8708 1.2799
      vertex -13.1849 17.9337 1.4264
    endloop
  endfacet
  facet normal -0.242015 0.965324 -0.0978698
    outer loop
      vertex -13.1807 17.9199 1.2799
      vertex -13.1849 17.9337 1.4264
      vertex -13.0395 17.9553 1.2799
    endloop
  endfacet
  facet normal -0.0469683 0.955943 -0.289772
    outer loop
      vertex -12.75 17.9123 0.994665
      vertex -12.8884 17.9055 0.994665
      vertex -12.75 17.955 1.13553
    endloop
  endfacet
  facet normal 0 0.995204 -0.0978221
    outer loop
      vertex 12.75 17.9838 1.2799
      vertex -12.75 17.9982 1.4264
      vertex 12.75 17.9982 1.4264
    endloop
  endfacet
  facet normal 0 0.995204 -0.0978221
    outer loop
      vertex -12.75 17.9982 1.4264
      vertex 12.75 17.9838 1.2799
      vertex -12.75 17.9838 1.2799
    endloop
  endfacet
  facet normal -0.0451474 0.92309 -0.381925
    outer loop
      vertex -12.8829 17.8495 0.858666
      vertex -12.8884 17.9055 0.994665
      vertex -12.75 17.856 0.858666
    endloop
  endfacet
  facet normal -0.135367 0.914227 -0.381923
    outer loop
      vertex -12.8829 17.8495 0.858666
      vertex -13.0255 17.8852 0.994665
      vertex -12.8884 17.9055 0.994665
    endloop
  endfacet
  facet normal -0.243175 0.969982 0
    outer loop
      vertex -13.0426 17.9712 9.695
      vertex -13.1854 17.9354 9.705
      vertex -13.0426 17.9712 9.705
    endloop
  endfacet
  facet normal -0.243175 0.969982 0
    outer loop
      vertex -13.1854 17.9354 9.705
      vertex -13.0426 17.9712 9.695
      vertex -13.1854 17.9354 9.695
    endloop
  endfacet
  facet normal -0.853744 0.511435 -0.0977496
    outer loop
      vertex -14.0586 17.1994 1.2799
      vertex -14.0713 17.2062 1.4264
      vertex -13.9957 17.3324 1.4264
    endloop
  endfacet
  facet normal -0.899772 0.425272 -0.0977403
    outer loop
      vertex -14.0586 17.1994 1.2799
      vertex -14.1208 17.0678 1.2799
      vertex -14.0713 17.2062 1.4264
    endloop
  endfacet
  facet normal -0.969982 -0.243175 0
    outer loop
      vertex -14.1854 -16.9354 9.695
      vertex -14.2212 -16.7926 9.705
      vertex -14.2212 -16.7926 9.695
    endloop
  endfacet
  facet normal -0.969982 -0.243175 0
    outer loop
      vertex -14.2212 -16.7926 9.705
      vertex -14.1854 -16.9354 9.695
      vertex -14.1854 -16.9354 9.705
    endloop
  endfacet
  facet normal -0.92309 -0.0451474 -0.381925
    outer loop
      vertex -14.0995 -16.6329 0.858666
      vertex -14.1555 -16.6384 0.994665
      vertex -14.106 -16.5 0.858666
    endloop
  endfacet
  facet normal -0.94674 -0.140034 -0.289956
    outer loop
      vertex -14.1771 -16.7839 1.13553
      vertex -14.198 -16.6426 1.13553
      vertex -14.1352 -16.7755 0.994665
    endloop
  endfacet
  facet normal -0.0930727 0.371682 -0.923683
    outer loop
      vertex -12.8967 16.9836 0.0876837
      vertex -12.9362 17.1137 0.144015
      vertex -12.8751 17.129 0.144015
    endloop
  endfacet
  facet normal -0.092719 0.371649 -0.923732
    outer loop
      vertex -12.8486 16.9956 0.0876837
      vertex -12.8967 16.9836 0.0876837
      vertex -12.8751 17.129 0.144015
    endloop
  endfacet
  facet normal -0.114607 0.457807 -0.881634
    outer loop
      vertex -12.8751 17.129 0.144015
      vertex -12.9739 17.2379 0.213407
      vertex -12.9004 17.2563 0.213407
    endloop
  endfacet
  facet normal -0.13498 0.539187 -0.831299
    outer loop
      vertex -12.9739 17.2379 0.213407
      vertex -13.0094 17.3551 0.295188
      vertex -12.9004 17.2563 0.213407
    endloop
  endfacet
  facet normal -0.0560608 0.37902 -0.923689
    outer loop
      vertex -12.7995 17.0029 0.0876837
      vertex -12.8751 17.129 0.144015
      vertex -12.8129 17.1382 0.144015
    endloop
  endfacet
  facet normal -0.0690382 0.466758 -0.881686
    outer loop
      vertex -12.8129 17.1382 0.144015
      vertex -12.8751 17.129 0.144015
      vertex -12.8256 17.2674 0.213407
    endloop
  endfacet
  facet normal -0.39476 0.835531 -0.382168
    outer loop
      vertex -13.2689 17.7528 0.858666
      vertex -13.4158 17.7456 0.994665
      vertex -13.2905 17.8048 0.994665
    endloop
  endfacet
  facet normal -0.408835 0.865321 -0.289953
    outer loop
      vertex -13.2905 17.8048 0.994665
      vertex -13.4158 17.7456 0.994665
      vertex -13.3068 17.8443 1.13553
    endloop
  endfacet
  facet normal -0.0375922 0.772414 -0.634006
    outer loop
      vertex -12.75 17.6114 0.492661
      vertex -12.8589 17.6061 0.492661
      vertex -12.75 17.7048 0.606451
    endloop
  endfacet
  facet normal -0.08121 0.550071 -0.83116
    outer loop
      vertex -12.8256 17.2674 0.213407
      vertex -12.9243 17.3764 0.295188
      vertex -12.8376 17.3892 0.295188
    endloop
  endfacet
  facet normal -0.103761 0.699847 -0.706716
    outer loop
      vertex -12.9465 17.488 0.388573
      vertex -12.9668 17.5901 0.492661
      vertex -12.8487 17.5025 0.388573
    endloop
  endfacet
  facet normal 0.0927249 0.628066 -0.772616
    outer loop
      vertex 12.9243 17.3764 0.295188
      vertex 12.8376 17.3892 0.295188
      vertex 12.9465 17.488 0.388573
    endloop
  endfacet
  facet normal 0 0.63436 -0.773038
    outer loop
      vertex -12.75 17.3935 0.295188
      vertex 12.75 17.5073 0.388573
      vertex 12.75 17.3935 0.295188
    endloop
  endfacet
  facet normal 0 0.63436 -0.773038
    outer loop
      vertex 12.75 17.5073 0.388573
      vertex -12.75 17.3935 0.295188
      vertex -12.75 17.5073 0.388573
    endloop
  endfacet
  facet normal 0.57365 -0.271425 -0.772822
    outer loop
      vertex 13.6384 -16.9749 0.388573
      vertex 13.538 -16.9212 0.295188
      vertex 13.6807 -16.8855 0.388573
    endloop
  endfacet
  facet normal 0.371682 -0.0930727 -0.923683
    outer loop
      vertex 13.3637 -16.6862 0.144015
      vertex 13.2336 -16.6467 0.0876837
      vertex 13.379 -16.6251 0.144015
    endloop
  endfacet
  facet normal 0.193251 -0.0283871 -0.980739
    outer loop
      vertex 13.1075 -16.5711 0.0449524
      vertex 12.9659 -16.5429 0.0162344
      vertex 13.1127 -16.5357 0.0449524
    endloop
  endfacet
  facet normal 0.088548 0.0422306 -0.995176
    outer loop
      vertex 12.818 16.5282 0.00180626
      vertex 12.8149 16.5347 0.00180626
      vertex 12.9441 16.6038 0.0162344
    endloop
  endfacet
  facet normal 0.47118 0 -0.882037
    outer loop
      vertex 13.3913 -16.5 0.144015
      vertex 13.5212 16.5 0.213407
      vertex 13.5212 -16.5 0.213407
    endloop
  endfacet
  facet normal 0.47118 0 -0.882037
    outer loop
      vertex 13.5212 16.5 0.213407
      vertex 13.3913 -16.5 0.144015
      vertex 13.3913 16.5 0.144015
    endloop
  endfacet
  facet normal 0.382673 0 -0.923884
    outer loop
      vertex 13.2553 -16.5 0.0876837
      vertex 13.3913 16.5 0.144015
      vertex 13.3913 -16.5 0.144015
    endloop
  endfacet
  facet normal 0.382673 0 -0.923884
    outer loop
      vertex 13.3913 16.5 0.144015
      vertex 13.2553 -16.5 0.0876837
      vertex 13.2553 16.5 0.0876837
    endloop
  endfacet
  facet normal 0.446501 -0.331234 -0.831216
    outer loop
      vertex 13.4407 -17.0669 0.295188
      vertex 13.3912 -16.9284 0.213407
      vertex 13.493 -16.9964 0.295188
    endloop
  endfacet
  facet normal 0.544833 -0.32603 -0.772568
    outer loop
      vertex 13.5876 -17.0596 0.388573
      vertex 13.493 -16.9964 0.295188
      vertex 13.538 -16.9212 0.295188
    endloop
  endfacet
  facet normal 0.0586673 -0.0786779 -0.995172
    outer loop
      vertex 12.8723 -16.683 0.0162344
      vertex 12.7909 -16.5612 0.00180626
      vertex 12.8896 -16.6701 0.0162344
    endloop
  endfacet
  facet normal 0.100445 -0.16759 -0.980726
    outer loop
      vertex 12.9218 -16.8214 0.0449524
      vertex 12.8538 -16.6941 0.0162344
      vertex 12.9525 -16.803 0.0449524
    endloop
  endfacet
  facet normal 0.065986 -0.183779 -0.98075
    outer loop
      vertex 12.8558 -16.8488 0.0449524
      vertex 12.8342 -16.7033 0.0162344
      vertex 12.8895 -16.8367 0.0449524
    endloop
  endfacet
  facet normal 0.0332183 -0.0923742 -0.99517
    outer loop
      vertex 12.8139 -16.7106 0.0162344
      vertex 12.7782 -16.568 0.00180626
      vertex 12.8342 -16.7033 0.0162344
    endloop
  endfacet
  facet normal 0.0146318 -0.290198 -0.956855
    outer loop
      vertex 12.7995 -17.0029 0.0876837
      vertex 12.75 -16.8645 0.0449524
      vertex 12.7857 -16.8627 0.0449524
    endloop
  endfacet
  facet normal 0 -0.195058 -0.980792
    outer loop
      vertex -12.75 -16.8645 0.0449524
      vertex 12.75 -16.7201 0.0162344
      vertex 12.75 -16.8645 0.0449524
    endloop
  endfacet
  facet normal -0 -0.195058 -0.980792
    outer loop
      vertex 12.75 -16.7201 0.0162344
      vertex -12.75 -16.8645 0.0449524
      vertex -12.75 -16.7201 0.0162344
    endloop
  endfacet
  facet normal 0.215416 -0.195094 -0.956835
    outer loop
      vertex 13.1073 -16.8573 0.0876837
      vertex 13.0077 -16.7577 0.0449524
      vertex 13.0317 -16.7312 0.0449524
    endloop
  endfacet
  facet normal 0.249107 -0.149464 -0.956873
    outer loop
      vertex 13.1702 -16.7807 0.0876837
      vertex 13.0714 -16.6718 0.0449524
      vertex 13.1957 -16.7382 0.0876837
    endloop
  endfacet
  facet normal 0.183779 -0.065986 -0.98075
    outer loop
      vertex 13.0867 -16.6395 0.0449524
      vertex 12.9533 -16.5842 0.0162344
      vertex 13.0988 -16.6058 0.0449524
    endloop
  endfacet
  facet normal 0.262575 -0.124254 -0.956878
    outer loop
      vertex 13.1957 -16.7382 0.0876837
      vertex 13.0714 -16.6718 0.0449524
      vertex 13.2169 -16.6934 0.0876837
    endloop
  endfacet
  facet normal -0.097241 -0.0135057 -0.995169
    outer loop
      vertex -12.8222 -16.5144 0.00180626
      vertex -12.9659 -16.5429 0.0162344
      vertex -12.8232 -16.5072 0.00180626
    endloop
  endfacet
  facet normal -0.0836378 -0.176569 -0.980728
    outer loop
      vertex -12.8895 -16.8367 0.0449524
      vertex -12.9218 -16.8214 0.0449524
      vertex -12.8538 -16.6941 0.0162344
    endloop
  endfacet
  facet normal 0.0786779 0.0586673 -0.995172
    outer loop
      vertex 12.933 16.6223 0.0162344
      vertex 12.8112 16.5409 0.00180626
      vertex 12.9201 16.6396 0.0162344
    endloop
  endfacet
  facet normal 0.189315 -0.0477795 -0.980753
    outer loop
      vertex 13.0988 -16.6058 0.0449524
      vertex 12.9606 -16.5639 0.0162344
      vertex 12.9659 -16.5429 0.0162344
    endloop
  endfacet
  facet normal 0.183764 -0.0660827 -0.980747
    outer loop
      vertex 13.0988 -16.6058 0.0449524
      vertex 12.9533 -16.5842 0.0162344
      vertex 12.9606 -16.5639 0.0162344
    endloop
  endfacet
  facet normal -0.176569 -0.0836378 -0.980728
    outer loop
      vertex -13.0714 -16.6718 0.0449524
      vertex -13.0867 -16.6395 0.0449524
      vertex -12.9441 -16.6038 0.0162344
    endloop
  endfacet
  facet normal 0.19324 -0.0281241 -0.980748
    outer loop
      vertex 13.1127 -16.5357 0.0449524
      vertex 12.9659 -16.5429 0.0162344
      vertex 12.969 -16.5216 0.0162344
    endloop
  endfacet
  facet normal 0.0332183 0.0923742 -0.99517
    outer loop
      vertex 12.8342 16.7033 0.0162344
      vertex 12.7782 16.568 0.00180626
      vertex 12.8139 16.7106 0.0162344
    endloop
  endfacet
  facet normal -0.0979881 0.00499014 -0.995175
    outer loop
      vertex -12.8232 16.5072 0.00180626
      vertex -12.9701 16.5 0.0162344
      vertex -12.969 16.5216 0.0162344
    endloop
  endfacet
  facet normal 0.0788604 -0.0584655 -0.99517
    outer loop
      vertex 12.9201 -16.6396 0.0162344
      vertex 12.8069 -16.5467 0.00180626
      vertex 12.8112 -16.5409 0.00180626
    endloop
  endfacet
  facet normal 0.22829 0.307729 -0.923681
    outer loop
      vertex 13.0706 16.8906 0.0876837
      vertex 13.0307 16.9202 0.0876837
      vertex 13.1063 17.0332 0.144015
    endloop
  endfacet
  facet normal 0.287481 0.0422289 -0.956855
    outer loop
      vertex 13.1127 16.5357 0.0449524
      vertex 13.1075 16.5711 0.0449524
      vertex 13.2529 16.5495 0.0876837
    endloop
  endfacet
  facet normal 0.382607 -0.0185507 -0.923725
    outer loop
      vertex 13.3913 -16.5 0.144015
      vertex 13.2529 -16.5495 0.0876837
      vertex 13.2553 -16.5 0.0876837
    endloop
  endfacet
  facet normal 0.328567 0.19714 -0.923677
    outer loop
      vertex 13.1957 16.7382 0.0876837
      vertex 13.1702 16.7807 0.0876837
      vertex 13.2832 16.8563 0.144015
    endloop
  endfacet
  facet normal 0.509928 0.378287 -0.772575
    outer loop
      vertex 13.493 16.9964 0.295188
      vertex 13.4407 17.0669 0.295188
      vertex 13.5876 17.0596 0.388573
    endloop
  endfacet
  facet normal 0.0279294 0.555648 -0.830948
    outer loop
      vertex 12.8256 17.2674 0.213407
      vertex 12.75 17.2712 0.213407
      vertex 12.75 17.3935 0.295188
    endloop
  endfacet
  facet normal 0.0311236 0.634052 -0.772663
    outer loop
      vertex 12.8376 17.3892 0.295188
      vertex 12.75 17.3935 0.295188
      vertex 12.75 17.5073 0.388573
    endloop
  endfacet
  facet normal 0.326415 0.54424 -0.772824
    outer loop
      vertex 13.3096 17.3376 0.388573
      vertex 13.1712 17.288 0.295188
      vertex 13.2249 17.3884 0.388573
    endloop
  endfacet
  facet normal 0.242525 0.404624 -0.881737
    outer loop
      vertex 13.1784 17.1412 0.213407
      vertex 13.1063 17.0332 0.144015
      vertex 13.1135 17.1801 0.213407
    endloop
  endfacet
  facet normal 0.0690382 0.466758 -0.881686
    outer loop
      vertex 12.8751 17.129 0.144015
      vertex 12.8129 17.1382 0.144015
      vertex 12.8256 17.2674 0.213407
    endloop
  endfacet
  facet normal 0.0422289 0.287481 -0.956855
    outer loop
      vertex 12.8211 16.8575 0.0449524
      vertex 12.7857 16.8627 0.0449524
      vertex 12.7995 17.0029 0.0876837
    endloop
  endfacet
  facet normal 0.134959 0.539203 -0.831292
    outer loop
      vertex 13.0094 17.3551 0.295188
      vertex 12.9004 17.2563 0.213407
      vertex 12.9243 17.3764 0.295188
    endloop
  endfacet
  facet normal 0.621121 0.460878 -0.633877
    outer loop
      vertex 13.6741 17.1175 0.492661
      vertex 13.6091 17.2051 0.492661
      vertex 13.6813 17.2643 0.606451
    endloop
  endfacet
  facet normal 0.57365 0.271425 -0.772822
    outer loop
      vertex 13.6807 16.8855 0.388573
      vertex 13.538 16.9212 0.295188
      vertex 13.6384 16.9749 0.388573
    endloop
  endfacet
  facet normal 0.699416 0.330556 -0.63368
    outer loop
      vertex 13.7768 16.9253 0.492661
      vertex 13.7302 17.0239 0.492661
      vertex 13.8125 17.0679 0.606451
    endloop
  endfacet
  facet normal 0.627821 0.0930818 -0.772772
    outer loop
      vertex 13.7525 16.5987 0.388573
      vertex 13.6392 16.5876 0.295188
      vertex 13.738 16.6965 0.388573
    endloop
  endfacet
  facet normal 0.0720157 -0.0665806 -0.995179
    outer loop
      vertex 12.9056 -16.6556 0.0162344
      vertex 12.802 -16.552 0.00180626
      vertex 12.8069 -16.5467 0.00180626
    endloop
  endfacet
  facet normal 0.0586673 0.0786779 -0.995172
    outer loop
      vertex 12.8896 16.6701 0.0162344
      vertex 12.7909 16.5612 0.00180626
      vertex 12.8723 16.683 0.0162344
    endloop
  endfacet
  facet normal -0.0185507 0.382607 -0.923725
    outer loop
      vertex -12.75 17.0053 0.0876837
      vertex -12.7995 17.0029 0.0876837
      vertex -12.75 17.1413 0.144015
    endloop
  endfacet
  facet normal -0.0140791 0.290381 -0.956808
    outer loop
      vertex -12.75 16.8645 0.0449524
      vertex -12.7995 17.0029 0.0876837
      vertex -12.75 17.0053 0.0876837
    endloop
  endfacet
  facet normal 0.0140791 0.290381 -0.956808
    outer loop
      vertex 12.7995 17.0029 0.0876837
      vertex 12.75 16.8645 0.0449524
      vertex 12.75 17.0053 0.0876837
    endloop
  endfacet
  facet normal 0.163768 0.346409 -0.923678
    outer loop
      vertex 13.0523 17.0656 0.144015
      vertex 12.9882 16.9457 0.0876837
      vertex 12.9954 17.0925 0.144015
    endloop
  endfacet
  facet normal 0.0141298 0.0970855 -0.995176
    outer loop
      vertex 12.7929 16.7159 0.0162344
      vertex 12.7572 16.5732 0.00180626
      vertex 12.7716 16.719 0.0162344
    endloop
  endfacet
  facet normal 0.0283871 0.193251 -0.980739
    outer loop
      vertex 12.7929 16.7159 0.0162344
      vertex 12.7857 16.8627 0.0449524
      vertex 12.8211 16.8575 0.0449524
    endloop
  endfacet
  facet normal 0.19714 0.328567 -0.923677
    outer loop
      vertex 13.0307 16.9202 0.0876837
      vertex 12.9882 16.9457 0.0876837
      vertex 13.1063 17.0332 0.144015
    endloop
  endfacet
  facet normal 0.328567 0.19714 -0.923677
    outer loop
      vertex 13.3156 16.8023 0.144015
      vertex 13.1957 16.7382 0.0876837
      vertex 13.2832 16.8563 0.144015
    endloop
  endfacet
  facet normal 0.173111 0.233349 -0.95686
    outer loop
      vertex 13.0706 16.8906 0.0876837
      vertex 12.9812 16.7817 0.0449524
      vertex 13.0307 16.9202 0.0876837
    endloop
  endfacet
  facet normal 0.215416 0.195094 -0.956835
    outer loop
      vertex 13.0317 16.7312 0.0449524
      vertex 13.0077 16.7577 0.0449524
      vertex 13.1073 16.8573 0.0876837
    endloop
  endfacet
  facet normal 0.397695 0.663534 -0.633689
    outer loop
      vertex 13.3675 17.4241 0.492661
      vertex 13.2739 17.4802 0.492661
      vertex 13.3179 17.5625 0.606451
    endloop
  endfacet
  facet normal 0.0430879 0.880983 -0.471182
    outer loop
      vertex 12.8761 17.7804 0.728846
      vertex 12.75 17.856 0.858666
      vertex 12.8829 17.8495 0.858666
    endloop
  endfacet
  facet normal 0.213809 0.597766 -0.772633
    outer loop
      vertex 13.1355 17.4307 0.388573
      vertex 13.0094 17.3551 0.295188
      vertex 13.0424 17.464 0.388573
    endloop
  endfacet
  facet normal 0.302431 0.639907 -0.706438
    outer loop
      vertex 13.2739 17.4802 0.492661
      vertex 13.1355 17.4307 0.388573
      vertex 13.1753 17.5268 0.492661
    endloop
  endfacet
  facet normal 0.214293 0.597268 -0.772884
    outer loop
      vertex 13.0919 17.3255 0.295188
      vertex 13.0094 17.3551 0.295188
      vertex 13.1355 17.4307 0.388573
    endloop
  endfacet
  facet normal 0.187863 0.523604 -0.830991
    outer loop
      vertex 13.0451 17.2125 0.213407
      vertex 13.0094 17.3551 0.295188
      vertex 13.0919 17.3255 0.295188
    endloop
  endfacet
  facet normal 0.129235 0.872514 -0.471187
    outer loop
      vertex 13.001 17.7619 0.728846
      vertex 12.8761 17.7804 0.728846
      vertex 12.8829 17.8495 0.858666
    endloop
  endfacet
  facet normal 0.492587 0.820748 -0.289363
    outer loop
      vertex 13.5346 17.6743 0.994665
      vertex 13.4158 17.7456 0.994665
      vertex 13.4359 17.7832 1.13553
    endloop
  endfacet
  facet normal 0.0433197 0.881066 -0.471006
    outer loop
      vertex 12.8761 17.7804 0.728846
      vertex 12.75 17.7866 0.728846
      vertex 12.75 17.856 0.858666
    endloop
  endfacet
  facet normal 0.0375922 0.772414 -0.634006
    outer loop
      vertex 12.8589 17.6061 0.492661
      vertex 12.75 17.6114 0.492661
      vertex 12.75 17.7048 0.606451
    endloop
  endfacet
  facet normal 0.496067 0.667755 -0.554996
    outer loop
      vertex 13.5143 17.4313 0.606451
      vertex 13.4194 17.5018 0.606451
      vertex 13.4648 17.5698 0.728846
    endloop
  endfacet
  facet normal 0.461101 0.620688 -0.634139
    outer loop
      vertex 13.5143 17.4313 0.606451
      vertex 13.3675 17.4241 0.492661
      vertex 13.4194 17.5018 0.606451
    endloop
  endfacet
  facet normal 0.558391 0.616058 -0.555583
    outer loop
      vertex 13.6019 17.3519 0.606451
      vertex 13.5143 17.4313 0.606451
      vertex 13.6598 17.4098 0.728846
    endloop
  endfacet
  facet normal 0.363919 0.606771 -0.706677
    outer loop
      vertex 13.3096 17.3376 0.388573
      vertex 13.2249 17.3884 0.388573
      vertex 13.3675 17.4241 0.492661
    endloop
  endfacet
  facet normal 0.0489209 0.998803 -0
    outer loop
      vertex 12.897 17.9928 9.695
      vertex 12.75 18 9.705
      vertex 12.897 17.9928 9.705
    endloop
  endfacet
  facet normal 0.0489209 0.998803 0
    outer loop
      vertex 12.75 18 9.705
      vertex 12.897 17.9928 9.695
      vertex 12.75 18 9.695
    endloop
  endfacet
  facet normal 0.989174 -0.146746 0
    outer loop
      vertex 14.2212 -16.7926 9.705
      vertex 14.2428 -16.647 9.695
      vertex 14.2428 -16.647 9.705
    endloop
  endfacet
  facet normal 0.989174 -0.146746 0
    outer loop
      vertex 14.2428 -16.647 9.695
      vertex 14.2212 -16.7926 9.705
      vertex 14.2212 -16.7926 9.695
    endloop
  endfacet
  facet normal 0.74123 0.671251 -0.000222072
    outer loop
      vertex 13.9095 17.4516 9.695
      vertex 13.8094 17.5594 1.4264
      vertex 13.8107 17.5607 9.695
    endloop
  endfacet
  facet normal 0.671251 0.74123 -0.000222072
    outer loop
      vertex 13.8094 17.5594 1.4264
      vertex 13.7016 17.6595 9.695
      vertex 13.8107 17.5607 9.695
    endloop
  endfacet
  facet normal 0.671216 0.741262 -0.000222919
    outer loop
      vertex 13.8094 17.5594 1.4264
      vertex 13.7004 17.6581 1.4264
      vertex 13.7016 17.6595 9.695
    endloop
  endfacet
  facet normal 0.33071 0.92343 -0.194699
    outer loop
      vertex 13.3068 17.8443 1.13553
      vertex 13.1807 17.9199 1.2799
      vertex 13.3178 17.8708 1.2799
    endloop
  endfacet
  facet normal 0.504134 0.841367 -0.194808
    outer loop
      vertex 13.5584 17.7098 1.13553
      vertex 13.4359 17.7832 1.13553
      vertex 13.5743 17.7337 1.2799
    endloop
  endfacet
  facet normal 0.642338 0.709335 -0.290252
    outer loop
      vertex 13.7487 17.4987 0.994665
      vertex 13.646 17.5917 0.994665
      vertex 13.6731 17.6248 1.13553
    endloop
  endfacet
  facet normal 0.453606 0.756674 -0.470836
    outer loop
      vertex 13.4648 17.5698 0.728846
      vertex 13.3892 17.6959 0.858666
      vertex 13.5033 17.6275 0.858666
    endloop
  endfacet
  facet normal 0.569962 0.76869 -0.290275
    outer loop
      vertex 13.646 17.5917 0.994665
      vertex 13.5346 17.6743 0.994665
      vertex 13.6731 17.6248 1.13553
    endloop
  endfacet
  facet normal 0.853468 0.511808 -0.0982066
    outer loop
      vertex 14.0586 17.1994 1.2799
      vertex 13.9837 17.3243 1.2799
      vertex 13.9957 17.3324 1.4264
    endloop
  endfacet
  facet normal 0.726741 0.658714 -0.194793
    outer loop
      vertex 13.8748 17.4231 1.13553
      vertex 13.7992 17.5492 1.2799
      vertex 13.897 17.4413 1.2799
    endloop
  endfacet
  facet normal 0.998799 0.0489874 -0.000218615
    outer loop
      vertex 14.2482 16.5 1.4264
      vertex 14.241 16.6468 1.4264
      vertex 14.2428 16.647 9.695
    endloop
  endfacet
  facet normal 0.946758 0.140184 -0.289824
    outer loop
      vertex 14.1555 16.6384 0.994665
      vertex 14.1352 16.7755 0.994665
      vertex 14.198 16.6426 1.13553
    endloop
  endfacet
  facet normal 0.993975 0.0487508 -0.0981672
    outer loop
      vertex 14.2482 16.5 1.4264
      vertex 14.2266 16.6454 1.2799
      vertex 14.241 16.6468 1.4264
    endloop
  endfacet
  facet normal 0.886493 0.419556 -0.195199
    outer loop
      vertex 14.0943 17.0568 1.13553
      vertex 14.0332 17.1859 1.13553
      vertex 14.0586 17.1994 1.2799
    endloop
  endfacet
  facet normal 0.830718 -0.0408442 -0.555192
    outer loop
      vertex 14.0304 -16.6261 0.728846
      vertex 13.9548 -16.5 0.606451
      vertex 14.0366 -16.5 0.728846
    endloop
  endfacet
  facet normal 0.896292 -0.224247 -0.382589
    outer loop
      vertex 14.1352 -16.7755 0.994665
      vertex 14.0476 -16.8936 0.858666
      vertex 14.0799 -16.7645 0.858666
    endloop
  endfacet
  facet normal 0.634052 -0.0311236 -0.772663
    outer loop
      vertex 13.7573 -16.5 0.388573
      vertex 13.6392 -16.5876 0.295188
      vertex 13.6435 -16.5 0.295188
    endloop
  endfacet
  facet normal 0.699836 -0.103776 -0.706725
    outer loop
      vertex 13.8401 -16.7168 0.492661
      vertex 13.7525 -16.5987 0.388573
      vertex 13.8561 -16.6089 0.492661
    endloop
  endfacet
  facet normal 0.346394 0.163918 -0.923657
    outer loop
      vertex 13.2169 16.6934 0.0876837
      vertex 13.1957 16.7382 0.0876837
      vertex 13.3425 16.7454 0.144015
    endloop
  endfacet
  facet normal 0.426558 0.201659 -0.881693
    outer loop
      vertex 13.3425 16.7454 0.144015
      vertex 13.3156 16.8023 0.144015
      vertex 13.4301 16.8635 0.213407
    endloop
  endfacet
  facet normal 0.555379 0.0272618 -0.83115
    outer loop
      vertex 13.6435 16.5 0.295188
      vertex 13.5174 16.5756 0.213407
      vertex 13.6392 16.5876 0.295188
    endloop
  endfacet
  facet normal 0.471048 0.023677 -0.88179
    outer loop
      vertex 13.5212 16.5 0.213407
      vertex 13.3913 16.5 0.144015
      vertex 13.5174 16.5756 0.213407
    endloop
  endfacet
  facet normal 0.539187 0.13498 -0.831299
    outer loop
      vertex 13.5063 16.6504 0.213407
      vertex 13.4879 16.7239 0.213407
      vertex 13.6051 16.7594 0.295188
    endloop
  endfacet
  facet normal 0.426272 0.201918 -0.881772
    outer loop
      vertex 13.4625 16.7951 0.213407
      vertex 13.3425 16.7454 0.144015
      vertex 13.4301 16.8635 0.213407
    endloop
  endfacet
  facet normal 0.63436 0 -0.773038
    outer loop
      vertex 13.6435 -16.5 0.295188
      vertex 13.7573 16.5 0.388573
      vertex 13.7573 -16.5 0.388573
    endloop
  endfacet
  facet normal 0.63436 0 -0.773038
    outer loop
      vertex 13.7573 16.5 0.388573
      vertex 13.6435 -16.5 0.295188
      vertex 13.6435 16.5 0.295188
    endloop
  endfacet
  facet normal 0.634052 0.0311236 -0.772663
    outer loop
      vertex 13.6435 16.5 0.295188
      vertex 13.6392 16.5876 0.295188
      vertex 13.7573 16.5 0.388573
    endloop
  endfacet
  facet normal 0.728171 0.260154 -0.634104
    outer loop
      vertex 13.9029 16.8497 0.606451
      vertex 13.7768 16.9253 0.492661
      vertex 13.8631 16.9611 0.606451
    endloop
  endfacet
  facet normal 0.822783 0.121763 -0.555159
    outer loop
      vertex 13.949 16.6181 0.606451
      vertex 13.9317 16.735 0.606451
      vertex 14.0304 16.6261 0.728846
    endloop
  endfacet
  facet normal 0.628066 0.0927249 -0.772616
    outer loop
      vertex 13.6392 16.5876 0.295188
      vertex 13.6264 16.6743 0.295188
      vertex 13.738 16.6965 0.388573
    endloop
  endfacet
  facet normal 0.686363 0.171915 -0.706648
    outer loop
      vertex 13.8401 16.7168 0.492661
      vertex 13.714 16.7924 0.388573
      vertex 13.8136 16.8226 0.492661
    endloop
  endfacet
  facet normal 0.830702 0.297011 -0.470871
    outer loop
      vertex 14.0476 16.8936 0.858666
      vertex 13.9812 16.8735 0.728846
      vertex 14.0028 17.0189 0.858666
    endloop
  endfacet
  facet normal 0.806664 0.20216 -0.555359
    outer loop
      vertex 14.0119 16.751 0.728846
      vertex 13.9029 16.8497 0.606451
      vertex 13.9812 16.8735 0.728846
    endloop
  endfacet
  facet normal 0.835239 0.395055 -0.382502
    outer loop
      vertex 14.0028 17.0189 0.858666
      vertex 13.9459 17.1392 0.858666
      vertex 13.9956 17.1658 0.994665
    endloop
  endfacet
  facet normal 0.853744 0.511435 -0.0977496
    outer loop
      vertex 14.0586 17.1994 1.2799
      vertex 13.9957 17.3324 1.4264
      vertex 14.0713 17.2062 1.4264
    endloop
  endfacet
  facet normal 0.923007 -0.0453501 -0.382101
    outer loop
      vertex 14.1555 -16.6384 0.994665
      vertex 14.106 -16.5 0.858666
      vertex 14.1623 -16.5 0.994665
    endloop
  endfacet
  facet normal 0.955943 -0.0469683 -0.289772
    outer loop
      vertex 14.205 -16.5 1.13553
      vertex 14.1555 -16.6384 0.994665
      vertex 14.1623 -16.5 0.994665
    endloop
  endfacet
  facet normal 0.831412 0 -0.555656
    outer loop
      vertex 14.0366 -16.5 0.728846
      vertex 13.9548 16.5 0.606451
      vertex 14.0366 16.5 0.728846
    endloop
  endfacet
  facet normal 0.831412 0 -0.555656
    outer loop
      vertex 13.9548 16.5 0.606451
      vertex 14.0366 -16.5 0.728846
      vertex 13.9548 -16.5 0.606451
    endloop
  endfacet
  facet normal 0.830718 0.0408442 -0.555192
    outer loop
      vertex 14.0366 16.5 0.728846
      vertex 13.9548 16.5 0.606451
      vertex 14.0304 16.6261 0.728846
    endloop
  endfacet
  facet normal 0.955933 -0.0469252 -0.289811
    outer loop
      vertex 14.198 -16.6426 1.13553
      vertex 14.1555 -16.6384 0.994665
      vertex 14.205 -16.5 1.13553
    endloop
  endfacet
  facet normal 0.993975 -0.0487508 -0.0981672
    outer loop
      vertex 14.241 -16.6468 1.4264
      vertex 14.2266 -16.6454 1.2799
      vertex 14.2482 -16.5 1.4264
    endloop
  endfacet
  facet normal 0.970062 -0.242856 -0.000214127
    outer loop
      vertex 14.1854 -16.9354 9.695
      vertex 14.1837 -16.9349 1.4264
      vertex 14.2194 -16.7923 1.4264
    endloop
  endfacet
  facet normal 0.941372 -0.33737 -0.000213944
    outer loop
      vertex 14.1854 -16.9354 9.695
      vertex 14.1341 -17.0733 1.4264
      vertex 14.1837 -16.9349 1.4264
    endloop
  endfacet
  facet normal 0.857853 0.513896 -0.000221932
    outer loop
      vertex 14.0713 17.2062 1.4264
      vertex 13.9957 17.3324 1.4264
      vertex 14.0729 17.2071 9.695
    endloop
  endfacet
  facet normal 0.904139 0.427238 -0.000221457
    outer loop
      vertex 14.1341 17.0733 1.4264
      vertex 14.0713 17.2062 1.4264
      vertex 14.0729 17.2071 9.695
    endloop
  endfacet
  facet normal 0.799113 0.593239 -0.0973968
    outer loop
      vertex 13.9957 17.3324 1.4264
      vertex 13.897 17.4413 1.2799
      vertex 13.9081 17.4504 1.4264
    endloop
  endfacet
  facet normal 0.803088 0.595861 -0.000217751
    outer loop
      vertex 13.9957 17.3324 1.4264
      vertex 13.9095 17.4516 9.695
      vertex 13.9972 17.3334 9.695
    endloop
  endfacet
  facet normal -0.772564 -0.0379414 -0.633802
    outer loop
      vertex -13.949 -16.6181 0.606451
      vertex -13.9548 -16.5 0.606451
      vertex -13.8561 -16.6089 0.492661
    endloop
  endfacet
  facet normal -0.555379 -0.0272618 -0.83115
    outer loop
      vertex -13.6392 -16.5876 0.295188
      vertex -13.6435 -16.5 0.295188
      vertex -13.5174 -16.5756 0.213407
    endloop
  endfacet
  facet normal -0.382673 0 -0.923884
    outer loop
      vertex -13.3913 -16.5 0.144015
      vertex -13.2553 16.5 0.0876837
      vertex -13.2553 -16.5 0.0876837
    endloop
  endfacet
  facet normal -0.382673 0 -0.923884
    outer loop
      vertex -13.2553 16.5 0.0876837
      vertex -13.3913 -16.5 0.144015
      vertex -13.3913 16.5 0.144015
    endloop
  endfacet
  facet normal -0.615855 -0.154124 -0.772637
    outer loop
      vertex -13.714 -16.7924 0.388573
      vertex -13.738 -16.6965 0.388573
      vertex -13.6051 -16.7594 0.295188
    endloop
  endfacet
  facet normal -0.555865 0 -0.831273
    outer loop
      vertex -13.6435 -16.5 0.295188
      vertex -13.5212 16.5 0.213407
      vertex -13.5212 -16.5 0.213407
    endloop
  endfacet
  facet normal -0.555865 0 -0.831273
    outer loop
      vertex -13.5212 16.5 0.213407
      vertex -13.6435 -16.5 0.295188
      vertex -13.6435 16.5 0.295188
    endloop
  endfacet
  facet normal -0.550071 0.08121 -0.83116
    outer loop
      vertex -13.5174 16.5756 0.213407
      vertex -13.6392 16.5876 0.295188
      vertex -13.6264 16.6743 0.295188
    endloop
  endfacet
  facet normal -0.555379 0.0272618 -0.83115
    outer loop
      vertex -13.5174 16.5756 0.213407
      vertex -13.6435 16.5 0.295188
      vertex -13.6392 16.5876 0.295188
    endloop
  endfacet
  facet normal -0.477063 0.285476 -0.831213
    outer loop
      vertex -13.3912 16.9284 0.213407
      vertex -13.538 16.9212 0.295188
      vertex -13.493 16.9964 0.295188
    endloop
  endfacet
  facet normal -0.70666 0.0343921 -0.706717
    outer loop
      vertex -13.7525 16.5987 0.388573
      vertex -13.8614 16.5 0.492661
      vertex -13.8561 16.6089 0.492661
    endloop
  endfacet
  facet normal -0.756674 0.453606 -0.470836
    outer loop
      vertex -13.8198 17.2148 0.728846
      vertex -13.9459 17.1392 0.858666
      vertex -13.8775 17.2533 0.858666
    endloop
  endfacet
  facet normal -0.797369 0.37737 -0.470952
    outer loop
      vertex -13.9387 16.9924 0.728846
      vertex -13.9459 17.1392 0.858666
      vertex -13.8847 17.1065 0.728846
    endloop
  endfacet
  facet normal -0.870077 0.311089 -0.382348
    outer loop
      vertex -14.0476 16.8936 0.858666
      vertex -14.1015 16.91 0.994665
      vertex -14.0028 17.0189 0.858666
    endloop
  endfacet
  facet normal -0.835531 0.39476 -0.382168
    outer loop
      vertex -14.0028 17.0189 0.858666
      vertex -14.0548 17.0405 0.994665
      vertex -13.9956 17.1658 0.994665
    endloop
  endfacet
  facet normal -0.94674 0.140034 -0.289956
    outer loop
      vertex -14.1352 16.7755 0.994665
      vertex -14.198 16.6426 1.13553
      vertex -14.1771 16.7839 1.13553
    endloop
  endfacet
  facet normal -0.970231 0.143509 -0.195083
    outer loop
      vertex -14.198 16.6426 1.13553
      vertex -14.2053 16.7895 1.2799
      vertex -14.1771 16.7839 1.13553
    endloop
  endfacet
  facet normal -0.92309 0.0451474 -0.381925
    outer loop
      vertex -14.106 16.5 0.858666
      vertex -14.1555 16.6384 0.994665
      vertex -14.0995 16.6329 0.858666
    endloop
  endfacet
  facet normal -0.923007 0.0453501 -0.382101
    outer loop
      vertex -14.106 16.5 0.858666
      vertex -14.1623 16.5 0.994665
      vertex -14.1555 16.6384 0.994665
    endloop
  endfacet
  facet normal -0.328567 0.19714 -0.923677
    outer loop
      vertex -13.1957 16.7382 0.0876837
      vertex -13.3156 16.8023 0.144015
      vertex -13.2832 16.8563 0.144015
    endloop
  endfacet
  facet normal -0.233328 0.173167 -0.956855
    outer loop
      vertex -13.053 16.7025 0.0449524
      vertex -13.1702 16.7807 0.0876837
      vertex -13.0317 16.7312 0.0449524
    endloop
  endfacet
  facet normal -0.524351 0.475031 -0.706684
    outer loop
      vertex -13.5287 17.139 0.388573
      vertex -13.6091 17.2051 0.492661
      vertex -13.5359 17.2859 0.492661
    endloop
  endfacet
  facet normal -0.42652 0.469969 -0.772794
    outer loop
      vertex -13.3818 17.1318 0.295188
      vertex -13.4623 17.2123 0.388573
      vertex -13.3169 17.1907 0.295188
    endloop
  endfacet
  facet normal -0.19714 0.328567 -0.923677
    outer loop
      vertex -12.9882 16.9457 0.0876837
      vertex -13.1063 17.0332 0.144015
      vertex -13.0523 17.0656 0.144015
    endloop
  endfacet
  facet normal -0.242754 0.404591 -0.88169
    outer loop
      vertex -13.1063 17.0332 0.144015
      vertex -13.1135 17.1801 0.213407
      vertex -13.0523 17.0656 0.144015
    endloop
  endfacet
  facet normal 0.663605 -0.396855 -0.634141
    outer loop
      vertex 13.7518 -17.1694 0.606451
      vertex 13.6741 -17.1175 0.492661
      vertex 13.8125 -17.0679 0.606451
    endloop
  endfacet
  facet normal 0.713922 -0.426946 -0.555007
    outer loop
      vertex 13.8198 -17.2148 0.728846
      vertex 13.7518 -17.1694 0.606451
      vertex 13.8125 -17.0679 0.606451
    endloop
  endfacet
  facet normal 0.936926 -0.335544 -0.0978762
    outer loop
      vertex 14.1837 -16.9349 1.4264
      vertex 14.1208 -17.0678 1.2799
      vertex 14.1699 -16.9307 1.2799
    endloop
  endfacet
  facet normal 0.792223 -0.475467 -0.38251
    outer loop
      vertex 13.9956 -17.1658 0.994665
      vertex 13.9243 -17.2846 0.994665
      vertex 13.9459 -17.1392 0.858666
    endloop
  endfacet
  facet normal 0.865209 -0.409483 -0.289373
    outer loop
      vertex 14.0332 -17.1859 1.13553
      vertex 13.9956 -17.1658 0.994665
      vertex 14.0943 -17.0568 1.13553
    endloop
  endfacet
  facet normal 0.841125 -0.504406 -0.195152
    outer loop
      vertex 14.0586 -17.1994 1.2799
      vertex 13.9837 -17.3243 1.2799
      vertex 14.0332 -17.1859 1.13553
    endloop
  endfacet
  facet normal 0.756695 -0.453458 -0.470943
    outer loop
      vertex 13.9459 -17.1392 0.858666
      vertex 13.8198 -17.2148 0.728846
      vertex 13.8847 -17.1065 0.728846
    endloop
  endfacet
  facet normal 0.806664 -0.20216 -0.555359
    outer loop
      vertex 13.9812 -16.8735 0.728846
      vertex 13.9029 -16.8497 0.606451
      vertex 14.0119 -16.751 0.728846
    endloop
  endfacet
  facet normal 0.642766 -0.70912 -0.28983
    outer loop
      vertex 13.7789 -17.5289 1.13553
      vertex 13.6731 -17.6248 1.13553
      vertex 13.7487 -17.4987 0.994665
    endloop
  endfacet
  facet normal 0.799113 -0.593239 -0.0973968
    outer loop
      vertex 13.9081 -17.4504 1.4264
      vertex 13.897 -17.4413 1.2799
      vertex 13.9957 -17.3324 1.4264
    endloop
  endfacet
  facet normal 0.742317 -0.550407 -0.382122
    outer loop
      vertex 13.9243 -17.2846 0.994665
      vertex 13.8417 -17.396 0.994665
      vertex 13.8775 -17.2533 0.858666
    endloop
  endfacet
  facet normal 0.756674 -0.453606 -0.470836
    outer loop
      vertex 13.8775 -17.2533 0.858666
      vertex 13.8198 -17.2148 0.728846
      vertex 13.9459 -17.1392 0.858666
    endloop
  endfacet
  facet normal 0.525622 -0.708562 -0.470809
    outer loop
      vertex 13.5033 -17.6275 0.858666
      vertex 13.4648 -17.5698 0.728846
      vertex 13.6102 -17.5482 0.858666
    endloop
  endfacet
  facet normal 0.525871 -0.708145 -0.471158
    outer loop
      vertex 13.6102 -17.5482 0.858666
      vertex 13.4648 -17.5698 0.728846
      vertex 13.5662 -17.4945 0.728846
    endloop
  endfacet
  facet normal 0.595861 -0.803088 0
    outer loop
      vertex 13.5834 -17.7472 9.695
      vertex 13.7016 -17.6595 9.705
      vertex 13.5834 -17.7472 9.705
    endloop
  endfacet
  facet normal 0.595861 -0.803088 0
    outer loop
      vertex 13.7016 -17.6595 9.705
      vertex 13.5834 -17.7472 9.695
      vertex 13.7016 -17.6595 9.695
    endloop
  endfacet
  facet normal 0.514096 -0.857733 -0.000217775
    outer loop
      vertex 13.5834 -17.7472 9.695
      vertex 13.4571 -17.8229 9.695
      vertex 13.5824 -17.7457 1.4264
    endloop
  endfacet
  facet normal 0.969982 0.243175 -0.000219979
    outer loop
      vertex 14.2194 16.7923 1.4264
      vertex 14.1854 16.9354 9.695
      vertex 14.2212 16.7926 9.695
    endloop
  endfacet
  facet normal 0.373159 -0.412091 -0.831224
    outer loop
      vertex 13.3169 -17.1907 0.295188
      vertex 13.2392 -17.0961 0.213407
      vertex 13.2953 -17.0453 0.213407
    endloop
  endfacet
  facet normal 0.349548 -0.317294 -0.881556
    outer loop
      vertex 13.3461 -16.9892 0.213407
      vertex 13.2035 -16.9535 0.144015
      vertex 13.2458 -16.9069 0.144015
    endloop
  endfacet
  facet normal 0.519287 -0.573202 -0.633861
    outer loop
      vertex 13.5143 -17.4313 0.606451
      vertex 13.4551 -17.3591 0.492661
      vertex 13.5359 -17.2859 0.492661
    endloop
  endfacet
  facet normal 0.396855 -0.663605 -0.634141
    outer loop
      vertex 13.4194 -17.5018 0.606451
      vertex 13.3179 -17.5625 0.606451
      vertex 13.3675 -17.4241 0.492661
    endloop
  endfacet
  facet normal 0.302645 -0.639633 -0.706594
    outer loop
      vertex 13.2739 -17.4802 0.492661
      vertex 13.1355 -17.4307 0.388573
      vertex 13.2249 -17.3884 0.388573
    endloop
  endfacet
  facet normal 0.302431 -0.639907 -0.706438
    outer loop
      vertex 13.1753 -17.5268 0.492661
      vertex 13.1355 -17.4307 0.388573
      vertex 13.2739 -17.4802 0.492661
    endloop
  endfacet
  facet normal -0.140034 -0.94674 -0.289956
    outer loop
      vertex -12.8926 -17.948 1.13553
      vertex -13.0339 -17.9271 1.13553
      vertex -13.0255 -17.8852 0.994665
    endloop
  endfacet
  facet normal -0.238361 -0.951382 -0.195081
    outer loop
      vertex -13.0395 -17.9553 1.2799
      vertex -13.1724 -17.8924 1.13553
      vertex -13.0339 -17.9271 1.13553
    endloop
  endfacet
  facet normal -0.0489209 -0.998803 -0.00021743
    outer loop
      vertex -12.75 -18 9.695
      vertex -12.897 -17.9928 9.695
      vertex -12.75 -17.9982 1.4264
    endloop
  endfacet
  facet normal -0.145519 -0.984474 -0.098158
    outer loop
      vertex -12.8968 -17.991 1.4264
      vertex -13.0395 -17.9553 1.2799
      vertex -12.8954 -17.9766 1.2799
    endloop
  endfacet
  facet normal -0.243175 -0.969982 -0.000219979
    outer loop
      vertex -13.0426 -17.9712 9.695
      vertex -13.1854 -17.9354 9.695
      vertex -13.0423 -17.9694 1.4264
    endloop
  endfacet
  facet normal -0.242856 -0.970062 -0.000214127
    outer loop
      vertex -13.0423 -17.9694 1.4264
      vertex -13.1854 -17.9354 9.695
      vertex -13.1849 -17.9337 1.4264
    endloop
  endfacet
  facet normal 0.08121 -0.550071 -0.83116
    outer loop
      vertex 12.8376 -17.3892 0.295188
      vertex 12.8256 -17.2674 0.213407
      vertex 12.9243 -17.3764 0.295188
    endloop
  endfacet
  facet normal 0.0272618 -0.555379 -0.83115
    outer loop
      vertex 12.8376 -17.3892 0.295188
      vertex 12.75 -17.3935 0.295188
      vertex 12.8256 -17.2674 0.213407
    endloop
  endfacet
  facet normal 0.0690382 -0.466758 -0.881686
    outer loop
      vertex 12.8256 -17.2674 0.213407
      vertex 12.8129 -17.1382 0.144015
      vertex 12.8751 -17.129 0.144015
    endloop
  endfacet
  facet normal 0.186756 -0.523506 -0.831302
    outer loop
      vertex 13.0094 -17.3551 0.295188
      vertex 12.9739 -17.2379 0.213407
      vertex 13.0451 -17.2125 0.213407
    endloop
  endfacet
  facet normal 0.023226 -0.471262 -0.881687
    outer loop
      vertex 12.8256 -17.2674 0.213407
      vertex 12.75 -17.1413 0.144015
      vertex 12.8129 -17.1382 0.144015
    endloop
  endfacet
  facet normal 0.0427513 -0.287546 -0.956812
    outer loop
      vertex 12.8486 -16.9956 0.0876837
      vertex 12.7995 -17.0029 0.0876837
      vertex 12.8211 -16.8575 0.0449524
    endloop
  endfacet
  facet normal 0 -0.831412 -0.555656
    outer loop
      vertex -12.75 -17.7048 0.606451
      vertex 12.75 -17.7866 0.728846
      vertex -12.75 -17.7866 0.728846
    endloop
  endfacet
  facet normal 0 -0.831412 -0.555656
    outer loop
      vertex 12.75 -17.7866 0.728846
      vertex -12.75 -17.7048 0.606451
      vertex 12.75 -17.7048 0.606451
    endloop
  endfacet
  facet normal 0.0430879 -0.880983 -0.471182
    outer loop
      vertex 12.8829 -17.8495 0.858666
      vertex 12.75 -17.856 0.858666
      vertex 12.8761 -17.7804 0.728846
    endloop
  endfacet
  facet normal 0 -0.923958 -0.382494
    outer loop
      vertex -12.75 -17.856 0.858666
      vertex 12.75 -17.9123 0.994665
      vertex -12.75 -17.9123 0.994665
    endloop
  endfacet
  facet normal 0 -0.923958 -0.382494
    outer loop
      vertex 12.75 -17.9123 0.994665
      vertex -12.75 -17.856 0.858666
      vertex 12.75 -17.856 0.858666
    endloop
  endfacet
  facet normal 0 -0.980677 -0.195633
    outer loop
      vertex -12.75 -17.955 1.13553
      vertex 12.75 -17.9838 1.2799
      vertex -12.75 -17.9838 1.2799
    endloop
  endfacet
  facet normal 0 -0.980677 -0.195633
    outer loop
      vertex 12.75 -17.9838 1.2799
      vertex -12.75 -17.955 1.13553
      vertex 12.75 -17.955 1.13553
    endloop
  endfacet
  facet normal 0.135367 -0.914227 -0.381923
    outer loop
      vertex 12.8884 -17.9055 0.994665
      vertex 12.8829 -17.8495 0.858666
      vertex 13.0255 -17.8852 0.994665
    endloop
  endfacet
  facet normal 0.140184 -0.946758 -0.289824
    outer loop
      vertex 12.8926 -17.948 1.13553
      vertex 12.8884 -17.9055 0.994665
      vertex 13.0255 -17.8852 0.994665
    endloop
  endfacet
  facet normal 0.214492 -0.855872 -0.470613
    outer loop
      vertex 13.0145 -17.8299 0.858666
      vertex 13.001 -17.7619 0.728846
      vertex 13.1235 -17.7312 0.728846
    endloop
  endfacet
  facet normal 0.224247 -0.896292 -0.382589
    outer loop
      vertex 13.0255 -17.8852 0.994665
      vertex 13.0145 -17.8299 0.858666
      vertex 13.1436 -17.7976 0.858666
    endloop
  endfacet
  facet normal 0.550407 -0.742317 -0.382122
    outer loop
      vertex 13.5346 -17.6743 0.994665
      vertex 13.5033 -17.6275 0.858666
      vertex 13.646 -17.5917 0.994665
    endloop
  endfacet
  facet normal 0.550529 -0.742137 -0.382296
    outer loop
      vertex 13.646 -17.5917 0.994665
      vertex 13.5033 -17.6275 0.858666
      vertex 13.6102 -17.5482 0.858666
    endloop
  endfacet
  facet normal 0.573143 -0.519493 -0.633746
    outer loop
      vertex 13.6019 -17.3519 0.606451
      vertex 13.5359 -17.2859 0.492661
      vertex 13.6813 -17.2643 0.606451
    endloop
  endfacet
  facet normal 0.616058 -0.558391 -0.555583
    outer loop
      vertex 13.6598 -17.4098 0.728846
      vertex 13.6019 -17.3519 0.606451
      vertex 13.6813 -17.2643 0.606451
    endloop
  endfacet
  facet normal 0.37737 -0.797369 -0.470952
    outer loop
      vertex 13.3892 -17.6959 0.858666
      vertex 13.2424 -17.6887 0.728846
      vertex 13.3565 -17.6347 0.728846
    endloop
  endfacet
  facet normal 0.355698 -0.751577 -0.555528
    outer loop
      vertex 13.3565 -17.6347 0.728846
      vertex 13.2424 -17.6887 0.728846
      vertex 13.3179 -17.5625 0.606451
    endloop
  endfacet
  facet normal -0.0427513 0.287546 -0.956812
    outer loop
      vertex -12.8211 16.8575 0.0449524
      vertex -12.8486 16.9956 0.0876837
      vertex -12.7995 17.0029 0.0876837
    endloop
  endfacet
  facet normal -0.0332183 0.0923742 -0.99517
    outer loop
      vertex -12.7782 16.568 0.00180626
      vertex -12.8342 16.7033 0.0162344
      vertex -12.8139 16.7106 0.0162344
    endloop
  endfacet
  facet normal -0.0659218 0.0727413 -0.99517
    outer loop
      vertex -12.7967 16.5569 0.00180626
      vertex -12.9056 16.6556 0.0162344
      vertex -12.8896 16.6701 0.0162344
    endloop
  endfacet
  facet normal -0.0417097 0.0888597 -0.99517
    outer loop
      vertex -12.7782 16.568 0.00180626
      vertex -12.8538 16.6941 0.0162344
      vertex -12.8342 16.7033 0.0162344
    endloop
  endfacet
  facet normal -0.0980114 0 -0.995185
    outer loop
      vertex -12.9701 -16.5 0.0162344
      vertex -12.8236 16.5 0.00180626
      vertex -12.8236 -16.5 0.00180626
    endloop
  endfacet
  facet normal -0.0980114 0 -0.995185
    outer loop
      vertex -12.8236 16.5 0.00180626
      vertex -12.9701 -16.5 0.0162344
      vertex -12.9701 16.5 0.0162344
    endloop
  endfacet
  facet normal -0.195025 -0.00993183 -0.980748
    outer loop
      vertex -12.969 -16.5216 0.0162344
      vertex -13.1127 -16.5357 0.0449524
      vertex -12.9701 -16.5 0.0162344
    endloop
  endfacet
  facet normal -0.22829 0.307729 -0.923681
    outer loop
      vertex -13.0706 16.8906 0.0876837
      vertex -13.1063 17.0332 0.144015
      vertex -13.0307 16.9202 0.0876837
    endloop
  endfacet
  facet normal -0.257306 0.283578 -0.923784
    outer loop
      vertex -13.1073 16.8573 0.0876837
      vertex -13.1569 16.9958 0.144015
      vertex -13.0706 16.8906 0.0876837
    endloop
  endfacet
  facet normal -0.283546 0.257382 -0.923773
    outer loop
      vertex -13.1073 16.8573 0.0876837
      vertex -13.2458 16.9069 0.144015
      vertex -13.2035 16.9535 0.144015
    endloop
  endfacet
  facet normal -0.349755 0.316712 -0.881683
    outer loop
      vertex -13.2035 16.9535 0.144015
      vertex -13.3461 16.9892 0.213407
      vertex -13.2953 17.0453 0.213407
    endloop
  endfacet
  facet normal 0 -0.0980114 -0.995185
    outer loop
      vertex -12.75 -16.7201 0.0162344
      vertex 12.75 -16.5736 0.00180626
      vertex 12.75 -16.7201 0.0162344
    endloop
  endfacet
  facet normal -0 -0.0980114 -0.995185
    outer loop
      vertex 12.75 -16.5736 0.00180626
      vertex -12.75 -16.7201 0.0162344
      vertex -12.75 -16.5736 0.00180626
    endloop
  endfacet
  facet normal -0.050487 0.084145 -0.995174
    outer loop
      vertex -12.7909 16.5612 0.00180626
      vertex -12.8723 16.683 0.0162344
      vertex -12.8538 16.6941 0.0162344
    endloop
  endfacet
  facet normal -0.0829611 0.176743 -0.980754
    outer loop
      vertex -12.8538 16.6941 0.0162344
      vertex -12.8895 16.8367 0.0449524
      vertex -12.8342 16.7033 0.0162344
    endloop
  endfacet
  facet normal 0.0240105 -0.095136 -0.995175
    outer loop
      vertex 12.7929 -16.7159 0.0162344
      vertex 12.7714 -16.5704 0.00180626
      vertex 12.8139 -16.7106 0.0162344
    endloop
  endfacet
  facet normal 0.19714 -0.328567 -0.923677
    outer loop
      vertex 13.1063 -17.0332 0.144015
      vertex 12.9882 -16.9457 0.0876837
      vertex 13.0307 -16.9202 0.0876837
    endloop
  endfacet
  facet normal 0.156887 -0.116435 -0.980729
    outer loop
      vertex 13.0317 -16.7312 0.0449524
      vertex 12.933 -16.6223 0.0162344
      vertex 13.053 -16.7025 0.0449524
    endloop
  endfacet
  facet normal 0.0836378 -0.176569 -0.980728
    outer loop
      vertex 12.8895 -16.8367 0.0449524
      vertex 12.8538 -16.6941 0.0162344
      vertex 12.9218 -16.8214 0.0449524
    endloop
  endfacet
  facet normal 0.124369 -0.262556 -0.956868
    outer loop
      vertex 12.9434 -16.9669 0.0876837
      vertex 12.8895 -16.8367 0.0449524
      vertex 12.9218 -16.8214 0.0449524
    endloop
  endfacet
  facet normal 0.233328 -0.173167 -0.956855
    outer loop
      vertex 13.1702 -16.7807 0.0876837
      vertex 13.0317 -16.7312 0.0449524
      vertex 13.053 -16.7025 0.0449524
    endloop
  endfacet
  facet normal 0.249212 -0.149365 -0.956861
    outer loop
      vertex 13.1702 -16.7807 0.0876837
      vertex 13.053 -16.7025 0.0449524
      vertex 13.0714 -16.6718 0.0449524
    endloop
  endfacet
  facet normal -0.737703 -0.667994 -0.097871
    outer loop
      vertex -13.8094 -17.5594 1.4264
      vertex -13.9081 -17.4504 1.4264
      vertex -13.7992 -17.5492 1.2799
    endloop
  endfacet
  facet normal -0.741262 -0.671216 -0.000222919
    outer loop
      vertex -13.8094 -17.5594 1.4264
      vertex -13.9095 -17.4516 9.695
      vertex -13.9081 -17.4504 1.4264
    endloop
  endfacet
  facet normal -0.658714 -0.726741 -0.194793
    outer loop
      vertex -13.6913 -17.647 1.2799
      vertex -13.7992 -17.5492 1.2799
      vertex -13.6731 -17.6248 1.13553
    endloop
  endfacet
  facet normal -0.841367 -0.504134 -0.194808
    outer loop
      vertex -13.9837 -17.3243 1.2799
      vertex -14.0332 -17.1859 1.13553
      vertex -13.9598 -17.3084 1.13553
    endloop
  endfacet
  facet normal -0.595861 -0.803088 -0.000217751
    outer loop
      vertex -13.5834 -17.7472 9.695
      vertex -13.7016 -17.6595 9.695
      vertex -13.5824 -17.7457 1.4264
    endloop
  endfacet
  facet normal -0.596073 -0.80293 -0.000222455
    outer loop
      vertex -13.5824 -17.7457 1.4264
      vertex -13.7016 -17.6595 9.695
      vertex -13.7004 -17.6581 1.4264
    endloop
  endfacet
  facet normal 0.0343921 -0.70666 -0.706717
    outer loop
      vertex 12.8589 -17.6061 0.492661
      vertex 12.75 -17.6114 0.492661
      vertex 12.8487 -17.5025 0.388573
    endloop
  endfacet
  facet normal -0.0408442 -0.830718 -0.555192
    outer loop
      vertex -12.75 -17.7866 0.728846
      vertex -12.8761 -17.7804 0.728846
      vertex -12.75 -17.7048 0.606451
    endloop
  endfacet
  facet normal -0.0308292 -0.633926 -0.772779
    outer loop
      vertex -12.75 -17.5073 0.388573
      vertex -12.8487 -17.5025 0.388573
      vertex -12.8376 -17.3892 0.295188
    endloop
  endfacet
  facet normal -0.525622 -0.708562 -0.470809
    outer loop
      vertex -13.5033 -17.6275 0.858666
      vertex -13.6102 -17.5482 0.858666
      vertex -13.4648 -17.5698 0.728846
    endloop
  endfacet
  facet normal -0.114607 -0.457807 -0.881634
    outer loop
      vertex -12.9004 -17.2563 0.213407
      vertex -12.9739 -17.2379 0.213407
      vertex -12.8751 -17.129 0.144015
    endloop
  endfacet
  facet normal 0.103776 -0.699836 -0.706725
    outer loop
      vertex 12.8589 -17.6061 0.492661
      vertex 12.8487 -17.5025 0.388573
      vertex 12.9668 -17.5901 0.492661
    endloop
  endfacet
  facet normal 0.113455 -0.765112 -0.633823
    outer loop
      vertex 12.8681 -17.699 0.606451
      vertex 12.8589 -17.6061 0.492661
      vertex 12.9668 -17.5901 0.492661
    endloop
  endfacet
  facet normal -0.232599 -0.928326 -0.290014
    outer loop
      vertex -13.0255 -17.8852 0.994665
      vertex -13.1724 -17.8924 1.13553
      vertex -13.16 -17.8515 0.994665
    endloop
  endfacet
  facet normal -0.135367 -0.914227 -0.381923
    outer loop
      vertex -12.8884 -17.9055 0.994665
      vertex -13.0255 -17.8852 0.994665
      vertex -12.8829 -17.8495 0.858666
    endloop
  endfacet
  facet normal -0.260954 -0.72826 -0.633672
    outer loop
      vertex -13.0997 -17.6529 0.606451
      vertex -13.1753 -17.5268 0.492661
      vertex -13.0726 -17.5636 0.492661
    endloop
  endfacet
  facet normal -0.363792 -0.606969 -0.706572
    outer loop
      vertex -13.2739 -17.4802 0.492661
      vertex -13.3675 -17.4241 0.492661
      vertex -13.2249 -17.3884 0.388573
    endloop
  endfacet
  facet normal -0.475148 -0.792608 -0.382107
    outer loop
      vertex -13.3892 -17.6959 0.858666
      vertex -13.5346 -17.6743 0.994665
      vertex -13.5033 -17.6275 0.858666
    endloop
  endfacet
  facet normal -0.39476 -0.835531 -0.382168
    outer loop
      vertex -13.2905 -17.8048 0.994665
      vertex -13.4158 -17.7456 0.994665
      vertex -13.2689 -17.7528 0.858666
    endloop
  endfacet
  facet normal -0.970262 -0.143418 -0.194993
    outer loop
      vertex -14.2053 -16.7895 1.2799
      vertex -14.2266 -16.6454 1.2799
      vertex -14.198 -16.6426 1.13553
    endloop
  endfacet
  facet normal -0.970231 -0.143509 -0.195083
    outer loop
      vertex -14.1771 -16.7839 1.13553
      vertex -14.2053 -16.7895 1.2799
      vertex -14.198 -16.6426 1.13553
    endloop
  endfacet
  facet normal -0.899818 -0.425196 -0.0976529
    outer loop
      vertex -14.0713 -17.2062 1.4264
      vertex -14.1341 -17.0733 1.4264
      vertex -14.1208 -17.0678 1.2799
    endloop
  endfacet
  facet normal -0.92343 -0.33071 -0.194699
    outer loop
      vertex -14.1208 -17.0678 1.2799
      vertex -14.1699 -16.9307 1.2799
      vertex -14.0943 -17.0568 1.13553
    endloop
  endfacet
  facet normal -0.853744 -0.511435 -0.0977496
    outer loop
      vertex -13.9957 -17.3324 1.4264
      vertex -14.0713 -17.2062 1.4264
      vertex -14.0586 -17.1994 1.2799
    endloop
  endfacet
  facet normal -0.737411 -0.668386 -0.0973896
    outer loop
      vertex -13.7992 -17.5492 1.2799
      vertex -13.9081 -17.4504 1.4264
      vertex -13.897 -17.4413 1.2799
    endloop
  endfacet
  facet normal -0.742317 -0.550407 -0.382122
    outer loop
      vertex -13.8417 -17.396 0.994665
      vertex -13.9243 -17.2846 0.994665
      vertex -13.8775 -17.2533 0.858666
    endloop
  endfacet
  facet normal -0.709335 -0.642338 -0.290252
    outer loop
      vertex -13.7487 -17.4987 0.994665
      vertex -13.8748 -17.4231 1.13553
      vertex -13.8417 -17.396 0.994665
    endloop
  endfacet
  facet normal -0.70912 -0.642766 -0.28983
    outer loop
      vertex -13.7789 -17.5289 1.13553
      vertex -13.8748 -17.4231 1.13553
      vertex -13.7487 -17.4987 0.994665
    endloop
  endfacet
  facet normal -0.76869 -0.569962 -0.290275
    outer loop
      vertex -13.8748 -17.4231 1.13553
      vertex -13.9243 -17.2846 0.994665
      vertex -13.8417 -17.396 0.994665
    endloop
  endfacet
  facet normal -0.913837 -0.136103 -0.382593
    outer loop
      vertex -14.0799 -16.7645 0.858666
      vertex -14.1352 -16.7755 0.994665
      vertex -14.0995 -16.6329 0.858666
    endloop
  endfacet
  facet normal -0.914227 -0.135367 -0.381923
    outer loop
      vertex -14.1352 -16.7755 0.994665
      vertex -14.1555 -16.6384 0.994665
      vertex -14.0995 -16.6329 0.858666
    endloop
  endfacet
  facet normal -0.699847 -0.103761 -0.706716
    outer loop
      vertex -13.738 -16.6965 0.388573
      vertex -13.8401 -16.7168 0.492661
      vertex -13.7525 -16.5987 0.388573
    endloop
  endfacet
  facet normal -0.706648 -0.0343659 -0.70673
    outer loop
      vertex -13.7525 -16.5987 0.388573
      vertex -13.8614 -16.5 0.492661
      vertex -13.7573 -16.5 0.388573
    endloop
  endfacet
  facet normal -0.901074 -0.322453 -0.289983
    outer loop
      vertex -14.0943 -17.0568 1.13553
      vertex -14.1015 -16.91 0.994665
      vertex -14.0548 -17.0405 0.994665
    endloop
  endfacet
  facet normal -0.928334 -0.232586 -0.29
    outer loop
      vertex -14.1424 -16.9224 1.13553
      vertex -14.1771 -16.7839 1.13553
      vertex -14.1352 -16.7755 0.994665
    endloop
  endfacet
  facet normal -0.379646 -0.280608 -0.881549
    outer loop
      vertex -13.2458 -16.9069 0.144015
      vertex -13.3461 -16.9892 0.213407
      vertex -13.2832 -16.8563 0.144015
    endloop
  endfacet
  facet normal -0.129036 -0.360837 -0.923659
    outer loop
      vertex -12.8967 -16.9836 0.0876837
      vertex -12.9954 -17.0925 0.144015
      vertex -12.9434 -16.9669 0.0876837
    endloop
  endfacet
  facet normal -0.797533 -0.377221 -0.470792
    outer loop
      vertex -13.9459 -17.1392 0.858666
      vertex -14.0028 -17.0189 0.858666
      vertex -13.9387 -16.9924 0.728846
    endloop
  endfacet
  facet normal -0.756674 -0.453606 -0.470836
    outer loop
      vertex -13.8775 -17.2533 0.858666
      vertex -13.9459 -17.1392 0.858666
      vertex -13.8198 -17.2148 0.728846
    endloop
  endfacet
  facet normal -0.616058 -0.558391 -0.555583
    outer loop
      vertex -13.6598 -17.4098 0.728846
      vertex -13.6813 -17.2643 0.606451
      vertex -13.6019 -17.3519 0.606451
    endloop
  endfacet
  facet normal -0.491894 -0.82094 -0.289997
    outer loop
      vertex -13.4359 -17.7832 1.13553
      vertex -13.5584 -17.7098 1.13553
      vertex -13.5346 -17.6743 0.994665
    endloop
  endfacet
  facet normal -0.822816 -0.121874 -0.555086
    outer loop
      vertex -14.0119 -16.751 0.728846
      vertex -14.0304 -16.6261 0.728846
      vertex -13.9317 -16.735 0.606451
    endloop
  endfacet
  facet normal -0.728171 -0.260154 -0.634104
    outer loop
      vertex -13.8631 -16.9611 0.606451
      vertex -13.9029 -16.8497 0.606451
      vertex -13.7768 -16.9253 0.492661
    endloop
  endfacet
  facet normal -0.573202 -0.519287 -0.633861
    outer loop
      vertex -13.5359 -17.2859 0.492661
      vertex -13.6813 -17.2643 0.606451
      vertex -13.6091 -17.2051 0.492661
    endloop
  endfacet
  facet normal -0.621121 -0.460878 -0.633877
    outer loop
      vertex -13.6091 -17.2051 0.492661
      vertex -13.6813 -17.2643 0.606451
      vertex -13.6741 -17.1175 0.492661
    endloop
  endfacet
  facet normal -0.285476 -0.477063 -0.831213
    outer loop
      vertex -13.1712 -17.288 0.295188
      vertex -13.2464 -17.243 0.295188
      vertex -13.1784 -17.1412 0.213407
    endloop
  endfacet
  facet normal -0.326415 -0.54424 -0.772824
    outer loop
      vertex -13.2249 -17.3884 0.388573
      vertex -13.3096 -17.3376 0.388573
      vertex -13.1712 -17.288 0.295188
    endloop
  endfacet
  facet normal -0.271425 -0.57365 -0.772822
    outer loop
      vertex -13.1355 -17.4307 0.388573
      vertex -13.2249 -17.3884 0.388573
      vertex -13.1712 -17.288 0.295188
    endloop
  endfacet
  facet normal -0.214293 -0.597268 -0.772884
    outer loop
      vertex -13.0094 -17.3551 0.295188
      vertex -13.1355 -17.4307 0.388573
      vertex -13.0919 -17.3255 0.295188
    endloop
  endfacet
  facet normal -0.302431 -0.639907 -0.706438
    outer loop
      vertex -13.1753 -17.5268 0.492661
      vertex -13.2739 -17.4802 0.492661
      vertex -13.1355 -17.4307 0.388573
    endloop
  endfacet
  facet normal -0.330556 -0.699416 -0.63368
    outer loop
      vertex -13.1753 -17.5268 0.492661
      vertex -13.3179 -17.5625 0.606451
      vertex -13.2739 -17.4802 0.492661
    endloop
  endfacet
  facet normal -0.524381 -0.475019 -0.70667
    outer loop
      vertex -13.4623 -17.2123 0.388573
      vertex -13.5359 -17.2859 0.492661
      vertex -13.5287 -17.139 0.388573
    endloop
  endfacet
  facet normal -0.573648 -0.271271 -0.772878
    outer loop
      vertex -13.538 -16.9212 0.295188
      vertex -13.6807 -16.8855 0.388573
      vertex -13.5755 -16.8419 0.295188
    endloop
  endfacet
  facet normal -0.114634 -0.457787 -0.881641
    outer loop
      vertex -12.8751 -17.129 0.144015
      vertex -12.9739 -17.2379 0.213407
      vertex -12.9362 -17.1137 0.144015
    endloop
  endfacet
  facet normal -0.201918 -0.426272 -0.881772
    outer loop
      vertex -13.0451 -17.2125 0.213407
      vertex -13.1135 -17.1801 0.213407
      vertex -12.9954 -17.0925 0.144015
    endloop
  endfacet
  facet normal -0.0188612 -0.3827 -0.92368
    outer loop
      vertex -12.75 -17.1413 0.144015
      vertex -12.8129 -17.1382 0.144015
      vertex -12.7995 -17.0029 0.0876837
    endloop
  endfacet
  facet normal -0.171915 -0.686363 -0.706648
    outer loop
      vertex -12.9668 -17.5901 0.492661
      vertex -13.0726 -17.5636 0.492661
      vertex -13.0424 -17.464 0.388573
    endloop
  endfacet
  facet normal -0.0311236 -0.634052 -0.772663
    outer loop
      vertex -12.75 -17.5073 0.388573
      vertex -12.8376 -17.3892 0.295188
      vertex -12.75 -17.3935 0.295188
    endloop
  endfacet
  facet normal -0.568237 -0.421526 -0.706699
    outer loop
      vertex -13.5287 -17.139 0.388573
      vertex -13.6741 -17.1175 0.492661
      vertex -13.5876 -17.0596 0.388573
    endloop
  endfacet
  facet normal -0.639907 -0.302431 -0.706438
    outer loop
      vertex -13.7302 -17.0239 0.492661
      vertex -13.7768 -16.9253 0.492661
      vertex -13.6807 -16.8855 0.388573
    endloop
  endfacet
  facet normal -0.195049 -0.00983438 -0.980744
    outer loop
      vertex -13.1127 -16.5357 0.0449524
      vertex -13.1145 -16.5 0.0449524
      vertex -12.9701 -16.5 0.0162344
    endloop
  endfacet
  facet normal -0.195058 0 -0.980792
    outer loop
      vertex -13.1145 -16.5 0.0449524
      vertex -12.9701 16.5 0.0162344
      vertex -12.9701 -16.5 0.0162344
    endloop
  endfacet
  facet normal -0.195058 0 -0.980792
    outer loop
      vertex -12.9701 16.5 0.0162344
      vertex -13.1145 -16.5 0.0449524
      vertex -13.1145 16.5 0.0449524
    endloop
  endfacet
  facet normal -0.841367 0.504134 -0.194808
    outer loop
      vertex -13.9598 17.3084 1.13553
      vertex -14.0332 17.1859 1.13553
      vertex -13.9837 17.3243 1.2799
    endloop
  endfacet
  facet normal -0.742137 0.550529 -0.382296
    outer loop
      vertex -13.7982 17.3602 0.858666
      vertex -13.8775 17.2533 0.858666
      vertex -13.8417 17.396 0.994665
    endloop
  endfacet
  facet normal -0.792608 0.475148 -0.382107
    outer loop
      vertex -13.8775 17.2533 0.858666
      vertex -13.9459 17.1392 0.858666
      vertex -13.9243 17.2846 0.994665
    endloop
  endfacet
  facet normal -0.792223 0.475467 -0.38251
    outer loop
      vertex -13.9459 17.1392 0.858666
      vertex -13.9956 17.1658 0.994665
      vertex -13.9243 17.2846 0.994665
    endloop
  endfacet
  facet normal -0.453606 0.756674 -0.470836
    outer loop
      vertex -13.4648 17.5698 0.728846
      vertex -13.5033 17.6275 0.858666
      vertex -13.3892 17.6959 0.858666
    endloop
  endfacet
  facet normal -0.453458 0.756695 -0.470943
    outer loop
      vertex -13.3565 17.6347 0.728846
      vertex -13.4648 17.5698 0.728846
      vertex -13.3892 17.6959 0.858666
    endloop
  endfacet
  facet normal -0.616058 0.558391 -0.555583
    outer loop
      vertex -13.6019 17.3519 0.606451
      vertex -13.6813 17.2643 0.606451
      vertex -13.6598 17.4098 0.728846
    endloop
  endfacet
  facet normal -0.460878 0.621121 -0.633877
    outer loop
      vertex -13.4551 17.3591 0.492661
      vertex -13.5143 17.4313 0.606451
      vertex -13.3675 17.4241 0.492661
    endloop
  endfacet
  facet normal -0.667789 0.495903 -0.555101
    outer loop
      vertex -13.6813 17.2643 0.606451
      vertex -13.8198 17.2148 0.728846
      vertex -13.7445 17.3162 0.728846
    endloop
  endfacet
  facet normal -0.708145 0.525871 -0.471158
    outer loop
      vertex -13.7445 17.3162 0.728846
      vertex -13.8198 17.2148 0.728846
      vertex -13.7982 17.3602 0.858666
    endloop
  endfacet
  facet normal -0.558099 0.616742 -0.555116
    outer loop
      vertex -13.5143 17.4313 0.606451
      vertex -13.6598 17.4098 0.728846
      vertex -13.5662 17.4945 0.728846
    endloop
  endfacet
  facet normal -0.620666 0.684538 -0.382336
    outer loop
      vertex -13.6102 17.5482 0.858666
      vertex -13.7088 17.4588 0.858666
      vertex -13.646 17.5917 0.994665
    endloop
  endfacet
  facet normal 0.408835 0.865321 -0.289953
    outer loop
      vertex 13.4158 17.7456 0.994665
      vertex 13.2905 17.8048 0.994665
      vertex 13.3068 17.8443 1.13553
    endloop
  endfacet
  facet normal 0.0451474 0.92309 -0.381925
    outer loop
      vertex 12.8829 17.8495 0.858666
      vertex 12.75 17.856 0.858666
      vertex 12.8884 17.9055 0.994665
    endloop
  endfacet
  facet normal 0.904125 0.427269 0
    outer loop
      vertex 14.1358 17.074 9.705
      vertex 14.0729 17.2071 9.695
      vertex 14.0729 17.2071 9.705
    endloop
  endfacet
  facet normal 0.904125 0.427269 0
    outer loop
      vertex 14.0729 17.2071 9.695
      vertex 14.1358 17.074 9.705
      vertex 14.1358 17.074 9.695
    endloop
  endfacet
  facet normal 0.857733 0.514096 0
    outer loop
      vertex 14.0729 17.2071 9.705
      vertex 13.9972 17.3334 9.695
      vertex 13.9972 17.3334 9.705
    endloop
  endfacet
  facet normal 0.857733 0.514096 0
    outer loop
      vertex 13.9972 17.3334 9.695
      vertex 14.0729 17.2071 9.705
      vertex 14.0729 17.2071 9.695
    endloop
  endfacet
  facet normal -0.330496 0.923464 -0.194904
    outer loop
      vertex -13.1724 17.8924 1.13553
      vertex -13.3068 17.8443 1.13553
      vertex -13.1807 17.9199 1.2799
    endloop
  endfacet
  facet normal -0.238517 0.951373 -0.194933
    outer loop
      vertex -13.1724 17.8924 1.13553
      vertex -13.1807 17.9199 1.2799
      vertex -13.0395 17.9553 1.2799
    endloop
  endfacet
  facet normal 0.0485085 0.979603 -0.195002
    outer loop
      vertex 12.8926 17.948 1.13553
      vertex 12.75 17.9838 1.2799
      vertex 12.8954 17.9766 1.2799
    endloop
  endfacet
  facet normal -0.232586 0.928334 -0.29
    outer loop
      vertex -13.0255 17.8852 0.994665
      vertex -13.1724 17.8924 1.13553
      vertex -13.0339 17.9271 1.13553
    endloop
  endfacet
  facet normal -0.238361 0.951382 -0.195081
    outer loop
      vertex -13.0339 17.9271 1.13553
      vertex -13.1724 17.8924 1.13553
      vertex -13.0395 17.9553 1.2799
    endloop
  endfacet
  facet normal -0.941527 -0.336939 0
    outer loop
      vertex -14.1358 -17.074 9.695
      vertex -14.1854 -16.9354 9.705
      vertex -14.1854 -16.9354 9.695
    endloop
  endfacet
  facet normal -0.941527 -0.336939 0
    outer loop
      vertex -14.1854 -16.9354 9.705
      vertex -14.1358 -17.074 9.695
      vertex -14.1358 -17.074 9.705
    endloop
  endfacet
  facet normal -0.955933 -0.0469252 -0.289811
    outer loop
      vertex -14.198 -16.6426 1.13553
      vertex -14.205 -16.5 1.13553
      vertex -14.1555 -16.6384 0.994665
    endloop
  endfacet
  facet normal -0.955943 -0.0469683 -0.289772
    outer loop
      vertex -14.1555 -16.6384 0.994665
      vertex -14.205 -16.5 1.13553
      vertex -14.1623 -16.5 0.994665
    endloop
  endfacet
  facet normal -0.0706718 0.281875 -0.956845
    outer loop
      vertex -12.8558 16.8488 0.0449524
      vertex -12.8967 16.9836 0.0876837
      vertex -12.8211 16.8575 0.0449524
    endloop
  endfacet
  facet normal -0.129036 0.360837 -0.923659
    outer loop
      vertex -12.9434 16.9669 0.0876837
      vertex -12.9954 17.0925 0.144015
      vertex -12.8967 16.9836 0.0876837
    endloop
  endfacet
  facet normal -0.0343659 0.706648 -0.70673
    outer loop
      vertex -12.75 17.5073 0.388573
      vertex -12.8487 17.5025 0.388573
      vertex -12.75 17.6114 0.492661
    endloop
  endfacet
  facet normal -0.0343921 0.70666 -0.706717
    outer loop
      vertex -12.8487 17.5025 0.388573
      vertex -12.8589 17.6061 0.492661
      vertex -12.75 17.6114 0.492661
    endloop
  endfacet
  facet normal -0.154146 0.61586 -0.772629
    outer loop
      vertex -12.9243 17.3764 0.295188
      vertex -13.0094 17.3551 0.295188
      vertex -12.9465 17.488 0.388573
    endloop
  endfacet
  facet normal -0.154124 0.615855 -0.772637
    outer loop
      vertex -13.0094 17.3551 0.295188
      vertex -13.0424 17.464 0.388573
      vertex -12.9465 17.488 0.388573
    endloop
  endfacet
  facet normal -0.0308292 0.633926 -0.772779
    outer loop
      vertex -12.8376 17.3892 0.295188
      vertex -12.8487 17.5025 0.388573
      vertex -12.75 17.5073 0.388573
    endloop
  endfacet
  facet normal -0.0311236 0.634052 -0.772663
    outer loop
      vertex -12.75 17.3935 0.295188
      vertex -12.8376 17.3892 0.295188
      vertex -12.75 17.5073 0.388573
    endloop
  endfacet
  facet normal 0.113218 0.765037 -0.633956
    outer loop
      vertex 12.9668 17.5901 0.492661
      vertex 12.8681 17.699 0.606451
      vertex 12.985 17.6817 0.606451
    endloop
  endfacet
  facet normal 0.188341 0.750095 -0.633944
    outer loop
      vertex 13.0997 17.6529 0.606451
      vertex 12.9668 17.5901 0.492661
      vertex 12.985 17.6817 0.606451
    endloop
  endfacet
  facet normal 0.830742 -0.0407985 -0.55516
    outer loop
      vertex 14.0304 -16.6261 0.728846
      vertex 13.949 -16.6181 0.606451
      vertex 13.9548 -16.5 0.606451
    endloop
  endfacet
  facet normal 0.404591 -0.242754 -0.88169
    outer loop
      vertex 13.4301 -16.8635 0.213407
      vertex 13.2832 -16.8563 0.144015
      vertex 13.3156 -16.8023 0.144015
    endloop
  endfacet
  facet normal 0.195025 -0.00993183 -0.980748
    outer loop
      vertex 13.1127 -16.5357 0.0449524
      vertex 12.969 -16.5216 0.0162344
      vertex 12.9701 -16.5 0.0162344
    endloop
  endfacet
  facet normal 0.195049 -0.00983438 -0.980744
    outer loop
      vertex 13.1127 -16.5357 0.0449524
      vertex 12.9701 -16.5 0.0162344
      vertex 13.1145 -16.5 0.0449524
    endloop
  endfacet
  facet normal 0.621121 -0.460878 -0.633877
    outer loop
      vertex 13.6813 -17.2643 0.606451
      vertex 13.6091 -17.2051 0.492661
      vertex 13.6741 -17.1175 0.492661
    endloop
  endfacet
  facet normal 0.667755 -0.496067 -0.554996
    outer loop
      vertex 13.8198 -17.2148 0.728846
      vertex 13.6813 -17.2643 0.606451
      vertex 13.7518 -17.1694 0.606451
    endloop
  endfacet
  facet normal 0.471048 -0.023677 -0.88179
    outer loop
      vertex 13.5174 -16.5756 0.213407
      vertex 13.3913 -16.5 0.144015
      vertex 13.5212 -16.5 0.213407
    endloop
  endfacet
  facet normal 0.549821 -0.0815911 -0.831288
    outer loop
      vertex 13.6264 -16.6743 0.295188
      vertex 13.5063 -16.6504 0.213407
      vertex 13.5174 -16.5756 0.213407
    endloop
  endfacet
  facet normal 0.0925163 -0.0326528 -0.995176
    outer loop
      vertex 12.9606 -16.5639 0.0162344
      vertex 12.818 -16.5282 0.00180626
      vertex 12.8204 -16.5214 0.00180626
    endloop
  endfacet
  facet normal 0.0244469 -0.0950711 -0.99517
    outer loop
      vertex 12.7929 -16.7159 0.0162344
      vertex 12.7644 -16.5722 0.00180626
      vertex 12.7714 -16.5704 0.00180626
    endloop
  endfacet
  facet normal 0.273629 -0.0978501 -0.956845
    outer loop
      vertex 13.2169 -16.6934 0.0876837
      vertex 13.0988 -16.6058 0.0449524
      vertex 13.2336 -16.6467 0.0876837
    endloop
  endfacet
  facet normal 0.426272 -0.201918 -0.881772
    outer loop
      vertex 13.4301 -16.8635 0.213407
      vertex 13.3425 -16.7454 0.144015
      vertex 13.4625 -16.7951 0.213407
    endloop
  endfacet
  facet normal 0.156887 0.116435 -0.980729
    outer loop
      vertex 13.053 16.7025 0.0449524
      vertex 12.933 16.6223 0.0162344
      vertex 13.0317 16.7312 0.0449524
    endloop
  endfacet
  facet normal 0.0584655 -0.0788604 -0.99517
    outer loop
      vertex 12.8896 -16.6701 0.0162344
      vertex 12.7909 -16.5612 0.00180626
      vertex 12.7967 -16.5569 0.00180626
    endloop
  endfacet
  facet normal 0.0660827 -0.183764 -0.980747
    outer loop
      vertex 12.8558 -16.8488 0.0449524
      vertex 12.8139 -16.7106 0.0162344
      vertex 12.8342 -16.7033 0.0162344
    endloop
  endfacet
  facet normal 0.0477795 -0.189315 -0.980753
    outer loop
      vertex 12.8558 -16.8488 0.0449524
      vertex 12.7929 -16.7159 0.0162344
      vertex 12.8139 -16.7106 0.0162344
    endloop
  endfacet
  facet normal -0.189446 0.0474979 -0.980742
    outer loop
      vertex -12.9659 16.5429 0.0162344
      vertex -13.1075 16.5711 0.0449524
      vertex -13.0988 16.6058 0.0449524
    endloop
  endfacet
  facet normal -0.0422306 0.088548 -0.995176
    outer loop
      vertex -12.7847 16.5649 0.00180626
      vertex -12.8538 16.6941 0.0162344
      vertex -12.7782 16.568 0.00180626
    endloop
  endfacet
  facet normal 0.176743 -0.0829611 -0.980754
    outer loop
      vertex 13.0867 -16.6395 0.0449524
      vertex 12.9441 -16.6038 0.0162344
      vertex 12.9533 -16.5842 0.0162344
    endloop
  endfacet
  facet normal 0.215179 -0.195244 -0.956858
    outer loop
      vertex 13.1073 -16.8573 0.0876837
      vertex 13.0317 -16.7312 0.0449524
      vertex 13.1406 -16.8206 0.0876837
    endloop
  endfacet
  facet normal 0.19324 0.0281241 -0.980748
    outer loop
      vertex 12.969 16.5216 0.0162344
      vertex 12.9659 16.5429 0.0162344
      vertex 13.1127 16.5357 0.0449524
    endloop
  endfacet
  facet normal 0.0788604 0.0584655 -0.99517
    outer loop
      vertex 12.8112 16.5409 0.00180626
      vertex 12.8069 16.5467 0.00180626
      vertex 12.9201 16.6396 0.0162344
    endloop
  endfacet
  facet normal 0.065986 0.183779 -0.98075
    outer loop
      vertex 12.8895 16.8367 0.0449524
      vertex 12.8342 16.7033 0.0162344
      vertex 12.8558 16.8488 0.0449524
    endloop
  endfacet
  facet normal 0.173167 0.233328 -0.956855
    outer loop
      vertex 12.9812 16.7817 0.0449524
      vertex 12.9525 16.803 0.0449524
      vertex 13.0307 16.9202 0.0876837
    endloop
  endfacet
  facet normal -0.09801 -0.005445 -0.995171
    outer loop
      vertex -12.8232 -16.5072 0.00180626
      vertex -12.9701 -16.5 0.0162344
      vertex -12.8236 -16.5 0.00180626
    endloop
  endfacet
  facet normal -0.0923742 -0.0332183 -0.99517
    outer loop
      vertex -12.9533 -16.5842 0.0162344
      vertex -12.9606 -16.5639 0.0162344
      vertex -12.818 -16.5282 0.00180626
    endloop
  endfacet
  facet normal 0.215179 0.195244 -0.956858
    outer loop
      vertex 13.1406 16.8206 0.0876837
      vertex 13.0317 16.7312 0.0449524
      vertex 13.1073 16.8573 0.0876837
    endloop
  endfacet
  facet normal 0.116435 0.156887 -0.980729
    outer loop
      vertex 12.9812 16.7817 0.0449524
      vertex 12.8723 16.683 0.0162344
      vertex 12.9525 16.803 0.0449524
    endloop
  endfacet
  facet normal 0.249212 0.149365 -0.956861
    outer loop
      vertex 13.0714 16.6718 0.0449524
      vertex 13.053 16.7025 0.0449524
      vertex 13.1702 16.7807 0.0876837
    endloop
  endfacet
  facet normal 0.189446 0.0474979 -0.980742
    outer loop
      vertex 13.1075 16.5711 0.0449524
      vertex 12.9659 16.5429 0.0162344
      vertex 13.0988 16.6058 0.0449524
    endloop
  endfacet
  facet normal 0.249107 0.149464 -0.956873
    outer loop
      vertex 13.1957 16.7382 0.0876837
      vertex 13.0714 16.6718 0.0449524
      vertex 13.1702 16.7807 0.0876837
    endloop
  endfacet
  facet normal 0.360837 0.129036 -0.923659
    outer loop
      vertex 13.2336 16.6467 0.0876837
      vertex 13.2169 16.6934 0.0876837
      vertex 13.3425 16.7454 0.144015
    endloop
  endfacet
  facet normal 0.346409 0.163768 -0.923678
    outer loop
      vertex 13.3425 16.7454 0.144015
      vertex 13.1957 16.7382 0.0876837
      vertex 13.3156 16.8023 0.144015
    endloop
  endfacet
  facet normal 0.360721 0.129177 -0.923685
    outer loop
      vertex 13.3637 16.6862 0.144015
      vertex 13.2336 16.6467 0.0876837
      vertex 13.3425 16.7454 0.144015
    endloop
  endfacet
  facet normal 0.667755 0.496067 -0.554996
    outer loop
      vertex 13.7518 17.1694 0.606451
      vertex 13.6813 17.2643 0.606451
      vertex 13.8198 17.2148 0.728846
    endloop
  endfacet
  facet normal 0.502907 0.237818 -0.83098
    outer loop
      vertex 13.5755 16.8419 0.295188
      vertex 13.4625 16.7951 0.213407
      vertex 13.538 16.9212 0.295188
    endloop
  endfacet
  facet normal 0.201659 0.426558 -0.881693
    outer loop
      vertex 13.0523 17.0656 0.144015
      vertex 12.9954 17.0925 0.144015
      vertex 13.1135 17.1801 0.213407
    endloop
  endfacet
  facet normal 0.242754 0.404591 -0.88169
    outer loop
      vertex 13.1063 17.0332 0.144015
      vertex 13.0523 17.0656 0.144015
      vertex 13.1135 17.1801 0.213407
    endloop
  endfacet
  facet normal 0.0930727 0.371682 -0.923683
    outer loop
      vertex 12.8967 16.9836 0.0876837
      vertex 12.8751 17.129 0.144015
      vertex 12.9362 17.1137 0.144015
    endloop
  endfacet
  facet normal 0.114607 0.457807 -0.881634
    outer loop
      vertex 12.9739 17.2379 0.213407
      vertex 12.8751 17.129 0.144015
      vertex 12.9004 17.2563 0.213407
    endloop
  endfacet
  facet normal 0 0.47118 -0.882037
    outer loop
      vertex -12.75 17.1413 0.144015
      vertex 12.75 17.2712 0.213407
      vertex 12.75 17.1413 0.144015
    endloop
  endfacet
  facet normal 0 0.47118 -0.882037
    outer loop
      vertex 12.75 17.2712 0.213407
      vertex -12.75 17.1413 0.144015
      vertex -12.75 17.2712 0.213407
    endloop
  endfacet
  facet normal 0.316712 0.349755 -0.881683
    outer loop
      vertex 13.2953 17.0453 0.213407
      vertex 13.2035 16.9535 0.144015
      vertex 13.2392 17.0961 0.213407
    endloop
  endfacet
  facet normal 0.373159 0.412091 -0.831224
    outer loop
      vertex 13.2953 17.0453 0.213407
      vertex 13.2392 17.0961 0.213407
      vertex 13.3169 17.1907 0.295188
    endloop
  endfacet
  facet normal 0.620688 0.461101 -0.634139
    outer loop
      vertex 13.7518 17.1694 0.606451
      vertex 13.6741 17.1175 0.492661
      vertex 13.6813 17.2643 0.606451
    endloop
  endfacet
  facet normal 0.750417 0.187959 -0.633676
    outer loop
      vertex 13.8401 16.7168 0.492661
      vertex 13.8136 16.8226 0.492661
      vertex 13.9029 16.8497 0.606451
    endloop
  endfacet
  facet normal 0.0727413 -0.0659218 -0.99517
    outer loop
      vertex 12.9056 -16.6556 0.0162344
      vertex 12.8069 -16.5467 0.00180626
      vertex 12.9201 -16.6396 0.0162344
    endloop
  endfacet
  facet normal -0.1311 0.144757 -0.980744
    outer loop
      vertex -12.9056 16.6556 0.0162344
      vertex -13.0077 16.7577 0.0449524
      vertex -12.9812 16.7817 0.0449524
    endloop
  endfacet
  facet normal -0.131155 -0.144723 -0.980741
    outer loop
      vertex -12.8896 -16.6701 0.0162344
      vertex -12.9812 -16.7817 0.0449524
      vertex -12.9056 -16.6556 0.0162344
    endloop
  endfacet
  facet normal 0.0560608 0.37902 -0.923689
    outer loop
      vertex 12.8751 17.129 0.144015
      vertex 12.7995 17.0029 0.0876837
      vertex 12.8129 17.1382 0.144015
    endloop
  endfacet
  facet normal 0.129036 0.360837 -0.923659
    outer loop
      vertex 12.9434 16.9669 0.0876837
      vertex 12.8967 16.9836 0.0876837
      vertex 12.9954 17.0925 0.144015
    endloop
  endfacet
  facet normal 0.283578 0.257306 -0.923784
    outer loop
      vertex 13.1406 16.8206 0.0876837
      vertex 13.1073 16.8573 0.0876837
      vertex 13.2458 16.9069 0.144015
    endloop
  endfacet
  facet normal 0.233349 0.173111 -0.95686
    outer loop
      vertex 13.1702 16.7807 0.0876837
      vertex 13.0317 16.7312 0.0449524
      vertex 13.1406 16.8206 0.0876837
    endloop
  endfacet
  facet normal 0.0706718 0.281875 -0.956845
    outer loop
      vertex 12.8558 16.8488 0.0449524
      vertex 12.8211 16.8575 0.0449524
      vertex 12.8967 16.9836 0.0876837
    endloop
  endfacet
  facet normal 0.05633 0.378877 -0.923731
    outer loop
      vertex 12.8486 16.9956 0.0876837
      vertex 12.7995 17.0029 0.0876837
      vertex 12.8751 17.129 0.144015
    endloop
  endfacet
  facet normal 0.377221 0.797533 -0.470792
    outer loop
      vertex 13.3892 17.6959 0.858666
      vertex 13.2424 17.6887 0.728846
      vertex 13.2689 17.7528 0.858666
    endloop
  endfacet
  facet normal 0.331068 0.698775 -0.63412
    outer loop
      vertex 13.3179 17.5625 0.606451
      vertex 13.1753 17.5268 0.492661
      vertex 13.2111 17.6131 0.606451
    endloop
  endfacet
  facet normal 0.569801 0.768896 -0.290044
    outer loop
      vertex 13.6731 17.6248 1.13553
      vertex 13.5346 17.6743 0.994665
      vertex 13.5584 17.7098 1.13553
    endloop
  endfacet
  facet normal 0.395055 0.835239 -0.382502
    outer loop
      vertex 13.3892 17.6959 0.858666
      vertex 13.2689 17.7528 0.858666
      vertex 13.4158 17.7456 0.994665
    endloop
  endfacet
  facet normal 0.684538 0.620666 -0.382336
    outer loop
      vertex 13.7982 17.3602 0.858666
      vertex 13.7088 17.4588 0.858666
      vertex 13.8417 17.396 0.994665
    endloop
  endfacet
  facet normal 0.620666 0.684538 -0.382336
    outer loop
      vertex 13.7088 17.4588 0.858666
      vertex 13.6102 17.5482 0.858666
      vertex 13.646 17.5917 0.994665
    endloop
  endfacet
  facet normal 0.0407985 0.830742 -0.55516
    outer loop
      vertex 12.8681 17.699 0.606451
      vertex 12.75 17.7048 0.606451
      vertex 12.8761 17.7804 0.728846
    endloop
  endfacet
  facet normal 0.20216 0.806664 -0.555359
    outer loop
      vertex 13.0997 17.6529 0.606451
      vertex 13.001 17.7619 0.728846
      vertex 13.1235 17.7312 0.728846
    endloop
  endfacet
  facet normal 0.154124 0.615855 -0.772637
    outer loop
      vertex 13.0094 17.3551 0.295188
      vertex 12.9465 17.488 0.388573
      vertex 13.0424 17.464 0.388573
    endloop
  endfacet
  facet normal 0.260954 0.72826 -0.633672
    outer loop
      vertex 13.1753 17.5268 0.492661
      vertex 13.0726 17.5636 0.492661
      vertex 13.0997 17.6529 0.606451
    endloop
  endfacet
  facet normal 0.171915 0.686363 -0.706648
    outer loop
      vertex 13.0424 17.464 0.388573
      vertex 12.9668 17.5901 0.492661
      vertex 13.0726 17.5636 0.492661
    endloop
  endfacet
  facet normal 0.238682 0.666105 -0.706636
    outer loop
      vertex 13.1753 17.5268 0.492661
      vertex 13.0424 17.464 0.388573
      vertex 13.0726 17.5636 0.492661
    endloop
  endfacet
  facet normal 0.154146 0.61586 -0.772629
    outer loop
      vertex 13.0094 17.3551 0.295188
      vertex 12.9243 17.3764 0.295188
      vertex 12.9465 17.488 0.388573
    endloop
  endfacet
  facet normal 0.0272618 0.555379 -0.83115
    outer loop
      vertex 12.8256 17.2674 0.213407
      vertex 12.75 17.3935 0.295188
      vertex 12.8376 17.3892 0.295188
    endloop
  endfacet
  facet normal 0.121763 0.822783 -0.555159
    outer loop
      vertex 12.985 17.6817 0.606451
      vertex 12.8681 17.699 0.606451
      vertex 12.8761 17.7804 0.728846
    endloop
  endfacet
  facet normal 0.113455 0.765112 -0.633823
    outer loop
      vertex 12.9668 17.5901 0.492661
      vertex 12.8589 17.6061 0.492661
      vertex 12.8681 17.699 0.606451
    endloop
  endfacet
  facet normal 0.0469683 0.955943 -0.289772
    outer loop
      vertex 12.8884 17.9055 0.994665
      vertex 12.75 17.9123 0.994665
      vertex 12.75 17.955 1.13553
    endloop
  endfacet
  facet normal 0.214492 0.855872 -0.470613
    outer loop
      vertex 13.1235 17.7312 0.728846
      vertex 13.001 17.7619 0.728846
      vertex 13.0145 17.8299 0.858666
    endloop
  endfacet
  facet normal 0 0.881894 -0.471448
    outer loop
      vertex 12.75 17.7866 0.728846
      vertex -12.75 17.856 0.858666
      vertex 12.75 17.856 0.858666
    endloop
  endfacet
  facet normal 0 0.881894 -0.471448
    outer loop
      vertex -12.75 17.856 0.858666
      vertex 12.75 17.7866 0.728846
      vertex -12.75 17.7866 0.728846
    endloop
  endfacet
  facet normal 0.591842 0.654031 -0.471133
    outer loop
      vertex 13.6598 17.4098 0.728846
      vertex 13.5662 17.4945 0.728846
      vertex 13.6102 17.5482 0.858666
    endloop
  endfacet
  facet normal 0.525871 0.708145 -0.471158
    outer loop
      vertex 13.5662 17.4945 0.728846
      vertex 13.4648 17.5698 0.728846
      vertex 13.6102 17.5482 0.858666
    endloop
  endfacet
  facet normal 0.573143 0.519493 -0.633746
    outer loop
      vertex 13.6813 17.2643 0.606451
      vertex 13.5359 17.2859 0.492661
      vertex 13.6019 17.3519 0.606451
    endloop
  endfacet
  facet normal 0.654031 0.591842 -0.471133
    outer loop
      vertex 13.7445 17.3162 0.728846
      vertex 13.6598 17.4098 0.728846
      vertex 13.7982 17.3602 0.858666
    endloop
  endfacet
  facet normal 0.606771 0.363919 -0.706677
    outer loop
      vertex 13.6384 16.9749 0.388573
      vertex 13.5876 17.0596 0.388573
      vertex 13.6741 17.1175 0.492661
    endloop
  endfacet
  facet normal 0.519493 0.573143 -0.633746
    outer loop
      vertex 13.5359 17.2859 0.492661
      vertex 13.5143 17.4313 0.606451
      vertex 13.6019 17.3519 0.606451
    endloop
  endfacet
  facet normal 0.513896 0.857853 -0.000221932
    outer loop
      vertex 13.5824 17.7457 1.4264
      vertex 13.4562 17.8213 1.4264
      vertex 13.4571 17.8229 9.695
    endloop
  endfacet
  facet normal 0.504406 0.841125 -0.195152
    outer loop
      vertex 13.5743 17.7337 1.2799
      vertex 13.4359 17.7832 1.13553
      vertex 13.4494 17.8086 1.2799
    endloop
  endfacet
  facet normal 0.593239 0.799113 -0.0973968
    outer loop
      vertex 13.6913 17.647 1.2799
      vertex 13.5824 17.7457 1.4264
      vertex 13.7004 17.6581 1.4264
    endloop
  endfacet
  facet normal 0.592495 0.79956 -0.0982521
    outer loop
      vertex 13.6913 17.647 1.2799
      vertex 13.5743 17.7337 1.2799
      vertex 13.5824 17.7457 1.4264
    endloop
  endfacet
  facet normal 0.58397 0.788056 -0.194799
    outer loop
      vertex 13.6731 17.6248 1.13553
      vertex 13.5743 17.7337 1.2799
      vertex 13.6913 17.647 1.2799
    endloop
  endfacet
  facet normal 0.667994 0.737703 -0.097871
    outer loop
      vertex 13.7992 17.5492 1.2799
      vertex 13.7004 17.6581 1.4264
      vertex 13.8094 17.5594 1.4264
    endloop
  endfacet
  facet normal 0.76869 0.569962 -0.290275
    outer loop
      vertex 13.9243 17.2846 0.994665
      vertex 13.8417 17.396 0.994665
      vertex 13.8748 17.4231 1.13553
    endloop
  endfacet
  facet normal 0.70912 0.642766 -0.28983
    outer loop
      vertex 13.8748 17.4231 1.13553
      vertex 13.7487 17.4987 0.994665
      vertex 13.7789 17.5289 1.13553
    endloop
  endfacet
  facet normal 0.936872 0.335758 -0.0976592
    outer loop
      vertex 14.1837 16.9349 1.4264
      vertex 14.1208 17.0678 1.2799
      vertex 14.1341 17.0733 1.4264
    endloop
  endfacet
  facet normal 0.941527 0.336939 0
    outer loop
      vertex 14.1854 16.9354 9.705
      vertex 14.1358 17.074 9.695
      vertex 14.1358 17.074 9.705
    endloop
  endfacet
  facet normal 0.941527 0.336939 0
    outer loop
      vertex 14.1358 17.074 9.695
      vertex 14.1854 16.9354 9.705
      vertex 14.1854 16.9354 9.695
    endloop
  endfacet
  facet normal 0.965324 0.242015 -0.0978698
    outer loop
      vertex 14.2053 16.7895 1.2799
      vertex 14.1699 16.9307 1.2799
      vertex 14.1837 16.9349 1.4264
    endloop
  endfacet
  facet normal 0.92309 -0.0451474 -0.381925
    outer loop
      vertex 14.1555 -16.6384 0.994665
      vertex 14.0995 -16.6329 0.858666
      vertex 14.106 -16.5 0.858666
    endloop
  endfacet
  facet normal 0.855817 -0.21412 -0.470883
    outer loop
      vertex 14.0476 -16.8936 0.858666
      vertex 13.9812 -16.8735 0.728846
      vertex 14.0799 -16.7645 0.858666
    endloop
  endfacet
  facet normal 0.913837 -0.136103 -0.382593
    outer loop
      vertex 14.1352 -16.7755 0.994665
      vertex 14.0799 -16.7645 0.858666
      vertex 14.0995 -16.6329 0.858666
    endloop
  endfacet
  facet normal 0.822816 -0.121874 -0.555086
    outer loop
      vertex 14.0119 -16.751 0.728846
      vertex 13.9317 -16.735 0.606451
      vertex 14.0304 -16.6261 0.728846
    endloop
  endfacet
  facet normal 0.627821 -0.0930818 -0.772772
    outer loop
      vertex 13.738 -16.6965 0.388573
      vertex 13.6392 -16.5876 0.295188
      vertex 13.7525 -16.5987 0.388573
    endloop
  endfacet
  facet normal 0.699416 -0.330556 -0.63368
    outer loop
      vertex 13.8125 -17.0679 0.606451
      vertex 13.7302 -17.0239 0.492661
      vertex 13.7768 -16.9253 0.492661
    endloop
  endfacet
  facet normal 0.699847 -0.103761 -0.706716
    outer loop
      vertex 13.8401 -16.7168 0.492661
      vertex 13.738 -16.6965 0.388573
      vertex 13.7525 -16.5987 0.388573
    endloop
  endfacet
  facet normal 0.307939 0.227607 -0.923779
    outer loop
      vertex 13.2832 16.8563 0.144015
      vertex 13.1406 16.8206 0.0876837
      vertex 13.2458 16.9069 0.144015
    endloop
  endfacet
  facet normal 0.446501 0.331234 -0.831216
    outer loop
      vertex 13.493 16.9964 0.295188
      vertex 13.3912 16.9284 0.213407
      vertex 13.4407 17.0669 0.295188
    endloop
  endfacet
  facet normal 0.444289 0.159104 -0.881642
    outer loop
      vertex 13.3637 16.6862 0.144015
      vertex 13.3425 16.7454 0.144015
      vertex 13.4879 16.7239 0.213407
    endloop
  endfacet
  facet normal 0.282049 0.0703656 -0.956816
    outer loop
      vertex 13.2456 16.5986 0.0876837
      vertex 13.1075 16.5711 0.0449524
      vertex 13.2336 16.6467 0.0876837
    endloop
  endfacet
  facet normal 0.457807 0.114607 -0.881634
    outer loop
      vertex 13.5063 16.6504 0.213407
      vertex 13.379 16.6251 0.144015
      vertex 13.4879 16.7239 0.213407
    endloop
  endfacet
  facet normal 0.466818 0.0692737 -0.881636
    outer loop
      vertex 13.5174 16.5756 0.213407
      vertex 13.379 16.6251 0.144015
      vertex 13.5063 16.6504 0.213407
    endloop
  endfacet
  facet normal 0.61586 0.154146 -0.772629
    outer loop
      vertex 13.6264 16.6743 0.295188
      vertex 13.6051 16.7594 0.295188
      vertex 13.738 16.6965 0.388573
    endloop
  endfacet
  facet normal 0.539203 0.134959 -0.831292
    outer loop
      vertex 13.6264 16.6743 0.295188
      vertex 13.5063 16.6504 0.213407
      vertex 13.6051 16.7594 0.295188
    endloop
  endfacet
  facet normal 0.70666 0.0343921 -0.706717
    outer loop
      vertex 13.8614 16.5 0.492661
      vertex 13.7525 16.5987 0.388573
      vertex 13.8561 16.6089 0.492661
    endloop
  endfacet
  facet normal 0.555648 -0.0279294 -0.830948
    outer loop
      vertex 13.6435 -16.5 0.295188
      vertex 13.5174 -16.5756 0.213407
      vertex 13.5212 -16.5 0.213407
    endloop
  endfacet
  facet normal 0.555648 0.0279294 -0.830948
    outer loop
      vertex 13.5212 16.5 0.213407
      vertex 13.5174 16.5756 0.213407
      vertex 13.6435 16.5 0.295188
    endloop
  endfacet
  facet normal 0.750095 0.188341 -0.633944
    outer loop
      vertex 13.9317 16.735 0.606451
      vertex 13.8401 16.7168 0.492661
      vertex 13.9029 16.8497 0.606451
    endloop
  endfacet
  facet normal 0.772564 0.0379414 -0.633802
    outer loop
      vertex 13.9548 16.5 0.606451
      vertex 13.8561 16.6089 0.492661
      vertex 13.949 16.6181 0.606451
    endloop
  endfacet
  facet normal 0.597766 0.213809 -0.772633
    outer loop
      vertex 13.714 16.7924 0.388573
      vertex 13.6051 16.7594 0.295188
      vertex 13.6807 16.8855 0.388573
    endloop
  endfacet
  facet normal 0.666105 0.238682 -0.706636
    outer loop
      vertex 13.8136 16.8226 0.492661
      vertex 13.714 16.7924 0.388573
      vertex 13.7768 16.9253 0.492661
    endloop
  endfacet
  facet normal 0.633926 0.0308292 -0.772779
    outer loop
      vertex 13.7573 16.5 0.388573
      vertex 13.6392 16.5876 0.295188
      vertex 13.7525 16.5987 0.388573
    endloop
  endfacet
  facet normal 0.855872 0.214492 -0.470613
    outer loop
      vertex 14.0119 16.751 0.728846
      vertex 13.9812 16.8735 0.728846
      vertex 14.0799 16.7645 0.858666
    endloop
  endfacet
  facet normal 0.951382 0.238361 -0.195081
    outer loop
      vertex 14.1771 16.7839 1.13553
      vertex 14.1424 16.9224 1.13553
      vertex 14.2053 16.7895 1.2799
    endloop
  endfacet
  facet normal 0.830758 0.296949 -0.470811
    outer loop
      vertex 13.9812 16.8735 0.728846
      vertex 13.9387 16.9924 0.728846
      vertex 14.0028 17.0189 0.858666
    endloop
  endfacet
  facet normal 0.783072 0.279904 -0.555384
    outer loop
      vertex 13.9812 16.8735 0.728846
      vertex 13.9029 16.8497 0.606451
      vertex 13.9387 16.9924 0.728846
    endloop
  endfacet
  facet normal 0.870075 0.31136 -0.38213
    outer loop
      vertex 14.1015 16.91 0.994665
      vertex 14.0028 17.0189 0.858666
      vertex 14.0548 17.0405 0.994665
    endloop
  endfacet
  facet normal 0.756674 0.453606 -0.470836
    outer loop
      vertex 13.9459 17.1392 0.858666
      vertex 13.8198 17.2148 0.728846
      vertex 13.8775 17.2533 0.858666
    endloop
  endfacet
  facet normal 0.708562 0.525622 -0.470809
    outer loop
      vertex 13.8198 17.2148 0.728846
      vertex 13.7982 17.3602 0.858666
      vertex 13.8775 17.2533 0.858666
    endloop
  endfacet
  facet normal 0.792608 0.475148 -0.382107
    outer loop
      vertex 13.9459 17.1392 0.858666
      vertex 13.8775 17.2533 0.858666
      vertex 13.9243 17.2846 0.994665
    endloop
  endfacet
  facet normal 0.946758 -0.140184 -0.289824
    outer loop
      vertex 14.198 -16.6426 1.13553
      vertex 14.1352 -16.7755 0.994665
      vertex 14.1555 -16.6384 0.994665
    endloop
  endfacet
  facet normal 0.886493 -0.419556 -0.195199
    outer loop
      vertex 14.0586 -17.1994 1.2799
      vertex 14.0332 -17.1859 1.13553
      vertex 14.0943 -17.0568 1.13553
    endloop
  endfacet
  facet normal 0.865321 -0.408835 -0.289953
    outer loop
      vertex 14.0943 -17.0568 1.13553
      vertex 13.9956 -17.1658 0.994665
      vertex 14.0548 -17.0405 0.994665
    endloop
  endfacet
  facet normal 0.886797 -0.41914 -0.194713
    outer loop
      vertex 14.1208 -17.0678 1.2799
      vertex 14.0586 -17.1994 1.2799
      vertex 14.0943 -17.0568 1.13553
    endloop
  endfacet
  facet normal 0.899772 0.425272 -0.0977403
    outer loop
      vertex 14.1208 17.0678 1.2799
      vertex 14.0586 17.1994 1.2799
      vertex 14.0713 17.2062 1.4264
    endloop
  endfacet
  facet normal 0.92343 0.33071 -0.194699
    outer loop
      vertex 14.1699 16.9307 1.2799
      vertex 14.0943 17.0568 1.13553
      vertex 14.1208 17.0678 1.2799
    endloop
  endfacet
  facet normal 0.737411 0.668386 -0.0973896
    outer loop
      vertex 13.897 17.4413 1.2799
      vertex 13.7992 17.5492 1.2799
      vertex 13.9081 17.4504 1.4264
    endloop
  endfacet
  facet normal 0.741262 0.671216 -0.000222919
    outer loop
      vertex 13.9081 17.4504 1.4264
      vertex 13.8094 17.5594 1.4264
      vertex 13.9095 17.4516 9.695
    endloop
  endfacet
  facet normal -0.549821 -0.0815911 -0.831288
    outer loop
      vertex -13.5063 -16.6504 0.213407
      vertex -13.6264 -16.6743 0.295188
      vertex -13.5174 -16.5756 0.213407
    endloop
  endfacet
  facet normal -0.471048 -0.023677 -0.88179
    outer loop
      vertex -13.5174 -16.5756 0.213407
      vertex -13.5212 -16.5 0.213407
      vertex -13.3913 -16.5 0.144015
    endloop
  endfacet
  facet normal -0.63436 0 -0.773038
    outer loop
      vertex -13.7573 -16.5 0.388573
      vertex -13.6435 16.5 0.295188
      vertex -13.6435 -16.5 0.295188
    endloop
  endfacet
  facet normal -0.63436 0 -0.773038
    outer loop
      vertex -13.6435 16.5 0.295188
      vertex -13.7573 -16.5 0.388573
      vertex -13.7573 16.5 0.388573
    endloop
  endfacet
  facet normal -0.466818 -0.0692737 -0.881636
    outer loop
      vertex -13.5063 -16.6504 0.213407
      vertex -13.5174 -16.5756 0.213407
      vertex -13.379 -16.6251 0.144015
    endloop
  endfacet
  facet normal -0.539203 -0.134959 -0.831292
    outer loop
      vertex -13.6051 -16.7594 0.295188
      vertex -13.6264 -16.6743 0.295188
      vertex -13.5063 -16.6504 0.213407
    endloop
  endfacet
  facet normal -0.633926 -0.0308292 -0.772779
    outer loop
      vertex -13.7525 -16.5987 0.388573
      vertex -13.7573 -16.5 0.388573
      vertex -13.6392 -16.5876 0.295188
    endloop
  endfacet
  facet normal -0.686329 -0.171761 -0.706718
    outer loop
      vertex -13.714 -16.7924 0.388573
      vertex -13.8401 -16.7168 0.492661
      vertex -13.738 -16.6965 0.388573
    endloop
  endfacet
  facet normal -0.870075 0.31136 -0.38213
    outer loop
      vertex -14.0028 17.0189 0.858666
      vertex -14.1015 16.91 0.994665
      vertex -14.0548 17.0405 0.994665
    endloop
  endfacet
  facet normal -0.699836 0.103776 -0.706725
    outer loop
      vertex -13.7525 16.5987 0.388573
      vertex -13.8561 16.6089 0.492661
      vertex -13.8401 16.7168 0.492661
    endloop
  endfacet
  facet normal -0.568219 0.421624 -0.706654
    outer loop
      vertex -13.5287 17.139 0.388573
      vertex -13.6741 17.1175 0.492661
      vertex -13.6091 17.2051 0.492661
    endloop
  endfacet
  facet normal -0.806741 0.202564 -0.555101
    outer loop
      vertex -13.9317 16.735 0.606451
      vertex -14.0119 16.751 0.728846
      vertex -13.9029 16.8497 0.606451
    endloop
  endfacet
  facet normal -0.896292 0.224247 -0.382589
    outer loop
      vertex -14.0799 16.7645 0.858666
      vertex -14.1352 16.7755 0.994665
      vertex -14.0476 16.8936 0.858666
    endloop
  endfacet
  facet normal -0.855817 0.21412 -0.470883
    outer loop
      vertex -13.9812 16.8735 0.728846
      vertex -14.0799 16.7645 0.858666
      vertex -14.0476 16.8936 0.858666
    endloop
  endfacet
  facet normal -0.835239 0.395055 -0.382502
    outer loop
      vertex -13.9459 17.1392 0.858666
      vertex -14.0028 17.0189 0.858666
      vertex -13.9956 17.1658 0.994665
    endloop
  endfacet
  facet normal -0.896324 0.224581 -0.382319
    outer loop
      vertex -14.0476 16.8936 0.858666
      vertex -14.1352 16.7755 0.994665
      vertex -14.1015 16.91 0.994665
    endloop
  endfacet
  facet normal -0.797533 0.377221 -0.470792
    outer loop
      vertex -13.9387 16.9924 0.728846
      vertex -14.0028 17.0189 0.858666
      vertex -13.9459 17.1392 0.858666
    endloop
  endfacet
  facet normal -0.830702 0.297011 -0.470871
    outer loop
      vertex -13.9812 16.8735 0.728846
      vertex -14.0476 16.8936 0.858666
      vertex -14.0028 17.0189 0.858666
    endloop
  endfacet
  facet normal -0.287546 0.0427513 -0.956812
    outer loop
      vertex -13.1075 16.5711 0.0449524
      vertex -13.2529 16.5495 0.0876837
      vertex -13.2456 16.5986 0.0876837
    endloop
  endfacet
  facet normal -0.360837 0.129036 -0.923659
    outer loop
      vertex -13.2336 16.6467 0.0876837
      vertex -13.3425 16.7454 0.144015
      vertex -13.2169 16.6934 0.0876837
    endloop
  endfacet
  facet normal -0.328567 0.19714 -0.923677
    outer loop
      vertex -13.1957 16.7382 0.0876837
      vertex -13.2832 16.8563 0.144015
      vertex -13.1702 16.7807 0.0876837
    endloop
  endfacet
  facet normal -0.378877 0.05633 -0.923731
    outer loop
      vertex -13.2529 16.5495 0.0876837
      vertex -13.379 16.6251 0.144015
      vertex -13.2456 16.5986 0.0876837
    endloop
  endfacet
  facet normal -0.371682 0.0930727 -0.923683
    outer loop
      vertex -13.2336 16.6467 0.0876837
      vertex -13.379 16.6251 0.144015
      vertex -13.3637 16.6862 0.144015
    endloop
  endfacet
  facet normal -0.426558 0.201659 -0.881693
    outer loop
      vertex -13.3425 16.7454 0.144015
      vertex -13.4301 16.8635 0.213407
      vertex -13.3156 16.8023 0.144015
    endloop
  endfacet
  facet normal -0.421624 0.568219 -0.706654
    outer loop
      vertex -13.389 17.2787 0.388573
      vertex -13.4551 17.3591 0.492661
      vertex -13.3675 17.4241 0.492661
    endloop
  endfacet
  facet normal -0.421526 0.568237 -0.706699
    outer loop
      vertex -13.3096 17.3376 0.388573
      vertex -13.389 17.2787 0.388573
      vertex -13.3675 17.4241 0.492661
    endloop
  endfacet
  facet normal 0.78317 -0.279804 -0.555297
    outer loop
      vertex 13.9387 -16.9924 0.728846
      vertex 13.8631 -16.9611 0.606451
      vertex 13.9029 -16.8497 0.606451
    endloop
  endfacet
  facet normal 0.686363 -0.171915 -0.706648
    outer loop
      vertex 13.8136 -16.8226 0.492661
      vertex 13.714 -16.7924 0.388573
      vertex 13.8401 -16.7168 0.492661
    endloop
  endfacet
  facet normal 0.620688 -0.461101 -0.634139
    outer loop
      vertex 13.6813 -17.2643 0.606451
      vertex 13.6741 -17.1175 0.492661
      vertex 13.7518 -17.1694 0.606451
    endloop
  endfacet
  facet normal 0.72826 -0.260954 -0.633672
    outer loop
      vertex 13.9029 -16.8497 0.606451
      vertex 13.7768 -16.9253 0.492661
      vertex 13.8136 -16.8226 0.492661
    endloop
  endfacet
  facet normal 0.797533 -0.377221 -0.470792
    outer loop
      vertex 13.9459 -17.1392 0.858666
      vertex 13.9387 -16.9924 0.728846
      vertex 14.0028 -17.0189 0.858666
    endloop
  endfacet
  facet normal 0.835239 -0.395055 -0.382502
    outer loop
      vertex 13.9956 -17.1658 0.994665
      vertex 13.9459 -17.1392 0.858666
      vertex 14.0028 -17.0189 0.858666
    endloop
  endfacet
  facet normal 0.76869 -0.569962 -0.290275
    outer loop
      vertex 13.8748 -17.4231 1.13553
      vertex 13.8417 -17.396 0.994665
      vertex 13.9243 -17.2846 0.994665
    endloop
  endfacet
  facet normal 0.709335 -0.642338 -0.290252
    outer loop
      vertex 13.8748 -17.4231 1.13553
      vertex 13.7487 -17.4987 0.994665
      vertex 13.8417 -17.396 0.994665
    endloop
  endfacet
  facet normal 0.671251 -0.74123 -0.000222072
    outer loop
      vertex 13.8107 -17.5607 9.695
      vertex 13.7016 -17.6595 9.695
      vertex 13.8094 -17.5594 1.4264
    endloop
  endfacet
  facet normal 0.593239 -0.799113 -0.0973968
    outer loop
      vertex 13.7004 -17.6581 1.4264
      vertex 13.5824 -17.7457 1.4264
      vertex 13.6913 -17.647 1.2799
    endloop
  endfacet
  facet normal 0.70912 -0.642766 -0.28983
    outer loop
      vertex 13.7789 -17.5289 1.13553
      vertex 13.7487 -17.4987 0.994665
      vertex 13.8748 -17.4231 1.13553
    endloop
  endfacet
  facet normal 0.726726 -0.658725 -0.19481
    outer loop
      vertex 13.7992 -17.5492 1.2799
      vertex 13.7789 -17.5289 1.13553
      vertex 13.8748 -17.4231 1.13553
    endloop
  endfacet
  facet normal 0.378273 -0.509931 -0.77258
    outer loop
      vertex 13.389 -17.2787 0.388573
      vertex 13.3096 -17.3376 0.388573
      vertex 13.3169 -17.1907 0.295188
    endloop
  endfacet
  facet normal 0.421526 -0.568237 -0.706699
    outer loop
      vertex 13.3675 -17.4241 0.492661
      vertex 13.3096 -17.3376 0.388573
      vertex 13.389 -17.2787 0.388573
    endloop
  endfacet
  facet normal 0.316712 -0.349755 -0.881683
    outer loop
      vertex 13.2392 -17.0961 0.213407
      vertex 13.2035 -16.9535 0.144015
      vertex 13.2953 -17.0453 0.213407
    endloop
  endfacet
  facet normal 0.524381 -0.475019 -0.70667
    outer loop
      vertex 13.5359 -17.2859 0.492661
      vertex 13.4623 -17.2123 0.388573
      vertex 13.5287 -17.139 0.388573
    endloop
  endfacet
  facet normal 0.213809 -0.597766 -0.772633
    outer loop
      vertex 13.0424 -17.464 0.388573
      vertex 13.0094 -17.3551 0.295188
      vertex 13.1355 -17.4307 0.388573
    endloop
  endfacet
  facet normal 0.214293 -0.597268 -0.772884
    outer loop
      vertex 13.1355 -17.4307 0.388573
      vertex 13.0094 -17.3551 0.295188
      vertex 13.0919 -17.3255 0.295188
    endloop
  endfacet
  facet normal -0.146844 -0.98916 -0.000218883
    outer loop
      vertex -12.897 -17.9928 9.695
      vertex -13.0423 -17.9694 1.4264
      vertex -12.8968 -17.991 1.4264
    endloop
  endfacet
  facet normal -0.146144 -0.984443 -0.0975416
    outer loop
      vertex -12.8968 -17.991 1.4264
      vertex -13.0423 -17.9694 1.4264
      vertex -13.0395 -17.9553 1.2799
    endloop
  endfacet
  facet normal 0.281056 -0.378896 -0.881729
    outer loop
      vertex 13.1784 -17.1412 0.213407
      vertex 13.1063 -17.0332 0.144015
      vertex 13.2392 -17.0961 0.213407
    endloop
  endfacet
  facet normal 0.0930727 -0.371682 -0.923683
    outer loop
      vertex 12.9362 -17.1137 0.144015
      vertex 12.8751 -17.129 0.144015
      vertex 12.8967 -16.9836 0.0876837
    endloop
  endfacet
  facet normal 0.331221 -0.446524 -0.831209
    outer loop
      vertex 13.3169 -17.1907 0.295188
      vertex 13.1784 -17.1412 0.213407
      vertex 13.2392 -17.0961 0.213407
    endloop
  endfacet
  facet normal 0.331234 -0.446501 -0.831216
    outer loop
      vertex 13.2464 -17.243 0.295188
      vertex 13.1784 -17.1412 0.213407
      vertex 13.3169 -17.1907 0.295188
    endloop
  endfacet
  facet normal 0.13498 -0.539187 -0.831299
    outer loop
      vertex 13.0094 -17.3551 0.295188
      vertex 12.9004 -17.2563 0.213407
      vertex 12.9739 -17.2379 0.213407
    endloop
  endfacet
  facet normal 0.134959 -0.539203 -0.831292
    outer loop
      vertex 12.9243 -17.3764 0.295188
      vertex 12.9004 -17.2563 0.213407
      vertex 13.0094 -17.3551 0.295188
    endloop
  endfacet
  facet normal 0.21412 -0.855817 -0.470883
    outer loop
      vertex 13.1436 -17.7976 0.858666
      vertex 13.0145 -17.8299 0.858666
      vertex 13.1235 -17.7312 0.728846
    endloop
  endfacet
  facet normal 0.297011 -0.830702 -0.470871
    outer loop
      vertex 13.1436 -17.7976 0.858666
      vertex 13.1235 -17.7312 0.728846
      vertex 13.2689 -17.7528 0.858666
    endloop
  endfacet
  facet normal 0.569801 -0.768896 -0.290044
    outer loop
      vertex 13.5584 -17.7098 1.13553
      vertex 13.5346 -17.6743 0.994665
      vertex 13.6731 -17.6248 1.13553
    endloop
  endfacet
  facet normal 0.583992 -0.788046 -0.194776
    outer loop
      vertex 13.5743 -17.7337 1.2799
      vertex 13.5584 -17.7098 1.13553
      vertex 13.6731 -17.6248 1.13553
    endloop
  endfacet
  facet normal 0.620099 -0.684776 -0.38283
    outer loop
      vertex 13.7487 -17.4987 0.994665
      vertex 13.646 -17.5917 0.994665
      vertex 13.7088 -17.4588 0.858666
    endloop
  endfacet
  facet normal 0.642338 -0.709335 -0.290252
    outer loop
      vertex 13.6731 -17.6248 1.13553
      vertex 13.646 -17.5917 0.994665
      vertex 13.7487 -17.4987 0.994665
    endloop
  endfacet
  facet normal 0.519493 -0.573143 -0.633746
    outer loop
      vertex 13.6019 -17.3519 0.606451
      vertex 13.5143 -17.4313 0.606451
      vertex 13.5359 -17.2859 0.492661
    endloop
  endfacet
  facet normal 0.558391 -0.616058 -0.555583
    outer loop
      vertex 13.6598 -17.4098 0.728846
      vertex 13.5143 -17.4313 0.606451
      vertex 13.6019 -17.3519 0.606451
    endloop
  endfacet
  facet normal -0.0422289 0.287481 -0.956855
    outer loop
      vertex -12.7857 16.8627 0.0449524
      vertex -12.8211 16.8575 0.0449524
      vertex -12.7995 17.0029 0.0876837
    endloop
  endfacet
  facet normal -0.0146318 0.290198 -0.956855
    outer loop
      vertex -12.7857 16.8627 0.0449524
      vertex -12.7995 17.0029 0.0876837
      vertex -12.75 16.8645 0.0449524
    endloop
  endfacet
  facet normal -0.0283871 0.193251 -0.980739
    outer loop
      vertex -12.7929 16.7159 0.0162344
      vertex -12.8211 16.8575 0.0449524
      vertex -12.7857 16.8627 0.0449524
    endloop
  endfacet
  facet normal -0.00993183 0.195025 -0.980748
    outer loop
      vertex -12.7716 16.719 0.0162344
      vertex -12.7857 16.8627 0.0449524
      vertex -12.75 16.7201 0.0162344
    endloop
  endfacet
  facet normal 0.095136 -0.0240105 -0.995175
    outer loop
      vertex 12.9606 -16.5639 0.0162344
      vertex 12.8204 -16.5214 0.00180626
      vertex 12.9659 -16.5429 0.0162344
    endloop
  endfacet
  facet normal 0.09801 -0.005445 -0.995171
    outer loop
      vertex 12.9701 -16.5 0.0162344
      vertex 12.8232 -16.5072 0.00180626
      vertex 12.8236 -16.5 0.00180626
    endloop
  endfacet
  facet normal -0.100445 0.16759 -0.980726
    outer loop
      vertex -12.8538 16.6941 0.0162344
      vertex -12.9525 16.803 0.0449524
      vertex -12.9218 16.8214 0.0449524
    endloop
  endfacet
  facet normal -0.233349 0.173111 -0.95686
    outer loop
      vertex -13.0317 16.7312 0.0449524
      vertex -13.1702 16.7807 0.0876837
      vertex -13.1406 16.8206 0.0876837
    endloop
  endfacet
  facet normal -0.149464 0.249107 -0.956873
    outer loop
      vertex -12.9218 16.8214 0.0449524
      vertex -13.0307 16.9202 0.0876837
      vertex -12.9882 16.9457 0.0876837
    endloop
  endfacet
  facet normal -0.173167 0.233328 -0.956855
    outer loop
      vertex -12.9812 16.7817 0.0449524
      vertex -13.0307 16.9202 0.0876837
      vertex -12.9525 16.803 0.0449524
    endloop
  endfacet
  facet normal -0.283578 0.257306 -0.923784
    outer loop
      vertex -13.1406 16.8206 0.0876837
      vertex -13.2458 16.9069 0.144015
      vertex -13.1073 16.8573 0.0876837
    endloop
  endfacet
  facet normal -0.379646 0.280608 -0.881549
    outer loop
      vertex -13.2832 16.8563 0.144015
      vertex -13.3461 16.9892 0.213407
      vertex -13.2458 16.9069 0.144015
    endloop
  endfacet
  facet normal 0.00499014 -0.0979881 -0.995175
    outer loop
      vertex 12.7716 -16.719 0.0162344
      vertex 12.75 -16.7201 0.0162344
      vertex 12.7572 -16.5732 0.00180626
    endloop
  endfacet
  facet normal 0.0141298 -0.0970855 -0.995176
    outer loop
      vertex 12.7716 -16.719 0.0162344
      vertex 12.7572 -16.5732 0.00180626
      vertex 12.7929 -16.7159 0.0162344
    endloop
  endfacet
  facet normal -0.242525 -0.404624 -0.881737
    outer loop
      vertex -13.1135 -17.1801 0.213407
      vertex -13.1784 -17.1412 0.213407
      vertex -13.1063 -17.0332 0.144015
    endloop
  endfacet
  facet normal -0.173167 -0.233328 -0.956855
    outer loop
      vertex -12.9525 -16.803 0.0449524
      vertex -13.0307 -16.9202 0.0876837
      vertex -12.9812 -16.7817 0.0449524
    endloop
  endfacet
  facet normal -0.257306 -0.283578 -0.923784
    outer loop
      vertex -13.0706 -16.8906 0.0876837
      vertex -13.1569 -16.9958 0.144015
      vertex -13.1073 -16.8573 0.0876837
    endloop
  endfacet
  facet normal -0.3827 -0.0188612 -0.92368
    outer loop
      vertex -13.3882 -16.5629 0.144015
      vertex -13.3913 -16.5 0.144015
      vertex -13.2529 -16.5495 0.0876837
    endloop
  endfacet
  facet normal -0.124369 -0.262556 -0.956868
    outer loop
      vertex -12.8895 -16.8367 0.0449524
      vertex -12.9434 -16.9669 0.0876837
      vertex -12.9218 -16.8214 0.0449524
    endloop
  endfacet
  facet normal 0.0665806 0.0720157 -0.995179
    outer loop
      vertex 12.802 16.552 0.00180626
      vertex 12.7967 16.5569 0.00180626
      vertex 12.9056 16.6556 0.0162344
    endloop
  endfacet
  facet normal 0.280608 -0.379646 -0.881549
    outer loop
      vertex 13.2392 -17.0961 0.213407
      vertex 13.1063 -17.0332 0.144015
      vertex 13.1569 -16.9958 0.144015
    endloop
  endfacet
  facet normal 0.317294 -0.349548 -0.881556
    outer loop
      vertex 13.2392 -17.0961 0.213407
      vertex 13.1569 -16.9958 0.144015
      vertex 13.2035 -16.9535 0.144015
    endloop
  endfacet
  facet normal 0.100516 -0.167527 -0.98073
    outer loop
      vertex 12.9525 -16.803 0.0449524
      vertex 12.8538 -16.6941 0.0162344
      vertex 12.8723 -16.683 0.0162344
    endloop
  endfacet
  facet normal 0.195094 -0.215416 -0.956835
    outer loop
      vertex 13.1073 -16.8573 0.0876837
      vertex 12.9812 -16.7817 0.0449524
      vertex 13.0077 -16.7577 0.0449524
    endloop
  endfacet
  facet normal 0.144757 -0.1311 -0.980744
    outer loop
      vertex 13.0077 -16.7577 0.0449524
      vertex 12.9056 -16.6556 0.0162344
      vertex 13.0317 -16.7312 0.0449524
    endloop
  endfacet
  facet normal 0.144723 -0.131155 -0.980741
    outer loop
      vertex 13.0317 -16.7312 0.0449524
      vertex 12.9056 -16.6556 0.0162344
      vertex 12.9201 -16.6396 0.0162344
    endloop
  endfacet
  facet normal 0.307729 -0.22829 -0.923681
    outer loop
      vertex 13.2832 -16.8563 0.144015
      vertex 13.1406 -16.8206 0.0876837
      vertex 13.1702 -16.7807 0.0876837
    endloop
  endfacet
  facet normal 0.233349 -0.173111 -0.95686
    outer loop
      vertex 13.1406 -16.8206 0.0876837
      vertex 13.0317 -16.7312 0.0449524
      vertex 13.1702 -16.7807 0.0876837
    endloop
  endfacet
  facet normal -0.492587 -0.820748 -0.289363
    outer loop
      vertex -13.4359 -17.7832 1.13553
      vertex -13.5346 -17.6743 0.994665
      vertex -13.4158 -17.7456 0.994665
    endloop
  endfacet
  facet normal -0.642338 -0.709335 -0.290252
    outer loop
      vertex -13.6731 -17.6248 1.13553
      vertex -13.7487 -17.4987 0.994665
      vertex -13.646 -17.5917 0.994665
    endloop
  endfacet
  facet normal -0.0433197 -0.881066 -0.471006
    outer loop
      vertex -12.75 -17.856 0.858666
      vertex -12.8761 -17.7804 0.728846
      vertex -12.75 -17.7866 0.728846
    endloop
  endfacet
  facet normal -0.214492 -0.855872 -0.470613
    outer loop
      vertex -13.0145 -17.8299 0.858666
      vertex -13.1235 -17.7312 0.728846
      vertex -13.001 -17.7619 0.728846
    endloop
  endfacet
  facet normal -0.0375922 -0.772414 -0.634006
    outer loop
      vertex -12.75 -17.7048 0.606451
      vertex -12.8589 -17.6061 0.492661
      vertex -12.75 -17.6114 0.492661
    endloop
  endfacet
  facet normal -0.188341 -0.750095 -0.633944
    outer loop
      vertex -12.985 -17.6817 0.606451
      vertex -13.0997 -17.6529 0.606451
      vertex -12.9668 -17.5901 0.492661
    endloop
  endfacet
  facet normal -0.322477 -0.901057 -0.290008
    outer loop
      vertex -13.1724 -17.8924 1.13553
      vertex -13.3068 -17.8443 1.13553
      vertex -13.16 -17.8515 0.994665
    endloop
  endfacet
  facet normal -0.322453 -0.901074 -0.289983
    outer loop
      vertex -13.16 -17.8515 0.994665
      vertex -13.3068 -17.8443 1.13553
      vertex -13.2905 -17.8048 0.994665
    endloop
  endfacet
  facet normal -0.224247 -0.896292 -0.382589
    outer loop
      vertex -13.0255 -17.8852 0.994665
      vertex -13.1436 -17.7976 0.858666
      vertex -13.0145 -17.8299 0.858666
    endloop
  endfacet
  facet normal -0.224581 -0.896324 -0.382319
    outer loop
      vertex -13.0255 -17.8852 0.994665
      vertex -13.16 -17.8515 0.994665
      vertex -13.1436 -17.7976 0.858666
    endloop
  endfacet
  facet normal -0.569801 -0.768896 -0.290044
    outer loop
      vertex -13.5584 -17.7098 1.13553
      vertex -13.6731 -17.6248 1.13553
      vertex -13.5346 -17.6743 0.994665
    endloop
  endfacet
  facet normal -0.569962 -0.76869 -0.290275
    outer loop
      vertex -13.5346 -17.6743 0.994665
      vertex -13.6731 -17.6248 1.13553
      vertex -13.646 -17.5917 0.994665
    endloop
  endfacet
  facet normal -0.395055 -0.835239 -0.382502
    outer loop
      vertex -13.2689 -17.7528 0.858666
      vertex -13.4158 -17.7456 0.994665
      vertex -13.3892 -17.6959 0.858666
    endloop
  endfacet
  facet normal -0.475467 -0.792223 -0.38251
    outer loop
      vertex -13.4158 -17.7456 0.994665
      vertex -13.5346 -17.6743 0.994665
      vertex -13.3892 -17.6959 0.858666
    endloop
  endfacet
  facet normal -0.965324 -0.242015 -0.0978698
    outer loop
      vertex -14.1837 -16.9349 1.4264
      vertex -14.2053 -16.7895 1.2799
      vertex -14.1699 -16.9307 1.2799
    endloop
  endfacet
  facet normal -0.951382 -0.238361 -0.195081
    outer loop
      vertex -14.1424 -16.9224 1.13553
      vertex -14.2053 -16.7895 1.2799
      vertex -14.1771 -16.7839 1.13553
    endloop
  endfacet
  facet normal -0.899772 -0.425272 -0.0977403
    outer loop
      vertex -14.0713 -17.2062 1.4264
      vertex -14.1208 -17.0678 1.2799
      vertex -14.0586 -17.1994 1.2799
    endloop
  endfacet
  facet normal -0.886797 -0.41914 -0.194713
    outer loop
      vertex -14.0586 -17.1994 1.2799
      vertex -14.1208 -17.0678 1.2799
      vertex -14.0943 -17.0568 1.13553
    endloop
  endfacet
  facet normal -0.799113 -0.593239 -0.0973968
    outer loop
      vertex -13.9081 -17.4504 1.4264
      vertex -13.9957 -17.3324 1.4264
      vertex -13.897 -17.4413 1.2799
    endloop
  endfacet
  facet normal -0.768896 -0.569801 -0.290044
    outer loop
      vertex -13.8748 -17.4231 1.13553
      vertex -13.9598 -17.3084 1.13553
      vertex -13.9243 -17.2846 0.994665
    endloop
  endfacet
  facet normal -0.742137 -0.550529 -0.382296
    outer loop
      vertex -13.8417 -17.396 0.994665
      vertex -13.8775 -17.2533 0.858666
      vertex -13.7982 -17.3602 0.858666
    endloop
  endfacet
  facet normal -0.684538 -0.620666 -0.382336
    outer loop
      vertex -13.7088 -17.4588 0.858666
      vertex -13.8417 -17.396 0.994665
      vertex -13.7982 -17.3602 0.858666
    endloop
  endfacet
  facet normal -0.830742 -0.0407985 -0.55516
    outer loop
      vertex -13.949 -16.6181 0.606451
      vertex -14.0304 -16.6261 0.728846
      vertex -13.9548 -16.5 0.606451
    endloop
  endfacet
  facet normal -0.72826 -0.260954 -0.633672
    outer loop
      vertex -13.7768 -16.9253 0.492661
      vertex -13.9029 -16.8497 0.606451
      vertex -13.8136 -16.8226 0.492661
    endloop
  endfacet
  facet normal -0.855872 -0.214492 -0.470613
    outer loop
      vertex -13.9812 -16.8735 0.728846
      vertex -14.0799 -16.7645 0.858666
      vertex -14.0119 -16.751 0.728846
    endloop
  endfacet
  facet normal -0.855817 -0.21412 -0.470883
    outer loop
      vertex -14.0476 -16.8936 0.858666
      vertex -14.0799 -16.7645 0.858666
      vertex -13.9812 -16.8735 0.728846
    endloop
  endfacet
  facet normal -0.822783 -0.121763 -0.555159
    outer loop
      vertex -13.9317 -16.735 0.606451
      vertex -14.0304 -16.6261 0.728846
      vertex -13.949 -16.6181 0.606451
    endloop
  endfacet
  facet normal -0.750417 -0.187959 -0.633676
    outer loop
      vertex -13.8136 -16.8226 0.492661
      vertex -13.9029 -16.8497 0.606451
      vertex -13.8401 -16.7168 0.492661
    endloop
  endfacet
  facet normal -0.772414 -0.0375922 -0.634006
    outer loop
      vertex -13.8561 -16.6089 0.492661
      vertex -13.9548 -16.5 0.606451
      vertex -13.8614 -16.5 0.492661
    endloop
  endfacet
  facet normal -0.70666 -0.0343921 -0.706717
    outer loop
      vertex -13.8561 -16.6089 0.492661
      vertex -13.8614 -16.5 0.492661
      vertex -13.7525 -16.5987 0.388573
    endloop
  endfacet
  facet normal -0.273629 -0.0978501 -0.956845
    outer loop
      vertex -13.2169 -16.6934 0.0876837
      vertex -13.2336 -16.6467 0.0876837
      vertex -13.0988 -16.6058 0.0449524
    endloop
  endfacet
  facet normal -0.283578 -0.257306 -0.923784
    outer loop
      vertex -13.1073 -16.8573 0.0876837
      vertex -13.2458 -16.9069 0.144015
      vertex -13.1406 -16.8206 0.0876837
    endloop
  endfacet
  facet normal -0.835239 -0.395055 -0.382502
    outer loop
      vertex -13.9956 -17.1658 0.994665
      vertex -14.0028 -17.0189 0.858666
      vertex -13.9459 -17.1392 0.858666
    endloop
  endfacet
  facet normal -0.830758 -0.296949 -0.470811
    outer loop
      vertex -13.9387 -16.9924 0.728846
      vertex -14.0028 -17.0189 0.858666
      vertex -13.9812 -16.8735 0.728846
    endloop
  endfacet
  facet normal -0.620666 -0.684538 -0.382336
    outer loop
      vertex -13.646 -17.5917 0.994665
      vertex -13.7088 -17.4588 0.858666
      vertex -13.6102 -17.5482 0.858666
    endloop
  endfacet
  facet normal -0.592721 -0.653717 -0.470463
    outer loop
      vertex -13.6102 -17.5482 0.858666
      vertex -13.7088 -17.4588 0.858666
      vertex -13.6598 -17.4098 0.728846
    endloop
  endfacet
  facet normal -0.616742 -0.558099 -0.555116
    outer loop
      vertex -13.6598 -17.4098 0.728846
      vertex -13.7445 -17.3162 0.728846
      vertex -13.6813 -17.2643 0.606451
    endloop
  endfacet
  facet normal -0.654031 -0.591842 -0.471133
    outer loop
      vertex -13.6598 -17.4098 0.728846
      vertex -13.7982 -17.3602 0.858666
      vertex -13.7445 -17.3162 0.728846
    endloop
  endfacet
  facet normal -0.573143 -0.519493 -0.633746
    outer loop
      vertex -13.6019 -17.3519 0.606451
      vertex -13.6813 -17.2643 0.606451
      vertex -13.5359 -17.2859 0.492661
    endloop
  endfacet
  facet normal -0.475031 -0.524351 -0.706684
    outer loop
      vertex -13.4551 -17.3591 0.492661
      vertex -13.5359 -17.2859 0.492661
      vertex -13.389 -17.2787 0.388573
    endloop
  endfacet
  facet normal -0.78317 -0.279804 -0.555297
    outer loop
      vertex -13.8631 -16.9611 0.606451
      vertex -13.9387 -16.9924 0.728846
      vertex -13.9029 -16.8497 0.606451
    endloop
  endfacet
  facet normal -0.666105 -0.238682 -0.706636
    outer loop
      vertex -13.7768 -16.9253 0.492661
      vertex -13.8136 -16.8226 0.492661
      vertex -13.714 -16.7924 0.388573
    endloop
  endfacet
  facet normal -0.023226 -0.471262 -0.881687
    outer loop
      vertex -12.75 -17.1413 0.144015
      vertex -12.8256 -17.2674 0.213407
      vertex -12.8129 -17.1382 0.144015
    endloop
  endfacet
  facet normal -0.331221 -0.446524 -0.831209
    outer loop
      vertex -13.1784 -17.1412 0.213407
      vertex -13.3169 -17.1907 0.295188
      vertex -13.2392 -17.0961 0.213407
    endloop
  endfacet
  facet normal -0.0930818 -0.627821 -0.772772
    outer loop
      vertex -12.8487 -17.5025 0.388573
      vertex -12.9465 -17.488 0.388573
      vertex -12.8376 -17.3892 0.295188
    endloop
  endfacet
  facet normal -0.103761 -0.699847 -0.706716
    outer loop
      vertex -12.8487 -17.5025 0.388573
      vertex -12.9668 -17.5901 0.492661
      vertex -12.9465 -17.488 0.388573
    endloop
  endfacet
  facet normal -0.524351 -0.475031 -0.706684
    outer loop
      vertex -13.5359 -17.2859 0.492661
      vertex -13.6091 -17.2051 0.492661
      vertex -13.5287 -17.139 0.388573
    endloop
  endfacet
  facet normal -0.316712 -0.349755 -0.881683
    outer loop
      vertex -13.2392 -17.0961 0.213407
      vertex -13.2953 -17.0453 0.213407
      vertex -13.2035 -16.9535 0.144015
    endloop
  endfacet
  facet normal -0.421526 -0.568237 -0.706699
    outer loop
      vertex -13.3675 -17.4241 0.492661
      vertex -13.389 -17.2787 0.388573
      vertex -13.3096 -17.3376 0.388573
    endloop
  endfacet
  facet normal -0.378273 -0.509931 -0.77258
    outer loop
      vertex -13.3096 -17.3376 0.388573
      vertex -13.389 -17.2787 0.388573
      vertex -13.3169 -17.1907 0.295188
    endloop
  endfacet
  facet normal -0.421624 -0.568219 -0.706654
    outer loop
      vertex -13.3675 -17.4241 0.492661
      vertex -13.4551 -17.3591 0.492661
      vertex -13.389 -17.2787 0.388573
    endloop
  endfacet
  facet normal -0.525871 -0.708145 -0.471158
    outer loop
      vertex -13.4648 -17.5698 0.728846
      vertex -13.6102 -17.5482 0.858666
      vertex -13.5662 -17.4945 0.728846
    endloop
  endfacet
  facet normal -0.606969 -0.363792 -0.706572
    outer loop
      vertex -13.6741 -17.1175 0.492661
      vertex -13.7302 -17.0239 0.492661
      vertex -13.6384 -16.9749 0.388573
    endloop
  endfacet
  facet normal -0.426278 -0.470575 -0.772558
    outer loop
      vertex -13.389 -17.2787 0.388573
      vertex -13.4623 -17.2123 0.388573
      vertex -13.3169 -17.1907 0.295188
    endloop
  endfacet
  facet normal -0.233349 -0.173111 -0.95686
    outer loop
      vertex -13.1406 -16.8206 0.0876837
      vertex -13.1702 -16.7807 0.0876837
      vertex -13.0317 -16.7312 0.0449524
    endloop
  endfacet
  facet normal -0.281056 -0.378896 -0.881729
    outer loop
      vertex -13.1784 -17.1412 0.213407
      vertex -13.2392 -17.0961 0.213407
      vertex -13.1063 -17.0332 0.144015
    endloop
  endfacet
  facet normal 0 -0.47118 -0.882037
    outer loop
      vertex -12.75 -17.2712 0.213407
      vertex 12.75 -17.1413 0.144015
      vertex 12.75 -17.2712 0.213407
    endloop
  endfacet
  facet normal -0 -0.47118 -0.882037
    outer loop
      vertex 12.75 -17.1413 0.144015
      vertex -12.75 -17.2712 0.213407
      vertex -12.75 -17.1413 0.144015
    endloop
  endfacet
  facet normal -0.023677 -0.471048 -0.88179
    outer loop
      vertex -12.75 -17.2712 0.213407
      vertex -12.8256 -17.2674 0.213407
      vertex -12.75 -17.1413 0.144015
    endloop
  endfacet
  facet normal -0.0279294 -0.555648 -0.830948
    outer loop
      vertex -12.75 -17.3935 0.295188
      vertex -12.8256 -17.2674 0.213407
      vertex -12.75 -17.2712 0.213407
    endloop
  endfacet
  facet normal -0.597268 -0.214293 -0.772884
    outer loop
      vertex -13.5755 -16.8419 0.295188
      vertex -13.6807 -16.8855 0.388573
      vertex -13.6051 -16.7594 0.295188
    endloop
  endfacet
  facet normal -0.477063 -0.285476 -0.831213
    outer loop
      vertex -13.493 -16.9964 0.295188
      vertex -13.538 -16.9212 0.295188
      vertex -13.3912 -16.9284 0.213407
    endloop
  endfacet
  facet normal -0.0706718 -0.281875 -0.956845
    outer loop
      vertex -12.8211 -16.8575 0.0449524
      vertex -12.8967 -16.9836 0.0876837
      vertex -12.8558 -16.8488 0.0449524
    endloop
  endfacet
  facet normal -0.0240105 -0.095136 -0.995175
    outer loop
      vertex -12.7929 -16.7159 0.0162344
      vertex -12.8139 -16.7106 0.0162344
      vertex -12.7714 -16.5704 0.00180626
    endloop
  endfacet
  facet normal -0.709335 0.642338 -0.290252
    outer loop
      vertex -13.8417 17.396 0.994665
      vertex -13.8748 17.4231 1.13553
      vertex -13.7487 17.4987 0.994665
    endloop
  endfacet
  facet normal -0.592721 0.653717 -0.470463
    outer loop
      vertex -13.6598 17.4098 0.728846
      vertex -13.7088 17.4588 0.858666
      vertex -13.6102 17.5482 0.858666
    endloop
  endfacet
  facet normal -0.591842 0.654031 -0.471133
    outer loop
      vertex -13.5662 17.4945 0.728846
      vertex -13.6598 17.4098 0.728846
      vertex -13.6102 17.5482 0.858666
    endloop
  endfacet
  facet normal -0.496067 0.667755 -0.554996
    outer loop
      vertex -13.4194 17.5018 0.606451
      vertex -13.5143 17.4313 0.606451
      vertex -13.4648 17.5698 0.728846
    endloop
  endfacet
  facet normal -0.653717 0.592721 -0.470463
    outer loop
      vertex -13.6598 17.4098 0.728846
      vertex -13.7982 17.3602 0.858666
      vertex -13.7088 17.4588 0.858666
    endloop
  endfacet
  facet normal -0.684538 0.620666 -0.382336
    outer loop
      vertex -13.7982 17.3602 0.858666
      vertex -13.8417 17.396 0.994665
      vertex -13.7088 17.4588 0.858666
    endloop
  endfacet
  facet normal -0.525871 0.708145 -0.471158
    outer loop
      vertex -13.5662 17.4945 0.728846
      vertex -13.6102 17.5482 0.858666
      vertex -13.4648 17.5698 0.728846
    endloop
  endfacet
  facet normal -0.495903 0.667789 -0.555101
    outer loop
      vertex -13.5143 17.4313 0.606451
      vertex -13.5662 17.4945 0.728846
      vertex -13.4648 17.5698 0.728846
    endloop
  endfacet
  facet normal 0.427238 0.904139 -0.000221457
    outer loop
      vertex 13.4562 17.8213 1.4264
      vertex 13.3233 17.8841 1.4264
      vertex 13.4571 17.8229 9.695
    endloop
  endfacet
  facet normal 0.409483 0.865209 -0.289373
    outer loop
      vertex 13.4158 17.7456 0.994665
      vertex 13.3068 17.8443 1.13553
      vertex 13.4359 17.7832 1.13553
    endloop
  endfacet
  facet normal 0.243175 0.969982 -0.000219979
    outer loop
      vertex 13.1854 17.9354 9.695
      vertex 13.0423 17.9694 1.4264
      vertex 13.0426 17.9712 9.695
    endloop
  endfacet
  facet normal 0.0489209 0.998803 -0.00021743
    outer loop
      vertex 12.897 17.9928 9.695
      vertex 12.75 17.9982 1.4264
      vertex 12.75 18 9.695
    endloop
  endfacet
  facet normal -0.140034 0.94674 -0.289956
    outer loop
      vertex -13.0255 17.8852 0.994665
      vertex -13.0339 17.9271 1.13553
      vertex -12.8926 17.948 1.13553
    endloop
  endfacet
  facet normal -0.0492213 0.993998 -0.0977035
    outer loop
      vertex -12.75 17.9838 1.2799
      vertex -12.8954 17.9766 1.2799
      vertex -12.75 17.9982 1.4264
    endloop
  endfacet
  facet normal -0.143418 0.970262 -0.194993
    outer loop
      vertex -12.8926 17.948 1.13553
      vertex -13.0395 17.9553 1.2799
      vertex -12.8954 17.9766 1.2799
    endloop
  endfacet
  facet normal -0.0485085 0.979603 -0.195002
    outer loop
      vertex -12.8926 17.948 1.13553
      vertex -12.8954 17.9766 1.2799
      vertex -12.75 17.9838 1.2799
    endloop
  endfacet
  facet normal 0.0343659 0.706648 -0.70673
    outer loop
      vertex 12.8487 17.5025 0.388573
      vertex 12.75 17.5073 0.388573
      vertex 12.75 17.6114 0.492661
    endloop
  endfacet
  facet normal 0.0343921 0.70666 -0.706717
    outer loop
      vertex 12.8487 17.5025 0.388573
      vertex 12.75 17.6114 0.492661
      vertex 12.8589 17.6061 0.492661
    endloop
  endfacet
  facet normal 0.457787 -0.114634 -0.881641
    outer loop
      vertex 13.4879 -16.7239 0.213407
      vertex 13.3637 -16.6862 0.144015
      vertex 13.379 -16.6251 0.144015
    endloop
  endfacet
  facet normal 0.639907 -0.302431 -0.706438
    outer loop
      vertex 13.7302 -17.0239 0.492661
      vertex 13.6807 -16.8855 0.388573
      vertex 13.7768 -16.9253 0.492661
    endloop
  endfacet
  facet normal 0.378896 -0.281056 -0.881729
    outer loop
      vertex 13.3461 -16.9892 0.213407
      vertex 13.2832 -16.8563 0.144015
      vertex 13.3912 -16.9284 0.213407
    endloop
  endfacet
  facet normal 0.328567 -0.19714 -0.923677
    outer loop
      vertex 13.2832 -16.8563 0.144015
      vertex 13.1957 -16.7382 0.0876837
      vertex 13.3156 -16.8023 0.144015
    endloop
  endfacet
  facet normal 0.568219 -0.421624 -0.706654
    outer loop
      vertex 13.6091 -17.2051 0.492661
      vertex 13.5287 -17.139 0.388573
      vertex 13.6741 -17.1175 0.492661
    endloop
  endfacet
  facet normal 0.568237 -0.421526 -0.706699
    outer loop
      vertex 13.6741 -17.1175 0.492661
      vertex 13.5287 -17.139 0.388573
      vertex 13.5876 -17.0596 0.388573
    endloop
  endfacet
  facet normal 0.728171 -0.260154 -0.634104
    outer loop
      vertex 13.8631 -16.9611 0.606451
      vertex 13.7768 -16.9253 0.492661
      vertex 13.9029 -16.8497 0.606451
    endloop
  endfacet
  facet normal 0.606771 -0.363919 -0.706677
    outer loop
      vertex 13.6741 -17.1175 0.492661
      vertex 13.5876 -17.0596 0.388573
      vertex 13.6384 -16.9749 0.388573
    endloop
  endfacet
  facet normal 0.539187 -0.13498 -0.831299
    outer loop
      vertex 13.6051 -16.7594 0.295188
      vertex 13.4879 -16.7239 0.213407
      vertex 13.5063 -16.6504 0.213407
    endloop
  endfacet
  facet normal 0.346394 -0.163918 -0.923657
    outer loop
      vertex 13.3425 -16.7454 0.144015
      vertex 13.1957 -16.7382 0.0876837
      vertex 13.2169 -16.6934 0.0876837
    endloop
  endfacet
  facet normal 0.360837 -0.129036 -0.923659
    outer loop
      vertex 13.3425 -16.7454 0.144015
      vertex 13.2169 -16.6934 0.0876837
      vertex 13.2336 -16.6467 0.0876837
    endloop
  endfacet
  facet normal 0.360721 -0.129177 -0.923685
    outer loop
      vertex 13.3425 -16.7454 0.144015
      vertex 13.2336 -16.6467 0.0876837
      vertex 13.3637 -16.6862 0.144015
    endloop
  endfacet
  facet normal 0.0326528 -0.0925163 -0.995176
    outer loop
      vertex 12.8139 -16.7106 0.0162344
      vertex 12.7714 -16.5704 0.00180626
      vertex 12.7782 -16.568 0.00180626
    endloop
  endfacet
  facet normal 0.088548 -0.0422306 -0.995176
    outer loop
      vertex 12.9441 -16.6038 0.0162344
      vertex 12.8149 -16.5347 0.00180626
      vertex 12.818 -16.5282 0.00180626
    endloop
  endfacet
  facet normal 0.0665806 -0.0720157 -0.995179
    outer loop
      vertex 12.9056 -16.6556 0.0162344
      vertex 12.7967 -16.5569 0.00180626
      vertex 12.802 -16.552 0.00180626
    endloop
  endfacet
  facet normal 0.0659218 -0.0727413 -0.99517
    outer loop
      vertex 12.8896 -16.6701 0.0162344
      vertex 12.7967 -16.5569 0.00180626
      vertex 12.9056 -16.6556 0.0162344
    endloop
  endfacet
  facet normal 0.0979881 -0.00499014 -0.995175
    outer loop
      vertex 12.969 -16.5216 0.0162344
      vertex 12.8232 -16.5072 0.00180626
      vertex 12.9701 -16.5 0.0162344
    endloop
  endfacet
  facet normal -0.0586673 0.0786779 -0.995172
    outer loop
      vertex -12.7909 16.5612 0.00180626
      vertex -12.8896 16.6701 0.0162344
      vertex -12.8723 16.683 0.0162344
    endloop
  endfacet
  facet normal -0.0727413 -0.0659218 -0.99517
    outer loop
      vertex -12.9056 -16.6556 0.0162344
      vertex -12.9201 -16.6396 0.0162344
      vertex -12.8069 -16.5467 0.00180626
    endloop
  endfacet
  facet normal 0.09801 0.005445 -0.995171
    outer loop
      vertex 12.8236 16.5 0.00180626
      vertex 12.8232 16.5072 0.00180626
      vertex 12.9701 16.5 0.0162344
    endloop
  endfacet
  facet normal 0.100445 0.16759 -0.980726
    outer loop
      vertex 12.9525 16.803 0.0449524
      vertex 12.8538 16.6941 0.0162344
      vertex 12.9218 16.8214 0.0449524
    endloop
  endfacet
  facet normal 0.131155 0.144723 -0.980741
    outer loop
      vertex 12.9056 16.6556 0.0162344
      vertex 12.8896 16.6701 0.0162344
      vertex 12.9812 16.7817 0.0449524
    endloop
  endfacet
  facet normal 0.0720157 0.0665806 -0.995179
    outer loop
      vertex 12.8069 16.5467 0.00180626
      vertex 12.802 16.552 0.00180626
      vertex 12.9056 16.6556 0.0162344
    endloop
  endfacet
  facet normal 0.0979881 0.00499014 -0.995175
    outer loop
      vertex 12.9701 16.5 0.0162344
      vertex 12.8232 16.5072 0.00180626
      vertex 12.969 16.5216 0.0162344
    endloop
  endfacet
  facet normal -0.005445 -0.09801 -0.995171
    outer loop
      vertex -12.75 -16.7201 0.0162344
      vertex -12.7572 -16.5732 0.00180626
      vertex -12.75 -16.5736 0.00180626
    endloop
  endfacet
  facet normal 0.183779 0.065986 -0.98075
    outer loop
      vertex 13.0988 16.6058 0.0449524
      vertex 12.9533 16.5842 0.0162344
      vertex 13.0867 16.6395 0.0449524
    endloop
  endfacet
  facet normal -0.00499014 -0.0979881 -0.995175
    outer loop
      vertex -12.75 -16.7201 0.0162344
      vertex -12.7716 -16.719 0.0162344
      vertex -12.7572 -16.5732 0.00180626
    endloop
  endfacet
  facet normal 0.124369 0.262556 -0.956868
    outer loop
      vertex 12.9218 16.8214 0.0449524
      vertex 12.8895 16.8367 0.0449524
      vertex 12.9434 16.9669 0.0876837
    endloop
  endfacet
  facet normal 0.100516 0.167527 -0.98073
    outer loop
      vertex 12.8723 16.683 0.0162344
      vertex 12.8538 16.6941 0.0162344
      vertex 12.9525 16.803 0.0449524
    endloop
  endfacet
  facet normal -0.0281241 -0.19324 -0.980748
    outer loop
      vertex -12.7857 -16.8627 0.0449524
      vertex -12.7929 -16.7159 0.0162344
      vertex -12.7716 -16.719 0.0162344
    endloop
  endfacet
  facet normal -0.0584655 -0.0788604 -0.99517
    outer loop
      vertex -12.7909 -16.5612 0.00180626
      vertex -12.8896 -16.6701 0.0162344
      vertex -12.7967 -16.5569 0.00180626
    endloop
  endfacet
  facet normal 0.195244 0.215179 -0.956858
    outer loop
      vertex 13.1073 16.8573 0.0876837
      vertex 12.9812 16.7817 0.0449524
      vertex 13.0706 16.8906 0.0876837
    endloop
  endfacet
  facet normal 0.195094 0.215416 -0.956835
    outer loop
      vertex 13.0077 16.7577 0.0449524
      vertex 12.9812 16.7817 0.0449524
      vertex 13.1073 16.8573 0.0876837
    endloop
  endfacet
  facet normal 0.0502755 0.0842454 -0.995176
    outer loop
      vertex 12.7909 16.5612 0.00180626
      vertex 12.7847 16.5649 0.00180626
      vertex 12.8538 16.6941 0.0162344
    endloop
  endfacet
  facet normal 0.144757 0.1311 -0.980744
    outer loop
      vertex 13.0317 16.7312 0.0449524
      vertex 12.9056 16.6556 0.0162344
      vertex 13.0077 16.7577 0.0449524
    endloop
  endfacet
  facet normal 0.0281241 0.19324 -0.980748
    outer loop
      vertex 12.7929 16.7159 0.0162344
      vertex 12.7716 16.719 0.0162344
      vertex 12.7857 16.8627 0.0449524
    endloop
  endfacet
  facet normal -0.097241 0.0135057 -0.995169
    outer loop
      vertex -12.8232 16.5072 0.00180626
      vertex -12.9659 16.5429 0.0162344
      vertex -12.8222 16.5144 0.00180626
    endloop
  endfacet
  facet normal 0.167527 0.100516 -0.98073
    outer loop
      vertex 12.9441 16.6038 0.0162344
      vertex 12.933 16.6223 0.0162344
      vertex 13.053 16.7025 0.0449524
    endloop
  endfacet
  facet normal 0.0842454 0.0502755 -0.995176
    outer loop
      vertex 12.8149 16.5347 0.00180626
      vertex 12.8112 16.5409 0.00180626
      vertex 12.9441 16.6038 0.0162344
    endloop
  endfacet
  facet normal 0.29041 0 -0.956902
    outer loop
      vertex 13.1145 -16.5 0.0449524
      vertex 13.2553 16.5 0.0876837
      vertex 13.2553 -16.5 0.0876837
    endloop
  endfacet
  facet normal 0.29041 0 -0.956902
    outer loop
      vertex 13.2553 16.5 0.0876837
      vertex 13.1145 -16.5 0.0449524
      vertex 13.1145 16.5 0.0449524
    endloop
  endfacet
  facet normal 0.290381 0.0140791 -0.956808
    outer loop
      vertex 13.2553 16.5 0.0876837
      vertex 13.1145 16.5 0.0449524
      vertex 13.2529 16.5495 0.0876837
    endloop
  endfacet
  facet normal 0.37902 0.0560608 -0.923689
    outer loop
      vertex 13.3882 16.5629 0.144015
      vertex 13.2529 16.5495 0.0876837
      vertex 13.379 16.6251 0.144015
    endloop
  endfacet
  facet normal 0.466758 0.0690382 -0.881686
    outer loop
      vertex 13.3882 16.5629 0.144015
      vertex 13.379 16.6251 0.144015
      vertex 13.5174 16.5756 0.213407
    endloop
  endfacet
  facet normal 0.285476 0.477063 -0.831213
    outer loop
      vertex 13.1784 17.1412 0.213407
      vertex 13.1712 17.288 0.295188
      vertex 13.2464 17.243 0.295188
    endloop
  endfacet
  facet normal 0.32603 0.544833 -0.772568
    outer loop
      vertex 13.2464 17.243 0.295188
      vertex 13.1712 17.288 0.295188
      vertex 13.3096 17.3376 0.388573
    endloop
  endfacet
  facet normal 0.302645 0.639633 -0.706594
    outer loop
      vertex 13.2249 17.3884 0.388573
      vertex 13.1355 17.4307 0.388573
      vertex 13.2739 17.4802 0.492661
    endloop
  endfacet
  facet normal 0.330556 0.699416 -0.63368
    outer loop
      vertex 13.2739 17.4802 0.492661
      vertex 13.1753 17.5268 0.492661
      vertex 13.3179 17.5625 0.606451
    endloop
  endfacet
  facet normal 0.421526 0.568237 -0.706699
    outer loop
      vertex 13.389 17.2787 0.388573
      vertex 13.3096 17.3376 0.388573
      vertex 13.3675 17.4241 0.492661
    endloop
  endfacet
  facet normal 0.460878 0.621121 -0.633877
    outer loop
      vertex 13.4551 17.3591 0.492661
      vertex 13.3675 17.4241 0.492661
      vertex 13.5143 17.4313 0.606451
    endloop
  endfacet
  facet normal 0.238074 0.502601 -0.831092
    outer loop
      vertex 13.1135 17.1801 0.213407
      vertex 13.0451 17.2125 0.213407
      vertex 13.1712 17.288 0.295188
    endloop
  endfacet
  facet normal 0.285915 0.477015 -0.831089
    outer loop
      vertex 13.1784 17.1412 0.213407
      vertex 13.1135 17.1801 0.213407
      vertex 13.1712 17.288 0.295188
    endloop
  endfacet
  facet normal 0.186756 0.523506 -0.831302
    outer loop
      vertex 13.0451 17.2125 0.213407
      vertex 12.9739 17.2379 0.213407
      vertex 13.0094 17.3551 0.295188
    endloop
  endfacet
  facet normal 0.158485 0.444258 -0.881769
    outer loop
      vertex 12.9954 17.0925 0.144015
      vertex 12.9739 17.2379 0.213407
      vertex 13.0451 17.2125 0.213407
    endloop
  endfacet
  facet normal 0 0.555865 -0.831273
    outer loop
      vertex -12.75 17.2712 0.213407
      vertex 12.75 17.3935 0.295188
      vertex 12.75 17.2712 0.213407
    endloop
  endfacet
  facet normal 0 0.555865 -0.831273
    outer loop
      vertex 12.75 17.3935 0.295188
      vertex -12.75 17.2712 0.213407
      vertex -12.75 17.3935 0.295188
    endloop
  endfacet
  facet normal 0.280608 0.379646 -0.881549
    outer loop
      vertex 13.1569 16.9958 0.144015
      vertex 13.1063 17.0332 0.144015
      vertex 13.2392 17.0961 0.213407
    endloop
  endfacet
  facet normal 0.281056 0.378896 -0.881729
    outer loop
      vertex 13.2392 17.0961 0.213407
      vertex 13.1063 17.0332 0.144015
      vertex 13.1784 17.1412 0.213407
    endloop
  endfacet
  facet normal 0.42652 0.469969 -0.772794
    outer loop
      vertex 13.3818 17.1318 0.295188
      vertex 13.3169 17.1907 0.295188
      vertex 13.4623 17.2123 0.388573
    endloop
  endfacet
  facet normal 0.421624 0.568219 -0.706654
    outer loop
      vertex 13.389 17.2787 0.388573
      vertex 13.3675 17.4241 0.492661
      vertex 13.4551 17.3591 0.492661
    endloop
  endfacet
  facet normal 0.78317 0.279804 -0.555297
    outer loop
      vertex 13.9029 16.8497 0.606451
      vertex 13.8631 16.9611 0.606451
      vertex 13.9387 16.9924 0.728846
    endloop
  endfacet
  facet normal 0.639633 0.302645 -0.706594
    outer loop
      vertex 13.6807 16.8855 0.388573
      vertex 13.6384 16.9749 0.388573
      vertex 13.7302 17.0239 0.492661
    endloop
  endfacet
  facet normal 0.00983438 0.195049 -0.980744
    outer loop
      vertex 12.7857 16.8627 0.0449524
      vertex 12.75 16.7201 0.0162344
      vertex 12.75 16.8645 0.0449524
    endloop
  endfacet
  facet normal 0.0146318 0.290198 -0.956855
    outer loop
      vertex 12.7857 16.8627 0.0449524
      vertex 12.75 16.8645 0.0449524
      vertex 12.7995 17.0029 0.0876837
    endloop
  endfacet
  facet normal 0.317294 0.349548 -0.881556
    outer loop
      vertex 13.2035 16.9535 0.144015
      vertex 13.1569 16.9958 0.144015
      vertex 13.2392 17.0961 0.213407
    endloop
  endfacet
  facet normal 0.257382 0.283546 -0.923773
    outer loop
      vertex 13.2035 16.9535 0.144015
      vertex 13.1073 16.8573 0.0876837
      vertex 13.1569 16.9958 0.144015
    endloop
  endfacet
  facet normal 0.124254 0.262575 -0.956878
    outer loop
      vertex 12.9882 16.9457 0.0876837
      vertex 12.9218 16.8214 0.0449524
      vertex 12.9434 16.9669 0.0876837
    endloop
  endfacet
  facet normal 0.163918 0.346394 -0.923657
    outer loop
      vertex 12.9882 16.9457 0.0876837
      vertex 12.9434 16.9669 0.0876837
      vertex 12.9954 17.0925 0.144015
    endloop
  endfacet
  facet normal 0.092719 0.371649 -0.923732
    outer loop
      vertex 12.8967 16.9836 0.0876837
      vertex 12.8486 16.9956 0.0876837
      vertex 12.8751 17.129 0.144015
    endloop
  endfacet
  facet normal 0.129177 0.360721 -0.923685
    outer loop
      vertex 12.9954 17.0925 0.144015
      vertex 12.8967 16.9836 0.0876837
      vertex 12.9362 17.1137 0.144015
    endloop
  endfacet
  facet normal 0.279904 0.783072 -0.555384
    outer loop
      vertex 13.2424 17.6887 0.728846
      vertex 13.0997 17.6529 0.606451
      vertex 13.1235 17.7312 0.728846
    endloop
  endfacet
  facet normal 0.296949 0.830758 -0.470811
    outer loop
      vertex 13.2424 17.6887 0.728846
      vertex 13.1235 17.7312 0.728846
      vertex 13.2689 17.7528 0.858666
    endloop
  endfacet
  facet normal 0.475148 0.792608 -0.382107
    outer loop
      vertex 13.5033 17.6275 0.858666
      vertex 13.3892 17.6959 0.858666
      vertex 13.5346 17.6743 0.994665
    endloop
  endfacet
  facet normal 0.475467 0.792223 -0.38251
    outer loop
      vertex 13.5346 17.6743 0.994665
      vertex 13.3892 17.6959 0.858666
      vertex 13.4158 17.7456 0.994665
    endloop
  endfacet
  facet normal 0.37737 0.797369 -0.470952
    outer loop
      vertex 13.3565 17.6347 0.728846
      vertex 13.2424 17.6887 0.728846
      vertex 13.3892 17.6959 0.858666
    endloop
  endfacet
  facet normal 0.453458 0.756695 -0.470943
    outer loop
      vertex 13.4648 17.5698 0.728846
      vertex 13.3565 17.6347 0.728846
      vertex 13.3892 17.6959 0.858666
    endloop
  endfacet
  facet normal 0.023226 0.471262 -0.881687
    outer loop
      vertex 12.8129 17.1382 0.144015
      vertex 12.75 17.1413 0.144015
      vertex 12.8256 17.2674 0.213407
    endloop
  endfacet
  facet normal 0.023677 0.471048 -0.88179
    outer loop
      vertex 12.8256 17.2674 0.213407
      vertex 12.75 17.1413 0.144015
      vertex 12.75 17.2712 0.213407
    endloop
  endfacet
  facet normal 0.0815911 0.549821 -0.831288
    outer loop
      vertex 12.9004 17.2563 0.213407
      vertex 12.8256 17.2674 0.213407
      vertex 12.9243 17.3764 0.295188
    endloop
  endfacet
  facet normal 0.08121 0.550071 -0.83116
    outer loop
      vertex 12.9243 17.3764 0.295188
      vertex 12.8256 17.2674 0.213407
      vertex 12.8376 17.3892 0.295188
    endloop
  endfacet
  facet normal 0.121874 0.822816 -0.555086
    outer loop
      vertex 12.985 17.6817 0.606451
      vertex 12.8761 17.7804 0.728846
      vertex 13.001 17.7619 0.728846
    endloop
  endfacet
  facet normal 0.202564 0.806741 -0.555101
    outer loop
      vertex 13.0997 17.6529 0.606451
      vertex 12.985 17.6817 0.606451
      vertex 13.001 17.7619 0.728846
    endloop
  endfacet
  facet normal 0.311089 0.870077 -0.382348
    outer loop
      vertex 13.2689 17.7528 0.858666
      vertex 13.1436 17.7976 0.858666
      vertex 13.16 17.8515 0.994665
    endloop
  endfacet
  facet normal 0.21412 0.855817 -0.470883
    outer loop
      vertex 13.1235 17.7312 0.728846
      vertex 13.0145 17.8299 0.858666
      vertex 13.1436 17.7976 0.858666
    endloop
  endfacet
  facet normal 0.322477 0.901057 -0.290008
    outer loop
      vertex 13.3068 17.8443 1.13553
      vertex 13.16 17.8515 0.994665
      vertex 13.1724 17.8924 1.13553
    endloop
  endfacet
  facet normal 0.0453501 0.923007 -0.382101
    outer loop
      vertex 12.8884 17.9055 0.994665
      vertex 12.75 17.856 0.858666
      vertex 12.75 17.9123 0.994665
    endloop
  endfacet
  facet normal 0.653717 0.592721 -0.470463
    outer loop
      vertex 13.7982 17.3602 0.858666
      vertex 13.6598 17.4098 0.728846
      vertex 13.7088 17.4588 0.858666
    endloop
  endfacet
  facet normal 0.592721 0.653717 -0.470463
    outer loop
      vertex 13.6598 17.4098 0.728846
      vertex 13.6102 17.5482 0.858666
      vertex 13.7088 17.4588 0.858666
    endloop
  endfacet
  facet normal 0.616058 0.558391 -0.555583
    outer loop
      vertex 13.6813 17.2643 0.606451
      vertex 13.6019 17.3519 0.606451
      vertex 13.6598 17.4098 0.728846
    endloop
  endfacet
  facet normal 0.616742 0.558099 -0.555116
    outer loop
      vertex 13.6813 17.2643 0.606451
      vertex 13.6598 17.4098 0.728846
      vertex 13.7445 17.3162 0.728846
    endloop
  endfacet
  facet normal 0.33737 0.941372 -0.000213944
    outer loop
      vertex 13.3233 17.8841 1.4264
      vertex 13.1849 17.9337 1.4264
      vertex 13.1854 17.9354 9.695
    endloop
  endfacet
  facet normal 0.425196 0.899818 -0.0976529
    outer loop
      vertex 13.4562 17.8213 1.4264
      vertex 13.3178 17.8708 1.2799
      vertex 13.3233 17.8841 1.4264
    endloop
  endfacet
  facet normal 0.726726 0.658725 -0.19481
    outer loop
      vertex 13.8748 17.4231 1.13553
      vertex 13.7789 17.5289 1.13553
      vertex 13.7992 17.5492 1.2799
    endloop
  endfacet
  facet normal 0.658725 0.726726 -0.19481
    outer loop
      vertex 13.7789 17.5289 1.13553
      vertex 13.6731 17.6248 1.13553
      vertex 13.7992 17.5492 1.2799
    endloop
  endfacet
  facet normal 0.668386 0.737411 -0.0973896
    outer loop
      vertex 13.7992 17.5492 1.2799
      vertex 13.6913 17.647 1.2799
      vertex 13.7004 17.6581 1.4264
    endloop
  endfacet
  facet normal 0.658714 0.726741 -0.194793
    outer loop
      vertex 13.7992 17.5492 1.2799
      vertex 13.6731 17.6248 1.13553
      vertex 13.6913 17.647 1.2799
    endloop
  endfacet
  facet normal 0.98916 0.146844 -0.000218883
    outer loop
      vertex 14.241 16.6468 1.4264
      vertex 14.2194 16.7923 1.4264
      vertex 14.2428 16.647 9.695
    endloop
  endfacet
  facet normal 0.969982 0.243175 0
    outer loop
      vertex 14.2212 16.7926 9.705
      vertex 14.1854 16.9354 9.695
      vertex 14.1854 16.9354 9.705
    endloop
  endfacet
  facet normal 0.969982 0.243175 0
    outer loop
      vertex 14.1854 16.9354 9.695
      vertex 14.2212 16.7926 9.705
      vertex 14.2212 16.7926 9.695
    endloop
  endfacet
  facet normal 0.989174 0.146746 -0.000220659
    outer loop
      vertex 14.2428 16.647 9.695
      vertex 14.2194 16.7923 1.4264
      vertex 14.2212 16.7926 9.695
    endloop
  endfacet
  facet normal 0.970062 0.242856 -0.000214127
    outer loop
      vertex 14.2194 16.7923 1.4264
      vertex 14.1837 16.9349 1.4264
      vertex 14.1854 16.9354 9.695
    endloop
  endfacet
  facet normal 0.980677 0 -0.195633
    outer loop
      vertex 14.2338 -16.5 1.2799
      vertex 14.205 16.5 1.13553
      vertex 14.2338 16.5 1.2799
    endloop
  endfacet
  facet normal 0.980677 0 -0.195633
    outer loop
      vertex 14.205 16.5 1.13553
      vertex 14.2338 -16.5 1.2799
      vertex 14.205 -16.5 1.13553
    endloop
  endfacet
  facet normal 0.901074 0.322453 -0.289983
    outer loop
      vertex 14.1015 16.91 0.994665
      vertex 14.0548 17.0405 0.994665
      vertex 14.0943 17.0568 1.13553
    endloop
  endfacet
  facet normal 0.886797 0.41914 -0.194713
    outer loop
      vertex 14.0943 17.0568 1.13553
      vertex 14.0586 17.1994 1.2799
      vertex 14.1208 17.0678 1.2799
    endloop
  endfacet
  facet normal 0.955933 0.0469252 -0.289811
    outer loop
      vertex 14.205 16.5 1.13553
      vertex 14.1555 16.6384 0.994665
      vertex 14.198 16.6426 1.13553
    endloop
  endfacet
  facet normal 0.8727 -0.129977 -0.470639
    outer loop
      vertex 14.0799 -16.7645 0.858666
      vertex 14.0119 -16.751 0.728846
      vertex 14.0995 -16.6329 0.858666
    endloop
  endfacet
  facet normal 0.855872 -0.214492 -0.470613
    outer loop
      vertex 14.0799 -16.7645 0.858666
      vertex 13.9812 -16.8735 0.728846
      vertex 14.0119 -16.751 0.728846
    endloop
  endfacet
  facet normal 0.872514 -0.129235 -0.471187
    outer loop
      vertex 14.0995 -16.6329 0.858666
      vertex 14.0119 -16.751 0.728846
      vertex 14.0304 -16.6261 0.728846
    endloop
  endfacet
  facet normal 0.772414 -0.0375922 -0.634006
    outer loop
      vertex 13.9548 -16.5 0.606451
      vertex 13.8561 -16.6089 0.492661
      vertex 13.8614 -16.5 0.492661
    endloop
  endfacet
  facet normal 0.597766 -0.213809 -0.772633
    outer loop
      vertex 13.6807 -16.8855 0.388573
      vertex 13.6051 -16.7594 0.295188
      vertex 13.714 -16.7924 0.388573
    endloop
  endfacet
  facet normal 0.61586 -0.154146 -0.772629
    outer loop
      vertex 13.738 -16.6965 0.388573
      vertex 13.6051 -16.7594 0.295188
      vertex 13.6264 -16.6743 0.295188
    endloop
  endfacet
  facet normal 0.404591 0.242754 -0.88169
    outer loop
      vertex 13.3156 16.8023 0.144015
      vertex 13.2832 16.8563 0.144015
      vertex 13.4301 16.8635 0.213407
    endloop
  endfacet
  facet normal 0.446524 0.331221 -0.831209
    outer loop
      vertex 13.3912 16.9284 0.213407
      vertex 13.3461 16.9892 0.213407
      vertex 13.4407 17.0669 0.295188
    endloop
  endfacet
  facet normal 0.573648 0.271271 -0.772878
    outer loop
      vertex 13.5755 16.8419 0.295188
      vertex 13.538 16.9212 0.295188
      vertex 13.6807 16.8855 0.388573
    endloop
  endfacet
  facet normal 0.597268 0.214293 -0.772884
    outer loop
      vertex 13.6051 16.7594 0.295188
      vertex 13.5755 16.8419 0.295188
      vertex 13.6807 16.8855 0.388573
    endloop
  endfacet
  facet normal 0.70666 -0.0343921 -0.706717
    outer loop
      vertex 13.8561 -16.6089 0.492661
      vertex 13.7525 -16.5987 0.388573
      vertex 13.8614 -16.5 0.492661
    endloop
  endfacet
  facet normal 0.628066 -0.0927249 -0.772616
    outer loop
      vertex 13.738 -16.6965 0.388573
      vertex 13.6264 -16.6743 0.295188
      vertex 13.6392 -16.5876 0.295188
    endloop
  endfacet
  facet normal 0.765037 0.113218 -0.633956
    outer loop
      vertex 13.949 16.6181 0.606451
      vertex 13.8401 16.7168 0.492661
      vertex 13.9317 16.735 0.606451
    endloop
  endfacet
  facet normal 0.765112 0.113455 -0.633823
    outer loop
      vertex 13.8561 16.6089 0.492661
      vertex 13.8401 16.7168 0.492661
      vertex 13.949 16.6181 0.606451
    endloop
  endfacet
  facet normal 0.686329 0.171761 -0.706718
    outer loop
      vertex 13.738 16.6965 0.388573
      vertex 13.714 16.7924 0.388573
      vertex 13.8401 16.7168 0.492661
    endloop
  endfacet
  facet normal 0.615855 0.154124 -0.772637
    outer loop
      vertex 13.738 16.6965 0.388573
      vertex 13.6051 16.7594 0.295188
      vertex 13.714 16.7924 0.388573
    endloop
  endfacet
  facet normal 0.699847 0.103761 -0.706716
    outer loop
      vertex 13.7525 16.5987 0.388573
      vertex 13.738 16.6965 0.388573
      vertex 13.8401 16.7168 0.492661
    endloop
  endfacet
  facet normal 0.699836 0.103776 -0.706725
    outer loop
      vertex 13.8561 16.6089 0.492661
      vertex 13.7525 16.5987 0.388573
      vertex 13.8401 16.7168 0.492661
    endloop
  endfacet
  facet normal 0.756695 0.453458 -0.470943
    outer loop
      vertex 13.8847 17.1065 0.728846
      vertex 13.8198 17.2148 0.728846
      vertex 13.9459 17.1392 0.858666
    endloop
  endfacet
  facet normal 0.797369 0.37737 -0.470952
    outer loop
      vertex 13.9387 16.9924 0.728846
      vertex 13.8847 17.1065 0.728846
      vertex 13.9459 17.1392 0.858666
    endloop
  endfacet
  facet normal 0.768896 0.569801 -0.290044
    outer loop
      vertex 13.9243 17.2846 0.994665
      vertex 13.8748 17.4231 1.13553
      vertex 13.9598 17.3084 1.13553
    endloop
  endfacet
  facet normal 0.82094 0.491894 -0.289997
    outer loop
      vertex 14.0332 17.1859 1.13553
      vertex 13.9243 17.2846 0.994665
      vertex 13.9598 17.3084 1.13553
    endloop
  endfacet
  facet normal 0.896324 0.224581 -0.382319
    outer loop
      vertex 14.1352 16.7755 0.994665
      vertex 14.0476 16.8936 0.858666
      vertex 14.1015 16.91 0.994665
    endloop
  endfacet
  facet normal 0.865209 0.409483 -0.289373
    outer loop
      vertex 14.0943 17.0568 1.13553
      vertex 13.9956 17.1658 0.994665
      vertex 14.0332 17.1859 1.13553
    endloop
  endfacet
  facet normal 0.979543 -0.0480842 -0.195406
    outer loop
      vertex 14.2338 -16.5 1.2799
      vertex 14.198 -16.6426 1.13553
      vertex 14.205 -16.5 1.13553
    endloop
  endfacet
  facet normal 0.979603 -0.0485085 -0.195002
    outer loop
      vertex 14.2266 -16.6454 1.2799
      vertex 14.198 -16.6426 1.13553
      vertex 14.2338 -16.5 1.2799
    endloop
  endfacet
  facet normal 0.984443 -0.146144 -0.0975416
    outer loop
      vertex 14.2194 -16.7923 1.4264
      vertex 14.2053 -16.7895 1.2799
      vertex 14.241 -16.6468 1.4264
    endloop
  endfacet
  facet normal 0.984474 -0.145519 -0.098158
    outer loop
      vertex 14.241 -16.6468 1.4264
      vertex 14.2053 -16.7895 1.2799
      vertex 14.2266 -16.6454 1.2799
    endloop
  endfacet
  facet normal 0.951382 -0.238361 -0.195081
    outer loop
      vertex 14.2053 -16.7895 1.2799
      vertex 14.1424 -16.9224 1.13553
      vertex 14.1771 -16.7839 1.13553
    endloop
  endfacet
  facet normal 0.951373 -0.238517 -0.194933
    outer loop
      vertex 14.1699 -16.9307 1.2799
      vertex 14.1424 -16.9224 1.13553
      vertex 14.2053 -16.7895 1.2799
    endloop
  endfacet
  facet normal -0.371682 -0.0930727 -0.923683
    outer loop
      vertex -13.3637 -16.6862 0.144015
      vertex -13.379 -16.6251 0.144015
      vertex -13.2336 -16.6467 0.0876837
    endloop
  endfacet
  facet normal -0.307939 -0.227607 -0.923779
    outer loop
      vertex -13.2458 -16.9069 0.144015
      vertex -13.2832 -16.8563 0.144015
      vertex -13.1406 -16.8206 0.0876837
    endloop
  endfacet
  facet normal -0.290198 -0.0146318 -0.956855
    outer loop
      vertex -13.1127 -16.5357 0.0449524
      vertex -13.2529 -16.5495 0.0876837
      vertex -13.1145 -16.5 0.0449524
    endloop
  endfacet
  facet normal -0.382607 -0.0185507 -0.923725
    outer loop
      vertex -13.2529 -16.5495 0.0876837
      vertex -13.3913 -16.5 0.144015
      vertex -13.2553 -16.5 0.0876837
    endloop
  endfacet
  facet normal -0.550071 -0.08121 -0.83116
    outer loop
      vertex -13.6264 -16.6743 0.295188
      vertex -13.6392 -16.5876 0.295188
      vertex -13.5174 -16.5756 0.213407
    endloop
  endfacet
  facet normal -0.555648 -0.0279294 -0.830948
    outer loop
      vertex -13.5174 -16.5756 0.213407
      vertex -13.6435 -16.5 0.295188
      vertex -13.5212 -16.5 0.213407
    endloop
  endfacet
  facet normal -0.627821 -0.0930818 -0.772772
    outer loop
      vertex -13.738 -16.6965 0.388573
      vertex -13.7525 -16.5987 0.388573
      vertex -13.6392 -16.5876 0.295188
    endloop
  endfacet
  facet normal -0.628066 -0.0927249 -0.772616
    outer loop
      vertex -13.6264 -16.6743 0.295188
      vertex -13.738 -16.6965 0.388573
      vertex -13.6392 -16.5876 0.295188
    endloop
  endfacet
  facet normal -0.772414 0.0375922 -0.634006
    outer loop
      vertex -13.8614 16.5 0.492661
      vertex -13.9548 16.5 0.606451
      vertex -13.8561 16.6089 0.492661
    endloop
  endfacet
  facet normal -0.772564 0.0379414 -0.633802
    outer loop
      vertex -13.8561 16.6089 0.492661
      vertex -13.9548 16.5 0.606451
      vertex -13.949 16.6181 0.606451
    endloop
  endfacet
  facet normal -0.750095 0.188341 -0.633944
    outer loop
      vertex -13.8401 16.7168 0.492661
      vertex -13.9317 16.735 0.606451
      vertex -13.9029 16.8497 0.606451
    endloop
  endfacet
  facet normal -0.765037 0.113218 -0.633956
    outer loop
      vertex -13.8401 16.7168 0.492661
      vertex -13.949 16.6181 0.606451
      vertex -13.9317 16.735 0.606451
    endloop
  endfacet
  facet normal -0.783072 0.279904 -0.555384
    outer loop
      vertex -13.9029 16.8497 0.606451
      vertex -13.9812 16.8735 0.728846
      vertex -13.9387 16.9924 0.728846
    endloop
  endfacet
  facet normal -0.830758 0.296949 -0.470811
    outer loop
      vertex -13.9812 16.8735 0.728846
      vertex -14.0028 17.0189 0.858666
      vertex -13.9387 16.9924 0.728846
    endloop
  endfacet
  facet normal -0.713922 0.426946 -0.555007
    outer loop
      vertex -13.8125 17.0679 0.606451
      vertex -13.8198 17.2148 0.728846
      vertex -13.7518 17.1694 0.606451
    endloop
  endfacet
  facet normal -0.666432 0.238369 -0.706433
    outer loop
      vertex -13.714 16.7924 0.388573
      vertex -13.7768 16.9253 0.492661
      vertex -13.6807 16.8855 0.388573
    endloop
  endfacet
  facet normal -0.287481 0.0422289 -0.956855
    outer loop
      vertex -13.1127 16.5357 0.0449524
      vertex -13.2529 16.5495 0.0876837
      vertex -13.1075 16.5711 0.0449524
    endloop
  endfacet
  facet normal -0.0970855 0.0141298 -0.995176
    outer loop
      vertex -12.8232 16.5072 0.00180626
      vertex -12.969 16.5216 0.0162344
      vertex -12.9659 16.5429 0.0162344
    endloop
  endfacet
  facet normal -0.466758 0.0690382 -0.881686
    outer loop
      vertex -13.3882 16.5629 0.144015
      vertex -13.5174 16.5756 0.213407
      vertex -13.379 16.6251 0.144015
    endloop
  endfacet
  facet normal -0.37902 0.0560608 -0.923689
    outer loop
      vertex -13.2529 16.5495 0.0876837
      vertex -13.3882 16.5629 0.144015
      vertex -13.379 16.6251 0.144015
    endloop
  endfacet
  facet normal -0.262575 0.124254 -0.956878
    outer loop
      vertex -13.0714 16.6718 0.0449524
      vertex -13.2169 16.6934 0.0876837
      vertex -13.1957 16.7382 0.0876837
    endloop
  endfacet
  facet normal -0.444289 0.159104 -0.881642
    outer loop
      vertex -13.3637 16.6862 0.144015
      vertex -13.4879 16.7239 0.213407
      vertex -13.3425 16.7454 0.144015
    endloop
  endfacet
  facet normal -0.156887 0.116435 -0.980729
    outer loop
      vertex -12.933 16.6223 0.0162344
      vertex -13.053 16.7025 0.0449524
      vertex -13.0317 16.7312 0.0449524
    endloop
  endfacet
  facet normal -0.307729 0.22829 -0.923681
    outer loop
      vertex -13.1702 16.7807 0.0876837
      vertex -13.2832 16.8563 0.144015
      vertex -13.1406 16.8206 0.0876837
    endloop
  endfacet
  facet normal -0.360721 0.129177 -0.923685
    outer loop
      vertex -13.2336 16.6467 0.0876837
      vertex -13.3637 16.6862 0.144015
      vertex -13.3425 16.7454 0.144015
    endloop
  endfacet
  facet normal -0.524381 0.475019 -0.70667
    outer loop
      vertex -13.5287 17.139 0.388573
      vertex -13.5359 17.2859 0.492661
      vertex -13.4623 17.2123 0.388573
    endloop
  endfacet
  facet normal -0.475019 0.524381 -0.70667
    outer loop
      vertex -13.4623 17.2123 0.388573
      vertex -13.5359 17.2859 0.492661
      vertex -13.389 17.2787 0.388573
    endloop
  endfacet
  facet normal 0.663534 -0.397695 -0.633689
    outer loop
      vertex 13.8125 -17.0679 0.606451
      vertex 13.6741 -17.1175 0.492661
      vertex 13.7302 -17.0239 0.492661
    endloop
  endfacet
  facet normal 0.606969 -0.363792 -0.706572
    outer loop
      vertex 13.6741 -17.1175 0.492661
      vertex 13.6384 -16.9749 0.388573
      vertex 13.7302 -17.0239 0.492661
    endloop
  endfacet
  facet normal 0.751577 -0.355698 -0.555528
    outer loop
      vertex 13.8847 -17.1065 0.728846
      vertex 13.8125 -17.0679 0.606451
      vertex 13.9387 -16.9924 0.728846
    endloop
  endfacet
  facet normal 0.797369 -0.37737 -0.470952
    outer loop
      vertex 13.9459 -17.1392 0.858666
      vertex 13.8847 -17.1065 0.728846
      vertex 13.9387 -16.9924 0.728846
    endloop
  endfacet
  facet normal 0.668386 -0.737411 -0.0973896
    outer loop
      vertex 13.7004 -17.6581 1.4264
      vertex 13.6913 -17.647 1.2799
      vertex 13.7992 -17.5492 1.2799
    endloop
  endfacet
  facet normal 0.667994 -0.737703 -0.097871
    outer loop
      vertex 13.8094 -17.5594 1.4264
      vertex 13.7004 -17.6581 1.4264
      vertex 13.7992 -17.5492 1.2799
    endloop
  endfacet
  facet normal 0.788046 -0.583992 -0.194776
    outer loop
      vertex 13.9837 -17.3243 1.2799
      vertex 13.8748 -17.4231 1.13553
      vertex 13.9598 -17.3084 1.13553
    endloop
  endfacet
  facet normal 0.788056 -0.58397 -0.194799
    outer loop
      vertex 13.897 -17.4413 1.2799
      vertex 13.8748 -17.4231 1.13553
      vertex 13.9837 -17.3243 1.2799
    endloop
  endfacet
  facet normal 0.326415 -0.54424 -0.772824
    outer loop
      vertex 13.2249 -17.3884 0.388573
      vertex 13.1712 -17.288 0.295188
      vertex 13.3096 -17.3376 0.388573
    endloop
  endfacet
  facet normal 0.32603 -0.544833 -0.772568
    outer loop
      vertex 13.3096 -17.3376 0.388573
      vertex 13.1712 -17.288 0.295188
      vertex 13.2464 -17.243 0.295188
    endloop
  endfacet
  facet normal 0.426278 -0.470575 -0.772558
    outer loop
      vertex 13.389 -17.2787 0.388573
      vertex 13.3169 -17.1907 0.295188
      vertex 13.4623 -17.2123 0.388573
    endloop
  endfacet
  facet normal 0.42652 -0.469969 -0.772794
    outer loop
      vertex 13.4623 -17.2123 0.388573
      vertex 13.3169 -17.1907 0.295188
      vertex 13.3818 -17.1318 0.295188
    endloop
  endfacet
  facet normal 0.412091 -0.373159 -0.831224
    outer loop
      vertex 13.4407 -17.0669 0.295188
      vertex 13.2953 -17.0453 0.213407
      vertex 13.3461 -16.9892 0.213407
    endloop
  endfacet
  facet normal 0.411888 -0.373809 -0.831033
    outer loop
      vertex 13.3818 -17.1318 0.295188
      vertex 13.2953 -17.0453 0.213407
      vertex 13.4407 -17.0669 0.295188
    endloop
  endfacet
  facet normal 0.187863 -0.523604 -0.830991
    outer loop
      vertex 13.0919 -17.3255 0.295188
      vertex 13.0094 -17.3551 0.295188
      vertex 13.0451 -17.2125 0.213407
    endloop
  endfacet
  facet normal 0.271271 -0.573648 -0.772878
    outer loop
      vertex 13.1355 -17.4307 0.388573
      vertex 13.0919 -17.3255 0.295188
      vertex 13.1712 -17.288 0.295188
    endloop
  endfacet
  facet normal 0.0703656 -0.282049 -0.956816
    outer loop
      vertex 12.8486 -16.9956 0.0876837
      vertex 12.8211 -16.8575 0.0449524
      vertex 12.8967 -16.9836 0.0876837
    endloop
  endfacet
  facet normal 0.092719 -0.371649 -0.923732
    outer loop
      vertex 12.8751 -17.129 0.144015
      vertex 12.8486 -16.9956 0.0876837
      vertex 12.8967 -16.9836 0.0876837
    endloop
  endfacet
  facet normal 0.201918 -0.426272 -0.881772
    outer loop
      vertex 13.0451 -17.2125 0.213407
      vertex 12.9954 -17.0925 0.144015
      vertex 13.1135 -17.1801 0.213407
    endloop
  endfacet
  facet normal 0.238074 -0.502601 -0.831092
    outer loop
      vertex 13.1712 -17.288 0.295188
      vertex 13.0451 -17.2125 0.213407
      vertex 13.1135 -17.1801 0.213407
    endloop
  endfacet
  facet normal 0.114634 -0.457787 -0.881641
    outer loop
      vertex 12.9739 -17.2379 0.213407
      vertex 12.8751 -17.129 0.144015
      vertex 12.9362 -17.1137 0.144015
    endloop
  endfacet
  facet normal 0.114607 -0.457807 -0.881634
    outer loop
      vertex 12.9004 -17.2563 0.213407
      vertex 12.8751 -17.129 0.144015
      vertex 12.9739 -17.2379 0.213407
    endloop
  endfacet
  facet normal 0.592721 -0.653717 -0.470463
    outer loop
      vertex 13.7088 -17.4588 0.858666
      vertex 13.6102 -17.5482 0.858666
      vertex 13.6598 -17.4098 0.728846
    endloop
  endfacet
  facet normal 0.620666 -0.684538 -0.382336
    outer loop
      vertex 13.646 -17.5917 0.994665
      vertex 13.6102 -17.5482 0.858666
      vertex 13.7088 -17.4588 0.858666
    endloop
  endfacet
  facet normal -0.0141298 0.0970855 -0.995176
    outer loop
      vertex -12.7572 16.5732 0.00180626
      vertex -12.7929 16.7159 0.0162344
      vertex -12.7716 16.719 0.0162344
    endloop
  endfacet
  facet normal -0.0240105 0.095136 -0.995175
    outer loop
      vertex -12.7714 16.5704 0.00180626
      vertex -12.8139 16.7106 0.0162344
      vertex -12.7929 16.7159 0.0162344
    endloop
  endfacet
  facet normal -0.0477795 0.189315 -0.980753
    outer loop
      vertex -12.8139 16.7106 0.0162344
      vertex -12.8558 16.8488 0.0449524
      vertex -12.7929 16.7159 0.0162344
    endloop
  endfacet
  facet normal -0.0281241 0.19324 -0.980748
    outer loop
      vertex -12.7716 16.719 0.0162344
      vertex -12.7929 16.7159 0.0162344
      vertex -12.7857 16.8627 0.0449524
    endloop
  endfacet
  facet normal -0.149365 0.249212 -0.956861
    outer loop
      vertex -12.9525 16.803 0.0449524
      vertex -13.0307 16.9202 0.0876837
      vertex -12.9218 16.8214 0.0449524
    endloop
  endfacet
  facet normal -0.124369 0.262556 -0.956868
    outer loop
      vertex -12.9218 16.8214 0.0449524
      vertex -12.9434 16.9669 0.0876837
      vertex -12.8895 16.8367 0.0449524
    endloop
  endfacet
  facet normal -0.0474979 0.189446 -0.980742
    outer loop
      vertex -12.7929 16.7159 0.0162344
      vertex -12.8558 16.8488 0.0449524
      vertex -12.8211 16.8575 0.0449524
    endloop
  endfacet
  facet normal -0.0660827 0.183764 -0.980747
    outer loop
      vertex -12.8342 16.7033 0.0162344
      vertex -12.8558 16.8488 0.0449524
      vertex -12.8139 16.7106 0.0162344
    endloop
  endfacet
  facet normal -0.183764 0.0660827 -0.980747
    outer loop
      vertex -12.9606 16.5639 0.0162344
      vertex -13.0988 16.6058 0.0449524
      vertex -12.9533 16.5842 0.0162344
    endloop
  endfacet
  facet normal -0.183779 0.065986 -0.98075
    outer loop
      vertex -12.9533 16.5842 0.0162344
      vertex -13.0988 16.6058 0.0449524
      vertex -13.0867 16.6395 0.0449524
    endloop
  endfacet
  facet normal -0.0788604 -0.0584655 -0.99517
    outer loop
      vertex -12.8069 -16.5467 0.00180626
      vertex -12.9201 -16.6396 0.0162344
      vertex -12.8112 -16.5409 0.00180626
    endloop
  endfacet
  facet normal -0.0560608 -0.37902 -0.923689
    outer loop
      vertex -12.8129 -17.1382 0.144015
      vertex -12.8751 -17.129 0.144015
      vertex -12.7995 -17.0029 0.0876837
    endloop
  endfacet
  facet normal -0.0427513 -0.287546 -0.956812
    outer loop
      vertex -12.7995 -17.0029 0.0876837
      vertex -12.8486 -16.9956 0.0876837
      vertex -12.8211 -16.8575 0.0449524
    endloop
  endfacet
  facet normal -0.124254 -0.262575 -0.956878
    outer loop
      vertex -12.9434 -16.9669 0.0876837
      vertex -12.9882 -16.9457 0.0876837
      vertex -12.9218 -16.8214 0.0449524
    endloop
  endfacet
  facet normal -0.00993183 -0.195025 -0.980748
    outer loop
      vertex -12.75 -16.7201 0.0162344
      vertex -12.7857 -16.8627 0.0449524
      vertex -12.7716 -16.719 0.0162344
    endloop
  endfacet
  facet normal -0.0786779 -0.0586673 -0.995172
    outer loop
      vertex -12.9201 -16.6396 0.0162344
      vertex -12.933 -16.6223 0.0162344
      vertex -12.8112 -16.5409 0.00180626
    endloop
  endfacet
  facet normal 0.0970855 0.0141298 -0.995176
    outer loop
      vertex 12.969 16.5216 0.0162344
      vertex 12.8232 16.5072 0.00180626
      vertex 12.9659 16.5429 0.0162344
    endloop
  endfacet
  facet normal 0.242754 -0.404591 -0.88169
    outer loop
      vertex 13.1135 -17.1801 0.213407
      vertex 13.0523 -17.0656 0.144015
      vertex 13.1063 -17.0332 0.144015
    endloop
  endfacet
  facet normal 0.201659 -0.426558 -0.881693
    outer loop
      vertex 13.1135 -17.1801 0.213407
      vertex 12.9954 -17.0925 0.144015
      vertex 13.0523 -17.0656 0.144015
    endloop
  endfacet
  facet normal 0.283578 -0.257306 -0.923784
    outer loop
      vertex 13.2458 -16.9069 0.144015
      vertex 13.1073 -16.8573 0.0876837
      vertex 13.1406 -16.8206 0.0876837
    endloop
  endfacet
  facet normal 0.283546 -0.257382 -0.923773
    outer loop
      vertex 13.2035 -16.9535 0.144015
      vertex 13.1073 -16.8573 0.0876837
      vertex 13.2458 -16.9069 0.144015
    endloop
  endfacet
  facet normal 0.116435 -0.156887 -0.980729
    outer loop
      vertex 12.9525 -16.803 0.0449524
      vertex 12.8723 -16.683 0.0162344
      vertex 12.9812 -16.7817 0.0449524
    endloop
  endfacet
  facet normal 0.116739 -0.156557 -0.980746
    outer loop
      vertex 12.9812 -16.7817 0.0449524
      vertex 12.8723 -16.683 0.0162344
      vertex 12.8896 -16.6701 0.0162344
    endloop
  endfacet
  facet normal 0.173111 -0.233349 -0.95686
    outer loop
      vertex 13.0307 -16.9202 0.0876837
      vertex 12.9812 -16.7817 0.0449524
      vertex 13.0706 -16.8906 0.0876837
    endloop
  endfacet
  facet normal 0.158485 -0.444258 -0.881769
    outer loop
      vertex 13.0451 -17.2125 0.213407
      vertex 12.9739 -17.2379 0.213407
      vertex 12.9954 -17.0925 0.144015
    endloop
  endfacet
  facet normal -0.187959 -0.750417 -0.633676
    outer loop
      vertex -12.9668 -17.5901 0.492661
      vertex -13.0997 -17.6529 0.606451
      vertex -13.0726 -17.5636 0.492661
    endloop
  endfacet
  facet normal -0.113455 -0.765112 -0.633823
    outer loop
      vertex -12.8681 -17.699 0.606451
      vertex -12.9668 -17.5901 0.492661
      vertex -12.8589 -17.6061 0.492661
    endloop
  endfacet
  facet normal -0.136103 -0.913837 -0.382593
    outer loop
      vertex -12.8829 -17.8495 0.858666
      vertex -13.0255 -17.8852 0.994665
      vertex -13.0145 -17.8299 0.858666
    endloop
  endfacet
  facet normal -0.129977 -0.8727 -0.470639
    outer loop
      vertex -12.8829 -17.8495 0.858666
      vertex -13.0145 -17.8299 0.858666
      vertex -13.001 -17.7619 0.728846
    endloop
  endfacet
  facet normal -0.121874 -0.822816 -0.555086
    outer loop
      vertex -12.8761 -17.7804 0.728846
      vertex -13.001 -17.7619 0.728846
      vertex -12.985 -17.6817 0.606451
    endloop
  endfacet
  facet normal -0.121763 -0.822783 -0.555159
    outer loop
      vertex -12.8761 -17.7804 0.728846
      vertex -12.985 -17.6817 0.606451
      vertex -12.8681 -17.699 0.606451
    endloop
  endfacet
  facet normal -0.279804 -0.78317 -0.555297
    outer loop
      vertex -13.0997 -17.6529 0.606451
      vertex -13.2424 -17.6887 0.728846
      vertex -13.2111 -17.6131 0.606451
    endloop
  endfacet
  facet normal -0.427415 -0.713236 -0.555528
    outer loop
      vertex -13.3565 -17.6347 0.728846
      vertex -13.4648 -17.5698 0.728846
      vertex -13.3179 -17.5625 0.606451
    endloop
  endfacet
  facet normal -0.901057 -0.322477 -0.290008
    outer loop
      vertex -14.0943 -17.0568 1.13553
      vertex -14.1424 -16.9224 1.13553
      vertex -14.1015 -16.91 0.994665
    endloop
  endfacet
  facet normal -0.923464 -0.330496 -0.194904
    outer loop
      vertex -14.0943 -17.0568 1.13553
      vertex -14.1699 -16.9307 1.2799
      vertex -14.1424 -16.9224 1.13553
    endloop
  endfacet
  facet normal -0.936872 -0.335758 -0.0976592
    outer loop
      vertex -14.1341 -17.0733 1.4264
      vertex -14.1837 -16.9349 1.4264
      vertex -14.1208 -17.0678 1.2799
    endloop
  endfacet
  facet normal -0.936926 -0.335544 -0.0978762
    outer loop
      vertex -14.1208 -17.0678 1.2799
      vertex -14.1837 -16.9349 1.4264
      vertex -14.1699 -16.9307 1.2799
    endloop
  endfacet
  facet normal -0.79956 -0.592495 -0.0982521
    outer loop
      vertex -13.897 -17.4413 1.2799
      vertex -13.9957 -17.3324 1.4264
      vertex -13.9837 -17.3243 1.2799
    endloop
  endfacet
  facet normal -0.853468 -0.511808 -0.0982066
    outer loop
      vertex -13.9957 -17.3324 1.4264
      vertex -14.0586 -17.1994 1.2799
      vertex -13.9837 -17.3243 1.2799
    endloop
  endfacet
  facet normal -0.726726 -0.658725 -0.19481
    outer loop
      vertex -13.7992 -17.5492 1.2799
      vertex -13.8748 -17.4231 1.13553
      vertex -13.7789 -17.5289 1.13553
    endloop
  endfacet
  facet normal -0.726741 -0.658714 -0.194793
    outer loop
      vertex -13.7992 -17.5492 1.2799
      vertex -13.897 -17.4413 1.2799
      vertex -13.8748 -17.4231 1.13553
    endloop
  endfacet
  facet normal -0.502601 -0.238074 -0.831092
    outer loop
      vertex -13.4301 -16.8635 0.213407
      vertex -13.538 -16.9212 0.295188
      vertex -13.4625 -16.7951 0.213407
    endloop
  endfacet
  facet normal -0.404591 -0.242754 -0.88169
    outer loop
      vertex -13.2832 -16.8563 0.144015
      vertex -13.4301 -16.8635 0.213407
      vertex -13.3156 -16.8023 0.144015
    endloop
  endfacet
  facet normal -0.713236 -0.427415 -0.555528
    outer loop
      vertex -13.8198 -17.2148 0.728846
      vertex -13.8847 -17.1065 0.728846
      vertex -13.8125 -17.0679 0.606451
    endloop
  endfacet
  facet normal -0.756695 -0.453458 -0.470943
    outer loop
      vertex -13.8198 -17.2148 0.728846
      vertex -13.9459 -17.1392 0.858666
      vertex -13.8847 -17.1065 0.728846
    endloop
  endfacet
  facet normal -0.519287 -0.573202 -0.633861
    outer loop
      vertex -13.5143 -17.4313 0.606451
      vertex -13.5359 -17.2859 0.492661
      vertex -13.4551 -17.3591 0.492661
    endloop
  endfacet
  facet normal -0.550529 -0.742137 -0.382296
    outer loop
      vertex -13.5033 -17.6275 0.858666
      vertex -13.646 -17.5917 0.994665
      vertex -13.6102 -17.5482 0.858666
    endloop
  endfacet
  facet normal -0.806664 -0.20216 -0.555359
    outer loop
      vertex -13.9812 -16.8735 0.728846
      vertex -14.0119 -16.751 0.728846
      vertex -13.9029 -16.8497 0.606451
    endloop
  endfacet
  facet normal -0.806741 -0.202564 -0.555101
    outer loop
      vertex -13.9029 -16.8497 0.606451
      vertex -14.0119 -16.751 0.728846
      vertex -13.9317 -16.735 0.606451
    endloop
  endfacet
  facet normal -0.54424 -0.326415 -0.772824
    outer loop
      vertex -13.5876 -17.0596 0.388573
      vertex -13.6384 -16.9749 0.388573
      vertex -13.538 -16.9212 0.295188
    endloop
  endfacet
  facet normal -0.698775 -0.331068 -0.63412
    outer loop
      vertex -13.8125 -17.0679 0.606451
      vertex -13.8631 -16.9611 0.606451
      vertex -13.7768 -16.9253 0.492661
    endloop
  endfacet
  facet normal -0.280608 -0.379646 -0.881549
    outer loop
      vertex -13.1063 -17.0332 0.144015
      vertex -13.2392 -17.0961 0.213407
      vertex -13.1569 -16.9958 0.144015
    endloop
  endfacet
  facet normal -0.227607 -0.307939 -0.923779
    outer loop
      vertex -13.1063 -17.0332 0.144015
      vertex -13.1569 -16.9958 0.144015
      vertex -13.0706 -16.8906 0.0876837
    endloop
  endfacet
  facet normal -0.186756 -0.523506 -0.831302
    outer loop
      vertex -13.0094 -17.3551 0.295188
      vertex -13.0451 -17.2125 0.213407
      vertex -12.9739 -17.2379 0.213407
    endloop
  endfacet
  facet normal -0.158485 -0.444258 -0.881769
    outer loop
      vertex -12.9739 -17.2379 0.213407
      vertex -13.0451 -17.2125 0.213407
      vertex -12.9954 -17.0925 0.144015
    endloop
  endfacet
  facet normal -0.0343659 -0.706648 -0.70673
    outer loop
      vertex -12.75 -17.6114 0.492661
      vertex -12.8487 -17.5025 0.388573
      vertex -12.75 -17.5073 0.388573
    endloop
  endfacet
  facet normal -0.0343921 -0.70666 -0.706717
    outer loop
      vertex -12.75 -17.6114 0.492661
      vertex -12.8589 -17.6061 0.492661
      vertex -12.8487 -17.5025 0.388573
    endloop
  endfacet
  facet normal -0.213809 -0.597766 -0.772633
    outer loop
      vertex -13.0424 -17.464 0.388573
      vertex -13.1355 -17.4307 0.388573
      vertex -13.0094 -17.3551 0.295188
    endloop
  endfacet
  facet normal -0.154124 -0.615855 -0.772637
    outer loop
      vertex -12.9465 -17.488 0.388573
      vertex -13.0424 -17.464 0.388573
      vertex -13.0094 -17.3551 0.295188
    endloop
  endfacet
  facet normal -0.0272618 -0.555379 -0.83115
    outer loop
      vertex -12.75 -17.3935 0.295188
      vertex -12.8376 -17.3892 0.295188
      vertex -12.8256 -17.2674 0.213407
    endloop
  endfacet
  facet normal -0.0927249 -0.628066 -0.772616
    outer loop
      vertex -12.8376 -17.3892 0.295188
      vertex -12.9465 -17.488 0.388573
      vertex -12.9243 -17.3764 0.295188
    endloop
  endfacet
  facet normal -0.412091 -0.373159 -0.831224
    outer loop
      vertex -13.2953 -17.0453 0.213407
      vertex -13.4407 -17.0669 0.295188
      vertex -13.3461 -16.9892 0.213407
    endloop
  endfacet
  facet normal -0.411888 -0.373809 -0.831033
    outer loop
      vertex -13.3818 -17.1318 0.295188
      vertex -13.4407 -17.0669 0.295188
      vertex -13.2953 -17.0453 0.213407
    endloop
  endfacet
  facet normal -0.544833 -0.32603 -0.772568
    outer loop
      vertex -13.493 -16.9964 0.295188
      vertex -13.5876 -17.0596 0.388573
      vertex -13.538 -16.9212 0.295188
    endloop
  endfacet
  facet normal -0.470575 -0.426278 -0.772558
    outer loop
      vertex -13.4623 -17.2123 0.388573
      vertex -13.5287 -17.139 0.388573
      vertex -13.4407 -17.0669 0.295188
    endloop
  endfacet
  facet normal -0.0586673 -0.0786779 -0.995172
    outer loop
      vertex -12.8723 -16.683 0.0162344
      vertex -12.8896 -16.6701 0.0162344
      vertex -12.7909 -16.5612 0.00180626
    endloop
  endfacet
  facet normal -0.163918 -0.346394 -0.923657
    outer loop
      vertex -12.9434 -16.9669 0.0876837
      vertex -12.9954 -17.0925 0.144015
      vertex -12.9882 -16.9457 0.0876837
    endloop
  endfacet
  facet normal -0.426558 -0.201659 -0.881693
    outer loop
      vertex -13.3156 -16.8023 0.144015
      vertex -13.4301 -16.8635 0.213407
      vertex -13.3425 -16.7454 0.144015
    endloop
  endfacet
  facet normal -0.378896 -0.281056 -0.881729
    outer loop
      vertex -13.3461 -16.9892 0.213407
      vertex -13.3912 -16.9284 0.213407
      vertex -13.2832 -16.8563 0.144015
    endloop
  endfacet
  facet normal -0.523604 -0.187863 -0.830991
    outer loop
      vertex -13.5755 -16.8419 0.295188
      vertex -13.6051 -16.7594 0.295188
      vertex -13.4625 -16.7951 0.213407
    endloop
  endfacet
  facet normal -0.502907 -0.237818 -0.83098
    outer loop
      vertex -13.538 -16.9212 0.295188
      vertex -13.5755 -16.8419 0.295188
      vertex -13.4625 -16.7951 0.213407
    endloop
  endfacet
  facet normal -0.189315 0.0477795 -0.980753
    outer loop
      vertex -12.9659 16.5429 0.0162344
      vertex -13.0988 16.6058 0.0449524
      vertex -12.9606 16.5639 0.0162344
    endloop
  endfacet
  facet normal -0.307729 -0.22829 -0.923681
    outer loop
      vertex -13.1406 -16.8206 0.0876837
      vertex -13.2832 -16.8563 0.144015
      vertex -13.1702 -16.7807 0.0876837
    endloop
  endfacet
  facet normal -0.156887 -0.116435 -0.980729
    outer loop
      vertex -13.0317 -16.7312 0.0449524
      vertex -13.053 -16.7025 0.0449524
      vertex -12.933 -16.6223 0.0162344
    endloop
  endfacet
  facet normal 0.242856 0.970062 -0.000214127
    outer loop
      vertex 13.1849 17.9337 1.4264
      vertex 13.0423 17.9694 1.4264
      vertex 13.1854 17.9354 9.695
    endloop
  endfacet
  facet normal 0.146746 0.989174 -0
    outer loop
      vertex 13.0426 17.9712 9.695
      vertex 12.897 17.9928 9.705
      vertex 13.0426 17.9712 9.705
    endloop
  endfacet
  facet normal 0.146746 0.989174 0
    outer loop
      vertex 12.897 17.9928 9.705
      vertex 13.0426 17.9712 9.695
      vertex 12.897 17.9928 9.695
    endloop
  endfacet
  facet normal 0.242015 0.965324 -0.0978698
    outer loop
      vertex 13.1807 17.9199 1.2799
      vertex 13.0395 17.9553 1.2799
      vertex 13.1849 17.9337 1.4264
    endloop
  endfacet
  facet normal 0.145519 0.984474 -0.098158
    outer loop
      vertex 13.0395 17.9553 1.2799
      vertex 12.8954 17.9766 1.2799
      vertex 12.8968 17.991 1.4264
    endloop
  endfacet
  facet normal 0.287546 -0.0427513 -0.956812
    outer loop
      vertex 13.2456 -16.5986 0.0876837
      vertex 13.1075 -16.5711 0.0449524
      vertex 13.2529 -16.5495 0.0876837
    endloop
  endfacet
  facet normal 0.378877 -0.05633 -0.923731
    outer loop
      vertex 13.379 -16.6251 0.144015
      vertex 13.2456 -16.5986 0.0876837
      vertex 13.2529 -16.5495 0.0876837
    endloop
  endfacet
  facet normal 0.597268 -0.214293 -0.772884
    outer loop
      vertex 13.6807 -16.8855 0.388573
      vertex 13.5755 -16.8419 0.295188
      vertex 13.6051 -16.7594 0.295188
    endloop
  endfacet
  facet normal 0.457807 -0.114607 -0.881634
    outer loop
      vertex 13.4879 -16.7239 0.213407
      vertex 13.379 -16.6251 0.144015
      vertex 13.5063 -16.6504 0.213407
    endloop
  endfacet
  facet normal 0.639633 -0.302645 -0.706594
    outer loop
      vertex 13.7302 -17.0239 0.492661
      vertex 13.6384 -16.9749 0.388573
      vertex 13.6807 -16.8855 0.388573
    endloop
  endfacet
  facet normal 0.698775 -0.331068 -0.63412
    outer loop
      vertex 13.8125 -17.0679 0.606451
      vertex 13.7768 -16.9253 0.492661
      vertex 13.8631 -16.9611 0.606451
    endloop
  endfacet
  facet normal 0.573648 -0.271271 -0.772878
    outer loop
      vertex 13.6807 -16.8855 0.388573
      vertex 13.538 -16.9212 0.295188
      vertex 13.5755 -16.8419 0.295188
    endloop
  endfacet
  facet normal 0.444258 -0.158485 -0.881769
    outer loop
      vertex 13.4625 -16.7951 0.213407
      vertex 13.3425 -16.7454 0.144015
      vertex 13.4879 -16.7239 0.213407
    endloop
  endfacet
  facet normal 0.346409 -0.163768 -0.923678
    outer loop
      vertex 13.3156 -16.8023 0.144015
      vertex 13.1957 -16.7382 0.0876837
      vertex 13.3425 -16.7454 0.144015
    endloop
  endfacet
  facet normal 0.523604 -0.187863 -0.830991
    outer loop
      vertex 13.5755 -16.8419 0.295188
      vertex 13.4625 -16.7951 0.213407
      vertex 13.6051 -16.7594 0.295188
    endloop
  endfacet
  facet normal -0.0788604 0.0584655 -0.99517
    outer loop
      vertex -12.8112 16.5409 0.00180626
      vertex -12.9201 16.6396 0.0162344
      vertex -12.8069 16.5467 0.00180626
    endloop
  endfacet
  facet normal 0.0727413 0.0659218 -0.99517
    outer loop
      vertex 12.9201 16.6396 0.0162344
      vertex 12.8069 16.5467 0.00180626
      vertex 12.9056 16.6556 0.0162344
    endloop
  endfacet
  facet normal 0.16759 -0.100445 -0.980726
    outer loop
      vertex 13.053 -16.7025 0.0449524
      vertex 12.9441 -16.6038 0.0162344
      vertex 13.0714 -16.6718 0.0449524
    endloop
  endfacet
  facet normal 0.167527 -0.100516 -0.98073
    outer loop
      vertex 13.053 -16.7025 0.0449524
      vertex 12.933 -16.6223 0.0162344
      vertex 12.9441 -16.6038 0.0162344
    endloop
  endfacet
  facet normal -0.156557 0.116739 -0.980746
    outer loop
      vertex -12.933 16.6223 0.0162344
      vertex -13.0317 16.7312 0.0449524
      vertex -12.9201 16.6396 0.0162344
    endloop
  endfacet
  facet normal -0.176743 -0.0829611 -0.980754
    outer loop
      vertex -12.9441 -16.6038 0.0162344
      vertex -13.0867 -16.6395 0.0449524
      vertex -12.9533 -16.5842 0.0162344
    endloop
  endfacet
  facet normal 0.097241 0.0135057 -0.995169
    outer loop
      vertex 12.8232 16.5072 0.00180626
      vertex 12.8222 16.5144 0.00180626
      vertex 12.9659 16.5429 0.0162344
    endloop
  endfacet
  facet normal 0.0474979 0.189446 -0.980742
    outer loop
      vertex 12.8558 16.8488 0.0449524
      vertex 12.7929 16.7159 0.0162344
      vertex 12.8211 16.8575 0.0449524
    endloop
  endfacet
  facet normal 0.0240105 0.095136 -0.995175
    outer loop
      vertex 12.8139 16.7106 0.0162344
      vertex 12.7714 16.5704 0.00180626
      vertex 12.7929 16.7159 0.0162344
    endloop
  endfacet
  facet normal -0.088548 -0.0422306 -0.995176
    outer loop
      vertex -12.8149 -16.5347 0.00180626
      vertex -12.9441 -16.6038 0.0162344
      vertex -12.818 -16.5282 0.00180626
    endloop
  endfacet
  facet normal -0.0925163 0.0326528 -0.995176
    outer loop
      vertex -12.8204 16.5214 0.00180626
      vertex -12.9606 16.5639 0.0162344
      vertex -12.818 16.5282 0.00180626
    endloop
  endfacet
  facet normal 0.0659218 0.0727413 -0.99517
    outer loop
      vertex 12.9056 16.6556 0.0162344
      vertex 12.7967 16.5569 0.00180626
      vertex 12.8896 16.6701 0.0162344
    endloop
  endfacet
  facet normal 0.0135057 0.097241 -0.995169
    outer loop
      vertex 12.7644 16.5722 0.00180626
      vertex 12.7572 16.5732 0.00180626
      vertex 12.7929 16.7159 0.0162344
    endloop
  endfacet
  facet normal 0.227607 0.307939 -0.923779
    outer loop
      vertex 13.1569 16.9958 0.144015
      vertex 13.0706 16.8906 0.0876837
      vertex 13.1063 17.0332 0.144015
    endloop
  endfacet
  facet normal 0.257306 0.283578 -0.923784
    outer loop
      vertex 13.1073 16.8573 0.0876837
      vertex 13.0706 16.8906 0.0876837
      vertex 13.1569 16.9958 0.144015
    endloop
  endfacet
  facet normal 0.144723 0.131155 -0.980741
    outer loop
      vertex 12.9201 16.6396 0.0162344
      vertex 12.9056 16.6556 0.0162344
      vertex 13.0317 16.7312 0.0449524
    endloop
  endfacet
  facet normal 0.156557 0.116739 -0.980746
    outer loop
      vertex 12.933 16.6223 0.0162344
      vertex 12.9201 16.6396 0.0162344
      vertex 13.0317 16.7312 0.0449524
    endloop
  endfacet
  facet normal -0.131155 0.144723 -0.980741
    outer loop
      vertex -12.9056 16.6556 0.0162344
      vertex -12.9812 16.7817 0.0449524
      vertex -12.8896 16.6701 0.0162344
    endloop
  endfacet
  facet normal 0.005445 0.09801 -0.995171
    outer loop
      vertex 12.7572 16.5732 0.00180626
      vertex 12.75 16.5736 0.00180626
      vertex 12.75 16.7201 0.0162344
    endloop
  endfacet
  facet normal 0.273406 0.0981664 -0.956877
    outer loop
      vertex 13.0988 16.6058 0.0449524
      vertex 13.0867 16.6395 0.0449524
      vertex 13.2169 16.6934 0.0876837
    endloop
  endfacet
  facet normal 0.084145 0.050487 -0.995174
    outer loop
      vertex 12.9441 16.6038 0.0162344
      vertex 12.8112 16.5409 0.00180626
      vertex 12.933 16.6223 0.0162344
    endloop
  endfacet
  facet normal 0.371649 0.092719 -0.923732
    outer loop
      vertex 13.2456 16.5986 0.0876837
      vertex 13.2336 16.6467 0.0876837
      vertex 13.379 16.6251 0.144015
    endloop
  endfacet
  facet normal 0.378877 0.05633 -0.923731
    outer loop
      vertex 13.2529 16.5495 0.0876837
      vertex 13.2456 16.5986 0.0876837
      vertex 13.379 16.6251 0.144015
    endloop
  endfacet
  facet normal 0.0950711 0.0244469 -0.99517
    outer loop
      vertex 12.8222 16.5144 0.00180626
      vertex 12.8204 16.5214 0.00180626
      vertex 12.9659 16.5429 0.0162344
    endloop
  endfacet
  facet normal 0.189315 0.0477795 -0.980753
    outer loop
      vertex 12.9659 16.5429 0.0162344
      vertex 12.9606 16.5639 0.0162344
      vertex 13.0988 16.6058 0.0449524
    endloop
  endfacet
  facet normal 0.471262 0.023226 -0.881687
    outer loop
      vertex 13.3913 16.5 0.144015
      vertex 13.3882 16.5629 0.144015
      vertex 13.5174 16.5756 0.213407
    endloop
  endfacet
  facet normal 0.3827 0.0188612 -0.92368
    outer loop
      vertex 13.3913 16.5 0.144015
      vertex 13.2529 16.5495 0.0876837
      vertex 13.3882 16.5629 0.144015
    endloop
  endfacet
  facet normal 0.475031 0.524351 -0.706684
    outer loop
      vertex 13.5359 17.2859 0.492661
      vertex 13.389 17.2787 0.388573
      vertex 13.4551 17.3591 0.492661
    endloop
  endfacet
  facet normal 0.524381 0.475019 -0.70667
    outer loop
      vertex 13.5287 17.139 0.388573
      vertex 13.4623 17.2123 0.388573
      vertex 13.5359 17.2859 0.492661
    endloop
  endfacet
  facet normal 0.477063 0.285476 -0.831213
    outer loop
      vertex 13.538 16.9212 0.295188
      vertex 13.3912 16.9284 0.213407
      vertex 13.493 16.9964 0.295188
    endloop
  endfacet
  facet normal 0.378896 0.281056 -0.881729
    outer loop
      vertex 13.3912 16.9284 0.213407
      vertex 13.2832 16.8563 0.144015
      vertex 13.3461 16.9892 0.213407
    endloop
  endfacet
  facet normal 0.663534 0.397695 -0.633689
    outer loop
      vertex 13.7302 17.0239 0.492661
      vertex 13.6741 17.1175 0.492661
      vertex 13.8125 17.0679 0.606451
    endloop
  endfacet
  facet normal 0.72826 0.260954 -0.633672
    outer loop
      vertex 13.8136 16.8226 0.492661
      vertex 13.7768 16.9253 0.492661
      vertex 13.9029 16.8497 0.606451
    endloop
  endfacet
  facet normal 0.0703656 0.282049 -0.956816
    outer loop
      vertex 12.8967 16.9836 0.0876837
      vertex 12.8211 16.8575 0.0449524
      vertex 12.8486 16.9956 0.0876837
    endloop
  endfacet
  facet normal 0.0427513 0.287546 -0.956812
    outer loop
      vertex 12.8211 16.8575 0.0449524
      vertex 12.7995 17.0029 0.0876837
      vertex 12.8486 16.9956 0.0876837
    endloop
  endfacet
  facet normal 0.114634 0.457787 -0.881641
    outer loop
      vertex 12.9362 17.1137 0.144015
      vertex 12.8751 17.129 0.144015
      vertex 12.9739 17.2379 0.213407
    endloop
  endfacet
  facet normal 0.159104 0.444289 -0.881642
    outer loop
      vertex 12.9954 17.0925 0.144015
      vertex 12.9362 17.1137 0.144015
      vertex 12.9739 17.2379 0.213407
    endloop
  endfacet
  facet normal 0.550529 0.742137 -0.382296
    outer loop
      vertex 13.6102 17.5482 0.858666
      vertex 13.5033 17.6275 0.858666
      vertex 13.646 17.5917 0.994665
    endloop
  endfacet
  facet normal 0.525622 0.708562 -0.470809
    outer loop
      vertex 13.6102 17.5482 0.858666
      vertex 13.4648 17.5698 0.728846
      vertex 13.5033 17.6275 0.858666
    endloop
  endfacet
  facet normal 0.355698 0.751577 -0.555528
    outer loop
      vertex 13.3179 17.5625 0.606451
      vertex 13.2424 17.6887 0.728846
      vertex 13.3565 17.6347 0.728846
    endloop
  endfacet
  facet normal 0.427415 0.713236 -0.555528
    outer loop
      vertex 13.4648 17.5698 0.728846
      vertex 13.3179 17.5625 0.606451
      vertex 13.3565 17.6347 0.728846
    endloop
  endfacet
  facet normal 0.146844 0.98916 -0.000218883
    outer loop
      vertex 13.0423 17.9694 1.4264
      vertex 12.8968 17.991 1.4264
      vertex 12.897 17.9928 9.695
    endloop
  endfacet
  facet normal 0.140034 0.94674 -0.289956
    outer loop
      vertex 13.0255 17.8852 0.994665
      vertex 12.8926 17.948 1.13553
      vertex 13.0339 17.9271 1.13553
    endloop
  endfacet
  facet normal 0.224581 0.896324 -0.382319
    outer loop
      vertex 13.1436 17.7976 0.858666
      vertex 13.0255 17.8852 0.994665
      vertex 13.16 17.8515 0.994665
    endloop
  endfacet
  facet normal 0.232586 0.928334 -0.29
    outer loop
      vertex 13.1724 17.8924 1.13553
      vertex 13.0255 17.8852 0.994665
      vertex 13.0339 17.9271 1.13553
    endloop
  endfacet
  facet normal 0.0492213 0.993998 -0.0977035
    outer loop
      vertex 12.8954 17.9766 1.2799
      vertex 12.75 17.9838 1.2799
      vertex 12.75 17.9982 1.4264
    endloop
  endfacet
  facet normal 0.140184 0.946758 -0.289824
    outer loop
      vertex 13.0255 17.8852 0.994665
      vertex 12.8884 17.9055 0.994665
      vertex 12.8926 17.948 1.13553
    endloop
  endfacet
  facet normal 0.713922 0.426946 -0.555007
    outer loop
      vertex 13.8125 17.0679 0.606451
      vertex 13.7518 17.1694 0.606451
      vertex 13.8198 17.2148 0.728846
    endloop
  endfacet
  facet normal 0.606969 0.363792 -0.706572
    outer loop
      vertex 13.7302 17.0239 0.492661
      vertex 13.6384 16.9749 0.388573
      vertex 13.6741 17.1175 0.492661
    endloop
  endfacet
  facet normal 0.511435 0.853744 -0.0977496
    outer loop
      vertex 13.5824 17.7457 1.4264
      vertex 13.4494 17.8086 1.2799
      vertex 13.4562 17.8213 1.4264
    endloop
  endfacet
  facet normal 0.511808 0.853468 -0.0982066
    outer loop
      vertex 13.5743 17.7337 1.2799
      vertex 13.4494 17.8086 1.2799
      vertex 13.5824 17.7457 1.4264
    endloop
  endfacet
  facet normal 0.427269 0.904125 -0
    outer loop
      vertex 13.4571 17.8229 9.695
      vertex 13.324 17.8858 9.705
      vertex 13.4571 17.8229 9.705
    endloop
  endfacet
  facet normal 0.427269 0.904125 0
    outer loop
      vertex 13.324 17.8858 9.705
      vertex 13.4571 17.8229 9.695
      vertex 13.324 17.8858 9.695
    endloop
  endfacet
  facet normal 0.970262 0.143418 -0.194993
    outer loop
      vertex 14.2266 16.6454 1.2799
      vertex 14.198 16.6426 1.13553
      vertex 14.2053 16.7895 1.2799
    endloop
  endfacet
  facet normal 0.928334 0.232586 -0.29
    outer loop
      vertex 14.1771 16.7839 1.13553
      vertex 14.1352 16.7755 0.994665
      vertex 14.1424 16.9224 1.13553
    endloop
  endfacet
  facet normal 0.870077 0.311089 -0.382348
    outer loop
      vertex 14.0476 16.8936 0.858666
      vertex 14.0028 17.0189 0.858666
      vertex 14.1015 16.91 0.994665
    endloop
  endfacet
  facet normal 0.880983 0.0430879 -0.471182
    outer loop
      vertex 14.106 16.5 0.858666
      vertex 14.0304 16.6261 0.728846
      vertex 14.0995 16.6329 0.858666
    endloop
  endfacet
  facet normal 0.872514 0.129235 -0.471187
    outer loop
      vertex 14.0304 16.6261 0.728846
      vertex 14.0119 16.751 0.728846
      vertex 14.0995 16.6329 0.858666
    endloop
  endfacet
  facet normal 0.896292 0.224247 -0.382589
    outer loop
      vertex 14.0799 16.7645 0.858666
      vertex 14.0476 16.8936 0.858666
      vertex 14.1352 16.7755 0.994665
    endloop
  endfacet
  facet normal 0.855817 0.21412 -0.470883
    outer loop
      vertex 14.0799 16.7645 0.858666
      vertex 13.9812 16.8735 0.728846
      vertex 14.0476 16.8936 0.858666
    endloop
  endfacet
  facet normal 0.806741 -0.202564 -0.555101
    outer loop
      vertex 14.0119 -16.751 0.728846
      vertex 13.9029 -16.8497 0.606451
      vertex 13.9317 -16.735 0.606451
    endloop
  endfacet
  facet normal 0.750095 -0.188341 -0.633944
    outer loop
      vertex 13.9029 -16.8497 0.606451
      vertex 13.8401 -16.7168 0.492661
      vertex 13.9317 -16.735 0.606451
    endloop
  endfacet
  facet normal 0.615855 -0.154124 -0.772637
    outer loop
      vertex 13.714 -16.7924 0.388573
      vertex 13.6051 -16.7594 0.295188
      vertex 13.738 -16.6965 0.388573
    endloop
  endfacet
  facet normal 0.686329 -0.171761 -0.706718
    outer loop
      vertex 13.8401 -16.7168 0.492661
      vertex 13.714 -16.7924 0.388573
      vertex 13.738 -16.6965 0.388573
    endloop
  endfacet
  facet normal 0.349548 0.317294 -0.881556
    outer loop
      vertex 13.2458 16.9069 0.144015
      vertex 13.2035 16.9535 0.144015
      vertex 13.3461 16.9892 0.213407
    endloop
  endfacet
  facet normal 0.349755 0.316712 -0.881683
    outer loop
      vertex 13.3461 16.9892 0.213407
      vertex 13.2035 16.9535 0.144015
      vertex 13.2953 17.0453 0.213407
    endloop
  endfacet
  facet normal 0.523506 0.186756 -0.831302
    outer loop
      vertex 13.4879 16.7239 0.213407
      vertex 13.4625 16.7951 0.213407
      vertex 13.6051 16.7594 0.295188
    endloop
  endfacet
  facet normal 0.444258 0.158485 -0.881769
    outer loop
      vertex 13.4879 16.7239 0.213407
      vertex 13.3425 16.7454 0.144015
      vertex 13.4625 16.7951 0.213407
    endloop
  endfacet
  facet normal 0.633926 -0.0308292 -0.772779
    outer loop
      vertex 13.7525 -16.5987 0.388573
      vertex 13.6392 -16.5876 0.295188
      vertex 13.7573 -16.5 0.388573
    endloop
  endfacet
  facet normal 0.706648 -0.0343659 -0.70673
    outer loop
      vertex 13.8614 -16.5 0.492661
      vertex 13.7525 -16.5987 0.388573
      vertex 13.7573 -16.5 0.388573
    endloop
  endfacet
  facet normal 0.742317 0.550407 -0.382122
    outer loop
      vertex 13.8775 17.2533 0.858666
      vertex 13.8417 17.396 0.994665
      vertex 13.9243 17.2846 0.994665
    endloop
  endfacet
  facet normal 0.742137 0.550529 -0.382296
    outer loop
      vertex 13.8775 17.2533 0.858666
      vertex 13.7982 17.3602 0.858666
      vertex 13.8417 17.396 0.994665
    endloop
  endfacet
  facet normal 0.792223 0.475467 -0.38251
    outer loop
      vertex 13.9459 17.1392 0.858666
      vertex 13.9243 17.2846 0.994665
      vertex 13.9956 17.1658 0.994665
    endloop
  endfacet
  facet normal 0.820748 0.492587 -0.289363
    outer loop
      vertex 13.9956 17.1658 0.994665
      vertex 13.9243 17.2846 0.994665
      vertex 14.0332 17.1859 1.13553
    endloop
  endfacet
  facet normal 0.901057 -0.322477 -0.290008
    outer loop
      vertex 14.1424 -16.9224 1.13553
      vertex 14.0943 -17.0568 1.13553
      vertex 14.1015 -16.91 0.994665
    endloop
  endfacet
  facet normal 0.923464 -0.330496 -0.194904
    outer loop
      vertex 14.1699 -16.9307 1.2799
      vertex 14.0943 -17.0568 1.13553
      vertex 14.1424 -16.9224 1.13553
    endloop
  endfacet
  facet normal 0.928334 -0.232586 -0.29
    outer loop
      vertex 14.1424 -16.9224 1.13553
      vertex 14.1352 -16.7755 0.994665
      vertex 14.1771 -16.7839 1.13553
    endloop
  endfacet
  facet normal 0.94674 -0.140034 -0.289956
    outer loop
      vertex 14.1771 -16.7839 1.13553
      vertex 14.1352 -16.7755 0.994665
      vertex 14.198 -16.6426 1.13553
    endloop
  endfacet
  facet normal -0.378877 -0.05633 -0.923731
    outer loop
      vertex -13.2456 -16.5986 0.0876837
      vertex -13.379 -16.6251 0.144015
      vertex -13.2529 -16.5495 0.0876837
    endloop
  endfacet
  facet normal -0.287546 -0.0427513 -0.956812
    outer loop
      vertex -13.2456 -16.5986 0.0876837
      vertex -13.2529 -16.5495 0.0876837
      vertex -13.1075 -16.5711 0.0449524
    endloop
  endfacet
  facet normal -0.193251 -0.0283871 -0.980739
    outer loop
      vertex -13.1075 -16.5711 0.0449524
      vertex -13.1127 -16.5357 0.0449524
      vertex -12.9659 -16.5429 0.0162344
    endloop
  endfacet
  facet normal -0.273406 -0.0981664 -0.956877
    outer loop
      vertex -13.0867 -16.6395 0.0449524
      vertex -13.2169 -16.6934 0.0876837
      vertex -13.0988 -16.6058 0.0449524
    endloop
  endfacet
  facet normal -0.328567 -0.19714 -0.923677
    outer loop
      vertex -13.1702 -16.7807 0.0876837
      vertex -13.2832 -16.8563 0.144015
      vertex -13.1957 -16.7382 0.0876837
    endloop
  endfacet
  facet normal -0.360837 -0.129036 -0.923659
    outer loop
      vertex -13.2169 -16.6934 0.0876837
      vertex -13.3425 -16.7454 0.144015
      vertex -13.2336 -16.6467 0.0876837
    endloop
  endfacet
  facet normal -0.539187 -0.13498 -0.831299
    outer loop
      vertex -13.4879 -16.7239 0.213407
      vertex -13.6051 -16.7594 0.295188
      vertex -13.5063 -16.6504 0.213407
    endloop
  endfacet
  facet normal -0.457807 -0.114607 -0.881634
    outer loop
      vertex -13.4879 -16.7239 0.213407
      vertex -13.5063 -16.6504 0.213407
      vertex -13.379 -16.6251 0.144015
    endloop
  endfacet
  facet normal -0.471262 -0.023226 -0.881687
    outer loop
      vertex -13.3882 -16.5629 0.144015
      vertex -13.5174 -16.5756 0.213407
      vertex -13.3913 -16.5 0.144015
    endloop
  endfacet
  facet normal -0.466758 -0.0690382 -0.881686
    outer loop
      vertex -13.379 -16.6251 0.144015
      vertex -13.5174 -16.5756 0.213407
      vertex -13.3882 -16.5629 0.144015
    endloop
  endfacet
  facet normal -0.765112 -0.113455 -0.633823
    outer loop
      vertex -13.8401 -16.7168 0.492661
      vertex -13.949 -16.6181 0.606451
      vertex -13.8561 -16.6089 0.492661
    endloop
  endfacet
  facet normal -0.699836 -0.103776 -0.706725
    outer loop
      vertex -13.8401 -16.7168 0.492661
      vertex -13.8561 -16.6089 0.492661
      vertex -13.7525 -16.5987 0.388573
    endloop
  endfacet
  facet normal -0.78317 0.279804 -0.555297
    outer loop
      vertex -13.9029 16.8497 0.606451
      vertex -13.9387 16.9924 0.728846
      vertex -13.8631 16.9611 0.606451
    endloop
  endfacet
  facet normal -0.751577 0.355698 -0.555528
    outer loop
      vertex -13.8125 17.0679 0.606451
      vertex -13.9387 16.9924 0.728846
      vertex -13.8847 17.1065 0.728846
    endloop
  endfacet
  facet normal -0.663534 0.397695 -0.633689
    outer loop
      vertex -13.7302 17.0239 0.492661
      vertex -13.8125 17.0679 0.606451
      vertex -13.6741 17.1175 0.492661
    endloop
  endfacet
  facet normal -0.663605 0.396855 -0.634141
    outer loop
      vertex -13.6741 17.1175 0.492661
      vertex -13.8125 17.0679 0.606451
      vertex -13.7518 17.1694 0.606451
    endloop
  endfacet
  facet normal -0.606969 0.363792 -0.706572
    outer loop
      vertex -13.6384 16.9749 0.388573
      vertex -13.7302 17.0239 0.492661
      vertex -13.6741 17.1175 0.492661
    endloop
  endfacet
  facet normal -0.606771 0.363919 -0.706677
    outer loop
      vertex -13.6384 16.9749 0.388573
      vertex -13.6741 17.1175 0.492661
      vertex -13.5876 17.0596 0.388573
    endloop
  endfacet
  facet normal -0.539203 0.134959 -0.831292
    outer loop
      vertex -13.5063 16.6504 0.213407
      vertex -13.6264 16.6743 0.295188
      vertex -13.6051 16.7594 0.295188
    endloop
  endfacet
  facet normal -0.750417 0.187959 -0.633676
    outer loop
      vertex -13.8401 16.7168 0.492661
      vertex -13.9029 16.8497 0.606451
      vertex -13.8136 16.8226 0.492661
    endloop
  endfacet
  facet normal -0.195049 0.00983438 -0.980744
    outer loop
      vertex -12.9701 16.5 0.0162344
      vertex -13.1145 16.5 0.0449524
      vertex -13.1127 16.5357 0.0449524
    endloop
  endfacet
  facet normal -0.290198 0.0146318 -0.956855
    outer loop
      vertex -13.1145 16.5 0.0449524
      vertex -13.2529 16.5495 0.0876837
      vertex -13.1127 16.5357 0.0449524
    endloop
  endfacet
  facet normal -0.176743 0.0829611 -0.980754
    outer loop
      vertex -12.9533 16.5842 0.0162344
      vertex -13.0867 16.6395 0.0449524
      vertex -12.9441 16.6038 0.0162344
    endloop
  endfacet
  facet normal -0.281875 0.0706718 -0.956845
    outer loop
      vertex -13.1075 16.5711 0.0449524
      vertex -13.2336 16.6467 0.0876837
      vertex -13.0988 16.6058 0.0449524
    endloop
  endfacet
  facet normal -0.273629 0.0978501 -0.956845
    outer loop
      vertex -13.0988 16.6058 0.0449524
      vertex -13.2336 16.6467 0.0876837
      vertex -13.2169 16.6934 0.0876837
    endloop
  endfacet
  facet normal -0.346394 0.163918 -0.923657
    outer loop
      vertex -13.2169 16.6934 0.0876837
      vertex -13.3425 16.7454 0.144015
      vertex -13.1957 16.7382 0.0876837
    endloop
  endfacet
  facet normal -0.249212 0.149365 -0.956861
    outer loop
      vertex -13.0714 16.6718 0.0449524
      vertex -13.1702 16.7807 0.0876837
      vertex -13.053 16.7025 0.0449524
    endloop
  endfacet
  facet normal -0.249107 0.149464 -0.956873
    outer loop
      vertex -13.0714 16.6718 0.0449524
      vertex -13.1957 16.7382 0.0876837
      vertex -13.1702 16.7807 0.0876837
    endloop
  endfacet
  facet normal -0.215179 0.195244 -0.956858
    outer loop
      vertex -13.0317 16.7312 0.0449524
      vertex -13.1406 16.8206 0.0876837
      vertex -13.1073 16.8573 0.0876837
    endloop
  endfacet
  facet normal -0.144757 0.1311 -0.980744
    outer loop
      vertex -12.9056 16.6556 0.0162344
      vertex -13.0317 16.7312 0.0449524
      vertex -13.0077 16.7577 0.0449524
    endloop
  endfacet
  facet normal -0.411888 0.373809 -0.831033
    outer loop
      vertex -13.2953 17.0453 0.213407
      vertex -13.4407 17.0669 0.295188
      vertex -13.3818 17.1318 0.295188
    endloop
  endfacet
  facet normal -0.469969 0.42652 -0.772794
    outer loop
      vertex -13.4407 17.0669 0.295188
      vertex -13.4623 17.2123 0.388573
      vertex -13.3818 17.1318 0.295188
    endloop
  endfacet
  facet normal 0.0706718 -0.281875 -0.956845
    outer loop
      vertex 12.8967 -16.9836 0.0876837
      vertex 12.8211 -16.8575 0.0449524
      vertex 12.8558 -16.8488 0.0449524
    endloop
  endfacet
  facet normal 0.0978501 -0.273629 -0.956845
    outer loop
      vertex 12.8967 -16.9836 0.0876837
      vertex 12.8558 -16.8488 0.0449524
      vertex 12.9434 -16.9669 0.0876837
    endloop
  endfacet
  facet normal 0.163918 -0.346394 -0.923657
    outer loop
      vertex 12.9954 -17.0925 0.144015
      vertex 12.9434 -16.9669 0.0876837
      vertex 12.9882 -16.9457 0.0876837
    endloop
  endfacet
  facet normal 0.242525 -0.404624 -0.881737
    outer loop
      vertex 13.1135 -17.1801 0.213407
      vertex 13.1063 -17.0332 0.144015
      vertex 13.1784 -17.1412 0.213407
    endloop
  endfacet
  facet normal 0.0188612 -0.3827 -0.92368
    outer loop
      vertex 12.8129 -17.1382 0.144015
      vertex 12.75 -17.1413 0.144015
      vertex 12.7995 -17.0029 0.0876837
    endloop
  endfacet
  facet normal 0.0560608 -0.37902 -0.923689
    outer loop
      vertex 12.8129 -17.1382 0.144015
      vertex 12.7995 -17.0029 0.0876837
      vertex 12.8751 -17.129 0.144015
    endloop
  endfacet
  facet normal -0.0135057 0.097241 -0.995169
    outer loop
      vertex -12.7644 16.5722 0.00180626
      vertex -12.7929 16.7159 0.0162344
      vertex -12.7572 16.5732 0.00180626
    endloop
  endfacet
  facet normal -0.0244469 0.0950711 -0.99517
    outer loop
      vertex -12.7714 16.5704 0.00180626
      vertex -12.7929 16.7159 0.0162344
      vertex -12.7644 16.5722 0.00180626
    endloop
  endfacet
  facet normal -0.0981664 0.273406 -0.956877
    outer loop
      vertex -12.8895 16.8367 0.0449524
      vertex -12.9434 16.9669 0.0876837
      vertex -12.8558 16.8488 0.0449524
    endloop
  endfacet
  facet normal -0.065986 0.183779 -0.98075
    outer loop
      vertex -12.8342 16.7033 0.0162344
      vertex -12.8895 16.8367 0.0449524
      vertex -12.8558 16.8488 0.0449524
    endloop
  endfacet
  facet normal -0.0842454 0.0502755 -0.995176
    outer loop
      vertex -12.8149 16.5347 0.00180626
      vertex -12.9441 16.6038 0.0162344
      vertex -12.8112 16.5409 0.00180626
    endloop
  endfacet
  facet normal 0.0584655 0.0788604 -0.99517
    outer loop
      vertex 12.7967 16.5569 0.00180626
      vertex 12.7909 16.5612 0.00180626
      vertex 12.8896 16.6701 0.0162344
    endloop
  endfacet
  facet normal -0.273406 0.0981664 -0.956877
    outer loop
      vertex -13.0988 16.6058 0.0449524
      vertex -13.2169 16.6934 0.0876837
      vertex -13.0867 16.6395 0.0449524
    endloop
  endfacet
  facet normal -0.262556 0.124369 -0.956868
    outer loop
      vertex -13.0867 16.6395 0.0449524
      vertex -13.2169 16.6934 0.0876837
      vertex -13.0714 16.6718 0.0449524
    endloop
  endfacet
  facet normal -0.0786779 0.0586673 -0.995172
    outer loop
      vertex -12.8112 16.5409 0.00180626
      vertex -12.933 16.6223 0.0162344
      vertex -12.9201 16.6396 0.0162344
    endloop
  endfacet
  facet normal 0.0842454 -0.0502755 -0.995176
    outer loop
      vertex 12.9441 -16.6038 0.0162344
      vertex 12.8112 -16.5409 0.00180626
      vertex 12.8149 -16.5347 0.00180626
    endloop
  endfacet
  facet normal 0.084145 -0.050487 -0.995174
    outer loop
      vertex 12.933 -16.6223 0.0162344
      vertex 12.8112 -16.5409 0.00180626
      vertex 12.9441 -16.6038 0.0162344
    endloop
  endfacet
  facet normal 0.050487 0.084145 -0.995174
    outer loop
      vertex 12.8723 16.683 0.0162344
      vertex 12.7909 16.5612 0.00180626
      vertex 12.8538 16.6941 0.0162344
    endloop
  endfacet
  facet normal -0.116739 0.156557 -0.980746
    outer loop
      vertex -12.8896 16.6701 0.0162344
      vertex -12.9812 16.7817 0.0449524
      vertex -12.8723 16.683 0.0162344
    endloop
  endfacet
  facet normal -0.00983438 -0.195049 -0.980744
    outer loop
      vertex -12.75 -16.8645 0.0449524
      vertex -12.7857 -16.8627 0.0449524
      vertex -12.75 -16.7201 0.0162344
    endloop
  endfacet
  facet normal -0.0703656 -0.282049 -0.956816
    outer loop
      vertex -12.8486 -16.9956 0.0876837
      vertex -12.8967 -16.9836 0.0876837
      vertex -12.8211 -16.8575 0.0449524
    endloop
  endfacet
  facet normal -0.0925163 -0.0326528 -0.995176
    outer loop
      vertex -12.818 -16.5282 0.00180626
      vertex -12.9606 -16.5639 0.0162344
      vertex -12.8204 -16.5214 0.00180626
    endloop
  endfacet
  facet normal -0.0950711 0.0244469 -0.99517
    outer loop
      vertex -12.8222 16.5144 0.00180626
      vertex -12.9659 16.5429 0.0162344
      vertex -12.8204 16.5214 0.00180626
    endloop
  endfacet
  facet normal 0.257306 -0.283578 -0.923784
    outer loop
      vertex 13.1569 -16.9958 0.144015
      vertex 13.0706 -16.8906 0.0876837
      vertex 13.1073 -16.8573 0.0876837
    endloop
  endfacet
  facet normal 0.257382 -0.283546 -0.923773
    outer loop
      vertex 13.1569 -16.9958 0.144015
      vertex 13.1073 -16.8573 0.0876837
      vertex 13.2035 -16.9535 0.144015
    endloop
  endfacet
  facet normal 0.22829 -0.307729 -0.923681
    outer loop
      vertex 13.1063 -17.0332 0.144015
      vertex 13.0307 -16.9202 0.0876837
      vertex 13.0706 -16.8906 0.0876837
    endloop
  endfacet
  facet normal 0.124254 -0.262575 -0.956878
    outer loop
      vertex 12.9434 -16.9669 0.0876837
      vertex 12.9218 -16.8214 0.0449524
      vertex 12.9882 -16.9457 0.0876837
    endloop
  endfacet
  facet normal 0.149464 -0.249107 -0.956873
    outer loop
      vertex 12.9882 -16.9457 0.0876837
      vertex 12.9218 -16.8214 0.0449524
      vertex 13.0307 -16.9202 0.0876837
    endloop
  endfacet
  facet normal 0.149365 -0.249212 -0.956861
    outer loop
      vertex 13.0307 -16.9202 0.0876837
      vertex 12.9218 -16.8214 0.0449524
      vertex 12.9525 -16.803 0.0449524
    endloop
  endfacet
  facet normal -0.113218 -0.765037 -0.633956
    outer loop
      vertex -12.8681 -17.699 0.606451
      vertex -12.985 -17.6817 0.606451
      vertex -12.9668 -17.5901 0.492661
    endloop
  endfacet
  facet normal -0.0407985 -0.830742 -0.55516
    outer loop
      vertex -12.75 -17.7048 0.606451
      vertex -12.8761 -17.7804 0.728846
      vertex -12.8681 -17.699 0.606451
    endloop
  endfacet
  facet normal -0.0430879 -0.880983 -0.471182
    outer loop
      vertex -12.75 -17.856 0.858666
      vertex -12.8829 -17.8495 0.858666
      vertex -12.8761 -17.7804 0.728846
    endloop
  endfacet
  facet normal -0.129235 -0.872514 -0.471187
    outer loop
      vertex -12.8829 -17.8495 0.858666
      vertex -13.001 -17.7619 0.728846
      vertex -12.8761 -17.7804 0.728846
    endloop
  endfacet
  facet normal -0.495903 -0.667789 -0.555101
    outer loop
      vertex -13.4648 -17.5698 0.728846
      vertex -13.5662 -17.4945 0.728846
      vertex -13.5143 -17.4313 0.606451
    endloop
  endfacet
  facet normal -0.453458 -0.756695 -0.470943
    outer loop
      vertex -13.3892 -17.6959 0.858666
      vertex -13.4648 -17.5698 0.728846
      vertex -13.3565 -17.6347 0.728846
    endloop
  endfacet
  facet normal -0.331068 -0.698775 -0.63412
    outer loop
      vertex -13.2111 -17.6131 0.606451
      vertex -13.3179 -17.5625 0.606451
      vertex -13.1753 -17.5268 0.492661
    endloop
  endfacet
  facet normal -0.260154 -0.728171 -0.634104
    outer loop
      vertex -13.0997 -17.6529 0.606451
      vertex -13.2111 -17.6131 0.606451
      vertex -13.1753 -17.5268 0.492661
    endloop
  endfacet
  facet normal -0.317294 -0.349548 -0.881556
    outer loop
      vertex -13.1569 -16.9958 0.144015
      vertex -13.2392 -17.0961 0.213407
      vertex -13.2035 -16.9535 0.144015
    endloop
  endfacet
  facet normal -0.373159 -0.412091 -0.831224
    outer loop
      vertex -13.2392 -17.0961 0.213407
      vertex -13.3169 -17.1907 0.295188
      vertex -13.2953 -17.0453 0.213407
    endloop
  endfacet
  facet normal -0.751577 -0.355698 -0.555528
    outer loop
      vertex -13.8847 -17.1065 0.728846
      vertex -13.9387 -16.9924 0.728846
      vertex -13.8125 -17.0679 0.606451
    endloop
  endfacet
  facet normal -0.797369 -0.37737 -0.470952
    outer loop
      vertex -13.8847 -17.1065 0.728846
      vertex -13.9459 -17.1392 0.858666
      vertex -13.9387 -16.9924 0.728846
    endloop
  endfacet
  facet normal -0.663534 -0.397695 -0.633689
    outer loop
      vertex -13.6741 -17.1175 0.492661
      vertex -13.8125 -17.0679 0.606451
      vertex -13.7302 -17.0239 0.492661
    endloop
  endfacet
  facet normal -0.699416 -0.330556 -0.63368
    outer loop
      vertex -13.7302 -17.0239 0.492661
      vertex -13.8125 -17.0679 0.606451
      vertex -13.7768 -16.9253 0.492661
    endloop
  endfacet
  facet normal -0.32603 -0.544833 -0.772568
    outer loop
      vertex -13.1712 -17.288 0.295188
      vertex -13.3096 -17.3376 0.388573
      vertex -13.2464 -17.243 0.295188
    endloop
  endfacet
  facet normal -0.378287 -0.509928 -0.772575
    outer loop
      vertex -13.3096 -17.3376 0.388573
      vertex -13.3169 -17.1907 0.295188
      vertex -13.2464 -17.243 0.295188
    endloop
  endfacet
  facet normal -0.187863 -0.523604 -0.830991
    outer loop
      vertex -13.0094 -17.3551 0.295188
      vertex -13.0919 -17.3255 0.295188
      vertex -13.0451 -17.2125 0.213407
    endloop
  endfacet
  facet normal -0.238074 -0.502601 -0.831092
    outer loop
      vertex -13.0451 -17.2125 0.213407
      vertex -13.1712 -17.288 0.295188
      vertex -13.1135 -17.1801 0.213407
    endloop
  endfacet
  facet normal -0.159104 -0.444289 -0.881642
    outer loop
      vertex -12.9739 -17.2379 0.213407
      vertex -12.9954 -17.0925 0.144015
      vertex -12.9362 -17.1137 0.144015
    endloop
  endfacet
  facet normal -0.129177 -0.360721 -0.923685
    outer loop
      vertex -12.9362 -17.1137 0.144015
      vertex -12.9954 -17.0925 0.144015
      vertex -12.8967 -16.9836 0.0876837
    endloop
  endfacet
  facet normal -0.0692737 -0.466818 -0.881636
    outer loop
      vertex -12.8256 -17.2674 0.213407
      vertex -12.9004 -17.2563 0.213407
      vertex -12.8751 -17.129 0.144015
    endloop
  endfacet
  facet normal -0.0690382 -0.466758 -0.881686
    outer loop
      vertex -12.8256 -17.2674 0.213407
      vertex -12.8751 -17.129 0.144015
      vertex -12.8129 -17.1382 0.144015
    endloop
  endfacet
  facet normal -0.373809 -0.411888 -0.831033
    outer loop
      vertex -13.3169 -17.1907 0.295188
      vertex -13.3818 -17.1318 0.295188
      vertex -13.2953 -17.0453 0.213407
    endloop
  endfacet
  facet normal -0.509931 -0.378273 -0.77258
    outer loop
      vertex -13.5287 -17.139 0.388573
      vertex -13.5876 -17.0596 0.388573
      vertex -13.4407 -17.0669 0.295188
    endloop
  endfacet
  facet normal -0.469969 -0.42652 -0.772794
    outer loop
      vertex -13.3818 -17.1318 0.295188
      vertex -13.4623 -17.2123 0.388573
      vertex -13.4407 -17.0669 0.295188
    endloop
  endfacet
  facet normal -0.42652 -0.469969 -0.772794
    outer loop
      vertex -13.3169 -17.1907 0.295188
      vertex -13.4623 -17.2123 0.388573
      vertex -13.3818 -17.1318 0.295188
    endloop
  endfacet
  facet normal -0.446501 -0.331234 -0.831216
    outer loop
      vertex -13.4407 -17.0669 0.295188
      vertex -13.493 -16.9964 0.295188
      vertex -13.3912 -16.9284 0.213407
    endloop
  endfacet
  facet normal -0.446524 -0.331221 -0.831209
    outer loop
      vertex -13.3461 -16.9892 0.213407
      vertex -13.4407 -17.0669 0.295188
      vertex -13.3912 -16.9284 0.213407
    endloop
  endfacet
  facet normal -0.0981664 -0.273406 -0.956877
    outer loop
      vertex -12.8558 -16.8488 0.0449524
      vertex -12.9434 -16.9669 0.0876837
      vertex -12.8895 -16.8367 0.0449524
    endloop
  endfacet
  facet normal -0.0978501 -0.273629 -0.956845
    outer loop
      vertex -12.8967 -16.9836 0.0876837
      vertex -12.9434 -16.9669 0.0876837
      vertex -12.8558 -16.8488 0.0449524
    endloop
  endfacet
  facet normal -0.242754 -0.404591 -0.88169
    outer loop
      vertex -13.0523 -17.0656 0.144015
      vertex -13.1135 -17.1801 0.213407
      vertex -13.1063 -17.0332 0.144015
    endloop
  endfacet
  facet normal -0.19714 -0.328567 -0.923677
    outer loop
      vertex -13.0523 -17.0656 0.144015
      vertex -13.1063 -17.0332 0.144015
      vertex -12.9882 -16.9457 0.0876837
    endloop
  endfacet
  facet normal -0.404624 -0.242525 -0.881737
    outer loop
      vertex -13.3912 -16.9284 0.213407
      vertex -13.4301 -16.8635 0.213407
      vertex -13.2832 -16.8563 0.144015
    endloop
  endfacet
  facet normal -0.477015 -0.285915 -0.831089
    outer loop
      vertex -13.3912 -16.9284 0.213407
      vertex -13.538 -16.9212 0.295188
      vertex -13.4301 -16.8635 0.213407
    endloop
  endfacet
  facet normal -0.0502755 0.0842454 -0.995176
    outer loop
      vertex -12.7909 16.5612 0.00180626
      vertex -12.8538 16.6941 0.0162344
      vertex -12.7847 16.5649 0.00180626
    endloop
  endfacet
  facet normal -0.0474979 -0.189446 -0.980742
    outer loop
      vertex -12.8211 -16.8575 0.0449524
      vertex -12.8558 -16.8488 0.0449524
      vertex -12.7929 -16.7159 0.0162344
    endloop
  endfacet
  facet normal -0.1311 -0.144757 -0.980744
    outer loop
      vertex -12.9812 -16.7817 0.0449524
      vertex -13.0077 -16.7577 0.0449524
      vertex -12.9056 -16.6556 0.0162344
    endloop
  endfacet
  facet normal -0.16759 -0.100445 -0.980726
    outer loop
      vertex -13.053 -16.7025 0.0449524
      vertex -13.0714 -16.6718 0.0449524
      vertex -12.9441 -16.6038 0.0162344
    endloop
  endfacet
  facet normal -0.100516 -0.167527 -0.98073
    outer loop
      vertex -12.8538 -16.6941 0.0162344
      vertex -12.9525 -16.803 0.0449524
      vertex -12.8723 -16.683 0.0162344
    endloop
  endfacet
  facet normal -0.149464 -0.249107 -0.956873
    outer loop
      vertex -12.9882 -16.9457 0.0876837
      vertex -13.0307 -16.9202 0.0876837
      vertex -12.9218 -16.8214 0.0449524
    endloop
  endfacet
  facet normal 0.243175 0.969982 -0
    outer loop
      vertex 13.1854 17.9354 9.695
      vertex 13.0426 17.9712 9.705
      vertex 13.1854 17.9354 9.705
    endloop
  endfacet
  facet normal 0.243175 0.969982 0
    outer loop
      vertex 13.0426 17.9712 9.705
      vertex 13.1854 17.9354 9.695
      vertex 13.0426 17.9712 9.695
    endloop
  endfacet
  facet normal 0.238361 0.951382 -0.195081
    outer loop
      vertex 13.1724 17.8924 1.13553
      vertex 13.0339 17.9271 1.13553
      vertex 13.0395 17.9553 1.2799
    endloop
  endfacet
  facet normal 0.143509 0.970231 -0.195083
    outer loop
      vertex 13.0339 17.9271 1.13553
      vertex 12.8926 17.948 1.13553
      vertex 13.0395 17.9553 1.2799
    endloop
  endfacet
  facet normal 0.523506 -0.186756 -0.831302
    outer loop
      vertex 13.6051 -16.7594 0.295188
      vertex 13.4625 -16.7951 0.213407
      vertex 13.4879 -16.7239 0.213407
    endloop
  endfacet
  facet normal 0.444289 -0.159104 -0.881642
    outer loop
      vertex 13.4879 -16.7239 0.213407
      vertex 13.3425 -16.7454 0.144015
      vertex 13.3637 -16.6862 0.144015
    endloop
  endfacet
  facet normal 0.555379 -0.0272618 -0.83115
    outer loop
      vertex 13.6392 -16.5876 0.295188
      vertex 13.5174 -16.5756 0.213407
      vertex 13.6435 -16.5 0.295188
    endloop
  endfacet
  facet normal 0.550071 -0.08121 -0.83116
    outer loop
      vertex 13.6264 -16.6743 0.295188
      vertex 13.5174 -16.5756 0.213407
      vertex 13.6392 -16.5876 0.295188
    endloop
  endfacet
  facet normal 0.666432 -0.238369 -0.706433
    outer loop
      vertex 13.7768 -16.9253 0.492661
      vertex 13.6807 -16.8855 0.388573
      vertex 13.714 -16.7924 0.388573
    endloop
  endfacet
  facet normal 0.666105 -0.238682 -0.706636
    outer loop
      vertex 13.7768 -16.9253 0.492661
      vertex 13.714 -16.7924 0.388573
      vertex 13.8136 -16.8226 0.492661
    endloop
  endfacet
  facet normal -0.0842454 -0.0502755 -0.995176
    outer loop
      vertex -12.8112 -16.5409 0.00180626
      vertex -12.9441 -16.6038 0.0162344
      vertex -12.8149 -16.5347 0.00180626
    endloop
  endfacet
  facet normal 0.0326528 0.0925163 -0.995176
    outer loop
      vertex 12.7782 16.568 0.00180626
      vertex 12.7714 16.5704 0.00180626
      vertex 12.8139 16.7106 0.0162344
    endloop
  endfacet
  facet normal -0.09801 0.005445 -0.995171
    outer loop
      vertex -12.8236 16.5 0.00180626
      vertex -12.9701 16.5 0.0162344
      vertex -12.8232 16.5072 0.00180626
    endloop
  endfacet
  facet normal 0.0477795 0.189315 -0.980753
    outer loop
      vertex 12.8139 16.7106 0.0162344
      vertex 12.7929 16.7159 0.0162344
      vertex 12.8558 16.8488 0.0449524
    endloop
  endfacet
  facet normal 0.0660827 0.183764 -0.980747
    outer loop
      vertex 12.8342 16.7033 0.0162344
      vertex 12.8139 16.7106 0.0162344
      vertex 12.8558 16.8488 0.0449524
    endloop
  endfacet
  facet normal -0.0727413 0.0659218 -0.99517
    outer loop
      vertex -12.8069 16.5467 0.00180626
      vertex -12.9201 16.6396 0.0162344
      vertex -12.9056 16.6556 0.0162344
    endloop
  endfacet
  facet normal -0.16759 0.100445 -0.980726
    outer loop
      vertex -12.9441 16.6038 0.0162344
      vertex -13.0714 16.6718 0.0449524
      vertex -13.053 16.7025 0.0449524
    endloop
  endfacet
  facet normal -0.176569 0.0836378 -0.980728
    outer loop
      vertex -12.9441 16.6038 0.0162344
      vertex -13.0867 16.6395 0.0449524
      vertex -13.0714 16.6718 0.0449524
    endloop
  endfacet
  facet normal 0.0888597 0.0417097 -0.99517
    outer loop
      vertex 12.9533 16.5842 0.0162344
      vertex 12.818 16.5282 0.00180626
      vertex 12.9441 16.6038 0.0162344
    endloop
  endfacet
  facet normal 0.176743 0.0829611 -0.980754
    outer loop
      vertex 12.9533 16.5842 0.0162344
      vertex 12.9441 16.6038 0.0162344
      vertex 13.0867 16.6395 0.0449524
    endloop
  endfacet
  facet normal 0.176569 0.0836378 -0.980728
    outer loop
      vertex 13.0867 16.6395 0.0449524
      vertex 12.9441 16.6038 0.0162344
      vertex 13.0714 16.6718 0.0449524
    endloop
  endfacet
  facet normal 0.262556 0.124369 -0.956868
    outer loop
      vertex 13.0867 16.6395 0.0449524
      vertex 13.0714 16.6718 0.0449524
      vertex 13.2169 16.6934 0.0876837
    endloop
  endfacet
  facet normal 0.371682 0.0930727 -0.923683
    outer loop
      vertex 13.379 16.6251 0.144015
      vertex 13.2336 16.6467 0.0876837
      vertex 13.3637 16.6862 0.144015
    endloop
  endfacet
  facet normal 0.287546 0.0427513 -0.956812
    outer loop
      vertex 13.2529 16.5495 0.0876837
      vertex 13.1075 16.5711 0.0449524
      vertex 13.2456 16.5986 0.0876837
    endloop
  endfacet
  facet normal 0.281875 0.0706718 -0.956845
    outer loop
      vertex 13.1075 16.5711 0.0449524
      vertex 13.0988 16.6058 0.0449524
      vertex 13.2336 16.6467 0.0876837
    endloop
  endfacet
  facet normal 0.273629 0.0978501 -0.956845
    outer loop
      vertex 13.2336 16.6467 0.0876837
      vertex 13.0988 16.6058 0.0449524
      vertex 13.2169 16.6934 0.0876837
    endloop
  endfacet
  facet normal 0.519287 0.573202 -0.633861
    outer loop
      vertex 13.5359 17.2859 0.492661
      vertex 13.4551 17.3591 0.492661
      vertex 13.5143 17.4313 0.606451
    endloop
  endfacet
  facet normal 0.568219 0.421624 -0.706654
    outer loop
      vertex 13.6741 17.1175 0.492661
      vertex 13.5287 17.139 0.388573
      vertex 13.6091 17.2051 0.492661
    endloop
  endfacet
  facet normal 0.373809 0.411888 -0.831033
    outer loop
      vertex 13.3818 17.1318 0.295188
      vertex 13.2953 17.0453 0.213407
      vertex 13.3169 17.1907 0.295188
    endloop
  endfacet
  facet normal 0.475019 0.524381 -0.70667
    outer loop
      vertex 13.4623 17.2123 0.388573
      vertex 13.389 17.2787 0.388573
      vertex 13.5359 17.2859 0.492661
    endloop
  endfacet
  facet normal 0.713236 0.427415 -0.555528
    outer loop
      vertex 13.8847 17.1065 0.728846
      vertex 13.8125 17.0679 0.606451
      vertex 13.8198 17.2148 0.728846
    endloop
  endfacet
  facet normal 0.751577 0.355698 -0.555528
    outer loop
      vertex 13.9387 16.9924 0.728846
      vertex 13.8125 17.0679 0.606451
      vertex 13.8847 17.1065 0.728846
    endloop
  endfacet
  facet normal 0.396855 0.663605 -0.634141
    outer loop
      vertex 13.3675 17.4241 0.492661
      vertex 13.3179 17.5625 0.606451
      vertex 13.4194 17.5018 0.606451
    endloop
  endfacet
  facet normal 0.426946 0.713922 -0.555007
    outer loop
      vertex 13.4194 17.5018 0.606451
      vertex 13.3179 17.5625 0.606451
      vertex 13.4648 17.5698 0.728846
    endloop
  endfacet
  facet normal 0.0469252 0.955933 -0.289811
    outer loop
      vertex 12.8884 17.9055 0.994665
      vertex 12.75 17.955 1.13553
      vertex 12.8926 17.948 1.13553
    endloop
  endfacet
  facet normal 0.0480842 0.979543 -0.195406
    outer loop
      vertex 12.8926 17.948 1.13553
      vertex 12.75 17.955 1.13553
      vertex 12.75 17.9838 1.2799
    endloop
  endfacet
  facet normal 0.238517 0.951373 -0.194933
    outer loop
      vertex 13.1724 17.8924 1.13553
      vertex 13.0395 17.9553 1.2799
      vertex 13.1807 17.9199 1.2799
    endloop
  endfacet
  facet normal 0.330496 0.923464 -0.194904
    outer loop
      vertex 13.3068 17.8443 1.13553
      vertex 13.1724 17.8924 1.13553
      vertex 13.1807 17.9199 1.2799
    endloop
  endfacet
  facet normal 0.524351 0.475031 -0.706684
    outer loop
      vertex 13.6091 17.2051 0.492661
      vertex 13.5287 17.139 0.388573
      vertex 13.5359 17.2859 0.492661
    endloop
  endfacet
  facet normal 0.573202 0.519287 -0.633861
    outer loop
      vertex 13.6091 17.2051 0.492661
      vertex 13.5359 17.2859 0.492661
      vertex 13.6813 17.2643 0.606451
    endloop
  endfacet
  facet normal 0.425272 0.899772 -0.0977403
    outer loop
      vertex 13.4494 17.8086 1.2799
      vertex 13.3178 17.8708 1.2799
      vertex 13.4562 17.8213 1.4264
    endloop
  endfacet
  facet normal 0.41914 0.886797 -0.194713
    outer loop
      vertex 13.4494 17.8086 1.2799
      vertex 13.3068 17.8443 1.13553
      vertex 13.3178 17.8708 1.2799
    endloop
  endfacet
  facet normal 0.979543 0.0480842 -0.195406
    outer loop
      vertex 14.205 16.5 1.13553
      vertex 14.198 16.6426 1.13553
      vertex 14.2338 16.5 1.2799
    endloop
  endfacet
  facet normal 0.979603 0.0485085 -0.195002
    outer loop
      vertex 14.2338 16.5 1.2799
      vertex 14.198 16.6426 1.13553
      vertex 14.2266 16.6454 1.2799
    endloop
  endfacet
  facet normal 0.923464 0.330496 -0.194904
    outer loop
      vertex 14.1424 16.9224 1.13553
      vertex 14.0943 17.0568 1.13553
      vertex 14.1699 16.9307 1.2799
    endloop
  endfacet
  facet normal 0.951373 0.238517 -0.194933
    outer loop
      vertex 14.2053 16.7895 1.2799
      vertex 14.1424 16.9224 1.13553
      vertex 14.1699 16.9307 1.2799
    endloop
  endfacet
  facet normal 0.913837 0.136103 -0.382593
    outer loop
      vertex 14.0995 16.6329 0.858666
      vertex 14.0799 16.7645 0.858666
      vertex 14.1352 16.7755 0.994665
    endloop
  endfacet
  facet normal 0.8727 0.129977 -0.470639
    outer loop
      vertex 14.0995 16.6329 0.858666
      vertex 14.0119 16.751 0.728846
      vertex 14.0799 16.7645 0.858666
    endloop
  endfacet
  facet normal 0.822783 -0.121763 -0.555159
    outer loop
      vertex 14.0304 -16.6261 0.728846
      vertex 13.9317 -16.735 0.606451
      vertex 13.949 -16.6181 0.606451
    endloop
  endfacet
  facet normal 0.765037 -0.113218 -0.633956
    outer loop
      vertex 13.9317 -16.735 0.606451
      vertex 13.8401 -16.7168 0.492661
      vertex 13.949 -16.6181 0.606451
    endloop
  endfacet
  facet normal 0.477015 0.285915 -0.831089
    outer loop
      vertex 13.4301 16.8635 0.213407
      vertex 13.3912 16.9284 0.213407
      vertex 13.538 16.9212 0.295188
    endloop
  endfacet
  facet normal 0.404624 0.242525 -0.881737
    outer loop
      vertex 13.4301 16.8635 0.213407
      vertex 13.2832 16.8563 0.144015
      vertex 13.3912 16.9284 0.213407
    endloop
  endfacet
  facet normal 0.684776 0.620099 -0.38283
    outer loop
      vertex 13.8417 17.396 0.994665
      vertex 13.7088 17.4588 0.858666
      vertex 13.7487 17.4987 0.994665
    endloop
  endfacet
  facet normal 0.709335 0.642338 -0.290252
    outer loop
      vertex 13.8417 17.396 0.994665
      vertex 13.7487 17.4987 0.994665
      vertex 13.8748 17.4231 1.13553
    endloop
  endfacet
  facet normal -0.287481 -0.0422289 -0.956855
    outer loop
      vertex -13.1075 -16.5711 0.0449524
      vertex -13.2529 -16.5495 0.0876837
      vertex -13.1127 -16.5357 0.0449524
    endloop
  endfacet
  facet normal -0.371649 -0.092719 -0.923732
    outer loop
      vertex -13.2336 -16.6467 0.0876837
      vertex -13.379 -16.6251 0.144015
      vertex -13.2456 -16.5986 0.0876837
    endloop
  endfacet
  facet normal -0.0332183 -0.0923742 -0.99517
    outer loop
      vertex -12.8139 -16.7106 0.0162344
      vertex -12.8342 -16.7033 0.0162344
      vertex -12.7782 -16.568 0.00180626
    endloop
  endfacet
  facet normal -0.189315 -0.0477795 -0.980753
    outer loop
      vertex -12.9606 -16.5639 0.0162344
      vertex -13.0988 -16.6058 0.0449524
      vertex -12.9659 -16.5429 0.0162344
    endloop
  endfacet
  facet normal -0.444258 -0.158485 -0.881769
    outer loop
      vertex -13.4625 -16.7951 0.213407
      vertex -13.4879 -16.7239 0.213407
      vertex -13.3425 -16.7454 0.144015
    endloop
  endfacet
  facet normal -0.360721 -0.129177 -0.923685
    outer loop
      vertex -13.3425 -16.7454 0.144015
      vertex -13.3637 -16.6862 0.144015
      vertex -13.2336 -16.6467 0.0876837
    endloop
  endfacet
  facet normal -0.183779 -0.065986 -0.98075
    outer loop
      vertex -13.0867 -16.6395 0.0449524
      vertex -13.0988 -16.6058 0.0449524
      vertex -12.9533 -16.5842 0.0162344
    endloop
  endfacet
  facet normal -0.346394 -0.163918 -0.923657
    outer loop
      vertex -13.1957 -16.7382 0.0876837
      vertex -13.3425 -16.7454 0.144015
      vertex -13.2169 -16.6934 0.0876837
    endloop
  endfacet
  facet normal -0.262575 -0.124254 -0.956878
    outer loop
      vertex -13.1957 -16.7382 0.0876837
      vertex -13.2169 -16.6934 0.0876837
      vertex -13.0714 -16.6718 0.0449524
    endloop
  endfacet
  facet normal -0.728171 0.260154 -0.634104
    outer loop
      vertex -13.7768 16.9253 0.492661
      vertex -13.9029 16.8497 0.606451
      vertex -13.8631 16.9611 0.606451
    endloop
  endfacet
  facet normal -0.751573 0.356082 -0.555287
    outer loop
      vertex -13.8631 16.9611 0.606451
      vertex -13.9387 16.9924 0.728846
      vertex -13.8125 17.0679 0.606451
    endloop
  endfacet
  facet normal -0.568237 0.421526 -0.706699
    outer loop
      vertex -13.5876 17.0596 0.388573
      vertex -13.6741 17.1175 0.492661
      vertex -13.5287 17.139 0.388573
    endloop
  endfacet
  facet normal -0.544833 0.32603 -0.772568
    outer loop
      vertex -13.538 16.9212 0.295188
      vertex -13.5876 17.0596 0.388573
      vertex -13.493 16.9964 0.295188
    endloop
  endfacet
  facet normal -0.615855 0.154124 -0.772637
    outer loop
      vertex -13.6051 16.7594 0.295188
      vertex -13.738 16.6965 0.388573
      vertex -13.714 16.7924 0.388573
    endloop
  endfacet
  facet normal -0.639907 0.302431 -0.706438
    outer loop
      vertex -13.6807 16.8855 0.388573
      vertex -13.7768 16.9253 0.492661
      vertex -13.7302 17.0239 0.492661
    endloop
  endfacet
  facet normal -0.282049 0.0703656 -0.956816
    outer loop
      vertex -13.1075 16.5711 0.0449524
      vertex -13.2456 16.5986 0.0876837
      vertex -13.2336 16.6467 0.0876837
    endloop
  endfacet
  facet normal -0.371649 0.092719 -0.923732
    outer loop
      vertex -13.2456 16.5986 0.0876837
      vertex -13.379 16.6251 0.144015
      vertex -13.2336 16.6467 0.0876837
    endloop
  endfacet
  facet normal -0.215416 0.195094 -0.956835
    outer loop
      vertex -13.0317 16.7312 0.0449524
      vertex -13.1073 16.8573 0.0876837
      vertex -13.0077 16.7577 0.0449524
    endloop
  endfacet
  facet normal -0.195094 0.215416 -0.956835
    outer loop
      vertex -13.0077 16.7577 0.0449524
      vertex -13.1073 16.8573 0.0876837
      vertex -12.9812 16.7817 0.0449524
    endloop
  endfacet
  facet normal 0.129177 -0.360721 -0.923685
    outer loop
      vertex 12.9362 -17.1137 0.144015
      vertex 12.8967 -16.9836 0.0876837
      vertex 12.9954 -17.0925 0.144015
    endloop
  endfacet
  facet normal 0.129036 -0.360837 -0.923659
    outer loop
      vertex 12.9954 -17.0925 0.144015
      vertex 12.8967 -16.9836 0.0876837
      vertex 12.9434 -16.9669 0.0876837
    endloop
  endfacet
  facet normal -0.0584655 0.0788604 -0.99517
    outer loop
      vertex -12.7967 16.5569 0.00180626
      vertex -12.8896 16.6701 0.0162344
      vertex -12.7909 16.5612 0.00180626
    endloop
  endfacet
  facet normal 0.0244469 0.0950711 -0.99517
    outer loop
      vertex 12.7714 16.5704 0.00180626
      vertex 12.7644 16.5722 0.00180626
      vertex 12.7929 16.7159 0.0162344
    endloop
  endfacet
  facet normal -0.167527 0.100516 -0.98073
    outer loop
      vertex -12.9441 16.6038 0.0162344
      vertex -13.053 16.7025 0.0449524
      vertex -12.933 16.6223 0.0162344
    endloop
  endfacet
  facet normal -0.084145 0.050487 -0.995174
    outer loop
      vertex -12.8112 16.5409 0.00180626
      vertex -12.9441 16.6038 0.0162344
      vertex -12.933 16.6223 0.0162344
    endloop
  endfacet
  facet normal -0.0665806 0.0720157 -0.995179
    outer loop
      vertex -12.802 16.552 0.00180626
      vertex -12.9056 16.6556 0.0162344
      vertex -12.7967 16.5569 0.00180626
    endloop
  endfacet
  facet normal -0.144723 0.131155 -0.980741
    outer loop
      vertex -12.9201 16.6396 0.0162344
      vertex -13.0317 16.7312 0.0449524
      vertex -12.9056 16.6556 0.0162344
    endloop
  endfacet
  facet normal 0 0 -1
    outer loop
      vertex 12.75 -16.5736 0.00180626
      vertex 12.8236 -16.5 0.00180626
      vertex 12.8232 -16.5072 0.00180626
    endloop
  endfacet
  facet normal 0 0 -1
    outer loop
      vertex 12.8236 -16.5 0.00180626
      vertex 12.25 -10 0.00180626
      vertex 12.8236 16.5 0.00180626
    endloop
  endfacet
  facet normal 0 0 -1
    outer loop
      vertex 12.75 -16.5736 0.00180626
      vertex 12.8232 -16.5072 0.00180626
      vertex 12.8222 -16.5144 0.00180626
    endloop
  endfacet
  facet normal 0 0 -1
    outer loop
      vertex 12.25 10 0.00180626
      vertex 12.8236 16.5 0.00180626
      vertex 12.25 -10 0.00180626
    endloop
  endfacet
  facet normal 0 0 -1
    outer loop
      vertex 12.75 -16.5736 0.00180626
      vertex 12.8222 -16.5144 0.00180626
      vertex 12.8204 -16.5214 0.00180626
    endloop
  endfacet
  facet normal 0 -0 -1
    outer loop
      vertex 12.75 16.5736 0.00180626
      vertex 12.8236 16.5 0.00180626
      vertex 12.25 10 0.00180626
    endloop
  endfacet
  facet normal 0 0 -1
    outer loop
      vertex 12.75 -16.5736 0.00180626
      vertex 12.8204 -16.5214 0.00180626
      vertex 12.818 -16.5282 0.00180626
    endloop
  endfacet
  facet normal 0 0 -1
    outer loop
      vertex 12.8236 16.5 0.00180626
      vertex 12.75 16.5736 0.00180626
      vertex 12.8232 16.5072 0.00180626
    endloop
  endfacet
  facet normal 0 0 -1
    outer loop
      vertex 12.75 -16.5736 0.00180626
      vertex 12.818 -16.5282 0.00180626
      vertex 12.8149 -16.5347 0.00180626
    endloop
  endfacet
  facet normal 0 0 -1
    outer loop
      vertex 12.8232 16.5072 0.00180626
      vertex 12.75 16.5736 0.00180626
      vertex 12.8222 16.5144 0.00180626
    endloop
  endfacet
  facet normal 0 0 -1
    outer loop
      vertex 12.75 -16.5736 0.00180626
      vertex 12.8149 -16.5347 0.00180626
      vertex 12.8112 -16.5409 0.00180626
    endloop
  endfacet
  facet normal 0 0 -1
    outer loop
      vertex 12.8222 16.5144 0.00180626
      vertex 12.75 16.5736 0.00180626
      vertex 12.8204 16.5214 0.00180626
    endloop
  endfacet
  facet normal 0 0 -1
    outer loop
      vertex 12.75 -16.5736 0.00180626
      vertex 12.8112 -16.5409 0.00180626
      vertex 12.8069 -16.5467 0.00180626
    endloop
  endfacet
  facet normal 0 0 -1
    outer loop
      vertex 12.8204 16.5214 0.00180626
      vertex 12.75 16.5736 0.00180626
      vertex 12.818 16.5282 0.00180626
    endloop
  endfacet
  facet normal 0 0 -1
    outer loop
      vertex 12.75 -16.5736 0.00180626
      vertex 12.8069 -16.5467 0.00180626
      vertex 12.802 -16.552 0.00180626
    endloop
  endfacet
  facet normal 0 0 -1
    outer loop
      vertex 12.818 16.5282 0.00180626
      vertex 12.75 16.5736 0.00180626
      vertex 12.8149 16.5347 0.00180626
    endloop
  endfacet
  facet normal 0 0 -1
    outer loop
      vertex 12.75 -16.5736 0.00180626
      vertex 12.802 -16.552 0.00180626
      vertex 12.7967 -16.5569 0.00180626
    endloop
  endfacet
  facet normal 0 0 -1
    outer loop
      vertex 12.8149 16.5347 0.00180626
      vertex 12.75 16.5736 0.00180626
      vertex 12.8112 16.5409 0.00180626
    endloop
  endfacet
  facet normal 0 0 -1
    outer loop
      vertex 12.75 -16.5736 0.00180626
      vertex 12.7967 -16.5569 0.00180626
      vertex 12.7909 -16.5612 0.00180626
    endloop
  endfacet
  facet normal 0 0 -1
    outer loop
      vertex 12.8112 16.5409 0.00180626
      vertex 12.75 16.5736 0.00180626
      vertex 12.8069 16.5467 0.00180626
    endloop
  endfacet
  facet normal 0 0 -1
    outer loop
      vertex 12.75 -16.5736 0.00180626
      vertex 12.7909 -16.5612 0.00180626
      vertex 12.7847 -16.5649 0.00180626
    endloop
  endfacet
  facet normal 0 0 -1
    outer loop
      vertex 12.8069 16.5467 0.00180626
      vertex 12.75 16.5736 0.00180626
      vertex 12.802 16.552 0.00180626
    endloop
  endfacet
  facet normal 0 0 -1
    outer loop
      vertex 12.75 -16.5736 0.00180626
      vertex 12.7847 -16.5649 0.00180626
      vertex 12.7782 -16.568 0.00180626
    endloop
  endfacet
  facet normal 0 0 -1
    outer loop
      vertex 12.802 16.552 0.00180626
      vertex 12.75 16.5736 0.00180626
      vertex 12.7967 16.5569 0.00180626
    endloop
  endfacet
  facet normal 0 0 -1
    outer loop
      vertex 12.75 -16.5736 0.00180626
      vertex 12.7782 -16.568 0.00180626
      vertex 12.7714 -16.5704 0.00180626
    endloop
  endfacet
  facet normal 0 0 -1
    outer loop
      vertex 12.7967 16.5569 0.00180626
      vertex 12.75 16.5736 0.00180626
      vertex 12.7909 16.5612 0.00180626
    endloop
  endfacet
  facet normal 0 0 -1
    outer loop
      vertex 12.75 -16.5736 0.00180626
      vertex 12.7714 -16.5704 0.00180626
      vertex 12.7644 -16.5722 0.00180626
    endloop
  endfacet
  facet normal 0 0 -1
    outer loop
      vertex 12.7909 16.5612 0.00180626
      vertex 12.75 16.5736 0.00180626
      vertex 12.7847 16.5649 0.00180626
    endloop
  endfacet
  facet normal 0 0 -1
    outer loop
      vertex 12.75 -16.5736 0.00180626
      vertex 12.7644 -16.5722 0.00180626
      vertex 12.7572 -16.5732 0.00180626
    endloop
  endfacet
  facet normal 0 0 -1
    outer loop
      vertex 12.7847 16.5649 0.00180626
      vertex 12.75 16.5736 0.00180626
      vertex 12.7782 16.568 0.00180626
    endloop
  endfacet
  facet normal -0 0 -1
    outer loop
      vertex 12.8236 -16.5 0.00180626
      vertex 12.75 -16.5736 0.00180626
      vertex 12.25 -10 0.00180626
    endloop
  endfacet
  facet normal 0 0 -1
    outer loop
      vertex 12.7782 16.568 0.00180626
      vertex 12.75 16.5736 0.00180626
      vertex 12.7714 16.5704 0.00180626
    endloop
  endfacet
  facet normal 0 0 -1
    outer loop
      vertex 12.7714 16.5704 0.00180626
      vertex 12.75 16.5736 0.00180626
      vertex 12.7644 16.5722 0.00180626
    endloop
  endfacet
  facet normal 0 0 -1
    outer loop
      vertex 12.75 -16.5736 0.00180626
      vertex -12.25 -10 0.00180626
      vertex 12.25 -10 0.00180626
    endloop
  endfacet
  facet normal 0 0 -1
    outer loop
      vertex -12.8236 -16.5 0.00180626
      vertex -12.25 -10 0.00180626
      vertex -12.75 -16.5736 0.00180626
    endloop
  endfacet
  facet normal 0 0 -1
    outer loop
      vertex -12.75 -16.5736 0.00180626
      vertex -12.25 -10 0.00180626
      vertex 12.75 -16.5736 0.00180626
    endloop
  endfacet
  facet normal 0 0 -1
    outer loop
      vertex 12.7644 16.5722 0.00180626
      vertex 12.75 16.5736 0.00180626
      vertex 12.7572 16.5732 0.00180626
    endloop
  endfacet
  facet normal 0 0 -1
    outer loop
      vertex -12.25 10 0.00180626
      vertex 12.75 16.5736 0.00180626
      vertex 12.25 10 0.00180626
    endloop
  endfacet
  facet normal 0 0 -1
    outer loop
      vertex -12.25 10 0.00180626
      vertex -12.75 16.5736 0.00180626
      vertex 12.75 16.5736 0.00180626
    endloop
  endfacet
  facet normal -0 0 -1
    outer loop
      vertex -12.25 -10 0.00180626
      vertex -12.8236 -16.5 0.00180626
      vertex -12.25 10 0.00180626
    endloop
  endfacet
  facet normal 0 0 -1
    outer loop
      vertex -12.8236 -16.5 0.00180626
      vertex -12.75 -16.5736 0.00180626
      vertex -12.7572 -16.5732 0.00180626
    endloop
  endfacet
  facet normal 0 0 -1
    outer loop
      vertex -12.8236 16.5 0.00180626
      vertex -12.25 10 0.00180626
      vertex -12.8236 -16.5 0.00180626
    endloop
  endfacet
  facet normal 0 0 -1
    outer loop
      vertex -12.8236 -16.5 0.00180626
      vertex -12.7572 -16.5732 0.00180626
      vertex -12.7644 -16.5722 0.00180626
    endloop
  endfacet
  facet normal 0 0 -1
    outer loop
      vertex -12.25 10 0.00180626
      vertex -12.8236 16.5 0.00180626
      vertex -12.75 16.5736 0.00180626
    endloop
  endfacet
  facet normal 0 0 -1
    outer loop
      vertex -12.8236 -16.5 0.00180626
      vertex -12.7644 -16.5722 0.00180626
      vertex -12.7714 -16.5704 0.00180626
    endloop
  endfacet
  facet normal 0 0 -1
    outer loop
      vertex -12.75 16.5736 0.00180626
      vertex -12.8236 16.5 0.00180626
      vertex -12.7572 16.5732 0.00180626
    endloop
  endfacet
  facet normal 0 0 -1
    outer loop
      vertex -12.8236 -16.5 0.00180626
      vertex -12.7714 -16.5704 0.00180626
      vertex -12.7782 -16.568 0.00180626
    endloop
  endfacet
  facet normal 0 0 -1
    outer loop
      vertex -12.7572 16.5732 0.00180626
      vertex -12.8236 16.5 0.00180626
      vertex -12.7644 16.5722 0.00180626
    endloop
  endfacet
  facet normal 0 0 -1
    outer loop
      vertex -12.8236 -16.5 0.00180626
      vertex -12.7782 -16.568 0.00180626
      vertex -12.7847 -16.5649 0.00180626
    endloop
  endfacet
  facet normal 0 0 -1
    outer loop
      vertex -12.7644 16.5722 0.00180626
      vertex -12.8236 16.5 0.00180626
      vertex -12.7714 16.5704 0.00180626
    endloop
  endfacet
  facet normal 0 0 -1
    outer loop
      vertex -12.8236 -16.5 0.00180626
      vertex -12.7847 -16.5649 0.00180626
      vertex -12.7909 -16.5612 0.00180626
    endloop
  endfacet
  facet normal 0 0 -1
    outer loop
      vertex -12.7714 16.5704 0.00180626
      vertex -12.8236 16.5 0.00180626
      vertex -12.7782 16.568 0.00180626
    endloop
  endfacet
  facet normal 0 0 -1
    outer loop
      vertex -12.8236 -16.5 0.00180626
      vertex -12.7909 -16.5612 0.00180626
      vertex -12.7967 -16.5569 0.00180626
    endloop
  endfacet
  facet normal 0 0 -1
    outer loop
      vertex -12.7782 16.568 0.00180626
      vertex -12.8236 16.5 0.00180626
      vertex -12.7847 16.5649 0.00180626
    endloop
  endfacet
  facet normal 0 0 -1
    outer loop
      vertex -12.8236 -16.5 0.00180626
      vertex -12.7967 -16.5569 0.00180626
      vertex -12.802 -16.552 0.00180626
    endloop
  endfacet
  facet normal 0 0 -1
    outer loop
      vertex -12.7847 16.5649 0.00180626
      vertex -12.8236 16.5 0.00180626
      vertex -12.7909 16.5612 0.00180626
    endloop
  endfacet
  facet normal 0 0 -1
    outer loop
      vertex -12.8236 -16.5 0.00180626
      vertex -12.802 -16.552 0.00180626
      vertex -12.8069 -16.5467 0.00180626
    endloop
  endfacet
  facet normal 0 0 -1
    outer loop
      vertex -12.7909 16.5612 0.00180626
      vertex -12.8236 16.5 0.00180626
      vertex -12.7967 16.5569 0.00180626
    endloop
  endfacet
  facet normal 0 0 -1
    outer loop
      vertex -12.8236 -16.5 0.00180626
      vertex -12.8069 -16.5467 0.00180626
      vertex -12.8112 -16.5409 0.00180626
    endloop
  endfacet
  facet normal 0 0 -1
    outer loop
      vertex -12.7967 16.5569 0.00180626
      vertex -12.8236 16.5 0.00180626
      vertex -12.802 16.552 0.00180626
    endloop
  endfacet
  facet normal 0 0 -1
    outer loop
      vertex -12.8236 -16.5 0.00180626
      vertex -12.8112 -16.5409 0.00180626
      vertex -12.8149 -16.5347 0.00180626
    endloop
  endfacet
  facet normal 0 0 -1
    outer loop
      vertex -12.802 16.552 0.00180626
      vertex -12.8236 16.5 0.00180626
      vertex -12.8069 16.5467 0.00180626
    endloop
  endfacet
  facet normal 0 0 -1
    outer loop
      vertex -12.8236 -16.5 0.00180626
      vertex -12.8149 -16.5347 0.00180626
      vertex -12.818 -16.5282 0.00180626
    endloop
  endfacet
  facet normal 0 0 -1
    outer loop
      vertex -12.8069 16.5467 0.00180626
      vertex -12.8236 16.5 0.00180626
      vertex -12.8112 16.5409 0.00180626
    endloop
  endfacet
  facet normal 0 0 -1
    outer loop
      vertex -12.8236 -16.5 0.00180626
      vertex -12.818 -16.5282 0.00180626
      vertex -12.8204 -16.5214 0.00180626
    endloop
  endfacet
  facet normal 0 0 -1
    outer loop
      vertex -12.8112 16.5409 0.00180626
      vertex -12.8236 16.5 0.00180626
      vertex -12.8149 16.5347 0.00180626
    endloop
  endfacet
  facet normal 0 0 -1
    outer loop
      vertex -12.8236 -16.5 0.00180626
      vertex -12.8204 -16.5214 0.00180626
      vertex -12.8222 -16.5144 0.00180626
    endloop
  endfacet
  facet normal 0 0 -1
    outer loop
      vertex -12.8149 16.5347 0.00180626
      vertex -12.8236 16.5 0.00180626
      vertex -12.818 16.5282 0.00180626
    endloop
  endfacet
  facet normal 0 0 -1
    outer loop
      vertex -12.8236 -16.5 0.00180626
      vertex -12.8222 -16.5144 0.00180626
      vertex -12.8232 -16.5072 0.00180626
    endloop
  endfacet
  facet normal 0 0 -1
    outer loop
      vertex -12.818 16.5282 0.00180626
      vertex -12.8236 16.5 0.00180626
      vertex -12.8204 16.5214 0.00180626
    endloop
  endfacet
  facet normal 0 0 -1
    outer loop
      vertex -12.8204 16.5214 0.00180626
      vertex -12.8236 16.5 0.00180626
      vertex -12.8222 16.5144 0.00180626
    endloop
  endfacet
  facet normal 0 0 -1
    outer loop
      vertex -12.8222 16.5144 0.00180626
      vertex -12.8236 16.5 0.00180626
      vertex -12.8232 16.5072 0.00180626
    endloop
  endfacet
  facet normal -0.0422289 -0.287481 -0.956855
    outer loop
      vertex -12.7995 -17.0029 0.0876837
      vertex -12.8211 -16.8575 0.0449524
      vertex -12.7857 -16.8627 0.0449524
    endloop
  endfacet
  facet normal -0.0660827 -0.183764 -0.980747
    outer loop
      vertex -12.8139 -16.7106 0.0162344
      vertex -12.8558 -16.8488 0.0449524
      vertex -12.8342 -16.7033 0.0162344
    endloop
  endfacet
  facet normal -0.05633 -0.378877 -0.923731
    outer loop
      vertex -12.7995 -17.0029 0.0876837
      vertex -12.8751 -17.129 0.144015
      vertex -12.8486 -16.9956 0.0876837
    endloop
  endfacet
  facet normal -0.092719 -0.371649 -0.923732
    outer loop
      vertex -12.8751 -17.129 0.144015
      vertex -12.8967 -16.9836 0.0876837
      vertex -12.8486 -16.9956 0.0876837
    endloop
  endfacet
  facet normal -0.0244469 -0.0950711 -0.99517
    outer loop
      vertex -12.7644 -16.5722 0.00180626
      vertex -12.7929 -16.7159 0.0162344
      vertex -12.7714 -16.5704 0.00180626
    endloop
  endfacet
  facet normal -0.591842 -0.654031 -0.471133
    outer loop
      vertex -13.6102 -17.5482 0.858666
      vertex -13.6598 -17.4098 0.728846
      vertex -13.5662 -17.4945 0.728846
    endloop
  endfacet
  facet normal -0.460878 -0.621121 -0.633877
    outer loop
      vertex -13.3675 -17.4241 0.492661
      vertex -13.5143 -17.4313 0.606451
      vertex -13.4551 -17.3591 0.492661
    endloop
  endfacet
  facet normal -0.356082 -0.751573 -0.555287
    outer loop
      vertex -13.2424 -17.6887 0.728846
      vertex -13.3179 -17.5625 0.606451
      vertex -13.2111 -17.6131 0.606451
    endloop
  endfacet
  facet normal -0.279904 -0.783072 -0.555384
    outer loop
      vertex -13.1235 -17.7312 0.728846
      vertex -13.2424 -17.6887 0.728846
      vertex -13.0997 -17.6529 0.606451
    endloop
  endfacet
  facet normal -0.296949 -0.830758 -0.470811
    outer loop
      vertex -13.1235 -17.7312 0.728846
      vertex -13.2689 -17.7528 0.858666
      vertex -13.2424 -17.6887 0.728846
    endloop
  endfacet
  facet normal -0.377221 -0.797533 -0.470792
    outer loop
      vertex -13.2689 -17.7528 0.858666
      vertex -13.3892 -17.6959 0.858666
      vertex -13.2424 -17.6887 0.728846
    endloop
  endfacet
  facet normal -0.257382 -0.283546 -0.923773
    outer loop
      vertex -13.1569 -16.9958 0.144015
      vertex -13.2035 -16.9535 0.144015
      vertex -13.1073 -16.8573 0.0876837
    endloop
  endfacet
  facet normal -0.349548 -0.317294 -0.881556
    outer loop
      vertex -13.2035 -16.9535 0.144015
      vertex -13.3461 -16.9892 0.213407
      vertex -13.2458 -16.9069 0.144015
    endloop
  endfacet
  facet normal -0.639633 -0.302645 -0.706594
    outer loop
      vertex -13.6384 -16.9749 0.388573
      vertex -13.7302 -17.0239 0.492661
      vertex -13.6807 -16.8855 0.388573
    endloop
  endfacet
  facet normal -0.57365 -0.271425 -0.772822
    outer loop
      vertex -13.6384 -16.9749 0.388573
      vertex -13.6807 -16.8855 0.388573
      vertex -13.538 -16.9212 0.295188
    endloop
  endfacet
  facet normal -0.271271 -0.573648 -0.772878
    outer loop
      vertex -13.1355 -17.4307 0.388573
      vertex -13.1712 -17.288 0.295188
      vertex -13.0919 -17.3255 0.295188
    endloop
  endfacet
  facet normal -0.237818 -0.502907 -0.83098
    outer loop
      vertex -13.0919 -17.3255 0.295188
      vertex -13.1712 -17.288 0.295188
      vertex -13.0451 -17.2125 0.213407
    endloop
  endfacet
  facet normal -0.134959 -0.539203 -0.831292
    outer loop
      vertex -12.9243 -17.3764 0.295188
      vertex -13.0094 -17.3551 0.295188
      vertex -12.9004 -17.2563 0.213407
    endloop
  endfacet
  facet normal -0.13498 -0.539187 -0.831299
    outer loop
      vertex -12.9004 -17.2563 0.213407
      vertex -13.0094 -17.3551 0.295188
      vertex -12.9739 -17.2379 0.213407
    endloop
  endfacet
  facet normal -0.149365 -0.249212 -0.956861
    outer loop
      vertex -12.9218 -16.8214 0.0449524
      vertex -13.0307 -16.9202 0.0876837
      vertex -12.9525 -16.803 0.0449524
    endloop
  endfacet
  facet normal -0.0326528 -0.0925163 -0.995176
    outer loop
      vertex -12.7714 -16.5704 0.00180626
      vertex -12.8139 -16.7106 0.0162344
      vertex -12.7782 -16.568 0.00180626
    endloop
  endfacet
  facet normal -0.19714 -0.328567 -0.923677
    outer loop
      vertex -12.9882 -16.9457 0.0876837
      vertex -13.1063 -17.0332 0.144015
      vertex -13.0307 -16.9202 0.0876837
    endloop
  endfacet
  facet normal -0.22829 -0.307729 -0.923681
    outer loop
      vertex -13.0307 -16.9202 0.0876837
      vertex -13.1063 -17.0332 0.144015
      vertex -13.0706 -16.8906 0.0876837
    endloop
  endfacet
  facet normal -0.163768 -0.346409 -0.923678
    outer loop
      vertex -12.9954 -17.0925 0.144015
      vertex -13.0523 -17.0656 0.144015
      vertex -12.9882 -16.9457 0.0876837
    endloop
  endfacet
  facet normal -0.201659 -0.426558 -0.881693
    outer loop
      vertex -12.9954 -17.0925 0.144015
      vertex -13.1135 -17.1801 0.213407
      vertex -13.0523 -17.0656 0.144015
    endloop
  endfacet
  facet normal -0.0135057 -0.097241 -0.995169
    outer loop
      vertex -12.7572 -16.5732 0.00180626
      vertex -12.7929 -16.7159 0.0162344
      vertex -12.7644 -16.5722 0.00180626
    endloop
  endfacet
  facet normal -0.0141298 -0.0970855 -0.995176
    outer loop
      vertex -12.7716 -16.719 0.0162344
      vertex -12.7929 -16.7159 0.0162344
      vertex -12.7572 -16.5732 0.00180626
    endloop
  endfacet
  facet normal -0.167527 -0.100516 -0.98073
    outer loop
      vertex -12.933 -16.6223 0.0162344
      vertex -13.053 -16.7025 0.0449524
      vertex -12.9441 -16.6038 0.0162344
    endloop
  endfacet
  facet normal -0.233328 -0.173167 -0.956855
    outer loop
      vertex -13.0317 -16.7312 0.0449524
      vertex -13.1702 -16.7807 0.0876837
      vertex -13.053 -16.7025 0.0449524
    endloop
  endfacet
  facet normal -0.249212 -0.149365 -0.956861
    outer loop
      vertex -13.053 -16.7025 0.0449524
      vertex -13.1702 -16.7807 0.0876837
      vertex -13.0714 -16.6718 0.0449524
    endloop
  endfacet
  facet normal -0.156557 -0.116739 -0.980746
    outer loop
      vertex -12.9201 -16.6396 0.0162344
      vertex -13.0317 -16.7312 0.0449524
      vertex -12.933 -16.6223 0.0162344
    endloop
  endfacet
  facet normal -0.215416 -0.195094 -0.956835
    outer loop
      vertex -13.0077 -16.7577 0.0449524
      vertex -13.1073 -16.8573 0.0876837
      vertex -13.0317 -16.7312 0.0449524
    endloop
  endfacet
  facet normal 0.146144 0.984443 -0.0975416
    outer loop
      vertex 13.0395 17.9553 1.2799
      vertex 12.8968 17.991 1.4264
      vertex 13.0423 17.9694 1.4264
    endloop
  endfacet
  facet normal 0.143418 0.970262 -0.194993
    outer loop
      vertex 13.0395 17.9553 1.2799
      vertex 12.8926 17.948 1.13553
      vertex 12.8954 17.9766 1.2799
    endloop
  endfacet
  facet normal 0.502907 -0.237818 -0.83098
    outer loop
      vertex 13.538 -16.9212 0.295188
      vertex 13.4625 -16.7951 0.213407
      vertex 13.5755 -16.8419 0.295188
    endloop
  endfacet
  facet normal 0.426558 -0.201659 -0.881693
    outer loop
      vertex 13.4301 -16.8635 0.213407
      vertex 13.3156 -16.8023 0.144015
      vertex 13.3425 -16.7454 0.144015
    endloop
  endfacet
  facet normal 0.471262 -0.023226 -0.881687
    outer loop
      vertex 13.5174 -16.5756 0.213407
      vertex 13.3882 -16.5629 0.144015
      vertex 13.3913 -16.5 0.144015
    endloop
  endfacet
  facet normal 0.466758 -0.0690382 -0.881686
    outer loop
      vertex 13.5174 -16.5756 0.213407
      vertex 13.379 -16.6251 0.144015
      vertex 13.3882 -16.5629 0.144015
    endloop
  endfacet
  facet normal -0.088548 0.0422306 -0.995176
    outer loop
      vertex -12.818 16.5282 0.00180626
      vertex -12.9441 16.6038 0.0162344
      vertex -12.8149 16.5347 0.00180626
    endloop
  endfacet
  facet normal 0.00499014 0.0979881 -0.995175
    outer loop
      vertex 12.7572 16.5732 0.00180626
      vertex 12.75 16.7201 0.0162344
      vertex 12.7716 16.719 0.0162344
    endloop
  endfacet
  facet normal 0.00993183 0.195025 -0.980748
    outer loop
      vertex 12.7716 16.719 0.0162344
      vertex 12.75 16.7201 0.0162344
      vertex 12.7857 16.8627 0.0449524
    endloop
  endfacet
  facet normal 0.095136 0.0240105 -0.995175
    outer loop
      vertex 12.9659 16.5429 0.0162344
      vertex 12.8204 16.5214 0.00180626
      vertex 12.9606 16.5639 0.0162344
    endloop
  endfacet
  facet normal 0.0925163 0.0326528 -0.995176
    outer loop
      vertex 12.8204 16.5214 0.00180626
      vertex 12.818 16.5282 0.00180626
      vertex 12.9606 16.5639 0.0162344
    endloop
  endfacet
  facet normal 0.426278 0.470575 -0.772558
    outer loop
      vertex 13.4623 17.2123 0.388573
      vertex 13.3169 17.1907 0.295188
      vertex 13.389 17.2787 0.388573
    endloop
  endfacet
  facet normal 0.378273 0.509931 -0.77258
    outer loop
      vertex 13.3169 17.1907 0.295188
      vertex 13.3096 17.3376 0.388573
      vertex 13.389 17.2787 0.388573
    endloop
  endfacet
  facet normal 0.469969 0.42652 -0.772794
    outer loop
      vertex 13.4407 17.0669 0.295188
      vertex 13.3818 17.1318 0.295188
      vertex 13.4623 17.2123 0.388573
    endloop
  endfacet
  facet normal 0.411888 0.373809 -0.831033
    outer loop
      vertex 13.4407 17.0669 0.295188
      vertex 13.2953 17.0453 0.213407
      vertex 13.3818 17.1318 0.295188
    endloop
  endfacet
  facet normal 0.698775 0.331068 -0.63412
    outer loop
      vertex 13.8631 16.9611 0.606451
      vertex 13.7768 16.9253 0.492661
      vertex 13.8125 17.0679 0.606451
    endloop
  endfacet
  facet normal 0.751573 0.356082 -0.555287
    outer loop
      vertex 13.8631 16.9611 0.606451
      vertex 13.8125 17.0679 0.606451
      vertex 13.9387 16.9924 0.728846
    endloop
  endfacet
  facet normal 0 0.956999 -0.290092
    outer loop
      vertex 12.75 17.9123 0.994665
      vertex -12.75 17.955 1.13553
      vertex 12.75 17.955 1.13553
    endloop
  endfacet
  facet normal 0 0.956999 -0.290092
    outer loop
      vertex -12.75 17.955 1.13553
      vertex 12.75 17.9123 0.994665
      vertex -12.75 17.9123 0.994665
    endloop
  endfacet
  facet normal 0 0.980677 -0.195633
    outer loop
      vertex 12.75 17.955 1.13553
      vertex -12.75 17.9838 1.2799
      vertex 12.75 17.9838 1.2799
    endloop
  endfacet
  facet normal 0 0.980677 -0.195633
    outer loop
      vertex -12.75 17.9838 1.2799
      vertex 12.75 17.955 1.13553
      vertex -12.75 17.955 1.13553
    endloop
  endfacet
  facet normal 0.322453 0.901074 -0.289983
    outer loop
      vertex 13.2905 17.8048 0.994665
      vertex 13.16 17.8515 0.994665
      vertex 13.3068 17.8443 1.13553
    endloop
  endfacet
  facet normal 0.31136 0.870075 -0.38213
    outer loop
      vertex 13.2689 17.7528 0.858666
      vertex 13.16 17.8515 0.994665
      vertex 13.2905 17.8048 0.994665
    endloop
  endfacet
  facet normal 0.568237 0.421526 -0.706699
    outer loop
      vertex 13.5876 17.0596 0.388573
      vertex 13.5287 17.139 0.388573
      vertex 13.6741 17.1175 0.492661
    endloop
  endfacet
  facet normal 0.509931 0.378273 -0.77258
    outer loop
      vertex 13.5876 17.0596 0.388573
      vertex 13.4407 17.0669 0.295188
      vertex 13.5287 17.139 0.388573
    endloop
  endfacet
  facet normal 0.336939 0.941527 -0.0002221
    outer loop
      vertex 13.3233 17.8841 1.4264
      vertex 13.1854 17.9354 9.695
      vertex 13.324 17.8858 9.695
    endloop
  endfacet
  facet normal 0.427269 0.904125 -0.000222057
    outer loop
      vertex 13.4571 17.8229 9.695
      vertex 13.3233 17.8841 1.4264
      vertex 13.324 17.8858 9.695
    endloop
  endfacet
  facet normal 0.94674 0.140034 -0.289956
    outer loop
      vertex 14.198 16.6426 1.13553
      vertex 14.1352 16.7755 0.994665
      vertex 14.1771 16.7839 1.13553
    endloop
  endfacet
  facet normal 0.970231 0.143509 -0.195083
    outer loop
      vertex 14.198 16.6426 1.13553
      vertex 14.1771 16.7839 1.13553
      vertex 14.2053 16.7895 1.2799
    endloop
  endfacet
  facet normal 0.901057 0.322477 -0.290008
    outer loop
      vertex 14.1015 16.91 0.994665
      vertex 14.0943 17.0568 1.13553
      vertex 14.1424 16.9224 1.13553
    endloop
  endfacet
  facet normal 0.928326 0.232599 -0.290014
    outer loop
      vertex 14.1352 16.7755 0.994665
      vertex 14.1015 16.91 0.994665
      vertex 14.1424 16.9224 1.13553
    endloop
  endfacet
  facet normal 0.881066 -0.0433197 -0.471006
    outer loop
      vertex 14.106 -16.5 0.858666
      vertex 14.0304 -16.6261 0.728846
      vertex 14.0366 -16.5 0.728846
    endloop
  endfacet
  facet normal 0.880983 -0.0430879 -0.471182
    outer loop
      vertex 14.0995 -16.6329 0.858666
      vertex 14.0304 -16.6261 0.728846
      vertex 14.106 -16.5 0.858666
    endloop
  endfacet
  facet normal -0.189446 -0.0474979 -0.980742
    outer loop
      vertex -13.0988 -16.6058 0.0449524
      vertex -13.1075 -16.5711 0.0449524
      vertex -12.9659 -16.5429 0.0162344
    endloop
  endfacet
  facet normal -0.281875 -0.0706718 -0.956845
    outer loop
      vertex -13.0988 -16.6058 0.0449524
      vertex -13.2336 -16.6467 0.0876837
      vertex -13.1075 -16.5711 0.0449524
    endloop
  endfacet
  facet normal -0.0979881 -0.00499014 -0.995175
    outer loop
      vertex -12.969 -16.5216 0.0162344
      vertex -12.9701 -16.5 0.0162344
      vertex -12.8232 -16.5072 0.00180626
    endloop
  endfacet
  facet normal -0.0970855 -0.0141298 -0.995176
    outer loop
      vertex -12.9659 -16.5429 0.0162344
      vertex -12.969 -16.5216 0.0162344
      vertex -12.8232 -16.5072 0.00180626
    endloop
  endfacet
  facet normal -0.444289 -0.159104 -0.881642
    outer loop
      vertex -13.3425 -16.7454 0.144015
      vertex -13.4879 -16.7239 0.213407
      vertex -13.3637 -16.6862 0.144015
    endloop
  endfacet
  facet normal -0.457787 -0.114634 -0.881641
    outer loop
      vertex -13.3637 -16.6862 0.144015
      vertex -13.4879 -16.7239 0.213407
      vertex -13.379 -16.6251 0.144015
    endloop
  endfacet
  facet normal -0.346409 -0.163768 -0.923678
    outer loop
      vertex -13.3156 -16.8023 0.144015
      vertex -13.3425 -16.7454 0.144015
      vertex -13.1957 -16.7382 0.0876837
    endloop
  endfacet
  facet normal -0.328567 -0.19714 -0.923677
    outer loop
      vertex -13.2832 -16.8563 0.144015
      vertex -13.3156 -16.8023 0.144015
      vertex -13.1957 -16.7382 0.0876837
    endloop
  endfacet
  facet normal -0.698775 0.331068 -0.63412
    outer loop
      vertex -13.7768 16.9253 0.492661
      vertex -13.8631 16.9611 0.606451
      vertex -13.8125 17.0679 0.606451
    endloop
  endfacet
  facet normal -0.699416 0.330556 -0.63368
    outer loop
      vertex -13.7768 16.9253 0.492661
      vertex -13.8125 17.0679 0.606451
      vertex -13.7302 17.0239 0.492661
    endloop
  endfacet
  facet normal -0.477015 0.285915 -0.831089
    outer loop
      vertex -13.4301 16.8635 0.213407
      vertex -13.538 16.9212 0.295188
      vertex -13.3912 16.9284 0.213407
    endloop
  endfacet
  facet normal -0.639633 0.302645 -0.706594
    outer loop
      vertex -13.6807 16.8855 0.388573
      vertex -13.7302 17.0239 0.492661
      vertex -13.6384 16.9749 0.388573
    endloop
  endfacet
  facet normal -0.523604 0.187863 -0.830991
    outer loop
      vertex -13.4625 16.7951 0.213407
      vertex -13.6051 16.7594 0.295188
      vertex -13.5755 16.8419 0.295188
    endloop
  endfacet
  facet normal -0.523506 0.186756 -0.831302
    outer loop
      vertex -13.4879 16.7239 0.213407
      vertex -13.6051 16.7594 0.295188
      vertex -13.4625 16.7951 0.213407
    endloop
  endfacet
  facet normal -0.61586 0.154146 -0.772629
    outer loop
      vertex -13.6264 16.6743 0.295188
      vertex -13.738 16.6965 0.388573
      vertex -13.6051 16.7594 0.295188
    endloop
  endfacet
  facet normal -0.686363 0.171915 -0.706648
    outer loop
      vertex -13.714 16.7924 0.388573
      vertex -13.8401 16.7168 0.492661
      vertex -13.8136 16.8226 0.492661
    endloop
  endfacet
  facet normal 0.163768 -0.346409 -0.923678
    outer loop
      vertex 12.9954 -17.0925 0.144015
      vertex 12.9882 -16.9457 0.0876837
      vertex 13.0523 -17.0656 0.144015
    endloop
  endfacet
  facet normal 0.19714 -0.328567 -0.923677
    outer loop
      vertex 13.0523 -17.0656 0.144015
      vertex 12.9882 -16.9457 0.0876837
      vertex 13.1063 -17.0332 0.144015
    endloop
  endfacet
  facet normal -0.19324 0.0281241 -0.980748
    outer loop
      vertex -12.969 16.5216 0.0162344
      vertex -13.1127 16.5357 0.0449524
      vertex -12.9659 16.5429 0.0162344
    endloop
  endfacet
  facet normal -0.193251 0.0283871 -0.980739
    outer loop
      vertex -12.9659 16.5429 0.0162344
      vertex -13.1127 16.5357 0.0449524
      vertex -13.1075 16.5711 0.0449524
    endloop
  endfacet
  facet normal -0.0422306 -0.088548 -0.995176
    outer loop
      vertex -12.7782 -16.568 0.00180626
      vertex -12.8538 -16.6941 0.0162344
      vertex -12.7847 -16.5649 0.00180626
    endloop
  endfacet
  facet normal -0.0888597 0.0417097 -0.99517
    outer loop
      vertex -12.818 16.5282 0.00180626
      vertex -12.9533 16.5842 0.0162344
      vertex -12.9441 16.6038 0.0162344
    endloop
  endfacet
  facet normal -0.0923742 0.0332183 -0.99517
    outer loop
      vertex -12.818 16.5282 0.00180626
      vertex -12.9606 16.5639 0.0162344
      vertex -12.9533 16.5842 0.0162344
    endloop
  endfacet
  facet normal -0.0950711 -0.0244469 -0.99517
    outer loop
      vertex -12.8204 -16.5214 0.00180626
      vertex -12.9659 -16.5429 0.0162344
      vertex -12.8222 -16.5144 0.00180626
    endloop
  endfacet
  facet normal -0.095136 -0.0240105 -0.995175
    outer loop
      vertex -12.9606 -16.5639 0.0162344
      vertex -12.9659 -16.5429 0.0162344
      vertex -12.8204 -16.5214 0.00180626
    endloop
  endfacet
  facet normal -0.558099 -0.616742 -0.555116
    outer loop
      vertex -13.5662 -17.4945 0.728846
      vertex -13.6598 -17.4098 0.728846
      vertex -13.5143 -17.4313 0.606451
    endloop
  endfacet
  facet normal -0.558391 -0.616058 -0.555583
    outer loop
      vertex -13.5143 -17.4313 0.606451
      vertex -13.6598 -17.4098 0.728846
      vertex -13.6019 -17.3519 0.606451
    endloop
  endfacet
  facet normal -0.215179 -0.195244 -0.956858
    outer loop
      vertex -13.1073 -16.8573 0.0876837
      vertex -13.1406 -16.8206 0.0876837
      vertex -13.0317 -16.7312 0.0449524
    endloop
  endfacet
  facet normal -0.283546 -0.257382 -0.923773
    outer loop
      vertex -13.2035 -16.9535 0.144015
      vertex -13.2458 -16.9069 0.144015
      vertex -13.1073 -16.8573 0.0876837
    endloop
  endfacet
  facet normal -0.100445 -0.16759 -0.980726
    outer loop
      vertex -12.9218 -16.8214 0.0449524
      vertex -12.9525 -16.803 0.0449524
      vertex -12.8538 -16.6941 0.0162344
    endloop
  endfacet
  facet normal -0.050487 -0.084145 -0.995174
    outer loop
      vertex -12.8538 -16.6941 0.0162344
      vertex -12.8723 -16.683 0.0162344
      vertex -12.7909 -16.5612 0.00180626
    endloop
  endfacet
  facet normal -0.0829611 -0.176743 -0.980754
    outer loop
      vertex -12.8342 -16.7033 0.0162344
      vertex -12.8895 -16.8367 0.0449524
      vertex -12.8538 -16.6941 0.0162344
    endloop
  endfacet
  facet normal -0.065986 -0.183779 -0.98075
    outer loop
      vertex -12.8558 -16.8488 0.0449524
      vertex -12.8895 -16.8367 0.0449524
      vertex -12.8342 -16.7033 0.0162344
    endloop
  endfacet
  facet normal -0.0477795 -0.189315 -0.980753
    outer loop
      vertex -12.7929 -16.7159 0.0162344
      vertex -12.8558 -16.8488 0.0449524
      vertex -12.8139 -16.7106 0.0162344
    endloop
  endfacet
  facet normal -0.0659218 -0.0727413 -0.99517
    outer loop
      vertex -12.8896 -16.6701 0.0162344
      vertex -12.9056 -16.6556 0.0162344
      vertex -12.7967 -16.5569 0.00180626
    endloop
  endfacet
  facet normal 0.0487508 0.993975 -0.0981672
    outer loop
      vertex 12.8954 17.9766 1.2799
      vertex 12.75 17.9982 1.4264
      vertex 12.8968 17.991 1.4264
    endloop
  endfacet
  facet normal 0.0489874 0.998799 -0.000218615
    outer loop
      vertex 12.8968 17.991 1.4264
      vertex 12.75 17.9982 1.4264
      vertex 12.897 17.9928 9.695
    endloop
  endfacet
  facet normal 0.502601 -0.238074 -0.831092
    outer loop
      vertex 13.538 -16.9212 0.295188
      vertex 13.4301 -16.8635 0.213407
      vertex 13.4625 -16.7951 0.213407
    endloop
  endfacet
  facet normal 0.477015 -0.285915 -0.831089
    outer loop
      vertex 13.538 -16.9212 0.295188
      vertex 13.3912 -16.9284 0.213407
      vertex 13.4301 -16.8635 0.213407
    endloop
  endfacet
  facet normal 0.183764 0.0660827 -0.980747
    outer loop
      vertex 12.9606 16.5639 0.0162344
      vertex 12.9533 16.5842 0.0162344
      vertex 13.0988 16.6058 0.0449524
    endloop
  endfacet
  facet normal 0.0923742 0.0332183 -0.99517
    outer loop
      vertex 12.9606 16.5639 0.0162344
      vertex 12.818 16.5282 0.00180626
      vertex 12.9533 16.5842 0.0162344
    endloop
  endfacet
  facet normal 0.224247 0.896292 -0.382589
    outer loop
      vertex 13.1436 17.7976 0.858666
      vertex 13.0145 17.8299 0.858666
      vertex 13.0255 17.8852 0.994665
    endloop
  endfacet
  facet normal 0.136103 0.913837 -0.382593
    outer loop
      vertex 13.0145 17.8299 0.858666
      vertex 12.8829 17.8495 0.858666
      vertex 13.0255 17.8852 0.994665
    endloop
  endfacet
  facet normal 0.92309 0.0451474 -0.381925
    outer loop
      vertex 14.106 16.5 0.858666
      vertex 14.0995 16.6329 0.858666
      vertex 14.1555 16.6384 0.994665
    endloop
  endfacet
  facet normal 0.914227 0.135367 -0.381923
    outer loop
      vertex 14.1555 16.6384 0.994665
      vertex 14.0995 16.6329 0.858666
      vertex 14.1352 16.7755 0.994665
    endloop
  endfacet
  facet normal 0.835531 0.39476 -0.382168
    outer loop
      vertex 14.0028 17.0189 0.858666
      vertex 13.9956 17.1658 0.994665
      vertex 14.0548 17.0405 0.994665
    endloop
  endfacet
  facet normal 0.865321 0.408835 -0.289953
    outer loop
      vertex 14.0548 17.0405 0.994665
      vertex 13.9956 17.1658 0.994665
      vertex 14.0943 17.0568 1.13553
    endloop
  endfacet
  facet normal -0.666105 0.238682 -0.706636
    outer loop
      vertex -13.714 16.7924 0.388573
      vertex -13.8136 16.8226 0.492661
      vertex -13.7768 16.9253 0.492661
    endloop
  endfacet
  facet normal -0.72826 0.260954 -0.633672
    outer loop
      vertex -13.8136 16.8226 0.492661
      vertex -13.9029 16.8497 0.606451
      vertex -13.7768 16.9253 0.492661
    endloop
  endfacet
  facet normal -0.57365 0.271425 -0.772822
    outer loop
      vertex -13.538 16.9212 0.295188
      vertex -13.6807 16.8855 0.388573
      vertex -13.6384 16.9749 0.388573
    endloop
  endfacet
  facet normal -0.54424 0.326415 -0.772824
    outer loop
      vertex -13.538 16.9212 0.295188
      vertex -13.6384 16.9749 0.388573
      vertex -13.5876 17.0596 0.388573
    endloop
  endfacet
  facet normal -0.628066 0.0927249 -0.772616
    outer loop
      vertex -13.6392 16.5876 0.295188
      vertex -13.738 16.6965 0.388573
      vertex -13.6264 16.6743 0.295188
    endloop
  endfacet
  facet normal -0.597766 0.213809 -0.772633
    outer loop
      vertex -13.6051 16.7594 0.295188
      vertex -13.714 16.7924 0.388573
      vertex -13.6807 16.8855 0.388573
    endloop
  endfacet
  facet normal -0.699847 0.103761 -0.706716
    outer loop
      vertex -13.7525 16.5987 0.388573
      vertex -13.8401 16.7168 0.492661
      vertex -13.738 16.6965 0.388573
    endloop
  endfacet
  facet normal -0.686329 0.171761 -0.706718
    outer loop
      vertex -13.738 16.6965 0.388573
      vertex -13.8401 16.7168 0.492661
      vertex -13.714 16.7924 0.388573
    endloop
  endfacet
  facet normal -0.0665806 -0.0720157 -0.995179
    outer loop
      vertex -12.7967 -16.5569 0.00180626
      vertex -12.9056 -16.6556 0.0162344
      vertex -12.802 -16.552 0.00180626
    endloop
  endfacet
  facet normal -0.461101 -0.620688 -0.634139
    outer loop
      vertex -13.4194 -17.5018 0.606451
      vertex -13.5143 -17.4313 0.606451
      vertex -13.3675 -17.4241 0.492661
    endloop
  endfacet
  facet normal -0.396855 -0.663605 -0.634141
    outer loop
      vertex -13.3179 -17.5625 0.606451
      vertex -13.4194 -17.5018 0.606451
      vertex -13.3675 -17.4241 0.492661
    endloop
  endfacet
  facet normal -0.195094 -0.215416 -0.956835
    outer loop
      vertex -12.9812 -16.7817 0.0449524
      vertex -13.1073 -16.8573 0.0876837
      vertex -13.0077 -16.7577 0.0449524
    endloop
  endfacet
  facet normal -0.195244 -0.215179 -0.956858
    outer loop
      vertex -13.0706 -16.8906 0.0876837
      vertex -13.1073 -16.8573 0.0876837
      vertex -12.9812 -16.7817 0.0449524
    endloop
  endfacet
  facet normal -0.116435 -0.156887 -0.980729
    outer loop
      vertex -12.9525 -16.803 0.0449524
      vertex -12.9812 -16.7817 0.0449524
      vertex -12.8723 -16.683 0.0162344
    endloop
  endfacet
  facet normal -0.116739 -0.156557 -0.980746
    outer loop
      vertex -12.8723 -16.683 0.0162344
      vertex -12.9812 -16.7817 0.0449524
      vertex -12.8896 -16.6701 0.0162344
    endloop
  endfacet
  facet normal -0.0720157 -0.0665806 -0.995179
    outer loop
      vertex -12.802 -16.552 0.00180626
      vertex -12.9056 -16.6556 0.0162344
      vertex -12.8069 -16.5467 0.00180626
    endloop
  endfacet
  facet normal -0.144723 -0.131155 -0.980741
    outer loop
      vertex -12.9056 -16.6556 0.0162344
      vertex -13.0317 -16.7312 0.0449524
      vertex -12.9201 -16.6396 0.0162344
    endloop
  endfacet
  facet normal -1 0 0
    outer loop
      vertex 11 -16.5 9.705
      vertex 11 16.5 9.705
      vertex 11 16.5 9.7
    endloop
  endfacet
  facet normal -1 0 0
    outer loop
      vertex 11 -16.5 9.705
      vertex 11 16.5 9.7
      vertex 11 -16.5 9.7
    endloop
  endfacet
  facet normal -1 0 0
    outer loop
      vertex 11 16.5 9.705
      vertex 11 -16.5 9.705
      vertex 11 16.5 12.7
    endloop
  endfacet
  facet normal -1 -0 0
    outer loop
      vertex 11 16.5 12.7
      vertex 11 -16.5 9.705
      vertex 11 -16.5 12.7
    endloop
  endfacet
  facet normal -1 0 0
    outer loop
      vertex 11 -16.5 3.2
      vertex 11 16.5 9.7
      vertex 11 16.5 3.2
    endloop
  endfacet
  facet normal -1 -0 0
    outer loop
      vertex 11 16.5 9.7
      vertex 11 -16.5 3.2
      vertex 11 -16.5 9.7
    endloop
  endfacet
  facet normal -0 0 1
    outer loop
      vertex -11 16.5 3.2
      vertex 11 -16.5 3.2
      vertex 11 16.5 3.2
    endloop
  endfacet
  facet normal 0 0 1
    outer loop
      vertex 11 -16.5 3.2
      vertex -11 16.5 3.2
      vertex -11 -16.5 3.2
    endloop
  endfacet
  facet normal 1 -0 0
    outer loop
      vertex -11 -16.5 12.7
      vertex -11 16.5 9.705
      vertex -11 16.5 12.7
    endloop
  endfacet
  facet normal 1 0 0
    outer loop
      vertex -11 -16.5 9.705
      vertex -11 16.5 9.705
      vertex -11 -16.5 12.7
    endloop
  endfacet
  facet normal 1 0 0
    outer loop
      vertex -11 16.5 9.705
      vertex -11 -16.5 9.705
      vertex -11 16.5 9.7
    endloop
  endfacet
  facet normal 1 0 0
    outer loop
      vertex -11 16.5 9.7
      vertex -11 -16.5 9.705
      vertex -11 -16.5 9.7
    endloop
  endfacet
  facet normal 1 -0 0
    outer loop
      vertex -11 -16.5 9.7
      vertex -11 16.5 3.2
      vertex -11 16.5 9.7
    endloop
  endfacet
  facet normal 1 0 0
    outer loop
      vertex -11 16.5 3.2
      vertex -11 -16.5 9.7
      vertex -11 -16.5 3.2
    endloop
  endfacet
  facet normal 0 -1 0
    outer loop
      vertex -11 16.5 9.7
      vertex 11 16.5 9.705
      vertex -11 16.5 9.705
    endloop
  endfacet
  facet normal 0 -1 0
    outer loop
      vertex -11 16.5 9.7
      vertex 11 16.5 9.7
      vertex 11 16.5 9.705
    endloop
  endfacet
  facet normal 0 -1 0
    outer loop
      vertex -11 16.5 3.2
      vertex 11 16.5 9.7
      vertex -11 16.5 9.7
    endloop
  endfacet
  facet normal 0 -1 -0
    outer loop
      vertex 11 16.5 9.7
      vertex -11 16.5 3.2
      vertex 11 16.5 3.2
    endloop
  endfacet
  facet normal 0 1 -0
    outer loop
      vertex 11 -16.5 9.7
      vertex -11 -16.5 9.705
      vertex 11 -16.5 9.705
    endloop
  endfacet
  facet normal 0 1 0
    outer loop
      vertex 11 -16.5 9.7
      vertex -11 -16.5 9.7
      vertex -11 -16.5 9.705
    endloop
  endfacet
  facet normal 0 1 -0
    outer loop
      vertex 11 -16.5 3.2
      vertex -11 -16.5 9.7
      vertex 11 -16.5 9.7
    endloop
  endfacet
  facet normal 0 1 0
    outer loop
      vertex -11 -16.5 9.7
      vertex 11 -16.5 3.2
      vertex -11 -16.5 3.2
    endloop
  endfacet
  facet normal -1 0 0
    outer loop
      vertex 12.25 -10 0.00180626
      vertex 12.25 10 2
      vertex 12.25 10 0.00180626
    endloop
  endfacet
  facet normal -1 -0 0
    outer loop
      vertex 12.25 10 2
      vertex 12.25 -10 0.00180626
      vertex 12.25 -10 2
    endloop
  endfacet
  facet normal 0 0 -1
    outer loop
      vertex -12.25 -10 2
      vertex 12.25 10 2
      vertex 12.25 -10 2
    endloop
  endfacet
  facet normal -0 0 -1
    outer loop
      vertex 12.25 10 2
      vertex -12.25 -10 2
      vertex -12.25 10 2
    endloop
  endfacet
  facet normal 1 -0 0
    outer loop
      vertex -12.25 -10 2
      vertex -12.25 10 0.00180626
      vertex -12.25 10 2
    endloop
  endfacet
  facet normal 1 0 0
    outer loop
      vertex -12.25 10 0.00180626
      vertex -12.25 -10 2
      vertex -12.25 -10 0.00180626
    endloop
  endfacet
  facet normal 0 -1 0
    outer loop
      vertex -12.25 10 0.00180626
      vertex 12.25 10 2
      vertex -12.25 10 2
    endloop
  endfacet
  facet normal 0 -1 -0
    outer loop
      vertex 12.25 10 2
      vertex -12.25 10 0.00180626
      vertex 12.25 10 0.00180626
    endloop
  endfacet
  facet normal 0 1 -0
    outer loop
      vertex 12.25 -10 0.00180626
      vertex -12.25 -10 2
      vertex 12.25 -10 2
    endloop
  endfacet
  facet normal 0 1 0
    outer loop
      vertex -12.25 -10 2
      vertex 12.25 -10 0.00180626
      vertex -12.25 -10 0.00180626
    endloop
  endfacet
  facet normal 1 0 0
    outer loop
      vertex 12 5 11.2
      vertex 12 16.5 12.7
      vertex 12 5 12
    endloop
  endfacet
  facet normal 1 0 0
    outer loop
      vertex 12 16.5 12.7
      vertex 12 -5 12
      vertex 12 5 12
    endloop
  endfacet
  facet normal 1 0 0
    outer loop
      vertex 12 -5 12
      vertex 12 -16.5 12.7
      vertex 12 -5 11.2
    endloop
  endfacet
  facet normal 1 -0 0
    outer loop
      vertex 12 -16.5 12.7
      vertex 12 -5 12
      vertex 12 16.5 12.7
    endloop
  endfacet
  facet normal 1 0 0
    outer loop
      vertex 12 16.5 12.7
      vertex 12 5 11.2
      vertex 12 16.5 9.705
    endloop
  endfacet
  facet normal 1 -0 0
    outer loop
      vertex 12 -5 11.2
      vertex 12 16.5 9.705
      vertex 12 5 11.2
    endloop
  endfacet
  facet normal 1 0 0
    outer loop
      vertex 12 -5 11.2
      vertex 12 -16.5 9.705
      vertex 12 16.5 9.705
    endloop
  endfacet
  facet normal 1 0 0
    outer loop
      vertex 12 -16.5 9.705
      vertex 12 -5 11.2
      vertex 12 -16.5 12.7
    endloop
  endfacet
  facet normal -0 0 1
    outer loop
      vertex 11 16.5 12.7
      vertex 12 -16.5 12.7
      vertex 12 16.5 12.7
    endloop
  endfacet
  facet normal 0 0 1
    outer loop
      vertex 12 -16.5 12.7
      vertex 11 16.5 12.7
      vertex 11 -16.5 12.7
    endloop
  endfacet
  facet normal 0 1 -0
    outer loop
      vertex 12 16.5 9.705
      vertex 11 16.5 12.7
      vertex 12 16.5 12.7
    endloop
  endfacet
  facet normal 0 1 0
    outer loop
      vertex 11 16.5 12.7
      vertex 12 16.5 9.705
      vertex 11 16.5 9.705
    endloop
  endfacet
  facet normal 0 -1 0
    outer loop
      vertex 11 -16.5 9.705
      vertex 12 -16.5 12.7
      vertex 11 -16.5 12.7
    endloop
  endfacet
  facet normal 0 -1 -0
    outer loop
      vertex 12 -16.5 12.7
      vertex 11 -16.5 9.705
      vertex 12 -16.5 9.705
    endloop
  endfacet
  facet normal -0 0 1
    outer loop
      vertex -12 16.5 12.7
      vertex -11 -16.5 12.7
      vertex -11 16.5 12.7
    endloop
  endfacet
  facet normal 0 0 1
    outer loop
      vertex -11 -16.5 12.7
      vertex -12 16.5 12.7
      vertex -12 -16.5 12.7
    endloop
  endfacet
  facet normal -1 0 0
    outer loop
      vertex -12 16.5 9.705
      vertex -12 5 11.2
      vertex -12 16.5 12.7
    endloop
  endfacet
  facet normal -1 0 0
    outer loop
      vertex -12 16.5 9.705
      vertex -12 -5 11.2
      vertex -12 5 11.2
    endloop
  endfacet
  facet normal -1 0 0
    outer loop
      vertex -12 -16.5 12.7
      vertex -12 -5 11.2
      vertex -12 -16.5 9.705
    endloop
  endfacet
  facet normal -1 0 0
    outer loop
      vertex -12 -16.5 9.705
      vertex -12 -5 11.2
      vertex -12 16.5 9.705
    endloop
  endfacet
  facet normal -1 0 0
    outer loop
      vertex -12 5 12
      vertex -12 16.5 12.7
      vertex -12 5 11.2
    endloop
  endfacet
  facet normal -1 0 0
    outer loop
      vertex -12 -5 12
      vertex -12 16.5 12.7
      vertex -12 5 12
    endloop
  endfacet
  facet normal -1 0 0
    outer loop
      vertex -12 -5 12
      vertex -12 -16.5 12.7
      vertex -12 16.5 12.7
    endloop
  endfacet
  facet normal -1 0 0
    outer loop
      vertex -12 -5 11.2
      vertex -12 -16.5 12.7
      vertex -12 -5 12
    endloop
  endfacet
  facet normal 0 1 -0
    outer loop
      vertex -11 16.5 9.705
      vertex -12 16.5 12.7
      vertex -11 16.5 12.7
    endloop
  endfacet
  facet normal 0 1 0
    outer loop
      vertex -12 16.5 12.7
      vertex -11 16.5 9.705
      vertex -12 16.5 9.705
    endloop
  endfacet
  facet normal 0 -1 0
    outer loop
      vertex -12 -16.5 9.705
      vertex -11 -16.5 12.7
      vertex -12 -16.5 12.7
    endloop
  endfacet
  facet normal 0 -1 -0
    outer loop
      vertex -11 -16.5 12.7
      vertex -12 -16.5 9.705
      vertex -11 -16.5 9.705
    endloop
  endfacet
  facet normal 1 -0 0
    outer loop
      vertex 12.3 -5 12
      vertex 12.3 5 11.2
      vertex 12.3 5 12
    endloop
  endfacet
  facet normal 1 0 0
    outer loop
      vertex 12.3 5 11.2
      vertex 12.3 -5 12
      vertex 12.3 -5 11.2
    endloop
  endfacet
  facet normal -0 0 1
    outer loop
      vertex 12 5 12
      vertex 12.3 -5 12
      vertex 12.3 5 12
    endloop
  endfacet
  facet normal 0 0 1
    outer loop
      vertex 12.3 -5 12
      vertex 12 5 12
      vertex 12 -5 12
    endloop
  endfacet
  facet normal 0 0 -1
    outer loop
      vertex 12 -5 11.2
      vertex 12.3 5 11.2
      vertex 12.3 -5 11.2
    endloop
  endfacet
  facet normal -0 0 -1
    outer loop
      vertex 12.3 5 11.2
      vertex 12 -5 11.2
      vertex 12 5 11.2
    endloop
  endfacet
  facet normal 0 1 -0
    outer loop
      vertex 12.3 5 11.2
      vertex 12 5 12
      vertex 12.3 5 12
    endloop
  endfacet
  facet normal 0 1 0
    outer loop
      vertex 12 5 12
      vertex 12.3 5 11.2
      vertex 12 5 11.2
    endloop
  endfacet
  facet normal 0 -1 0
    outer loop
      vertex 12 -5 11.2
      vertex 12.3 -5 12
      vertex 12 -5 12
    endloop
  endfacet
  facet normal 0 -1 -0
    outer loop
      vertex 12.3 -5 12
      vertex 12 -5 11.2
      vertex 12.3 -5 11.2
    endloop
  endfacet
  facet normal -0 0 1
    outer loop
      vertex -12.3 5 12
      vertex -12 -5 12
      vertex -12 5 12
    endloop
  endfacet
  facet normal 0 0 1
    outer loop
      vertex -12 -5 12
      vertex -12.3 5 12
      vertex -12.3 -5 12
    endloop
  endfacet
  facet normal 0 0 -1
    outer loop
      vertex -12.3 -5 11.2
      vertex -12 5 11.2
      vertex -12 -5 11.2
    endloop
  endfacet
  facet normal -0 0 -1
    outer loop
      vertex -12 5 11.2
      vertex -12.3 -5 11.2
      vertex -12.3 5 11.2
    endloop
  endfacet
  facet normal -1 0 0
    outer loop
      vertex -12.3 -5 11.2
      vertex -12.3 5 12
      vertex -12.3 5 11.2
    endloop
  endfacet
  facet normal -1 -0 0
    outer loop
      vertex -12.3 5 12
      vertex -12.3 -5 11.2
      vertex -12.3 -5 12
    endloop
  endfacet
  facet normal 0 1 -0
    outer loop
      vertex -12 5 11.2
      vertex -12.3 5 12
      vertex -12 5 12
    endloop
  endfacet
  facet normal 0 1 0
    outer loop
      vertex -12.3 5 12
      vertex -12 5 11.2
      vertex -12.3 5 11.2
    endloop
  endfacet
  facet normal 0 -1 0
    outer loop
      vertex -12.3 -5 11.2
      vertex -12 -5 12
      vertex -12.3 -5 12
    endloop
  endfacet
  facet normal 0 -1 -0
    outer loop
      vertex -12 -5 12
      vertex -12.3 -5 11.2
      vertex -12 -5 11.2
    endloop
  endfacet
endsolid OpenSCAD_Model
