solid OpenSCAD_Model
  facet normal 1 -0 0
    outer loop
      vertex 14.25 -16.5 0.00999928
      vertex 14.25 16.5 0
      vertex 14.25 16.5 0.00999928
    endloop
  endfacet
  facet normal 1 0 0
    outer loop
      vertex 14.25 16.5 0
      vertex 14.25 -16.5 0.00999928
      vertex 14.25 -16.5 0
    endloop
  endfacet
  facet normal 0.0243996 0.0948875 0.995189
    outer loop
      vertex 12.7929 16.7159 17.7838
      vertex 12.7644 16.5722 17.7982
      vertex 12.7714 16.5704 17.7982
    endloop
  endfacet
  facet normal 0.0583526 0.0787081 0.995188
    outer loop
      vertex 12.8896 16.6701 17.7838
      vertex 12.7909 16.5612 17.7982
      vertex 12.7967 16.5569 17.7982
    endloop
  endfacet
  facet normal 0 1 0.000109828
    outer loop
      vertex 12.75 17.9982 16.3736
      vertex 3 17.9989 10
      vertex -12.75 17.9982 16.3736
    endloop
  endfacet
  facet normal -1.12567e-07 1 0.00011
    outer loop
      vertex 12.75 18 0.00999928
      vertex 3 17.9989 10
      vertex 12.75 17.9982 16.3736
    endloop
  endfacet
  facet normal 0 1 0.000125313
    outer loop
      vertex 3 17.9993 6
      vertex 4.75 17.9998 2.01
      vertex -3 17.9993 6
    endloop
  endfacet
  facet normal -1.0359e-05 1 0.0001
    outer loop
      vertex 3 17.9989 10
      vertex 12.75 18 0.00999928
      vertex 3 17.9993 6
    endloop
  endfacet
  facet normal 7.10768e-06 1 0.000128431
    outer loop
      vertex 3 17.9993 6
      vertex 12.75 18 0.00999928
      vertex 4.75 17.9998 2.01
    endloop
  endfacet
  facet normal 0 1 0.0001
    outer loop
      vertex 4.75 17.9998 2.01
      vertex 12.75 18 0.00999928
      vertex 4.75 18 0.00999928
    endloop
  endfacet
  facet normal -0 1 0.000109828
    outer loop
      vertex -3 17.9989 10
      vertex -12.75 17.9982 16.3736
      vertex 3 17.9989 10
    endloop
  endfacet
  facet normal 1.0359e-05 1 0.0001
    outer loop
      vertex -12.75 18 0.00999928
      vertex -3 17.9989 10
      vertex -3 17.9993 6
    endloop
  endfacet
  facet normal -0 1 0.000125313
    outer loop
      vertex -4.75 17.9998 2.01
      vertex -3 17.9993 6
      vertex 4.75 17.9998 2.01
    endloop
  endfacet
  facet normal -7.10768e-06 1 0.000128431
    outer loop
      vertex -12.75 18 0.00999928
      vertex -3 17.9993 6
      vertex -4.75 17.9998 2.01
    endloop
  endfacet
  facet normal -0 1 0.0001
    outer loop
      vertex -12.75 18 0.00999928
      vertex -4.75 17.9998 2.01
      vertex -4.75 18 0.00999928
    endloop
  endfacet
  facet normal 1.12567e-07 1 0.00011
    outer loop
      vertex -3 17.9989 10
      vertex -12.75 18 0.00999928
      vertex -12.75 17.9982 16.3736
    endloop
  endfacet
  facet normal -0.998803 0.0489209 0.000109869
    outer loop
      vertex -14.2428 16.647 0.00999928
      vertex -14.25 16.5 0.00999928
      vertex -14.2482 16.5 16.3736
    endloop
  endfacet
  facet normal -1 0 0.00011
    outer loop
      vertex -14.25 -16.5 0.00999928
      vertex -14.2482 16.5 16.3736
      vertex -14.25 16.5 0.00999928
    endloop
  endfacet
  facet normal -1 0 0.00011
    outer loop
      vertex -14.2482 16.5 16.3736
      vertex -14.25 -16.5 0.00999928
      vertex -14.2482 -16.5 16.3736
    endloop
  endfacet
  facet normal 0 0.956962 0.290215
    outer loop
      vertex 12.75 17.955 16.6645
      vertex -12.75 17.9123 16.8053
      vertex 12.75 17.9123 16.8053
    endloop
  endfacet
  facet normal 0 0.956962 0.290215
    outer loop
      vertex -12.75 17.9123 16.8053
      vertex 12.75 17.955 16.6645
      vertex -12.75 17.955 16.6645
    endloop
  endfacet
  facet normal 0 1 -0
    outer loop
      vertex 12.75 18 0
      vertex 4.75 18 0.00999928
      vertex 12.75 18 0.00999928
    endloop
  endfacet
  facet normal 0 1 0
    outer loop
      vertex 4.75 18 0.00999928
      vertex 12.75 18 0
      vertex 4.75 18 0
    endloop
  endfacet
  facet normal 0 1 -0
    outer loop
      vertex -4.75 18 0
      vertex -12.75 18 0.00999928
      vertex -4.75 18 0.00999928
    endloop
  endfacet
  facet normal 0 1 0
    outer loop
      vertex -12.75 18 0.00999928
      vertex -4.75 18 0
      vertex -12.75 18 0
    endloop
  endfacet
  facet normal -0 0.471222 0.882014
    outer loop
      vertex -12.75 17.2712 17.5866
      vertex 12.75 17.1413 17.656
      vertex 12.75 17.2712 17.5866
    endloop
  endfacet
  facet normal 0 0.471222 0.882014
    outer loop
      vertex 12.75 17.1413 17.656
      vertex -12.75 17.2712 17.5866
      vertex -12.75 17.1413 17.656
    endloop
  endfacet
  facet normal -0.146144 0.984443 0.0975416
    outer loop
      vertex -12.8968 17.991 16.3736
      vertex -13.0423 17.9694 16.3736
      vertex -13.0395 17.9553 16.5201
    endloop
  endfacet
  facet normal -0.671251 0.74123 0.000112214
    outer loop
      vertex -13.7016 17.6595 0.00999928
      vertex -13.8107 17.5607 0.00999928
      vertex -13.8094 17.5594 16.3736
    endloop
  endfacet
  facet normal 0.671216 -0.741262 0.000112642
    outer loop
      vertex 13.8094 -17.5594 16.3736
      vertex 13.7004 -17.6581 16.3736
      vertex 13.7016 -17.6595 0.00999928
    endloop
  endfacet
  facet normal 0 0.772988 0.634421
    outer loop
      vertex 12.75 17.7048 17.1935
      vertex -12.75 17.6114 17.3073
      vertex 12.75 17.6114 17.3073
    endloop
  endfacet
  facet normal 0 0.772988 0.634421
    outer loop
      vertex -12.75 17.6114 17.3073
      vertex 12.75 17.7048 17.1935
      vertex -12.75 17.7048 17.1935
    endloop
  endfacet
  facet normal -0.989174 -0.146746 0
    outer loop
      vertex -14.2212 -16.7926 0
      vertex -14.2428 -16.647 0.00999928
      vertex -14.2428 -16.647 0
    endloop
  endfacet
  facet normal -0.989174 -0.146746 0
    outer loop
      vertex -14.2428 -16.647 0.00999928
      vertex -14.2212 -16.7926 0
      vertex -14.2212 -16.7926 0.00999928
    endloop
  endfacet
  facet normal -0.706701 -0.0343941 0.706676
    outer loop
      vertex -13.7525 -16.5987 17.4114
      vertex -13.8614 -16.5 17.3073
      vertex -13.8561 -16.6089 17.3073
    endloop
  endfacet
  facet normal -0.573703 -0.271297 0.772828
    outer loop
      vertex -13.5755 -16.8419 17.5048
      vertex -13.6807 -16.8855 17.4114
      vertex -13.538 -16.9212 17.5048
    endloop
  endfacet
  facet normal -0.857853 -0.513896 0.000112143
    outer loop
      vertex -14.0713 -17.2062 16.3736
      vertex -14.0729 -17.2071 0.00999928
      vertex -13.9957 -17.3324 16.3736
    endloop
  endfacet
  facet normal 0.865288 -0.408819 0.290075
    outer loop
      vertex 14.0548 -17.0405 16.8053
      vertex 13.9956 -17.1658 16.8053
      vertex 14.0943 -17.0568 16.6645
    endloop
  endfacet
  facet normal 0.671251 0.74123 -0
    outer loop
      vertex 13.8107 17.5607 0
      vertex 13.7016 17.6595 0.00999928
      vertex 13.8107 17.5607 0.00999928
    endloop
  endfacet
  facet normal 0.671251 0.74123 0
    outer loop
      vertex 13.7016 17.6595 0.00999928
      vertex 13.8107 17.5607 0
      vertex 13.7016 17.6595 0
    endloop
  endfacet
  facet normal -1 0 0
    outer loop
      vertex 12.75 -17.999 9.5
      vertex 12.75 -17.9982 16.3736
      vertex 12.75 -17.9989 10.3
    endloop
  endfacet
  facet normal 0.0489536 -0.998801 0.000105755
    outer loop
      vertex 12.897 -17.9928 0.00999928
      vertex 12.75 -17.999 9.5
      vertex 12.75 -17.9999 1
    endloop
  endfacet
  facet normal 0.0490819 -0.998795 0.000124849
    outer loop
      vertex 12.897 -17.9928 0.00999928
      vertex 12.75 -17.9999 1
      vertex 12.75 -18 0.2
    endloop
  endfacet
  facet normal 0.0489209 -0.998803 0
    outer loop
      vertex 12.897 -17.9928 0.00999928
      vertex 12.75 -18 0.2
      vertex 12.75 -18 0.00999928
    endloop
  endfacet
  facet normal 0.0496294 -0.998768 0.000116244
    outer loop
      vertex 12.75 -17.999 9.5
      vertex 12.897 -17.9928 0.00999928
      vertex 12.75 -17.9982 16.3736
    endloop
  endfacet
  facet normal -0.772442 0.0375936 0.633972
    outer loop
      vertex -13.8561 16.6089 17.3073
      vertex -13.9548 16.5 17.1935
      vertex -13.8614 16.5 17.3073
    endloop
  endfacet
  facet normal -0.904125 -0.427269 0
    outer loop
      vertex -14.0729 -17.2071 0
      vertex -14.1358 -17.074 0.00999928
      vertex -14.1358 -17.074 0
    endloop
  endfacet
  facet normal -0.904125 -0.427269 0
    outer loop
      vertex -14.1358 -17.074 0.00999928
      vertex -14.0729 -17.2071 0
      vertex -14.0729 -17.2071 0.00999928
    endloop
  endfacet
  facet normal 0.0379427 0.772592 0.633768
    outer loop
      vertex 12.8681 17.699 17.1935
      vertex 12.75 17.7048 17.1935
      vertex 12.8589 17.6061 17.3073
    endloop
  endfacet
  facet normal 0.881186 -0.0433256 0.47078
    outer loop
      vertex 14.0366 -16.5 17.0712
      vertex 14.0304 -16.6261 17.0712
      vertex 14.106 -16.5 16.9413
    endloop
  endfacet
  facet normal 0 0.980685 0.195594
    outer loop
      vertex 12.75 17.9838 16.5201
      vertex -12.75 17.955 16.6645
      vertex 12.75 17.955 16.6645
    endloop
  endfacet
  facet normal 0 0.980685 0.195594
    outer loop
      vertex -12.75 17.955 16.6645
      vertex 12.75 17.9838 16.5201
      vertex -12.75 17.9838 16.5201
    endloop
  endfacet
  facet normal -0.788062 0.583974 0.19476
    outer loop
      vertex -13.897 17.4413 16.5201
      vertex -13.9837 17.3243 16.5201
      vertex -13.8748 17.4231 16.6645
    endloop
  endfacet
  facet normal -0.395055 0.83524 0.382499
    outer loop
      vertex -13.2689 17.7528 16.9413
      vertex -13.4158 17.7456 16.8053
      vertex -13.3892 17.6959 16.9413
    endloop
  endfacet
  facet normal 0.514096 0.857733 0.000110043
    outer loop
      vertex 13.5834 17.7472 0.00999928
      vertex 13.4571 17.8229 0.00999928
      vertex 13.5824 17.7457 16.3736
    endloop
  endfacet
  facet normal -0.0408344 -0.83052 0.555491
    outer loop
      vertex -12.75 -17.7048 17.1935
      vertex -12.8761 -17.7804 17.0712
      vertex -12.75 -17.7866 17.0712
    endloop
  endfacet
  facet normal -0.634421 0 0.772988
    outer loop
      vertex -13.7573 16.5 17.4114
      vertex -13.6435 -16.5 17.5048
      vertex -13.6435 16.5 17.5048
    endloop
  endfacet
  facet normal -0.634421 0 0.772988
    outer loop
      vertex -13.6435 -16.5 17.5048
      vertex -13.7573 16.5 17.4114
      vertex -13.7573 -16.5 17.4114
    endloop
  endfacet
  facet normal 0.014622 -0.290003 0.956914
    outer loop
      vertex 12.7857 -16.8627 17.755
      vertex 12.75 -16.8645 17.755
      vertex 12.7995 -17.0029 17.7123
    endloop
  endfacet
  facet normal -0.803088 -0.595861 0.00011003
    outer loop
      vertex -13.9957 -17.3324 16.3736
      vertex -13.9972 -17.3334 0.00999928
      vertex -13.9095 -17.4516 0.00999928
    endloop
  endfacet
  facet normal -0.881186 -0.0433256 0.47078
    outer loop
      vertex -14.0366 -16.5 17.0712
      vertex -14.106 -16.5 16.9413
      vertex -14.0304 -16.6261 17.0712
    endloop
  endfacet
  facet normal -0.970238 0.14351 0.195044
    outer loop
      vertex -14.1771 16.7839 16.6645
      vertex -14.2053 16.7895 16.5201
      vertex -14.198 16.6426 16.6645
    endloop
  endfacet
  facet normal 0.470014 0.426561 0.772744
    outer loop
      vertex 13.4623 17.2123 17.4114
      vertex 13.3818 17.1318 17.5048
      vertex 13.4407 17.0669 17.5048
    endloop
  endfacet
  facet normal -0.79956 0.592495 0.0982521
    outer loop
      vertex -13.897 17.4413 16.5201
      vertex -13.9957 17.3324 16.3736
      vertex -13.9837 17.3243 16.5201
    endloop
  endfacet
  facet normal -0.914228 -0.135367 0.381921
    outer loop
      vertex -14.0995 -16.6329 16.9413
      vertex -14.1555 -16.6384 16.8053
      vertex -14.1352 -16.7755 16.8053
    endloop
  endfacet
  facet normal -0.477092 -0.285961 0.831029
    outer loop
      vertex -13.4301 -16.8635 17.5866
      vertex -13.538 -16.9212 17.5048
      vertex -13.3912 -16.9284 17.5866
    endloop
  endfacet
  facet normal -0.0407888 -0.830543 0.555458
    outer loop
      vertex -12.8681 -17.699 17.1935
      vertex -12.8761 -17.7804 17.0712
      vertex -12.75 -17.7048 17.1935
    endloop
  endfacet
  facet normal -0.302663 -0.63967 0.706553
    outer loop
      vertex -13.2249 -17.3884 17.4114
      vertex -13.2739 -17.4802 17.3073
      vertex -13.1355 -17.4307 17.4114
    endloop
  endfacet
  facet normal -0.238696 0.666144 0.706595
    outer loop
      vertex -13.0726 17.5636 17.3073
      vertex -13.1753 17.5268 17.3073
      vertex -13.0424 17.464 17.4114
    endloop
  endfacet
  facet normal 0.425196 0.899818 0.0976529
    outer loop
      vertex 13.3233 17.8841 16.3736
      vertex 13.3178 17.8708 16.5201
      vertex 13.4562 17.8213 16.3736
    endloop
  endfacet
  facet normal 0.941527 0.336939 0.000112228
    outer loop
      vertex 14.1358 17.074 0.00999928
      vertex 14.1341 17.0733 16.3736
      vertex 14.1854 16.9354 0.00999928
    endloop
  endfacet
  facet normal 0.803088 0.595861 0.00011003
    outer loop
      vertex 13.9972 17.3334 0.00999928
      vertex 13.9095 17.4516 0.00999928
      vertex 13.9957 17.3324 16.3736
    endloop
  endfacet
  facet normal -0 0.0978221 0.995204
    outer loop
      vertex -12.75 16.7201 17.7838
      vertex 12.75 16.5736 17.7982
      vertex 12.75 16.7201 17.7838
    endloop
  endfacet
  facet normal 0 0.0978221 0.995204
    outer loop
      vertex 12.75 16.5736 17.7982
      vertex -12.75 16.7201 17.7838
      vertex -12.75 16.5736 17.7982
    endloop
  endfacet
  facet normal -0.663628 0.396869 0.634107
    outer loop
      vertex -13.7518 17.1694 17.1935
      vertex -13.8125 17.0679 17.1935
      vertex -13.6741 17.1175 17.3073
    endloop
  endfacet
  facet normal -0.984474 -0.145519 0.098158
    outer loop
      vertex -14.2266 -16.6454 16.5201
      vertex -14.241 -16.6468 16.3736
      vertex -14.2053 -16.7895 16.5201
    endloop
  endfacet
  facet normal -0.0134796 0.0970531 0.995188
    outer loop
      vertex -12.7572 16.5732 17.7982
      vertex -12.7929 16.7159 17.7838
      vertex -12.7644 16.5722 17.7982
    endloop
  endfacet
  facet normal 0.904139 0.427238 0.000111903
    outer loop
      vertex 14.0729 17.2071 0.00999928
      vertex 14.0713 17.2062 16.3736
      vertex 14.1341 17.0733 16.3736
    endloop
  endfacet
  facet normal -0.014622 -0.290003 0.956914
    outer loop
      vertex -12.7857 -16.8627 17.755
      vertex -12.7995 -17.0029 17.7123
      vertex -12.75 -16.8645 17.755
    endloop
  endfacet
  facet normal -0.803088 0.595861 0.00011003
    outer loop
      vertex -13.9095 17.4516 0.00999928
      vertex -13.9972 17.3334 0.00999928
      vertex -13.9957 17.3324 16.3736
    endloop
  endfacet
  facet normal -0.336939 0.941527 0
    outer loop
      vertex -13.1854 17.9354 0
      vertex -13.324 17.8858 0.00999928
      vertex -13.1854 17.9354 0.00999928
    endloop
  endfacet
  facet normal -0.336939 0.941527 0
    outer loop
      vertex -13.324 17.8858 0.00999928
      vertex -13.1854 17.9354 0
      vertex -13.324 17.8858 0
    endloop
  endfacet
  facet normal -0.941527 -0.336939 0
    outer loop
      vertex -14.1358 -17.074 0
      vertex -14.1854 -16.9354 0.00999928
      vertex -14.1854 -16.9354 0
    endloop
  endfacet
  facet normal -0.941527 -0.336939 0
    outer loop
      vertex -14.1854 -16.9354 0.00999928
      vertex -14.1358 -17.074 0
      vertex -14.1358 -17.074 0.00999928
    endloop
  endfacet
  facet normal -0.0489209 0.998803 0.000109869
    outer loop
      vertex -12.75 18 0.00999928
      vertex -12.897 17.9928 0.00999928
      vertex -12.75 17.9982 16.3736
    endloop
  endfacet
  facet normal -0.969982 -0.243175 0.000111157
    outer loop
      vertex -14.2194 -16.7923 16.3736
      vertex -14.2212 -16.7926 0.00999928
      vertex -14.1854 -16.9354 0.00999928
    endloop
  endfacet
  facet normal -0.0453501 0.923008 0.382098
    outer loop
      vertex -12.75 17.9123 16.8053
      vertex -12.8884 17.9055 16.8053
      vertex -12.75 17.856 16.9413
    endloop
  endfacet
  facet normal -0.0492213 0.993998 0.0977035
    outer loop
      vertex -12.75 17.9982 16.3736
      vertex -12.8954 17.9766 16.5201
      vertex -12.75 17.9838 16.5201
    endloop
  endfacet
  facet normal -0.870078 0.311089 0.382346
    outer loop
      vertex -14.0028 17.0189 16.9413
      vertex -14.1015 16.91 16.8053
      vertex -14.0476 16.8936 16.9413
    endloop
  endfacet
  facet normal -0.0469234 0.955896 0.289934
    outer loop
      vertex -12.75 17.955 16.6645
      vertex -12.8926 17.948 16.6645
      vertex -12.8884 17.9055 16.8053
    endloop
  endfacet
  facet normal 0 -1 0
    outer loop
      vertex -12.75 -18 0
      vertex 12.75 -18 0.00999928
      vertex -12.75 -18 0.00999928
    endloop
  endfacet
  facet normal 0 -1 -0
    outer loop
      vertex 12.75 -18 0.00999928
      vertex -12.75 -18 0
      vertex 12.75 -18 0
    endloop
  endfacet
  facet normal 0 -0.0978221 0.995204
    outer loop
      vertex -12.75 -16.5736 17.7982
      vertex 12.75 -16.7201 17.7838
      vertex 12.75 -16.5736 17.7982
    endloop
  endfacet
  facet normal 0 -0.0978221 0.995204
    outer loop
      vertex 12.75 -16.7201 17.7838
      vertex -12.75 -16.5736 17.7982
      vertex -12.75 -16.7201 17.7838
    endloop
  endfacet
  facet normal 0.0487508 0.993975 0.0981672
    outer loop
      vertex 12.8968 17.991 16.3736
      vertex 12.75 17.9982 16.3736
      vertex 12.8954 17.9766 16.5201
    endloop
  endfacet
  facet normal -0.642313 -0.709307 0.290375
    outer loop
      vertex -13.646 -17.5917 16.8053
      vertex -13.7487 -17.4987 16.8053
      vertex -13.6731 -17.6248 16.6645
    endloop
  endfacet
  facet normal -0.993998 -0.0492213 0.0977035
    outer loop
      vertex -14.2338 -16.5 16.5201
      vertex -14.2482 -16.5 16.3736
      vertex -14.2266 -16.6454 16.5201
    endloop
  endfacet
  facet normal -0.993975 0.0487508 0.0981672
    outer loop
      vertex -14.241 16.6468 16.3736
      vertex -14.2482 16.5 16.3736
      vertex -14.2266 16.6454 16.5201
    endloop
  endfacet
  facet normal 0 0 -1
    outer loop
      vertex -9 -16.5 0
      vertex -11 -16.5 0
      vertex -9 -14.5 0
    endloop
  endfacet
  facet normal 0 0 -1
    outer loop
      vertex -12.15 -14.5 0
      vertex -11 -16.5 0
      vertex -12.15 -16.5 0
    endloop
  endfacet
  facet normal 0 0 -1
    outer loop
      vertex -11 -16.5 0
      vertex -12.15 -14.5 0
      vertex -9 -14.5 0
    endloop
  endfacet
  facet normal 0 0 -1
    outer loop
      vertex -12.15 3.5 0
      vertex -9 5.5 0
      vertex -9 3.5 0
    endloop
  endfacet
  facet normal -0 0 -1
    outer loop
      vertex -9 5.5 0
      vertex -12.15 3.5 0
      vertex -12.15 5.5 0
    endloop
  endfacet
  facet normal 0 0 -1
    outer loop
      vertex 11 16.5 0
      vertex 4.75 16.5 0
      vertex 11 16.51 0
    endloop
  endfacet
  facet normal 0 0 -1
    outer loop
      vertex 9 3.5 0
      vertex 12.15 5.5 0
      vertex 12.15 3.5 0
    endloop
  endfacet
  facet normal -0 0 -1
    outer loop
      vertex 12.15 5.5 0
      vertex 9 3.5 0
      vertex 9 5.5 0
    endloop
  endfacet
  facet normal 0 0 -1
    outer loop
      vertex 11 -16.5 0
      vertex 12.15 -14.5 0
      vertex 12.15 -16.5 0
    endloop
  endfacet
  facet normal 0 0 -1
    outer loop
      vertex 9 -14.5 0
      vertex 11 -16.5 0
      vertex 9 -16.5 0
    endloop
  endfacet
  facet normal 0 0 -1
    outer loop
      vertex 11 -16.5 0
      vertex 9 -14.5 0
      vertex 12.15 -14.5 0
    endloop
  endfacet
  facet normal 0 0 -1
    outer loop
      vertex 12.15 -16.51 0
      vertex 14.25 -16.5 0
      vertex 14.2428 -16.647 0
    endloop
  endfacet
  facet normal 0 0 -1
    outer loop
      vertex 14.25 -16.5 0
      vertex 12.15 3.5 0
      vertex 14.25 16.5 0
    endloop
  endfacet
  facet normal 0 0 -1
    outer loop
      vertex 12.15 -16.51 0
      vertex 14.2428 -16.647 0
      vertex 14.2212 -16.7926 0
    endloop
  endfacet
  facet normal 0 0 -1
    outer loop
      vertex 12.15 5.5 0
      vertex 14.25 16.5 0
      vertex 12.15 3.5 0
    endloop
  endfacet
  facet normal 0 0 -1
    outer loop
      vertex 12.15 -16.51 0
      vertex 14.2212 -16.7926 0
      vertex 14.1854 -16.9354 0
    endloop
  endfacet
  facet normal 0 0 -1
    outer loop
      vertex 12.15 16.51 0
      vertex 14.25 16.5 0
      vertex 12.15 5.5 0
    endloop
  endfacet
  facet normal 0 0 -1
    outer loop
      vertex 12.15 -16.51 0
      vertex 14.1854 -16.9354 0
      vertex 14.1358 -17.074 0
    endloop
  endfacet
  facet normal 0 0 -1
    outer loop
      vertex 14.25 16.5 0
      vertex 12.15 16.51 0
      vertex 14.2428 16.647 0
    endloop
  endfacet
  facet normal 0 0 -1
    outer loop
      vertex 12.15 -16.51 0
      vertex 14.1358 -17.074 0
      vertex 14.0729 -17.2071 0
    endloop
  endfacet
  facet normal -0 0 -1
    outer loop
      vertex 14.2428 16.647 0
      vertex 12.15 16.51 0
      vertex 14.2212 16.7926 0
    endloop
  endfacet
  facet normal 0 0 -1
    outer loop
      vertex 12.15 -16.51 0
      vertex 14.0729 -17.2071 0
      vertex 13.9972 -17.3334 0
    endloop
  endfacet
  facet normal -0 0 -1
    outer loop
      vertex 14.2212 16.7926 0
      vertex 12.15 16.51 0
      vertex 14.1854 16.9354 0
    endloop
  endfacet
  facet normal 0 0 -1
    outer loop
      vertex 12.15 -16.51 0
      vertex 13.9972 -17.3334 0
      vertex 13.9095 -17.4516 0
    endloop
  endfacet
  facet normal -0 0 -1
    outer loop
      vertex 14.1854 16.9354 0
      vertex 12.15 16.51 0
      vertex 14.1358 17.074 0
    endloop
  endfacet
  facet normal 0 0 -1
    outer loop
      vertex 12.15 -16.51 0
      vertex 13.9095 -17.4516 0
      vertex 13.8107 -17.5607 0
    endloop
  endfacet
  facet normal -0 0 -1
    outer loop
      vertex 14.1358 17.074 0
      vertex 12.15 16.51 0
      vertex 14.0729 17.2071 0
    endloop
  endfacet
  facet normal 0 0 -1
    outer loop
      vertex 12.15 -16.51 0
      vertex 13.8107 -17.5607 0
      vertex 13.7016 -17.6595 0
    endloop
  endfacet
  facet normal -0 0 -1
    outer loop
      vertex 14.0729 17.2071 0
      vertex 12.15 16.51 0
      vertex 13.9972 17.3334 0
    endloop
  endfacet
  facet normal 0 0 -1
    outer loop
      vertex 12.15 -16.51 0
      vertex 13.7016 -17.6595 0
      vertex 13.5834 -17.7472 0
    endloop
  endfacet
  facet normal -0 0 -1
    outer loop
      vertex 13.9972 17.3334 0
      vertex 12.15 16.51 0
      vertex 13.9095 17.4516 0
    endloop
  endfacet
  facet normal 0 0 -1
    outer loop
      vertex 12.15 -16.51 0
      vertex 13.5834 -17.7472 0
      vertex 13.4571 -17.8229 0
    endloop
  endfacet
  facet normal -0 0 -1
    outer loop
      vertex 13.9095 17.4516 0
      vertex 12.15 16.51 0
      vertex 13.8107 17.5607 0
    endloop
  endfacet
  facet normal 0 0 -1
    outer loop
      vertex 12.15 -16.51 0
      vertex 13.4571 -17.8229 0
      vertex 13.324 -17.8858 0
    endloop
  endfacet
  facet normal -0 0 -1
    outer loop
      vertex 13.8107 17.5607 0
      vertex 12.15 16.51 0
      vertex 13.7016 17.6595 0
    endloop
  endfacet
  facet normal 0 0 -1
    outer loop
      vertex 12.15 -16.51 0
      vertex 13.324 -17.8858 0
      vertex 13.1854 -17.9354 0
    endloop
  endfacet
  facet normal -0 0 -1
    outer loop
      vertex 13.7016 17.6595 0
      vertex 12.15 16.51 0
      vertex 13.5834 17.7472 0
    endloop
  endfacet
  facet normal 0 0 -1
    outer loop
      vertex 12.15 -16.51 0
      vertex 13.1854 -17.9354 0
      vertex 13.0426 -17.9712 0
    endloop
  endfacet
  facet normal -0 0 -1
    outer loop
      vertex 13.5834 17.7472 0
      vertex 12.15 16.51 0
      vertex 13.4571 17.8229 0
    endloop
  endfacet
  facet normal 0 0 -1
    outer loop
      vertex 12.15 -16.51 0
      vertex 13.0426 -17.9712 0
      vertex 12.897 -17.9928 0
    endloop
  endfacet
  facet normal -0 0 -1
    outer loop
      vertex 13.4571 17.8229 0
      vertex 12.15 16.51 0
      vertex 13.324 17.8858 0
    endloop
  endfacet
  facet normal 0 0 -1
    outer loop
      vertex 12.15 -16.51 0
      vertex 12.897 -17.9928 0
      vertex 12.75 -18 0
    endloop
  endfacet
  facet normal -0 0 -1
    outer loop
      vertex 13.324 17.8858 0
      vertex 12.15 16.51 0
      vertex 13.1854 17.9354 0
    endloop
  endfacet
  facet normal -0 0 -1
    outer loop
      vertex 14.25 -16.5 0
      vertex 12.15 -16.51 0
      vertex 12.15 -16.5 0
    endloop
  endfacet
  facet normal 0 0 -1
    outer loop
      vertex 12.75 -18 0
      vertex 11 -16.51 0
      vertex 12.15 -16.51 0
    endloop
  endfacet
  facet normal 0 0 -1
    outer loop
      vertex 11 -16.51 0
      vertex 9 -16.5 0
      vertex 11 -16.5 0
    endloop
  endfacet
  facet normal 0 0 -1
    outer loop
      vertex 12.75 -18 0
      vertex 9 -16.5 0
      vertex 11 -16.51 0
    endloop
  endfacet
  facet normal 0 0 -1
    outer loop
      vertex 12.75 -18 0
      vertex -9 -16.5 0
      vertex 9 -16.5 0
    endloop
  endfacet
  facet normal 0 0 -1
    outer loop
      vertex -11 -16.5 0
      vertex -9 -16.5 0
      vertex -11 -16.51 0
    endloop
  endfacet
  facet normal 0 0 -1
    outer loop
      vertex -12.75 -18 0
      vertex -9 -16.5 0
      vertex 12.75 -18 0
    endloop
  endfacet
  facet normal 0 0 -1
    outer loop
      vertex -9 -16.5 0
      vertex -12.75 -18 0
      vertex -11 -16.51 0
    endloop
  endfacet
  facet normal 0 0 -1
    outer loop
      vertex -14.25 -16.5 0
      vertex -12.15 -16.5 0
      vertex -12.15 -16.51 0
    endloop
  endfacet
  facet normal 0 0 -1
    outer loop
      vertex -12.15 -16.5 0
      vertex -14.25 -16.5 0
      vertex -12.15 -14.5 0
    endloop
  endfacet
  facet normal -0 0 -1
    outer loop
      vertex -12.15 -14.5 0
      vertex -14.25 -16.5 0
      vertex -12.15 3.5 0
    endloop
  endfacet
  facet normal 0 0 -1
    outer loop
      vertex -14.25 16.5 0
      vertex -12.15 3.5 0
      vertex -14.25 -16.5 0
    endloop
  endfacet
  facet normal 0 0 -1
    outer loop
      vertex -12.897 -17.9928 0
      vertex -12.15 -16.51 0
      vertex -12.75 -18 0
    endloop
  endfacet
  facet normal -0 0 -1
    outer loop
      vertex -11 -16.51 0
      vertex -12.75 -18 0
      vertex -12.15 -16.51 0
    endloop
  endfacet
  facet normal 0 0 -1
    outer loop
      vertex 14.25 -16.5 0
      vertex 12.15 -16.5 0
      vertex 12.15 -14.5 0
    endloop
  endfacet
  facet normal 0 0 -1
    outer loop
      vertex 14.25 -16.5 0
      vertex 12.15 -14.5 0
      vertex 12.15 3.5 0
    endloop
  endfacet
  facet normal -0 0 -1
    outer loop
      vertex 13.1854 17.9354 0
      vertex 12.15 16.51 0
      vertex 13.0426 17.9712 0
    endloop
  endfacet
  facet normal -0 0 -1
    outer loop
      vertex 13.0426 17.9712 0
      vertex 12.15 16.51 0
      vertex 12.897 17.9928 0
    endloop
  endfacet
  facet normal -0 0 -1
    outer loop
      vertex 12.897 17.9928 0
      vertex 12.15 16.51 0
      vertex 12.75 18 0
    endloop
  endfacet
  facet normal 0 0 -1
    outer loop
      vertex 11 16.51 0
      vertex 12.75 18 0
      vertex 12.15 16.51 0
    endloop
  endfacet
  facet normal 0 0 -1
    outer loop
      vertex 4.75 18 0
      vertex 11 16.51 0
      vertex 4.75 16.5 0
    endloop
  endfacet
  facet normal 0 0 -1
    outer loop
      vertex 11 16.51 0
      vertex 4.75 18 0
      vertex 12.75 18 0
    endloop
  endfacet
  facet normal 0 0 -1
    outer loop
      vertex -11 16.51 0
      vertex -4.75 16.5 0
      vertex -11 16.5 0
    endloop
  endfacet
  facet normal 0 0 -1
    outer loop
      vertex -4.75 16.5 0
      vertex -11 16.51 0
      vertex -4.75 18 0
    endloop
  endfacet
  facet normal 0 0 -1
    outer loop
      vertex -12.75 18 0
      vertex -11 16.51 0
      vertex -12.15 16.51 0
    endloop
  endfacet
  facet normal 0 0 -1
    outer loop
      vertex -11 16.51 0
      vertex -12.75 18 0
      vertex -4.75 18 0
    endloop
  endfacet
  facet normal 0 0 -1
    outer loop
      vertex -12.15 3.5 0
      vertex -14.25 16.5 0
      vertex -12.15 5.5 0
    endloop
  endfacet
  facet normal 0 0 -1
    outer loop
      vertex -13.0426 -17.9712 0
      vertex -12.15 -16.51 0
      vertex -12.897 -17.9928 0
    endloop
  endfacet
  facet normal 0 0 -1
    outer loop
      vertex -12.15 5.5 0
      vertex -14.25 16.5 0
      vertex -12.15 16.51 0
    endloop
  endfacet
  facet normal 0 0 -1
    outer loop
      vertex -13.1854 -17.9354 0
      vertex -12.15 -16.51 0
      vertex -13.0426 -17.9712 0
    endloop
  endfacet
  facet normal 0 -0 -1
    outer loop
      vertex -14.2428 16.647 0
      vertex -12.15 16.51 0
      vertex -14.25 16.5 0
    endloop
  endfacet
  facet normal 0 0 -1
    outer loop
      vertex -13.324 -17.8858 0
      vertex -12.15 -16.51 0
      vertex -13.1854 -17.9354 0
    endloop
  endfacet
  facet normal 0 0 -1
    outer loop
      vertex -12.15 16.51 0
      vertex -12.897 17.9928 0
      vertex -12.75 18 0
    endloop
  endfacet
  facet normal 0 0 -1
    outer loop
      vertex -13.4571 -17.8229 0
      vertex -12.15 -16.51 0
      vertex -13.324 -17.8858 0
    endloop
  endfacet
  facet normal 0 0 -1
    outer loop
      vertex -12.15 16.51 0
      vertex -13.0426 17.9712 0
      vertex -12.897 17.9928 0
    endloop
  endfacet
  facet normal 0 0 -1
    outer loop
      vertex -13.5834 -17.7472 0
      vertex -12.15 -16.51 0
      vertex -13.4571 -17.8229 0
    endloop
  endfacet
  facet normal 0 0 -1
    outer loop
      vertex -12.15 16.51 0
      vertex -13.1854 17.9354 0
      vertex -13.0426 17.9712 0
    endloop
  endfacet
  facet normal 0 0 -1
    outer loop
      vertex -13.7016 -17.6595 0
      vertex -12.15 -16.51 0
      vertex -13.5834 -17.7472 0
    endloop
  endfacet
  facet normal 0 0 -1
    outer loop
      vertex -12.15 16.51 0
      vertex -13.324 17.8858 0
      vertex -13.1854 17.9354 0
    endloop
  endfacet
  facet normal 0 0 -1
    outer loop
      vertex -13.8107 -17.5607 0
      vertex -12.15 -16.51 0
      vertex -13.7016 -17.6595 0
    endloop
  endfacet
  facet normal 0 0 -1
    outer loop
      vertex -12.15 16.51 0
      vertex -13.4571 17.8229 0
      vertex -13.324 17.8858 0
    endloop
  endfacet
  facet normal 0 0 -1
    outer loop
      vertex -13.9095 -17.4516 0
      vertex -12.15 -16.51 0
      vertex -13.8107 -17.5607 0
    endloop
  endfacet
  facet normal 0 0 -1
    outer loop
      vertex -12.15 16.51 0
      vertex -13.5834 17.7472 0
      vertex -13.4571 17.8229 0
    endloop
  endfacet
  facet normal 0 0 -1
    outer loop
      vertex -13.9972 -17.3334 0
      vertex -12.15 -16.51 0
      vertex -13.9095 -17.4516 0
    endloop
  endfacet
  facet normal 0 0 -1
    outer loop
      vertex -12.15 16.51 0
      vertex -13.7016 17.6595 0
      vertex -13.5834 17.7472 0
    endloop
  endfacet
  facet normal 0 0 -1
    outer loop
      vertex -14.0729 -17.2071 0
      vertex -12.15 -16.51 0
      vertex -13.9972 -17.3334 0
    endloop
  endfacet
  facet normal 0 0 -1
    outer loop
      vertex -12.15 16.51 0
      vertex -13.8107 17.5607 0
      vertex -13.7016 17.6595 0
    endloop
  endfacet
  facet normal 0 0 -1
    outer loop
      vertex -14.1358 -17.074 0
      vertex -12.15 -16.51 0
      vertex -14.0729 -17.2071 0
    endloop
  endfacet
  facet normal 0 0 -1
    outer loop
      vertex -12.15 16.51 0
      vertex -13.9095 17.4516 0
      vertex -13.8107 17.5607 0
    endloop
  endfacet
  facet normal 0 0 -1
    outer loop
      vertex -14.1854 -16.9354 0
      vertex -12.15 -16.51 0
      vertex -14.1358 -17.074 0
    endloop
  endfacet
  facet normal 0 0 -1
    outer loop
      vertex -12.15 16.51 0
      vertex -13.9972 17.3334 0
      vertex -13.9095 17.4516 0
    endloop
  endfacet
  facet normal 0 0 -1
    outer loop
      vertex -14.2212 -16.7926 0
      vertex -12.15 -16.51 0
      vertex -14.1854 -16.9354 0
    endloop
  endfacet
  facet normal 0 0 -1
    outer loop
      vertex -12.15 16.51 0
      vertex -14.0729 17.2071 0
      vertex -13.9972 17.3334 0
    endloop
  endfacet
  facet normal 0 0 -1
    outer loop
      vertex -14.2428 -16.647 0
      vertex -12.15 -16.51 0
      vertex -14.2212 -16.7926 0
    endloop
  endfacet
  facet normal 0 0 -1
    outer loop
      vertex -12.15 16.51 0
      vertex -14.1358 17.074 0
      vertex -14.0729 17.2071 0
    endloop
  endfacet
  facet normal -0 0 -1
    outer loop
      vertex -12.15 -16.51 0
      vertex -14.2428 -16.647 0
      vertex -14.25 -16.5 0
    endloop
  endfacet
  facet normal 0 0 -1
    outer loop
      vertex -12.15 16.51 0
      vertex -14.1854 16.9354 0
      vertex -14.1358 17.074 0
    endloop
  endfacet
  facet normal 0 0 -1
    outer loop
      vertex -12.15 16.51 0
      vertex -14.2212 16.7926 0
      vertex -14.1854 16.9354 0
    endloop
  endfacet
  facet normal 0 0 -1
    outer loop
      vertex -12.15 16.51 0
      vertex -14.2428 16.647 0
      vertex -14.2212 16.7926 0
    endloop
  endfacet
  facet normal 0.998803 -0.0489209 0.000109869
    outer loop
      vertex 14.2482 -16.5 16.3736
      vertex 14.2428 -16.647 0.00999928
      vertex 14.25 -16.5 0.00999928
    endloop
  endfacet
  facet normal -0.0343679 0.706689 0.706689
    outer loop
      vertex -12.75 17.6114 17.3073
      vertex -12.8487 17.5025 17.4114
      vertex -12.75 17.5073 17.4114
    endloop
  endfacet
  facet normal -0.941527 0.336939 0
    outer loop
      vertex -14.1854 16.9354 0
      vertex -14.1358 17.074 0.00999928
      vertex -14.1358 17.074 0
    endloop
  endfacet
  facet normal -0.941527 0.336939 0
    outer loop
      vertex -14.1358 17.074 0.00999928
      vertex -14.1854 16.9354 0
      vertex -14.1854 16.9354 0.00999928
    endloop
  endfacet
  facet normal 0.969982 0.243175 0
    outer loop
      vertex 14.2212 16.7926 0.00999928
      vertex 14.1854 16.9354 0
      vertex 14.1854 16.9354 0.00999928
    endloop
  endfacet
  facet normal 0.969982 0.243175 0
    outer loop
      vertex 14.1854 16.9354 0
      vertex 14.2212 16.7926 0.00999928
      vertex 14.2212 16.7926 0
    endloop
  endfacet
  facet normal 0 0.995204 0.0978221
    outer loop
      vertex 12.75 17.9982 16.3736
      vertex -12.75 17.9838 16.5201
      vertex 12.75 17.9838 16.5201
    endloop
  endfacet
  facet normal 0 0.995204 0.0978221
    outer loop
      vertex -12.75 17.9838 16.5201
      vertex 12.75 17.9982 16.3736
      vertex -12.75 17.9982 16.3736
    endloop
  endfacet
  facet normal -0.171925 0.686402 0.706607
    outer loop
      vertex -12.9668 17.5901 17.3073
      vertex -13.0726 17.5636 17.3073
      vertex -13.0424 17.464 17.4114
    endloop
  endfacet
  facet normal -0.103782 0.699877 0.706684
    outer loop
      vertex -12.8589 17.6061 17.3073
      vertex -12.9668 17.5901 17.3073
      vertex -12.8487 17.5025 17.4114
    endloop
  endfacet
  facet normal -0.0185419 0.382426 0.9238
    outer loop
      vertex -12.75 17.1413 17.656
      vertex -12.7995 17.0029 17.7123
      vertex -12.75 17.0053 17.7123
    endloop
  endfacet
  facet normal -0.346229 0.163841 0.923732
    outer loop
      vertex -13.1957 16.7382 17.7123
      vertex -13.3425 16.7454 17.656
      vertex -13.2169 16.6934 17.7123
    endloop
  endfacet
  facet normal -0.853468 -0.511808 0.0982066
    outer loop
      vertex -13.9837 -17.3243 16.5201
      vertex -14.0586 -17.1994 16.5201
      vertex -13.9957 -17.3324 16.3736
    endloop
  endfacet
  facet normal -0.00986139 -0.195584 0.980637
    outer loop
      vertex -12.75 -16.7201 17.7838
      vertex -12.7857 -16.8627 17.755
      vertex -12.75 -16.8645 17.755
    endloop
  endfacet
  facet normal 0.706689 -0.0343679 0.706689
    outer loop
      vertex 13.7573 -16.5 17.4114
      vertex 13.7525 -16.5987 17.4114
      vertex 13.8614 -16.5 17.3073
    endloop
  endfacet
  facet normal 0.427269 0.904125 0.000112206
    outer loop
      vertex 13.324 17.8858 0.00999928
      vertex 13.3233 17.8841 16.3736
      vertex 13.4571 17.8229 0.00999928
    endloop
  endfacet
  facet normal 0.14351 -0.970238 0.195044
    outer loop
      vertex 13.0339 -17.9271 16.6645
      vertex 12.8926 -17.948 16.6645
      vertex 13.0395 -17.9553 16.5201
    endloop
  endfacet
  facet normal -0.965324 0.242015 0.0978698
    outer loop
      vertex -14.1837 16.9349 16.3736
      vertex -14.2053 16.7895 16.5201
      vertex -14.1699 16.9307 16.5201
    endloop
  endfacet
  facet normal -0.146746 -0.989174 0.0001115
    outer loop
      vertex -13.0423 -17.9694 16.3736
      vertex -13.0426 -17.9712 0.00999928
      vertex -12.897 -17.9928 0.00999928
    endloop
  endfacet
  facet normal -0.713751 -0.426844 0.555305
    outer loop
      vertex -13.8125 -17.0679 17.1935
      vertex -13.8198 -17.2148 17.0712
      vertex -13.7518 -17.1694 17.1935
    endloop
  endfacet
  facet normal 0.336939 -0.941527 0
    outer loop
      vertex 13.1854 -17.9354 0
      vertex 13.324 -17.8858 0.00999928
      vertex 13.1854 -17.9354 0.00999928
    endloop
  endfacet
  facet normal 0.336939 -0.941527 0
    outer loop
      vertex 13.324 -17.8858 0.00999928
      vertex 13.1854 -17.9354 0
      vertex 13.324 -17.8858 0
    endloop
  endfacet
  facet normal -0.998803 -0.0489209 0.000109869
    outer loop
      vertex -14.2482 -16.5 16.3736
      vertex -14.25 -16.5 0.00999928
      vertex -14.2428 -16.647 0.00999928
    endloop
  endfacet
  facet normal -0.514096 0.857733 0
    outer loop
      vertex -13.4571 17.8229 0
      vertex -13.5834 17.7472 0.00999928
      vertex -13.4571 17.8229 0.00999928
    endloop
  endfacet
  facet normal -0.514096 0.857733 0
    outer loop
      vertex -13.5834 17.7472 0.00999928
      vertex -13.4571 17.8229 0
      vertex -13.5834 17.7472 0
    endloop
  endfacet
  facet normal -0.726746 0.658719 0.194754
    outer loop
      vertex -13.7992 17.5492 16.5201
      vertex -13.897 17.4413 16.5201
      vertex -13.8748 17.4231 16.6645
    endloop
  endfacet
  facet normal -0.33737 0.941372 0.000108107
    outer loop
      vertex -13.1854 17.9354 0.00999928
      vertex -13.3233 17.8841 16.3736
      vertex -13.1849 17.9337 16.3736
    endloop
  endfacet
  facet normal -0.989174 0.146746 0.0001115
    outer loop
      vertex -14.2212 16.7926 0.00999928
      vertex -14.2428 16.647 0.00999928
      vertex -14.2194 16.7923 16.3736
    endloop
  endfacet
  facet normal -0.0485089 0.97961 0.194963
    outer loop
      vertex -12.75 17.9838 16.5201
      vertex -12.8954 17.9766 16.5201
      vertex -12.8926 17.948 16.6645
    endloop
  endfacet
  facet normal -0.969982 -0.243175 0
    outer loop
      vertex -14.1854 -16.9354 0
      vertex -14.2212 -16.7926 0.00999928
      vertex -14.2212 -16.7926 0
    endloop
  endfacet
  facet normal -0.969982 -0.243175 0
    outer loop
      vertex -14.2212 -16.7926 0.00999928
      vertex -14.1854 -16.9354 0
      vertex -14.1854 -16.9354 0.00999928
    endloop
  endfacet
  facet normal -0.145519 0.984474 0.098158
    outer loop
      vertex -12.8968 17.991 16.3736
      vertex -13.0395 17.9553 16.5201
      vertex -12.8954 17.9766 16.5201
    endloop
  endfacet
  facet normal 0.453668 0.756777 0.47061
    outer loop
      vertex 13.5033 17.6275 16.9413
      vertex 13.3892 17.6959 16.9413
      vertex 13.4648 17.5698 17.0712
    endloop
  endfacet
  facet normal -0.941372 0.33737 0.000108107
    outer loop
      vertex -14.1341 17.0733 16.3736
      vertex -14.1854 16.9354 0.00999928
      vertex -14.1837 16.9349 16.3736
    endloop
  endfacet
  facet normal -0.114644 0.457828 0.881618
    outer loop
      vertex -12.8751 17.129 17.656
      vertex -12.9739 17.2379 17.5866
      vertex -12.9362 17.1137 17.656
    endloop
  endfacet
  facet normal -0.0279339 0.555737 0.830888
    outer loop
      vertex -12.75 17.3935 17.5048
      vertex -12.8256 17.2674 17.5866
      vertex -12.75 17.2712 17.5866
    endloop
  endfacet
  facet normal 0.257184 -0.283444 0.923859
    outer loop
      vertex 13.1073 -16.8573 17.7123
      vertex 13.0706 -16.8906 17.7123
      vertex 13.1569 -16.9958 17.656
    endloop
  endfacet
  facet normal -0.0188523 -0.382519 0.923755
    outer loop
      vertex -12.7995 -17.0029 17.7123
      vertex -12.8129 -17.1382 17.656
      vertex -12.75 -17.1413 17.656
    endloop
  endfacet
  facet normal 0.16805 0.100721 0.980619
    outer loop
      vertex 13.053 16.7025 17.755
      vertex 12.9441 16.6038 17.7838
      vertex 13.0714 16.6718 17.755
    endloop
  endfacet
  facet normal 0.426561 -0.470014 0.772744
    outer loop
      vertex 13.3818 -17.1318 17.5048
      vertex 13.3169 -17.1907 17.5048
      vertex 13.4623 -17.2123 17.4114
    endloop
  endfacet
  facet normal 0.0408344 -0.83052 0.555491
    outer loop
      vertex 12.75 -17.7048 17.1935
      vertex 12.75 -17.7866 17.0712
      vertex 12.8761 -17.7804 17.0712
    endloop
  endfacet
  facet normal -0.331287 -0.446573 0.831157
    outer loop
      vertex -13.1784 -17.1412 17.5866
      vertex -13.3169 -17.1907 17.5048
      vertex -13.2464 -17.243 17.5048
    endloop
  endfacet
  facet normal -0.706689 -0.0343679 0.706689
    outer loop
      vertex -13.7573 -16.5 17.4114
      vertex -13.8614 -16.5 17.3073
      vertex -13.7525 -16.5987 17.4114
    endloop
  endfacet
  facet normal -0.146746 -0.989174 0
    outer loop
      vertex -13.0426 -17.9712 0
      vertex -12.897 -17.9928 0.00999928
      vertex -13.0426 -17.9712 0.00999928
    endloop
  endfacet
  facet normal -0.146746 -0.989174 -0
    outer loop
      vertex -12.897 -17.9928 0.00999928
      vertex -13.0426 -17.9712 0
      vertex -12.897 -17.9928 0
    endloop
  endfacet
  facet normal 0.243175 0.969982 -0
    outer loop
      vertex 13.1854 17.9354 0
      vertex 13.0426 17.9712 0.00999928
      vertex 13.1854 17.9354 0.00999928
    endloop
  endfacet
  facet normal 0.243175 0.969982 0
    outer loop
      vertex 13.0426 17.9712 0.00999928
      vertex 13.1854 17.9354 0
      vertex 13.0426 17.9712 0
    endloop
  endfacet
  facet normal -0.995204 0 0.0978221
    outer loop
      vertex -14.2482 -16.5 16.3736
      vertex -14.2338 16.5 16.5201
      vertex -14.2482 16.5 16.3736
    endloop
  endfacet
  facet normal -0.995204 0 0.0978221
    outer loop
      vertex -14.2338 16.5 16.5201
      vertex -14.2482 -16.5 16.3736
      vertex -14.2338 -16.5 16.5201
    endloop
  endfacet
  facet normal -0.970062 -0.242856 0.0001082
    outer loop
      vertex -14.1837 -16.9349 16.3736
      vertex -14.2194 -16.7923 16.3736
      vertex -14.1854 -16.9354 0.00999928
    endloop
  endfacet
  facet normal 0.427269 0.904125 -0
    outer loop
      vertex 13.4571 17.8229 0
      vertex 13.324 17.8858 0.00999928
      vertex 13.4571 17.8229 0.00999928
    endloop
  endfacet
  facet normal 0.427269 0.904125 0
    outer loop
      vertex 13.324 17.8858 0.00999928
      vertex 13.4571 17.8229 0
      vertex 13.324 17.8858 0
    endloop
  endfacet
  facet normal -0.427269 -0.904125 0.000112206
    outer loop
      vertex -13.3233 -17.8841 16.3736
      vertex -13.4571 -17.8229 0.00999928
      vertex -13.324 -17.8858 0.00999928
    endloop
  endfacet
  facet normal 0.242776 0.404627 0.881667
    outer loop
      vertex 13.1135 17.1801 17.5866
      vertex 13.0523 17.0656 17.656
      vertex 13.1063 17.0332 17.656
    endloop
  endfacet
  facet normal 0.0485089 0.97961 0.194963
    outer loop
      vertex 12.8954 17.9766 16.5201
      vertex 12.75 17.9838 16.5201
      vertex 12.8926 17.948 16.6645
    endloop
  endfacet
  facet normal 0.830543 0.0407888 0.555458
    outer loop
      vertex 14.0304 16.6261 17.0712
      vertex 13.949 16.6181 17.1935
      vertex 13.9548 16.5 17.1935
    endloop
  endfacet
  facet normal 0.941527 0.336939 0
    outer loop
      vertex 14.1854 16.9354 0.00999928
      vertex 14.1358 17.074 0
      vertex 14.1358 17.074 0.00999928
    endloop
  endfacet
  facet normal 0.941527 0.336939 0
    outer loop
      vertex 14.1358 17.074 0
      vertex 14.1854 16.9354 0.00999928
      vertex 14.1854 16.9354 0
    endloop
  endfacet
  facet normal 0.146746 0.989174 0.0001115
    outer loop
      vertex 13.0426 17.9712 0.00999928
      vertex 12.897 17.9928 0.00999928
      vertex 13.0423 17.9694 16.3736
    endloop
  endfacet
  facet normal -0.857733 -0.514096 0
    outer loop
      vertex -13.9972 -17.3334 0
      vertex -14.0729 -17.2071 0.00999928
      vertex -14.0729 -17.2071 0
    endloop
  endfacet
  facet normal -0.857733 -0.514096 0
    outer loop
      vertex -14.0729 -17.2071 0.00999928
      vertex -13.9972 -17.3334 0
      vertex -13.9972 -17.3334 0.00999928
    endloop
  endfacet
  facet normal 0.993998 -0.0492213 0.0977035
    outer loop
      vertex 14.2338 -16.5 16.5201
      vertex 14.2266 -16.6454 16.5201
      vertex 14.2482 -16.5 16.3736
    endloop
  endfacet
  facet normal -0.737703 0.667994 0.097871
    outer loop
      vertex -13.8094 17.5594 16.3736
      vertex -13.9081 17.4504 16.3736
      vertex -13.7992 17.5492 16.5201
    endloop
  endfacet
  facet normal 0 0.923959 0.382492
    outer loop
      vertex 12.75 17.9123 16.8053
      vertex -12.75 17.856 16.9413
      vertex 12.75 17.856 16.9413
    endloop
  endfacet
  facet normal 0 0.923959 0.382492
    outer loop
      vertex -12.75 17.856 16.9413
      vertex 12.75 17.9123 16.8053
      vertex -12.75 17.9123 16.8053
    endloop
  endfacet
  facet normal -0.0489874 0.998799 0.000110467
    outer loop
      vertex -12.75 17.9982 16.3736
      vertex -12.897 17.9928 0.00999928
      vertex -12.8968 17.991 16.3736
    endloop
  endfacet
  facet normal -0.00986139 0.195584 0.980637
    outer loop
      vertex -12.75 16.8645 17.755
      vertex -12.7857 16.8627 17.755
      vertex -12.75 16.7201 17.7838
    endloop
  endfacet
  facet normal -0.197047 -0.328412 0.923752
    outer loop
      vertex -13.0307 -16.9202 17.7123
      vertex -13.1063 -17.0332 17.656
      vertex -12.9882 -16.9457 17.7123
    endloop
  endfacet
  facet normal -0.803088 -0.595861 0
    outer loop
      vertex -13.9095 -17.4516 0
      vertex -13.9972 -17.3334 0.00999928
      vertex -13.9972 -17.3334 0
    endloop
  endfacet
  facet normal -0.803088 -0.595861 0
    outer loop
      vertex -13.9972 -17.3334 0.00999928
      vertex -13.9095 -17.4516 0
      vertex -13.9095 -17.4516 0.00999928
    endloop
  endfacet
  facet normal 0.628127 0.0927338 0.772565
    outer loop
      vertex 13.738 16.6965 17.4114
      vertex 13.6264 16.6743 17.5048
      vertex 13.6392 16.5876 17.5048
    endloop
  endfacet
  facet normal 0.865288 0.408819 0.290075
    outer loop
      vertex 14.0943 17.0568 16.6645
      vertex 13.9956 17.1658 16.8053
      vertex 14.0548 17.0405 16.8053
    endloop
  endfacet
  facet normal 0.330498 -0.923471 0.194866
    outer loop
      vertex 13.3068 -17.8443 16.6645
      vertex 13.1724 -17.8924 16.6645
      vertex 13.1807 -17.9199 16.5201
    endloop
  endfacet
  facet normal 0.969982 -0.243175 0
    outer loop
      vertex 14.1854 -16.9354 0.00999928
      vertex 14.2212 -16.7926 0
      vertex 14.2212 -16.7926 0.00999928
    endloop
  endfacet
  facet normal 0.969982 -0.243175 0
    outer loop
      vertex 14.2212 -16.7926 0
      vertex 14.1854 -16.9354 0.00999928
      vertex 14.1854 -16.9354 0
    endloop
  endfacet
  facet normal 1 -0 0.00011
    outer loop
      vertex 14.2482 -16.5 16.3736
      vertex 14.25 16.5 0.00999928
      vertex 14.2482 16.5 16.3736
    endloop
  endfacet
  facet normal 1 0 0.00011
    outer loop
      vertex 14.25 16.5 0.00999928
      vertex 14.2482 -16.5 16.3736
      vertex 14.25 -16.5 0.00999928
    endloop
  endfacet
  facet normal 0.47109 -0.0236791 0.881767
    outer loop
      vertex 13.5212 -16.5 17.5866
      vertex 13.3913 -16.5 17.656
      vertex 13.5174 -16.5756 17.5866
    endloop
  endfacet
  facet normal -0.0311266 -0.634113 0.772613
    outer loop
      vertex -12.75 -17.3935 17.5048
      vertex -12.8376 -17.3892 17.5048
      vertex -12.75 -17.5073 17.4114
    endloop
  endfacet
  facet normal -0.979551 -0.0480845 0.195367
    outer loop
      vertex -14.205 -16.5 16.6645
      vertex -14.2338 -16.5 16.5201
      vertex -14.198 -16.6426 16.6645
    endloop
  endfacet
  facet normal -0.241698 -0.965437 0.0975387
    outer loop
      vertex -13.0395 -17.9553 16.5201
      vertex -13.1849 -17.9337 16.3736
      vertex -13.0423 -17.9694 16.3736
    endloop
  endfacet
  facet normal 0 -0.471222 0.882014
    outer loop
      vertex -12.75 -17.1413 17.656
      vertex 12.75 -17.2712 17.5866
      vertex 12.75 -17.1413 17.656
    endloop
  endfacet
  facet normal 0 -0.471222 0.882014
    outer loop
      vertex 12.75 -17.2712 17.5866
      vertex -12.75 -17.1413 17.656
      vertex -12.75 -17.2712 17.5866
    endloop
  endfacet
  facet normal -0.146746 0.989174 0
    outer loop
      vertex -12.897 17.9928 0
      vertex -13.0426 17.9712 0.00999928
      vertex -12.897 17.9928 0.00999928
    endloop
  endfacet
  facet normal -0.146746 0.989174 0
    outer loop
      vertex -13.0426 17.9712 0.00999928
      vertex -12.897 17.9928 0
      vertex -13.0426 17.9712 0
    endloop
  endfacet
  facet normal -0.668386 -0.737411 0.0973896
    outer loop
      vertex -13.6913 -17.647 16.5201
      vertex -13.7992 -17.5492 16.5201
      vertex -13.7004 -17.6581 16.3736
    endloop
  endfacet
  facet normal -0.965324 -0.242015 0.0978698
    outer loop
      vertex -14.1699 -16.9307 16.5201
      vertex -14.2053 -16.7895 16.5201
      vertex -14.1837 -16.9349 16.3736
    endloop
  endfacet
  facet normal -0.936926 -0.335544 0.0978762
    outer loop
      vertex -14.1699 -16.9307 16.5201
      vertex -14.1837 -16.9349 16.3736
      vertex -14.1208 -17.0678 16.5201
    endloop
  endfacet
  facet normal -1 0 0
    outer loop
      vertex -14.25 -16.5 0
      vertex -14.25 16.5 0.00999928
      vertex -14.25 16.5 0
    endloop
  endfacet
  facet normal -1 -0 0
    outer loop
      vertex -14.25 16.5 0.00999928
      vertex -14.25 -16.5 0
      vertex -14.25 -16.5 0.00999928
    endloop
  endfacet
  facet normal -0.857853 0.513896 0.000112143
    outer loop
      vertex -13.9957 17.3324 16.3736
      vertex -14.0729 17.2071 0.00999928
      vertex -14.0713 17.2062 16.3736
    endloop
  endfacet
  facet normal 0.998803 0.0489209 0
    outer loop
      vertex 14.25 16.5 0.00999928
      vertex 14.2428 16.647 0
      vertex 14.2428 16.647 0.00999928
    endloop
  endfacet
  facet normal 0.998803 0.0489209 0
    outer loop
      vertex 14.2428 16.647 0
      vertex 14.25 16.5 0.00999928
      vertex 14.25 16.5 0
    endloop
  endfacet
  facet normal -0.671251 -0.74123 0
    outer loop
      vertex -13.8107 -17.5607 0
      vertex -13.7016 -17.6595 0.00999928
      vertex -13.8107 -17.5607 0.00999928
    endloop
  endfacet
  facet normal -0.671251 -0.74123 -0
    outer loop
      vertex -13.7016 -17.6595 0.00999928
      vertex -13.8107 -17.5607 0
      vertex -13.7016 -17.6595 0
    endloop
  endfacet
  facet normal -0.799113 0.593239 0.0973968
    outer loop
      vertex -13.9081 17.4504 16.3736
      vertex -13.9957 17.3324 16.3736
      vertex -13.897 17.4413 16.5201
    endloop
  endfacet
  facet normal -0.550408 0.742318 0.382119
    outer loop
      vertex -13.5346 17.6743 16.8053
      vertex -13.646 17.5917 16.8053
      vertex -13.5033 17.6275 16.9413
    endloop
  endfacet
  facet normal -0.197047 0.328412 0.923752
    outer loop
      vertex -13.0523 17.0656 17.656
      vertex -13.1063 17.0332 17.656
      vertex -12.9882 16.9457 17.7123
    endloop
  endfacet
  facet normal -0.989174 0.146746 0
    outer loop
      vertex -14.2428 16.647 0
      vertex -14.2212 16.7926 0.00999928
      vertex -14.2212 16.7926 0
    endloop
  endfacet
  facet normal -0.989174 0.146746 0
    outer loop
      vertex -14.2212 16.7926 0.00999928
      vertex -14.2428 16.647 0
      vertex -14.2428 16.647 0.00999928
    endloop
  endfacet
  facet normal -0.998799 0.0489874 0.000110467
    outer loop
      vertex -14.2428 16.647 0.00999928
      vertex -14.2482 16.5 16.3736
      vertex -14.241 16.6468 16.3736
    endloop
  endfacet
  facet normal 0.989174 0.146746 0
    outer loop
      vertex 14.2428 16.647 0.00999928
      vertex 14.2212 16.7926 0
      vertex 14.2212 16.7926 0.00999928
    endloop
  endfacet
  facet normal 0.989174 0.146746 0
    outer loop
      vertex 14.2212 16.7926 0
      vertex 14.2428 16.647 0.00999928
      vertex 14.2428 16.647 0
    endloop
  endfacet
  facet normal -0.923959 0 0.382492
    outer loop
      vertex -14.1623 -16.5 16.8053
      vertex -14.106 16.5 16.9413
      vertex -14.1623 16.5 16.8053
    endloop
  endfacet
  facet normal -0.923959 0 0.382492
    outer loop
      vertex -14.106 16.5 16.9413
      vertex -14.1623 -16.5 16.8053
      vertex -14.106 -16.5 16.9413
    endloop
  endfacet
  facet normal -0.83052 0.0408344 0.555491
    outer loop
      vertex -14.0304 16.6261 17.0712
      vertex -14.0366 16.5 17.0712
      vertex -13.9548 16.5 17.1935
    endloop
  endfacet
  facet normal -0.756799 0.45352 0.470717
    outer loop
      vertex -13.8198 17.2148 17.0712
      vertex -13.9459 17.1392 16.9413
      vertex -13.8847 17.1065 17.0712
    endloop
  endfacet
  facet normal -0.984443 0.146144 0.0975416
    outer loop
      vertex -14.2194 16.7923 16.3736
      vertex -14.241 16.6468 16.3736
      vertex -14.2053 16.7895 16.5201
    endloop
  endfacet
  facet normal -0.0407888 0.830543 0.555458
    outer loop
      vertex -12.75 17.7048 17.1935
      vertex -12.8761 17.7804 17.0712
      vertex -12.8681 17.699 17.1935
    endloop
  endfacet
  facet normal 0.0408344 0.83052 0.555491
    outer loop
      vertex 12.75 17.7866 17.0712
      vertex 12.75 17.7048 17.1935
      vertex 12.8761 17.7804 17.0712
    endloop
  endfacet
  facet normal 0.13146 -0.145154 0.980637
    outer loop
      vertex 13.0077 -16.7577 17.755
      vertex 12.9056 -16.6556 17.7838
      vertex 12.9812 -16.7817 17.755
    endloop
  endfacet
  facet normal -0.0185419 -0.382426 0.9238
    outer loop
      vertex -12.75 -17.0053 17.7123
      vertex -12.7995 -17.0029 17.7123
      vertex -12.75 -17.1413 17.656
    endloop
  endfacet
  facet normal -0.504409 -0.841131 0.195113
    outer loop
      vertex -13.4359 -17.7832 16.6645
      vertex -13.5743 -17.7337 16.5201
      vertex -13.4494 -17.8086 16.5201
    endloop
  endfacet
  facet normal -0.412157 -0.373219 0.831164
    outer loop
      vertex -13.3461 -16.9892 17.5866
      vertex -13.4407 -17.0669 17.5048
      vertex -13.2953 -17.0453 17.5866
    endloop
  endfacet
  facet normal -0.271451 -0.573705 0.772772
    outer loop
      vertex -13.1712 -17.288 17.5048
      vertex -13.2249 -17.3884 17.4114
      vertex -13.1355 -17.4307 17.4114
    endloop
  endfacet
  facet normal -0.923091 -0.0451474 0.381922
    outer loop
      vertex -14.106 -16.5 16.9413
      vertex -14.1555 -16.6384 16.8053
      vertex -14.0995 -16.6329 16.9413
    endloop
  endfacet
  facet normal 0 -0.923959 0.382492
    outer loop
      vertex -12.75 -17.9123 16.8053
      vertex 12.75 -17.856 16.9413
      vertex -12.75 -17.856 16.9413
    endloop
  endfacet
  facet normal 0 -0.923959 0.382492
    outer loop
      vertex 12.75 -17.856 16.9413
      vertex -12.75 -17.9123 16.8053
      vertex 12.75 -17.9123 16.8053
    endloop
  endfacet
  facet normal 0.14342 -0.97027 0.194954
    outer loop
      vertex 13.0395 -17.9553 16.5201
      vertex 12.8926 -17.948 16.6645
      vertex 12.8954 -17.9766 16.5201
    endloop
  endfacet
  facet normal 0.803088 -0.595861 0.00011003
    outer loop
      vertex 13.9957 -17.3324 16.3736
      vertex 13.9095 -17.4516 0.00999928
      vertex 13.9972 -17.3334 0.00999928
    endloop
  endfacet
  facet normal -0.457828 -0.114644 0.881618
    outer loop
      vertex -13.379 -16.6251 17.656
      vertex -13.4879 -16.7239 17.5866
      vertex -13.3637 -16.6862 17.656
    endloop
  endfacet
  facet normal -0.699887 -0.103766 0.706676
    outer loop
      vertex -13.7525 -16.5987 17.4114
      vertex -13.8401 -16.7168 17.3073
      vertex -13.738 -16.6965 17.4114
    endloop
  endfacet
  facet normal -0.820908 -0.491875 0.29012
    outer loop
      vertex -13.9243 -17.2846 16.8053
      vertex -14.0332 -17.1859 16.6645
      vertex -13.9598 -17.3084 16.6645
    endloop
  endfacet
  facet normal -0.8865 -0.41956 0.19516
    outer loop
      vertex -14.0332 -17.1859 16.6645
      vertex -14.0943 -17.0568 16.6645
      vertex -14.0586 -17.1994 16.5201
    endloop
  endfacet
  facet normal -0.0718766 0.066452 0.995197
    outer loop
      vertex -12.802 16.552 17.7982
      vertex -12.9056 16.6556 17.7838
      vertex -12.8069 16.5467 17.7982
    endloop
  endfacet
  facet normal -0.0978221 0 0.995204
    outer loop
      vertex -12.9701 16.5 17.7838
      vertex -12.8236 -16.5 17.7982
      vertex -12.8236 16.5 17.7982
    endloop
  endfacet
  facet normal -0.0978221 0 0.995204
    outer loop
      vertex -12.8236 -16.5 17.7982
      vertex -12.9701 16.5 17.7838
      vertex -12.9701 -16.5 17.7838
    endloop
  endfacet
  facet normal -0.52359 -0.186786 0.831243
    outer loop
      vertex -13.4879 -16.7239 17.5866
      vertex -13.6051 -16.7594 17.5048
      vertex -13.4625 -16.7951 17.5866
    endloop
  endfacet
  facet normal -0.346245 -0.16369 0.923753
    outer loop
      vertex -13.1957 -16.7382 17.7123
      vertex -13.3425 -16.7454 17.656
      vertex -13.3156 -16.8023 17.656
    endloop
  endfacet
  facet normal 0.74123 -0.671251 0
    outer loop
      vertex 13.8107 -17.5607 0.00999928
      vertex 13.9095 -17.4516 0
      vertex 13.9095 -17.4516 0.00999928
    endloop
  endfacet
  facet normal 0.74123 -0.671251 0
    outer loop
      vertex 13.9095 -17.4516 0
      vertex 13.8107 -17.5607 0.00999928
      vertex 13.8107 -17.5607 0
    endloop
  endfacet
  facet normal -0.146746 0.989174 0.0001115
    outer loop
      vertex -12.897 17.9928 0.00999928
      vertex -13.0426 17.9712 0.00999928
      vertex -13.0423 17.9694 16.3736
    endloop
  endfacet
  facet normal 0.0489209 0.998803 -0
    outer loop
      vertex 12.897 17.9928 0
      vertex 12.75 18 0.00999928
      vertex 12.897 17.9928 0.00999928
    endloop
  endfacet
  facet normal 0.0489209 0.998803 0
    outer loop
      vertex 12.75 18 0.00999928
      vertex 12.897 17.9928 0
      vertex 12.75 18 0
    endloop
  endfacet
  facet normal 0.595861 0.803088 -0
    outer loop
      vertex 13.7016 17.6595 0
      vertex 13.5834 17.7472 0.00999928
      vertex 13.7016 17.6595 0.00999928
    endloop
  endfacet
  facet normal 0.595861 0.803088 0
    outer loop
      vertex 13.5834 17.7472 0.00999928
      vertex 13.7016 17.6595 0
      vertex 13.5834 17.7472 0
    endloop
  endfacet
  facet normal 0.514096 0.857733 -0
    outer loop
      vertex 13.5834 17.7472 0
      vertex 13.4571 17.8229 0.00999928
      vertex 13.5834 17.7472 0.00999928
    endloop
  endfacet
  facet normal 0.514096 0.857733 0
    outer loop
      vertex 13.4571 17.8229 0.00999928
      vertex 13.5834 17.7472 0
      vertex 13.4571 17.8229 0
    endloop
  endfacet
  facet normal 0.146746 0.989174 -0
    outer loop
      vertex 13.0426 17.9712 0
      vertex 12.897 17.9928 0.00999928
      vertex 13.0426 17.9712 0.00999928
    endloop
  endfacet
  facet normal 0.146746 0.989174 0
    outer loop
      vertex 12.897 17.9928 0.00999928
      vertex 13.0426 17.9712 0
      vertex 12.897 17.9928 0
    endloop
  endfacet
  facet normal 0.427238 0.904139 0.000111903
    outer loop
      vertex 13.4571 17.8229 0.00999928
      vertex 13.3233 17.8841 16.3736
      vertex 13.4562 17.8213 16.3736
    endloop
  endfacet
  facet normal 0.0489209 0.998803 0.000109869
    outer loop
      vertex 12.75 18 0.00999928
      vertex 12.75 17.9982 16.3736
      vertex 12.897 17.9928 0.00999928
    endloop
  endfacet
  facet normal 0.336939 0.941527 -0
    outer loop
      vertex 13.324 17.8858 0
      vertex 13.1854 17.9354 0.00999928
      vertex 13.324 17.8858 0.00999928
    endloop
  endfacet
  facet normal 0.336939 0.941527 0
    outer loop
      vertex 13.1854 17.9354 0.00999928
      vertex 13.324 17.8858 0
      vertex 13.1854 17.9354 0
    endloop
  endfacet
  facet normal -0.998803 0.0489209 0
    outer loop
      vertex -14.25 16.5 0
      vertex -14.2428 16.647 0.00999928
      vertex -14.2428 16.647 0
    endloop
  endfacet
  facet normal -0.998803 0.0489209 0
    outer loop
      vertex -14.2428 16.647 0.00999928
      vertex -14.25 16.5 0
      vertex -14.25 16.5 0.00999928
    endloop
  endfacet
  facet normal 0.322464 -0.901022 0.29013
    outer loop
      vertex 13.3068 -17.8443 16.6645
      vertex 13.16 -17.8515 16.8053
      vertex 13.1724 -17.8924 16.6645
    endloop
  endfacet
  facet normal 0.969982 0.243175 0.000111157
    outer loop
      vertex 14.2212 16.7926 0.00999928
      vertex 14.1854 16.9354 0.00999928
      vertex 14.2194 16.7923 16.3736
    endloop
  endfacet
  facet normal 0.14342 0.97027 0.194954
    outer loop
      vertex 12.8954 17.9766 16.5201
      vertex 12.8926 17.948 16.6645
      vertex 13.0395 17.9553 16.5201
    endloop
  endfacet
  facet normal 0.0489874 0.998799 0.000110467
    outer loop
      vertex 12.897 17.9928 0.00999928
      vertex 12.75 17.9982 16.3736
      vertex 12.8968 17.991 16.3736
    endloop
  endfacet
  facet normal -0.0489874 -0.998799 0.000110467
    outer loop
      vertex -12.8968 -17.991 16.3736
      vertex -12.897 -17.9928 0.00999928
      vertex -12.75 -17.9982 16.3736
    endloop
  endfacet
  facet normal -0.667994 0.737703 0.097871
    outer loop
      vertex -13.7004 17.6581 16.3736
      vertex -13.8094 17.5594 16.3736
      vertex -13.7992 17.5492 16.5201
    endloop
  endfacet
  facet normal -0.0469665 0.955905 0.289895
    outer loop
      vertex -12.75 17.955 16.6645
      vertex -12.8884 17.9055 16.8053
      vertex -12.75 17.9123 16.8053
    endloop
  endfacet
  facet normal -0.425272 0.899772 0.0977403
    outer loop
      vertex -13.3178 17.8708 16.5201
      vertex -13.4562 17.8213 16.3736
      vertex -13.4494 17.8086 16.5201
    endloop
  endfacet
  facet normal -0.0487508 0.993975 0.0981672
    outer loop
      vertex -12.75 17.9982 16.3736
      vertex -12.8968 17.991 16.3736
      vertex -12.8954 17.9766 16.5201
    endloop
  endfacet
  facet normal -0.419143 0.886804 0.194674
    outer loop
      vertex -13.3178 17.8708 16.5201
      vertex -13.4494 17.8086 16.5201
      vertex -13.3068 17.8443 16.6645
    endloop
  endfacet
  facet normal -0.187966 0.750444 0.633642
    outer loop
      vertex -12.9668 17.5901 17.3073
      vertex -13.0997 17.6529 17.1935
      vertex -13.0726 17.5636 17.3073
    endloop
  endfacet
  facet normal -0.280633 0.37968 0.881526
    outer loop
      vertex -13.1063 17.0332 17.656
      vertex -13.2392 17.0961 17.5866
      vertex -13.1569 16.9958 17.656
    endloop
  endfacet
  facet normal -0.466859 0.0692799 0.881614
    outer loop
      vertex -13.5063 16.6504 17.5866
      vertex -13.5174 16.5756 17.5866
      vertex -13.379 16.6251 17.656
    endloop
  endfacet
  facet normal -0.0422006 0.287289 0.956914
    outer loop
      vertex -12.7995 17.0029 17.7123
      vertex -12.8211 16.8575 17.755
      vertex -12.7857 16.8627 17.755
    endloop
  endfacet
  facet normal 0.081223 0.550159 0.831101
    outer loop
      vertex 12.8376 17.3892 17.5048
      vertex 12.8256 17.2674 17.5866
      vertex 12.9243 17.3764 17.5048
    endloop
  endfacet
  facet normal -0.195594 0 0.980685
    outer loop
      vertex -13.1145 16.5 17.755
      vertex -12.9701 -16.5 17.7838
      vertex -12.9701 16.5 17.7838
    endloop
  endfacet
  facet normal -0.195594 0 0.980685
    outer loop
      vertex -12.9701 -16.5 17.7838
      vertex -13.1145 16.5 17.755
      vertex -13.1145 -16.5 17.755
    endloop
  endfacet
  facet normal -0.0563033 0.378698 0.923806
    outer loop
      vertex -12.7995 17.0029 17.7123
      vertex -12.8751 17.129 17.656
      vertex -12.8486 16.9956 17.7123
    endloop
  endfacet
  facet normal -0.0923376 -0.0325897 0.995194
    outer loop
      vertex -12.8204 -16.5214 17.7982
      vertex -12.9606 -16.5639 17.7838
      vertex -12.818 -16.5282 17.7982
    endloop
  endfacet
  facet normal 0.853744 -0.511435 0.0977496
    outer loop
      vertex 14.0586 -17.1994 16.5201
      vertex 13.9957 -17.3324 16.3736
      vertex 14.0713 -17.2062 16.3736
    endloop
  endfacet
  facet normal -0.857733 0.514096 0.000110043
    outer loop
      vertex -13.9972 17.3334 0.00999928
      vertex -14.0729 17.2071 0.00999928
      vertex -13.9957 17.3324 16.3736
    endloop
  endfacet
  facet normal 0.583997 -0.788052 0.194737
    outer loop
      vertex 13.6731 -17.6248 16.6645
      vertex 13.5584 -17.7098 16.6645
      vertex 13.5743 -17.7337 16.5201
    endloop
  endfacet
  facet normal 0.941372 0.33737 0.000108107
    outer loop
      vertex 14.1854 16.9354 0.00999928
      vertex 14.1341 17.0733 16.3736
      vertex 14.1837 16.9349 16.3736
    endloop
  endfacet
  facet normal -0.330713 -0.923437 0.19466
    outer loop
      vertex -13.3068 -17.8443 16.6645
      vertex -13.3178 -17.8708 16.5201
      vertex -13.1807 -17.9199 16.5201
    endloop
  endfacet
  facet normal -0.336939 -0.941527 0.000112228
    outer loop
      vertex -13.3233 -17.8841 16.3736
      vertex -13.324 -17.8858 0.00999928
      vertex -13.1854 -17.9354 0.00999928
    endloop
  endfacet
  facet normal -0.296989 -0.830871 0.470585
    outer loop
      vertex -13.2424 -17.6887 17.0712
      vertex -13.2689 -17.7528 16.9413
      vertex -13.1235 -17.7312 17.0712
    endloop
  endfacet
  facet normal -0.213829 -0.597823 0.772583
    outer loop
      vertex -13.0094 -17.3551 17.5048
      vertex -13.1355 -17.4307 17.4114
      vertex -13.0424 -17.464 17.4114
    endloop
  endfacet
  facet normal 0.634421 0 0.772988
    outer loop
      vertex 13.6435 16.5 17.5048
      vertex 13.7573 -16.5 17.4114
      vertex 13.7573 16.5 17.4114
    endloop
  endfacet
  facet normal 0.634421 0 0.772988
    outer loop
      vertex 13.7573 -16.5 17.4114
      vertex 13.6435 16.5 17.5048
      vertex 13.6435 -16.5 17.5048
    endloop
  endfacet
  facet normal 0 -0.995204 0.0978221
    outer loop
      vertex -12.75 -17.9982 16.3736
      vertex 12.75 -17.9838 16.5201
      vertex -12.75 -17.9838 16.5201
    endloop
  endfacet
  facet normal 0 -0.995204 0.0978221
    outer loop
      vertex 12.75 -17.9838 16.5201
      vertex -12.75 -17.9982 16.3736
      vertex 12.75 -17.9982 16.3736
    endloop
  endfacet
  facet normal 0.0487508 -0.993975 0.0981672
    outer loop
      vertex 12.8954 -17.9766 16.5201
      vertex 12.75 -17.9982 16.3736
      vertex 12.8968 -17.991 16.3736
    endloop
  endfacet
  facet normal -0.595861 -0.803088 0
    outer loop
      vertex -13.7016 -17.6595 0
      vertex -13.5834 -17.7472 0.00999928
      vertex -13.7016 -17.6595 0.00999928
    endloop
  endfacet
  facet normal -0.595861 -0.803088 -0
    outer loop
      vertex -13.5834 -17.7472 0.00999928
      vertex -13.7016 -17.6595 0
      vertex -13.5834 -17.7472 0
    endloop
  endfacet
  facet normal -0.0489209 0.998803 0
    outer loop
      vertex -12.75 18 0
      vertex -12.897 17.9928 0.00999928
      vertex -12.75 18 0.00999928
    endloop
  endfacet
  facet normal -0.0489209 0.998803 0
    outer loop
      vertex -12.897 17.9928 0.00999928
      vertex -12.75 18 0
      vertex -12.897 17.9928 0
    endloop
  endfacet
  facet normal 0.803088 -0.595861 0
    outer loop
      vertex 13.9095 -17.4516 0.00999928
      vertex 13.9972 -17.3334 0
      vertex 13.9972 -17.3334 0.00999928
    endloop
  endfacet
  facet normal 0.803088 -0.595861 0
    outer loop
      vertex 13.9972 -17.3334 0
      vertex 13.9095 -17.4516 0.00999928
      vertex 13.9095 -17.4516 0
    endloop
  endfacet
  facet normal -0.243175 0.969982 0.000111157
    outer loop
      vertex -13.0426 17.9712 0.00999928
      vertex -13.1854 17.9354 0.00999928
      vertex -13.0423 17.9694 16.3736
    endloop
  endfacet
  facet normal -0.427269 0.904125 0.000112206
    outer loop
      vertex -13.324 17.8858 0.00999928
      vertex -13.4571 17.8229 0.00999928
      vertex -13.3233 17.8841 16.3736
    endloop
  endfacet
  facet normal -0.511808 0.853468 0.0982066
    outer loop
      vertex -13.4494 17.8086 16.5201
      vertex -13.5824 17.7457 16.3736
      vertex -13.5743 17.7337 16.5201
    endloop
  endfacet
  facet normal -0.453668 0.756777 0.47061
    outer loop
      vertex -13.3892 17.6959 16.9413
      vertex -13.5033 17.6275 16.9413
      vertex -13.4648 17.5698 17.0712
    endloop
  endfacet
  facet normal 0.0375936 0.772442 0.633972
    outer loop
      vertex 12.75 17.7048 17.1935
      vertex 12.75 17.6114 17.3073
      vertex 12.8589 17.6061 17.3073
    endloop
  endfacet
  facet normal -0.13146 0.145154 0.980637
    outer loop
      vertex -12.9812 16.7817 17.755
      vertex -13.0077 16.7577 17.755
      vertex -12.9056 16.6556 17.7838
    endloop
  endfacet
  facet normal 0.904125 -0.427269 0.000112206
    outer loop
      vertex 14.1341 -17.0733 16.3736
      vertex 14.0729 -17.2071 0.00999928
      vertex 14.1358 -17.074 0.00999928
    endloop
  endfacet
  facet normal -0.97961 0.0485089 0.194963
    outer loop
      vertex -14.2266 16.6454 16.5201
      vertex -14.2338 16.5 16.5201
      vertex -14.198 16.6426 16.6645
    endloop
  endfacet
  facet normal -0.98916 0.146844 0.000110603
    outer loop
      vertex -14.2194 16.7923 16.3736
      vertex -14.2428 16.647 0.00999928
      vertex -14.241 16.6468 16.3736
    endloop
  endfacet
  facet normal 0.671251 -0.74123 0
    outer loop
      vertex 13.7016 -17.6595 0
      vertex 13.8107 -17.5607 0.00999928
      vertex 13.7016 -17.6595 0.00999928
    endloop
  endfacet
  facet normal 0.671251 -0.74123 0
    outer loop
      vertex 13.8107 -17.5607 0.00999928
      vertex 13.7016 -17.6595 0
      vertex 13.8107 -17.5607 0
    endloop
  endfacet
  facet normal -0.969982 0.243175 0.000111157
    outer loop
      vertex -14.1854 16.9354 0.00999928
      vertex -14.2212 16.7926 0.00999928
      vertex -14.2194 16.7923 16.3736
    endloop
  endfacet
  facet normal -0.923471 0.330498 0.194866
    outer loop
      vertex -14.0943 17.0568 16.6645
      vertex -14.1699 16.9307 16.5201
      vertex -14.1424 16.9224 16.6645
    endloop
  endfacet
  facet normal -0.965437 0.241698 0.0975387
    outer loop
      vertex -14.1837 16.9349 16.3736
      vertex -14.2194 16.7923 16.3736
      vertex -14.2053 16.7895 16.5201
    endloop
  endfacet
  facet normal -0.412157 0.373219 0.831164
    outer loop
      vertex -13.2953 17.0453 17.5866
      vertex -13.4407 17.0669 17.5048
      vertex -13.3461 16.9892 17.5866
    endloop
  endfacet
  facet normal -0.709307 0.642313 0.290375
    outer loop
      vertex -13.7487 17.4987 16.8053
      vertex -13.8748 17.4231 16.6645
      vertex -13.8417 17.396 16.8053
    endloop
  endfacet
  facet normal -0.923091 0.0451474 0.381922
    outer loop
      vertex -14.0995 16.6329 16.9413
      vertex -14.1555 16.6384 16.8053
      vertex -14.106 16.5 16.9413
    endloop
  endfacet
  facet normal -0.936926 0.335544 0.0978762
    outer loop
      vertex -14.1208 17.0678 16.5201
      vertex -14.1837 16.9349 16.3736
      vertex -14.1699 16.9307 16.5201
    endloop
  endfacet
  facet normal -0.47109 0.0236791 0.881767
    outer loop
      vertex -13.5174 16.5756 17.5866
      vertex -13.5212 16.5 17.5866
      vertex -13.3913 16.5 17.656
    endloop
  endfacet
  facet normal -0.707107 0 0.707107
    outer loop
      vertex -13.8614 16.5 17.3073
      vertex -13.7573 -16.5 17.4114
      vertex -13.7573 16.5 17.4114
    endloop
  endfacet
  facet normal -0.707107 0 0.707107
    outer loop
      vertex -13.7573 -16.5 17.4114
      vertex -13.8614 16.5 17.3073
      vertex -13.8614 -16.5 17.3073
    endloop
  endfacet
  facet normal -0.121734 0.822586 0.555457
    outer loop
      vertex -12.8761 17.7804 17.0712
      vertex -12.985 17.6817 17.1935
      vertex -12.8681 17.699 17.1935
    endloop
  endfacet
  facet normal -0.066452 0.0718766 0.995197
    outer loop
      vertex -12.7967 16.5569 17.7982
      vertex -12.9056 16.6556 17.7838
      vertex -12.802 16.552 17.7982
    endloop
  endfacet
  facet normal 0.0977988 0.0049805 0.995194
    outer loop
      vertex 12.969 16.5216 17.7838
      vertex 12.8232 16.5072 17.7982
      vertex 12.9701 16.5 17.7838
    endloop
  endfacet
  facet normal -0.116755 0.157318 0.980622
    outer loop
      vertex -12.9525 16.803 17.755
      vertex -12.9812 16.7817 17.755
      vertex -12.8723 16.683 17.7838
    endloop
  endfacet
  facet normal -0.37884 0.0560342 0.923764
    outer loop
      vertex -13.379 16.6251 17.656
      vertex -13.3882 16.5629 17.656
      vertex -13.2529 16.5495 17.7123
    endloop
  endfacet
  facet normal -0.242547 -0.404661 0.881715
    outer loop
      vertex -13.1063 -17.0332 17.656
      vertex -13.1784 -17.1412 17.5866
      vertex -13.1135 -17.1801 17.5866
    endloop
  endfacet
  facet normal -0.37831 -0.509979 0.77253
    outer loop
      vertex -13.3169 -17.1907 17.5048
      vertex -13.389 -17.2787 17.4114
      vertex -13.3096 -17.3376 17.4114
    endloop
  endfacet
  facet normal 0.0379427 -0.772592 0.633768
    outer loop
      vertex 12.8589 -17.6061 17.3073
      vertex 12.75 -17.7048 17.1935
      vertex 12.8681 -17.699 17.1935
    endloop
  endfacet
  facet normal 0.241698 -0.965437 0.0975387
    outer loop
      vertex 13.1849 -17.9337 16.3736
      vertex 13.0395 -17.9553 16.5201
      vertex 13.0423 -17.9694 16.3736
    endloop
  endfacet
  facet normal 0.98916 -0.146844 0.000110603
    outer loop
      vertex 14.241 -16.6468 16.3736
      vertex 14.2194 -16.7923 16.3736
      vertex 14.2428 -16.647 0.00999928
    endloop
  endfacet
  facet normal 1 0 0
    outer loop
      vertex -12.75 -17.9982 16.3736
      vertex -12.75 -17.999 9.5
      vertex -12.75 -17.9989 10.3
    endloop
  endfacet
  facet normal -0.0496294 -0.998768 0.000116244
    outer loop
      vertex -12.897 -17.9928 0.00999928
      vertex -12.75 -17.999 9.5
      vertex -12.75 -17.9982 16.3736
    endloop
  endfacet
  facet normal -0.0489536 -0.998801 0.000105755
    outer loop
      vertex -12.75 -17.999 9.5
      vertex -12.897 -17.9928 0.00999928
      vertex -12.75 -17.9999 1
    endloop
  endfacet
  facet normal -0.0490819 -0.998795 0.000124849
    outer loop
      vertex -12.75 -17.9999 1
      vertex -12.897 -17.9928 0.00999928
      vertex -12.75 -18 0.2
    endloop
  endfacet
  facet normal -0.0489209 -0.998803 -0
    outer loop
      vertex -12.75 -18 0.2
      vertex -12.897 -17.9928 0.00999928
      vertex -12.75 -18 0.00999928
    endloop
  endfacet
  facet normal -0.335544 -0.936926 0.0978762
    outer loop
      vertex -13.1807 -17.9199 16.5201
      vertex -13.3178 -17.8708 16.5201
      vertex -13.1849 -17.9337 16.3736
    endloop
  endfacet
  facet normal 0.214149 0.855933 0.470657
    outer loop
      vertex 13.1436 17.7976 16.9413
      vertex 13.0145 17.8299 16.9413
      vertex 13.1235 17.7312 17.0712
    endloop
  endfacet
  facet normal 0.806471 -0.202112 0.555658
    outer loop
      vertex 14.0119 -16.751 17.0712
      vertex 13.9029 -16.8497 17.1935
      vertex 13.9812 -16.8735 17.0712
    endloop
  endfacet
  facet normal -0.881103 -0.0430938 0.470957
    outer loop
      vertex -14.0304 -16.6261 17.0712
      vertex -14.106 -16.5 16.9413
      vertex -14.0995 -16.6329 16.9413
    endloop
  endfacet
  facet normal -0.686368 -0.171771 0.706678
    outer loop
      vertex -13.738 -16.6965 17.4114
      vertex -13.8401 -16.7168 17.3073
      vertex -13.714 -16.7924 17.4114
    endloop
  endfacet
  facet normal -0.316741 -0.349787 0.88166
    outer loop
      vertex -13.2035 -16.9535 17.656
      vertex -13.2953 -17.0453 17.5866
      vertex -13.2392 -17.0961 17.5866
    endloop
  endfacet
  facet normal -0.0692799 -0.466859 0.881614
    outer loop
      vertex -12.8751 -17.129 17.656
      vertex -12.9004 -17.2563 17.5866
      vertex -12.8256 -17.2674 17.5866
    endloop
  endfacet
  facet normal -0.896325 -0.224581 0.382316
    outer loop
      vertex -14.0476 -16.8936 16.9413
      vertex -14.1352 -16.7755 16.8053
      vertex -14.1015 -16.91 16.8053
    endloop
  endfacet
  facet normal -0.857733 -0.514096 0.000110043
    outer loop
      vertex -13.9957 -17.3324 16.3736
      vertex -14.0729 -17.2071 0.00999928
      vertex -13.9972 -17.3334 0.00999928
    endloop
  endfacet
  facet normal -0.751393 -0.355997 0.555585
    outer loop
      vertex -13.8631 -16.9611 17.1935
      vertex -13.9387 -16.9924 17.0712
      vertex -13.8125 -17.0679 17.1935
    endloop
  endfacet
  facet normal -0.989174 -0.146746 0.0001115
    outer loop
      vertex -14.2194 -16.7923 16.3736
      vertex -14.2428 -16.647 0.00999928
      vertex -14.2212 -16.7926 0.00999928
    endloop
  endfacet
  facet normal -0.0923376 0.0325897 0.995194
    outer loop
      vertex -12.818 16.5282 17.7982
      vertex -12.9606 16.5639 17.7838
      vertex -12.8204 16.5214 17.7982
    endloop
  endfacet
  facet normal -0.0949523 -0.0239641 0.995193
    outer loop
      vertex -12.8204 -16.5214 17.7982
      vertex -12.9659 -16.5429 17.7838
      vertex -12.9606 -16.5639 17.7838
    endloop
  endfacet
  facet normal -0.382492 0 0.923959
    outer loop
      vertex -13.3913 16.5 17.656
      vertex -13.2553 -16.5 17.7123
      vertex -13.2553 16.5 17.7123
    endloop
  endfacet
  facet normal -0.382492 0 0.923959
    outer loop
      vertex -13.2553 -16.5 17.7123
      vertex -13.3913 16.5 17.656
      vertex -13.3913 -16.5 17.656
    endloop
  endfacet
  facet normal -0.47109 -0.0236791 0.881767
    outer loop
      vertex -13.3913 -16.5 17.656
      vertex -13.5212 -16.5 17.5866
      vertex -13.5174 -16.5756 17.5866
    endloop
  endfacet
  facet normal -0.471222 0 0.882014
    outer loop
      vertex -13.5212 16.5 17.5866
      vertex -13.3913 -16.5 17.656
      vertex -13.3913 16.5 17.656
    endloop
  endfacet
  facet normal -0.471222 0 0.882014
    outer loop
      vertex -13.3913 -16.5 17.656
      vertex -13.5212 16.5 17.5866
      vertex -13.5212 -16.5 17.5866
    endloop
  endfacet
  facet normal -0.555954 0 0.831213
    outer loop
      vertex -13.6435 16.5 17.5048
      vertex -13.5212 -16.5 17.5866
      vertex -13.5212 16.5 17.5866
    endloop
  endfacet
  facet normal -0.555954 0 0.831213
    outer loop
      vertex -13.5212 -16.5 17.5866
      vertex -13.6435 16.5 17.5048
      vertex -13.6435 -16.5 17.5048
    endloop
  endfacet
  facet normal -0.568252 -0.421648 0.706613
    outer loop
      vertex -13.5287 -17.139 17.4114
      vertex -13.6741 -17.1175 17.3073
      vertex -13.6091 -17.2051 17.3073
    endloop
  endfacet
  facet normal -0.404661 -0.242547 0.881715
    outer loop
      vertex -13.2832 -16.8563 17.656
      vertex -13.4301 -16.8635 17.5866
      vertex -13.3912 -16.9284 17.5866
    endloop
  endfacet
  facet normal -0.592495 -0.79956 0.0982521
    outer loop
      vertex -13.5743 -17.7337 16.5201
      vertex -13.6913 -17.647 16.5201
      vertex -13.5824 -17.7457 16.3736
    endloop
  endfacet
  facet normal -0.74123 -0.671251 0
    outer loop
      vertex -13.8107 -17.5607 0
      vertex -13.9095 -17.4516 0.00999928
      vertex -13.9095 -17.4516 0
    endloop
  endfacet
  facet normal -0.74123 -0.671251 0
    outer loop
      vertex -13.9095 -17.4516 0.00999928
      vertex -13.8107 -17.5607 0
      vertex -13.8107 -17.5607 0.00999928
    endloop
  endfacet
  facet normal -0.33737 -0.941372 0.000108107
    outer loop
      vertex -13.1849 -17.9337 16.3736
      vertex -13.3233 -17.8841 16.3736
      vertex -13.1854 -17.9354 0.00999928
    endloop
  endfacet
  facet normal -0.146844 -0.98916 0.000110603
    outer loop
      vertex -12.8968 -17.991 16.3736
      vertex -13.0423 -17.9694 16.3736
      vertex -12.897 -17.9928 0.00999928
    endloop
  endfacet
  facet normal -0.998803 -0.0489209 0
    outer loop
      vertex -14.2428 -16.647 0
      vertex -14.25 -16.5 0.00999928
      vertex -14.25 -16.5 0
    endloop
  endfacet
  facet normal -0.998803 -0.0489209 0
    outer loop
      vertex -14.25 -16.5 0.00999928
      vertex -14.2428 -16.647 0
      vertex -14.2428 -16.647 0.00999928
    endloop
  endfacet
  facet normal 0.322441 0.901039 0.290105
    outer loop
      vertex 13.3068 17.8443 16.6645
      vertex 13.16 17.8515 16.8053
      vertex 13.2905 17.8048 16.8053
    endloop
  endfacet
  facet normal 0.671216 0.741262 0.000112642
    outer loop
      vertex 13.7016 17.6595 0.00999928
      vertex 13.7004 17.6581 16.3736
      vertex 13.8094 17.5594 16.3736
    endloop
  endfacet
  facet normal 0.74123 0.671251 0
    outer loop
      vertex 13.9095 17.4516 0.00999928
      vertex 13.8107 17.5607 0
      vertex 13.8107 17.5607 0.00999928
    endloop
  endfacet
  facet normal 0.74123 0.671251 0
    outer loop
      vertex 13.8107 17.5607 0
      vertex 13.9095 17.4516 0.00999928
      vertex 13.9095 17.4516 0
    endloop
  endfacet
  facet normal 0.197047 0.328412 0.923752
    outer loop
      vertex 13.0523 17.0656 17.656
      vertex 12.9882 16.9457 17.7123
      vertex 13.1063 17.0332 17.656
    endloop
  endfacet
  facet normal -0 0.290215 0.956962
    outer loop
      vertex -12.75 17.0053 17.7123
      vertex 12.75 16.8645 17.755
      vertex 12.75 17.0053 17.7123
    endloop
  endfacet
  facet normal 0 0.290215 0.956962
    outer loop
      vertex 12.75 16.8645 17.755
      vertex -12.75 17.0053 17.7123
      vertex -12.75 16.8645 17.755
    endloop
  endfacet
  facet normal 0.737411 0.668386 0.0973896
    outer loop
      vertex 13.9081 17.4504 16.3736
      vertex 13.7992 17.5492 16.5201
      vertex 13.897 17.4413 16.5201
    endloop
  endfacet
  facet normal 0.595861 0.803088 0.00011003
    outer loop
      vertex 13.5834 17.7472 0.00999928
      vertex 13.5824 17.7457 16.3736
      vertex 13.7016 17.6595 0.00999928
    endloop
  endfacet
  facet normal 0.707107 0 0.707107
    outer loop
      vertex 13.7573 16.5 17.4114
      vertex 13.8614 -16.5 17.3073
      vertex 13.8614 16.5 17.3073
    endloop
  endfacet
  facet normal 0.707107 0 0.707107
    outer loop
      vertex 13.8614 -16.5 17.3073
      vertex 13.7573 16.5 17.4114
      vertex 13.7573 -16.5 17.4114
    endloop
  endfacet
  facet normal 0.639943 0.302448 0.706398
    outer loop
      vertex 13.7302 17.0239 17.3073
      vertex 13.6807 16.8855 17.4114
      vertex 13.7768 16.9253 17.3073
    endloop
  endfacet
  facet normal 0.904125 0.427269 0.000112206
    outer loop
      vertex 14.1358 17.074 0.00999928
      vertex 14.0729 17.2071 0.00999928
      vertex 14.1341 17.0733 16.3736
    endloop
  endfacet
  facet normal 0.756777 0.453668 0.47061
    outer loop
      vertex 13.8775 17.2533 16.9413
      vertex 13.8198 17.2148 17.0712
      vertex 13.9459 17.1392 16.9413
    endloop
  endfacet
  facet normal 0.728196 0.260163 0.63407
    outer loop
      vertex 13.8631 16.9611 17.1935
      vertex 13.7768 16.9253 17.3073
      vertex 13.9029 16.8497 17.1935
    endloop
  endfacet
  facet normal -0.224581 0.896325 0.382316
    outer loop
      vertex -13.0255 17.8852 16.8053
      vertex -13.16 17.8515 16.8053
      vertex -13.1436 17.7976 16.9413
    endloop
  endfacet
  facet normal -0.0480845 0.979551 0.195367
    outer loop
      vertex -12.75 17.9838 16.5201
      vertex -12.8926 17.948 16.6645
      vertex -12.75 17.955 16.6645
    endloop
  endfacet
  facet normal -0.737411 0.668386 0.0973896
    outer loop
      vertex -13.7992 17.5492 16.5201
      vertex -13.9081 17.4504 16.3736
      vertex -13.897 17.4413 16.5201
    endloop
  endfacet
  facet normal -0.377272 0.797642 0.470566
    outer loop
      vertex -13.2689 17.7528 16.9413
      vertex -13.3892 17.6959 16.9413
      vertex -13.2424 17.6887 17.0712
    endloop
  endfacet
  facet normal 0.857733 0.514096 0.000110043
    outer loop
      vertex 13.9972 17.3334 0.00999928
      vertex 13.9957 17.3324 16.3736
      vertex 14.0729 17.2071 0.00999928
    endloop
  endfacet
  facet normal -0.427269 0.904125 0
    outer loop
      vertex -13.324 17.8858 0
      vertex -13.4571 17.8229 0.00999928
      vertex -13.324 17.8858 0.00999928
    endloop
  endfacet
  facet normal -0.427269 0.904125 0
    outer loop
      vertex -13.4571 17.8229 0.00999928
      vertex -13.324 17.8858 0
      vertex -13.4571 17.8229 0
    endloop
  endfacet
  facet normal -0.336939 0.941527 0.000112228
    outer loop
      vertex -13.1854 17.9354 0.00999928
      vertex -13.324 17.8858 0.00999928
      vertex -13.3233 17.8841 16.3736
    endloop
  endfacet
  facet normal -0.427238 0.904139 0.000111903
    outer loop
      vertex -13.3233 17.8841 16.3736
      vertex -13.4571 17.8229 0.00999928
      vertex -13.4562 17.8213 16.3736
    endloop
  endfacet
  facet normal -0.113222 0.765064 0.633923
    outer loop
      vertex -12.8681 17.699 17.1935
      vertex -12.985 17.6817 17.1935
      vertex -12.9668 17.5901 17.3073
    endloop
  endfacet
  facet normal -0.224247 0.896293 0.382586
    outer loop
      vertex -13.0255 17.8852 16.8053
      vertex -13.1436 17.7976 16.9413
      vertex -13.0145 17.8299 16.9413
    endloop
  endfacet
  facet normal -0.0433256 0.881186 0.47078
    outer loop
      vertex -12.75 17.856 16.9413
      vertex -12.8761 17.7804 17.0712
      vertex -12.75 17.7866 17.0712
    endloop
  endfacet
  facet normal -0.0408344 0.83052 0.555491
    outer loop
      vertex -12.75 17.7866 17.0712
      vertex -12.8761 17.7804 17.0712
      vertex -12.75 17.7048 17.1935
    endloop
  endfacet
  facet normal -0.297051 0.830815 0.470645
    outer loop
      vertex -13.1436 17.7976 16.9413
      vertex -13.2689 17.7528 16.9413
      vertex -13.1235 17.7312 17.0712
    endloop
  endfacet
  facet normal -0.129253 0.872633 0.470961
    outer loop
      vertex -12.8829 17.8495 16.9413
      vertex -13.001 17.7619 17.0712
      vertex -12.8761 17.7804 17.0712
    endloop
  endfacet
  facet normal 0.0279339 0.555737 0.830888
    outer loop
      vertex 12.75 17.3935 17.5048
      vertex 12.75 17.2712 17.5866
      vertex 12.8256 17.2674 17.5866
    endloop
  endfacet
  facet normal -0.0272661 0.555468 0.831091
    outer loop
      vertex -12.75 17.3935 17.5048
      vertex -12.8376 17.3892 17.5048
      vertex -12.8256 17.2674 17.5866
    endloop
  endfacet
  facet normal -0.806547 0.202516 0.555399
    outer loop
      vertex -13.9029 16.8497 17.1935
      vertex -14.0119 16.751 17.0712
      vertex -13.9317 16.735 17.1935
    endloop
  endfacet
  facet normal 0.290215 0 0.956962
    outer loop
      vertex 13.1145 16.5 17.755
      vertex 13.2553 -16.5 17.7123
      vertex 13.2553 16.5 17.7123
    endloop
  endfacet
  facet normal 0.290215 0 0.956962
    outer loop
      vertex 13.2553 -16.5 17.7123
      vertex 13.1145 16.5 17.755
      vertex 13.1145 -16.5 17.755
    endloop
  endfacet
  facet normal -0.186786 0.52359 0.831243
    outer loop
      vertex -13.0094 17.3551 17.5048
      vertex -13.0451 17.2125 17.5866
      vertex -12.9739 17.2379 17.5866
    endloop
  endfacet
  facet normal -0.363813 0.607004 0.706531
    outer loop
      vertex -13.2739 17.4802 17.3073
      vertex -13.3675 17.4241 17.3073
      vertex -13.2249 17.3884 17.4114
    endloop
  endfacet
  facet normal -0.63967 0.302663 0.706553
    outer loop
      vertex -13.6384 16.9749 17.4114
      vertex -13.7302 17.0239 17.3073
      vertex -13.6807 16.8855 17.4114
    endloop
  endfacet
  facet normal -0.355613 0.751397 0.555826
    outer loop
      vertex -13.2424 17.6887 17.0712
      vertex -13.3565 17.6347 17.0712
      vertex -13.3179 17.5625 17.1935
    endloop
  endfacet
  facet normal 0 -0.555954 0.831213
    outer loop
      vertex -12.75 -17.2712 17.5866
      vertex 12.75 -17.3935 17.5048
      vertex 12.75 -17.2712 17.5866
    endloop
  endfacet
  facet normal 0 -0.555954 0.831213
    outer loop
      vertex 12.75 -17.3935 17.5048
      vertex -12.75 -17.2712 17.5866
      vertex -12.75 -17.3935 17.5048
    endloop
  endfacet
  facet normal 0.471304 -0.023228 0.881665
    outer loop
      vertex 13.3913 -16.5 17.656
      vertex 13.3882 -16.5629 17.656
      vertex 13.5174 -16.5756 17.5866
    endloop
  endfacet
  facet normal 0.4668 -0.0690444 0.881663
    outer loop
      vertex 13.3882 -16.5629 17.656
      vertex 13.379 -16.6251 17.656
      vertex 13.5174 -16.5756 17.5866
    endloop
  endfacet
  facet normal 0.627881 0.0930908 0.772722
    outer loop
      vertex 13.738 16.6965 17.4114
      vertex 13.6392 16.5876 17.5048
      vertex 13.7525 16.5987 17.4114
    endloop
  endfacet
  facet normal -0.088377 -0.042149 0.995195
    outer loop
      vertex -12.818 -16.5282 17.7982
      vertex -12.9441 -16.6038 17.7838
      vertex -12.8149 -16.5347 17.7982
    endloop
  endfacet
  facet normal 0.260163 -0.728196 0.63407
    outer loop
      vertex 13.1753 -17.5268 17.3073
      vertex 13.0997 -17.6529 17.1935
      vertex 13.2111 -17.6131 17.1935
    endloop
  endfacet
  facet normal 0.857853 -0.513896 0.000112143
    outer loop
      vertex 14.0713 -17.2062 16.3736
      vertex 13.9957 -17.3324 16.3736
      vertex 14.0729 -17.2071 0.00999928
    endloop
  endfacet
  facet normal 0.857733 -0.514096 0.000110043
    outer loop
      vertex 14.0729 -17.2071 0.00999928
      vertex 13.9957 -17.3324 16.3736
      vertex 13.9972 -17.3334 0.00999928
    endloop
  endfacet
  facet normal 0.904125 0.427269 0
    outer loop
      vertex 14.1358 17.074 0.00999928
      vertex 14.0729 17.2071 0
      vertex 14.0729 17.2071 0.00999928
    endloop
  endfacet
  facet normal 0.904125 0.427269 0
    outer loop
      vertex 14.0729 17.2071 0
      vertex 14.1358 17.074 0.00999928
      vertex 14.1358 17.074 0
    endloop
  endfacet
  facet normal -0.146144 -0.984443 0.0975416
    outer loop
      vertex -13.0395 -17.9553 16.5201
      vertex -13.0423 -17.9694 16.3736
      vertex -12.8968 -17.991 16.3736
    endloop
  endfacet
  facet normal -0.425196 -0.899818 0.0976529
    outer loop
      vertex -13.3178 -17.8708 16.5201
      vertex -13.4562 -17.8213 16.3736
      vertex -13.3233 -17.8841 16.3736
    endloop
  endfacet
  facet normal -0.0485089 -0.97961 0.194963
    outer loop
      vertex -12.8926 -17.948 16.6645
      vertex -12.8954 -17.9766 16.5201
      vertex -12.75 -17.9838 16.5201
    endloop
  endfacet
  facet normal 0.621143 -0.460894 0.633844
    outer loop
      vertex 13.6741 -17.1175 17.3073
      vertex 13.6091 -17.2051 17.3073
      vertex 13.6813 -17.2643 17.1935
    endloop
  endfacet
  facet normal -0.411954 -0.373869 0.830973
    outer loop
      vertex -13.2953 -17.0453 17.5866
      vertex -13.4407 -17.0669 17.5048
      vertex -13.3818 -17.1318 17.5048
    endloop
  endfacet
  facet normal -0.41956 -0.8865 0.19516
    outer loop
      vertex -13.4359 -17.7832 16.6645
      vertex -13.4494 -17.8086 16.5201
      vertex -13.3068 -17.8443 16.6645
    endloop
  endfacet
  facet normal -0.311089 -0.870078 0.382346
    outer loop
      vertex -13.1436 -17.7976 16.9413
      vertex -13.2689 -17.7528 16.9413
      vertex -13.16 -17.8515 16.8053
    endloop
  endfacet
  facet normal -0.322441 -0.901039 0.290105
    outer loop
      vertex -13.2905 -17.8048 16.8053
      vertex -13.3068 -17.8443 16.6645
      vertex -13.16 -17.8515 16.8053
    endloop
  endfacet
  facet normal -0.426844 -0.713751 0.555305
    outer loop
      vertex -13.4194 -17.5018 17.1935
      vertex -13.4648 -17.5698 17.0712
      vertex -13.3179 -17.5625 17.1935
    endloop
  endfacet
  facet normal -0.326447 -0.544292 0.772774
    outer loop
      vertex -13.1712 -17.288 17.5048
      vertex -13.3096 -17.3376 17.4114
      vertex -13.2249 -17.3884 17.4114
    endloop
  endfacet
  facet normal 0.756799 -0.45352 0.470717
    outer loop
      vertex 13.8847 -17.1065 17.0712
      vertex 13.8198 -17.2148 17.0712
      vertex 13.9459 -17.1392 16.9413
    endloop
  endfacet
  facet normal 0 -0.634421 0.772988
    outer loop
      vertex -12.75 -17.3935 17.5048
      vertex 12.75 -17.5073 17.4114
      vertex 12.75 -17.3935 17.5048
    endloop
  endfacet
  facet normal 0 -0.634421 0.772988
    outer loop
      vertex 12.75 -17.5073 17.4114
      vertex -12.75 -17.3935 17.5048
      vertex -12.75 -17.5073 17.4114
    endloop
  endfacet
  facet normal 0 -0.772988 0.634421
    outer loop
      vertex -12.75 -17.7048 17.1935
      vertex 12.75 -17.6114 17.3073
      vertex -12.75 -17.6114 17.3073
    endloop
  endfacet
  facet normal 0 -0.772988 0.634421
    outer loop
      vertex 12.75 -17.6114 17.3073
      vertex -12.75 -17.7048 17.1935
      vertex 12.75 -17.7048 17.1935
    endloop
  endfacet
  facet normal -0.0433256 -0.881186 0.47078
    outer loop
      vertex -12.75 -17.7866 17.0712
      vertex -12.8761 -17.7804 17.0712
      vertex -12.75 -17.856 16.9413
    endloop
  endfacet
  facet normal 0.857733 -0.514096 0
    outer loop
      vertex 13.9972 -17.3334 0.00999928
      vertex 14.0729 -17.2071 0
      vertex 14.0729 -17.2071 0.00999928
    endloop
  endfacet
  facet normal 0.857733 -0.514096 0
    outer loop
      vertex 14.0729 -17.2071 0
      vertex 13.9972 -17.3334 0.00999928
      vertex 13.9972 -17.3334 0
    endloop
  endfacet
  facet normal -0.904125 0.427269 0
    outer loop
      vertex -14.1358 17.074 0
      vertex -14.0729 17.2071 0.00999928
      vertex -14.0729 17.2071 0
    endloop
  endfacet
  facet normal -0.904125 0.427269 0
    outer loop
      vertex -14.0729 17.2071 0.00999928
      vertex -14.1358 17.074 0
      vertex -14.1358 17.074 0.00999928
    endloop
  endfacet
  facet normal -0.595861 0.803088 0
    outer loop
      vertex -13.5834 17.7472 0
      vertex -13.7016 17.6595 0.00999928
      vertex -13.5834 17.7472 0.00999928
    endloop
  endfacet
  facet normal -0.595861 0.803088 0
    outer loop
      vertex -13.7016 17.6595 0.00999928
      vertex -13.5834 17.7472 0
      vertex -13.7016 17.6595 0
    endloop
  endfacet
  facet normal -0.243175 -0.969982 0.000111157
    outer loop
      vertex -13.0423 -17.9694 16.3736
      vertex -13.1854 -17.9354 0.00999928
      vertex -13.0426 -17.9712 0.00999928
    endloop
  endfacet
  facet normal 0.799113 -0.593239 0.0973968
    outer loop
      vertex 13.9957 -17.3324 16.3736
      vertex 13.897 -17.4413 16.5201
      vertex 13.9081 -17.4504 16.3736
    endloop
  endfacet
  facet normal -0.668386 0.737411 0.0973896
    outer loop
      vertex -13.7004 17.6581 16.3736
      vertex -13.7992 17.5492 16.5201
      vertex -13.6913 17.647 16.5201
    endloop
  endfacet
  facet normal -0.595861 0.803088 0.00011003
    outer loop
      vertex -13.5834 17.7472 0.00999928
      vertex -13.7016 17.6595 0.00999928
      vertex -13.5824 17.7457 16.3736
    endloop
  endfacet
  facet normal -0.80293 0.596073 0.000112407
    outer loop
      vertex -13.9095 17.4516 0.00999928
      vertex -13.9957 17.3324 16.3736
      vertex -13.9081 17.4504 16.3736
    endloop
  endfacet
  facet normal -0.741262 0.671216 0.000112642
    outer loop
      vertex -13.8094 17.5594 16.3736
      vertex -13.9095 17.4516 0.00999928
      vertex -13.9081 17.4504 16.3736
    endloop
  endfacet
  facet normal -0.76866 0.56994 0.290398
    outer loop
      vertex -13.8748 17.4231 16.6645
      vertex -13.9243 17.2846 16.8053
      vertex -13.8417 17.396 16.8053
    endloop
  endfacet
  facet normal -0.886804 0.419143 0.194674
    outer loop
      vertex -14.0586 17.1994 16.5201
      vertex -14.1208 17.0678 16.5201
      vertex -14.0943 17.0568 16.6645
    endloop
  endfacet
  facet normal -0.0236791 0.47109 0.881767
    outer loop
      vertex -12.75 17.2712 17.5866
      vertex -12.8256 17.2674 17.5866
      vertex -12.75 17.1413 17.656
    endloop
  endfacet
  facet normal 0.0703184 0.28186 0.956875
    outer loop
      vertex 12.8486 16.9956 17.7123
      vertex 12.8211 16.8575 17.755
      vertex 12.8967 16.9836 17.7123
    endloop
  endfacet
  facet normal -0.238383 0.666471 0.706393
    outer loop
      vertex -13.0424 17.464 17.4114
      vertex -13.1753 17.5268 17.3073
      vertex -13.1355 17.4307 17.4114
    endloop
  endfacet
  facet normal -0.129994 0.872819 0.470413
    outer loop
      vertex -12.8829 17.8495 16.9413
      vertex -13.0145 17.8299 16.9413
      vertex -13.001 17.7619 17.0712
    endloop
  endfacet
  facet normal -0.970062 0.242856 0.0001082
    outer loop
      vertex -14.1854 16.9354 0.00999928
      vertex -14.2194 16.7923 16.3736
      vertex -14.1837 16.9349 16.3736
    endloop
  endfacet
  facet normal -0.993998 0.0492213 0.0977035
    outer loop
      vertex -14.2266 16.6454 16.5201
      vertex -14.2482 16.5 16.3736
      vertex -14.2338 16.5 16.5201
    endloop
  endfacet
  facet normal -0.97027 0.14342 0.194954
    outer loop
      vertex -14.2053 16.7895 16.5201
      vertex -14.2266 16.6454 16.5201
      vertex -14.198 16.6426 16.6645
    endloop
  endfacet
  facet normal -0.857733 0.514096 0
    outer loop
      vertex -14.0729 17.2071 0
      vertex -13.9972 17.3334 0.00999928
      vertex -13.9972 17.3334 0
    endloop
  endfacet
  facet normal -0.857733 0.514096 0
    outer loop
      vertex -13.9972 17.3334 0.00999928
      vertex -14.0729 17.2071 0
      vertex -14.0729 17.2071 0.00999928
    endloop
  endfacet
  facet normal -0.941527 0.336939 0.000112228
    outer loop
      vertex -14.1358 17.074 0.00999928
      vertex -14.1854 16.9354 0.00999928
      vertex -14.1341 17.0733 16.3736
    endloop
  endfacet
  facet normal -0.882014 0 0.471222
    outer loop
      vertex -14.106 -16.5 16.9413
      vertex -14.0366 16.5 17.0712
      vertex -14.106 16.5 16.9413
    endloop
  endfacet
  facet normal -0.882014 0 0.471222
    outer loop
      vertex -14.0366 16.5 17.0712
      vertex -14.106 -16.5 16.9413
      vertex -14.0366 -16.5 17.0712
    endloop
  endfacet
  facet normal -0.642313 0.709307 0.290375
    outer loop
      vertex -13.6731 17.6248 16.6645
      vertex -13.7487 17.4987 16.8053
      vertex -13.646 17.5917 16.8053
    endloop
  endfacet
  facet normal -0.756777 0.453668 0.47061
    outer loop
      vertex -13.8775 17.2533 16.9413
      vertex -13.9459 17.1392 16.9413
      vertex -13.8198 17.2148 17.0712
    endloop
  endfacet
  facet normal -0.899772 0.425272 0.0977403
    outer loop
      vertex -14.0713 17.2062 16.3736
      vertex -14.1208 17.0678 16.5201
      vertex -14.0586 17.1994 16.5201
    endloop
  endfacet
  facet normal -0.841131 0.504409 0.195113
    outer loop
      vertex -13.9837 17.3243 16.5201
      vertex -14.0586 17.1994 16.5201
      vertex -14.0332 17.1859 16.6645
    endloop
  endfacet
  facet normal -0.639943 0.302448 0.706398
    outer loop
      vertex -13.7302 17.0239 17.3073
      vertex -13.7768 16.9253 17.3073
      vertex -13.6807 16.8855 17.4114
    endloop
  endfacet
  facet normal -0.831213 0 0.555954
    outer loop
      vertex -14.0366 -16.5 17.0712
      vertex -13.9548 16.5 17.1935
      vertex -14.0366 16.5 17.0712
    endloop
  endfacet
  facet normal -0.831213 0 0.555954
    outer loop
      vertex -13.9548 16.5 17.1935
      vertex -14.0366 -16.5 17.0712
      vertex -13.9548 -16.5 17.1935
    endloop
  endfacet
  facet normal -0.444329 -0.159118 0.88162
    outer loop
      vertex -13.3637 -16.6862 17.656
      vertex -13.4879 -16.7239 17.5866
      vertex -13.3425 -16.7454 17.656
    endloop
  endfacet
  facet normal -0.0343941 0.706701 0.706676
    outer loop
      vertex -12.75 17.6114 17.3073
      vertex -12.8589 17.6061 17.3073
      vertex -12.8487 17.5025 17.4114
    endloop
  endfacet
  facet normal -0.0375936 0.772442 0.633972
    outer loop
      vertex -12.75 17.7048 17.1935
      vertex -12.8589 17.6061 17.3073
      vertex -12.75 17.6114 17.3073
    endloop
  endfacet
  facet normal 0.157318 -0.116755 0.980622
    outer loop
      vertex 13.053 -16.7025 17.755
      vertex 12.933 -16.6223 17.7838
      vertex 13.0317 -16.7312 17.755
    endloop
  endfacet
  facet normal -0.184269 -0.0662642 0.98064
    outer loop
      vertex -12.9606 -16.5639 17.7838
      vertex -13.0988 -16.6058 17.755
      vertex -12.9533 -16.5842 17.7838
    endloop
  endfacet
  facet normal -0.273222 -0.0981006 0.956936
    outer loop
      vertex -13.0988 -16.6058 17.755
      vertex -13.2169 -16.6934 17.7123
      vertex -13.0867 -16.6395 17.755
    endloop
  endfacet
  facet normal -0.0703184 -0.28186 0.956875
    outer loop
      vertex -12.8211 -16.8575 17.755
      vertex -12.8967 -16.9836 17.7123
      vertex -12.8486 -16.9956 17.7123
    endloop
  endfacet
  facet normal -0.0563033 -0.378698 0.923806
    outer loop
      vertex -12.8486 -16.9956 17.7123
      vertex -12.8751 -17.129 17.656
      vertex -12.7995 -17.0029 17.7123
    endloop
  endfacet
  facet normal -0.355997 -0.751393 0.555585
    outer loop
      vertex -13.2111 -17.6131 17.1935
      vertex -13.3179 -17.5625 17.1935
      vertex -13.2424 -17.6887 17.0712
    endloop
  endfacet
  facet normal -0.103766 -0.699887 0.706676
    outer loop
      vertex -12.9465 -17.488 17.4114
      vertex -12.9668 -17.5901 17.3073
      vertex -12.8487 -17.5025 17.4114
    endloop
  endfacet
  facet normal -0.154161 -0.615919 0.772579
    outer loop
      vertex -12.9243 -17.3764 17.5048
      vertex -13.0094 -17.3551 17.5048
      vertex -12.9465 -17.488 17.4114
    endloop
  endfacet
  facet normal 0.0480845 -0.979551 0.195367
    outer loop
      vertex 12.75 -17.955 16.6645
      vertex 12.75 -17.9838 16.5201
      vertex 12.8926 -17.948 16.6645
    endloop
  endfacet
  facet normal 0.514096 -0.857733 0
    outer loop
      vertex 13.4571 -17.8229 0
      vertex 13.5834 -17.7472 0.00999928
      vertex 13.4571 -17.8229 0.00999928
    endloop
  endfacet
  facet normal 0.514096 -0.857733 0
    outer loop
      vertex 13.5834 -17.7472 0.00999928
      vertex 13.4571 -17.8229 0
      vertex 13.5834 -17.7472 0
    endloop
  endfacet
  facet normal 0.820716 -0.492568 0.289485
    outer loop
      vertex 13.9956 -17.1658 16.8053
      vertex 13.9243 -17.2846 16.8053
      vertex 14.0332 -17.1859 16.6645
    endloop
  endfacet
  facet normal 0.633987 -0.0308322 0.772729
    outer loop
      vertex 13.7573 -16.5 17.4114
      vertex 13.6392 -16.5876 17.5048
      vertex 13.7525 -16.5987 17.4114
    endloop
  endfacet
  facet normal 0.95139 -0.238363 0.195042
    outer loop
      vertex 14.1771 -16.7839 16.6645
      vertex 14.1424 -16.9224 16.6645
      vertex 14.2053 -16.7895 16.5201
    endloop
  endfacet
  facet normal 0.941527 -0.336939 0.000112228
    outer loop
      vertex 14.1854 -16.9354 0.00999928
      vertex 14.1341 -17.0733 16.3736
      vertex 14.1358 -17.074 0.00999928
    endloop
  endfacet
  facet normal 0.0492213 -0.993998 0.0977035
    outer loop
      vertex 12.75 -17.9838 16.5201
      vertex 12.75 -17.9982 16.3736
      vertex 12.8954 -17.9766 16.5201
    endloop
  endfacet
  facet normal 0.242856 -0.970062 0.0001082
    outer loop
      vertex 13.1849 -17.9337 16.3736
      vertex 13.0423 -17.9694 16.3736
      vertex 13.1854 -17.9354 0.00999928
    endloop
  endfacet
  facet normal 0.989174 -0.146746 0
    outer loop
      vertex 14.2212 -16.7926 0.00999928
      vertex 14.2428 -16.647 0
      vertex 14.2428 -16.647 0.00999928
    endloop
  endfacet
  facet normal 0.989174 -0.146746 0
    outer loop
      vertex 14.2428 -16.647 0
      vertex 14.2212 -16.7926 0.00999928
      vertex 14.2212 -16.7926 0
    endloop
  endfacet
  facet normal -0.671251 -0.74123 0.000112214
    outer loop
      vertex -13.8094 -17.5594 16.3736
      vertex -13.8107 -17.5607 0.00999928
      vertex -13.7016 -17.6595 0.00999928
    endloop
  endfacet
  facet normal -0.573223 -0.519306 0.633828
    outer loop
      vertex -13.6091 -17.2051 17.3073
      vertex -13.6813 -17.2643 17.1935
      vertex -13.5359 -17.2859 17.3073
    endloop
  endfacet
  facet normal -0.63967 -0.302663 0.706553
    outer loop
      vertex -13.6807 -16.8855 17.4114
      vertex -13.7302 -17.0239 17.3073
      vertex -13.6384 -16.9749 17.4114
    endloop
  endfacet
  facet normal -0.666144 -0.238696 0.706595
    outer loop
      vertex -13.714 -16.7924 17.4114
      vertex -13.8136 -16.8226 17.3073
      vertex -13.7768 -16.9253 17.3073
    endloop
  endfacet
  facet normal -0.772442 -0.0375936 0.633972
    outer loop
      vertex -13.8614 -16.5 17.3073
      vertex -13.9548 -16.5 17.1935
      vertex -13.8561 -16.6089 17.3073
    endloop
  endfacet
  facet normal -0.765139 -0.113459 0.63379
    outer loop
      vertex -13.8561 -16.6089 17.3073
      vertex -13.949 -16.6181 17.1935
      vertex -13.8401 -16.7168 17.3073
    endloop
  endfacet
  facet normal -0.326061 -0.544885 0.772518
    outer loop
      vertex -13.2464 -17.243 17.5048
      vertex -13.3096 -17.3376 17.4114
      vertex -13.1712 -17.288 17.5048
    endloop
  endfacet
  facet normal -0.302448 -0.639943 0.706398
    outer loop
      vertex -13.1355 -17.4307 17.4114
      vertex -13.2739 -17.4802 17.3073
      vertex -13.1753 -17.5268 17.3073
    endloop
  endfacet
  facet normal -0.511808 -0.853468 0.0982066
    outer loop
      vertex -13.5743 -17.7337 16.5201
      vertex -13.5824 -17.7457 16.3736
      vertex -13.4494 -17.8086 16.5201
    endloop
  endfacet
  facet normal -0.742318 -0.550408 0.382119
    outer loop
      vertex -13.8775 -17.2533 16.9413
      vertex -13.9243 -17.2846 16.8053
      vertex -13.8417 -17.396 16.8053
    endloop
  endfacet
  facet normal -0.965437 -0.241698 0.0975387
    outer loop
      vertex -14.2053 -16.7895 16.5201
      vertex -14.2194 -16.7923 16.3736
      vertex -14.1837 -16.9349 16.3736
    endloop
  endfacet
  facet normal -0.946703 -0.140029 0.290079
    outer loop
      vertex -14.1352 -16.7755 16.8053
      vertex -14.198 -16.6426 16.6645
      vertex -14.1771 -16.7839 16.6645
    endloop
  endfacet
  facet normal -0.955905 -0.0469665 0.289895
    outer loop
      vertex -14.1623 -16.5 16.8053
      vertex -14.205 -16.5 16.6645
      vertex -14.1555 -16.6384 16.8053
    endloop
  endfacet
  facet normal -0.923008 -0.0453501 0.382098
    outer loop
      vertex -14.106 -16.5 16.9413
      vertex -14.1623 -16.5 16.8053
      vertex -14.1555 -16.6384 16.8053
    endloop
  endfacet
  facet normal -0.257184 -0.283444 0.923859
    outer loop
      vertex -13.1073 -16.8573 17.7123
      vertex -13.1569 -16.9958 17.656
      vertex -13.0706 -16.8906 17.7123
    endloop
  endfacet
  facet normal -0.25726 -0.283412 0.923848
    outer loop
      vertex -13.1073 -16.8573 17.7123
      vertex -13.2035 -16.9535 17.656
      vertex -13.1569 -16.9958 17.656
    endloop
  endfacet
  facet normal -0.24894 -0.149364 0.956932
    outer loop
      vertex -13.0714 -16.6718 17.755
      vertex -13.1957 -16.7382 17.7123
      vertex -13.1702 -16.7807 17.7123
    endloop
  endfacet
  facet normal -0.0706244 0.281686 0.956904
    outer loop
      vertex -12.8211 16.8575 17.755
      vertex -12.8967 16.9836 17.7123
      vertex -12.8558 16.8488 17.755
    endloop
  endfacet
  facet normal -0.290186 -0.0140696 0.956867
    outer loop
      vertex -13.1145 -16.5 17.755
      vertex -13.2553 -16.5 17.7123
      vertex -13.2529 -16.5495 17.7123
    endloop
  endfacet
  facet normal -0.382426 -0.0185419 0.9238
    outer loop
      vertex -13.2553 -16.5 17.7123
      vertex -13.3913 -16.5 17.656
      vertex -13.2529 -16.5495 17.7123
    endloop
  endfacet
  facet normal -0.502987 -0.237857 0.83092
    outer loop
      vertex -13.4625 -16.7951 17.5866
      vertex -13.5755 -16.8419 17.5048
      vertex -13.538 -16.9212 17.5048
    endloop
  endfacet
  facet normal -0.555737 0.0279339 0.830888
    outer loop
      vertex -13.5174 16.5756 17.5866
      vertex -13.6435 16.5 17.5048
      vertex -13.5212 16.5 17.5866
    endloop
  endfacet
  facet normal -0.555468 0.0272661 0.831091
    outer loop
      vertex -13.6392 16.5876 17.5048
      vertex -13.6435 16.5 17.5048
      vertex -13.5174 16.5756 17.5866
    endloop
  endfacet
  facet normal -0.555737 -0.0279339 0.830888
    outer loop
      vertex -13.5212 -16.5 17.5866
      vertex -13.6435 -16.5 17.5048
      vertex -13.5174 -16.5756 17.5866
    endloop
  endfacet
  facet normal -0.371473 -0.0926751 0.923807
    outer loop
      vertex -13.2456 -16.5986 17.7123
      vertex -13.379 -16.6251 17.656
      vertex -13.2336 -16.6467 17.7123
    endloop
  endfacet
  facet normal -0.509977 -0.378323 0.772525
    outer loop
      vertex -13.493 -16.9964 17.5048
      vertex -13.5876 -17.0596 17.4114
      vertex -13.4407 -17.0669 17.5048
    endloop
  endfacet
  facet normal -0.470014 -0.426561 0.772744
    outer loop
      vertex -13.4407 -17.0669 17.5048
      vertex -13.4623 -17.2123 17.4114
      vertex -13.3818 -17.1318 17.5048
    endloop
  endfacet
  facet normal -0.331274 -0.446596 0.831149
    outer loop
      vertex -13.2392 -17.0961 17.5866
      vertex -13.3169 -17.1907 17.5048
      vertex -13.1784 -17.1412 17.5866
    endloop
  endfacet
  facet normal -0.37968 -0.280633 0.881526
    outer loop
      vertex -13.2832 -16.8563 17.656
      vertex -13.3461 -16.9892 17.5866
      vertex -13.2458 -16.9069 17.656
    endloop
  endfacet
  facet normal -0.514096 -0.857733 0
    outer loop
      vertex -13.5834 -17.7472 0
      vertex -13.4571 -17.8229 0.00999928
      vertex -13.5834 -17.7472 0.00999928
    endloop
  endfacet
  facet normal -0.514096 -0.857733 -0
    outer loop
      vertex -13.4571 -17.8229 0.00999928
      vertex -13.5834 -17.7472 0
      vertex -13.4571 -17.8229 0
    endloop
  endfacet
  facet normal -0.514096 -0.857733 0.000110043
    outer loop
      vertex -13.5824 -17.7457 16.3736
      vertex -13.5834 -17.7472 0.00999928
      vertex -13.4571 -17.8229 0.00999928
    endloop
  endfacet
  facet normal -0.0489209 -0.998803 0
    outer loop
      vertex -12.897 -17.9928 0
      vertex -12.75 -18 0.00999928
      vertex -12.897 -17.9928 0.00999928
    endloop
  endfacet
  facet normal -0.0489209 -0.998803 -0
    outer loop
      vertex -12.75 -18 0.00999928
      vertex -12.897 -17.9928 0
      vertex -12.75 -18 0
    endloop
  endfacet
  facet normal 0.742138 0.550529 0.382294
    outer loop
      vertex 13.8417 17.396 16.8053
      vertex 13.7982 17.3602 16.9413
      vertex 13.8775 17.2533 16.9413
    endloop
  endfacet
  facet normal 0.872819 -0.129994 0.470413
    outer loop
      vertex 14.0995 -16.6329 16.9413
      vertex 14.0119 -16.751 17.0712
      vertex 14.0799 -16.7645 16.9413
    endloop
  endfacet
  facet normal 0.114618 0.457848 0.881611
    outer loop
      vertex 12.9004 17.2563 17.5866
      vertex 12.8751 17.129 17.656
      vertex 12.9739 17.2379 17.5866
    endloop
  endfacet
  facet normal 0.233193 0.172995 0.956919
    outer loop
      vertex 13.1406 16.8206 17.7123
      vertex 13.0317 16.7312 17.755
      vertex 13.1702 16.7807 17.7123
    endloop
  endfacet
  facet normal 0.549909 0.0816042 0.831228
    outer loop
      vertex 13.6264 16.6743 17.5048
      vertex 13.5063 16.6504 17.5866
      vertex 13.5174 16.5756 17.5866
    endloop
  endfacet
  facet normal 0.336939 0.941527 0.000112228
    outer loop
      vertex 13.324 17.8858 0.00999928
      vertex 13.1854 17.9354 0.00999928
      vertex 13.3233 17.8841 16.3736
    endloop
  endfacet
  facet normal 0.0480845 0.979551 0.195367
    outer loop
      vertex 12.75 17.9838 16.5201
      vertex 12.75 17.955 16.6645
      vertex 12.8926 17.948 16.6645
    endloop
  endfacet
  facet normal 0.708659 -0.525694 0.470584
    outer loop
      vertex 13.8198 -17.2148 17.0712
      vertex 13.7982 -17.3602 16.9413
      vertex 13.8775 -17.2533 16.9413
    endloop
  endfacet
  facet normal 0.741262 0.671216 0.000112642
    outer loop
      vertex 13.9095 17.4516 0.00999928
      vertex 13.8094 17.5594 16.3736
      vertex 13.9081 17.4504 16.3736
    endloop
  endfacet
  facet normal 0.998803 0.0489209 0.000109869
    outer loop
      vertex 14.25 16.5 0.00999928
      vertex 14.2428 16.647 0.00999928
      vertex 14.2482 16.5 16.3736
    endloop
  endfacet
  facet normal 0.853468 0.511808 0.0982066
    outer loop
      vertex 13.9957 17.3324 16.3736
      vertex 13.9837 17.3243 16.5201
      vertex 14.0586 17.1994 16.5201
    endloop
  endfacet
  facet normal 0.335758 0.936872 0.0976592
    outer loop
      vertex 13.3233 17.8841 16.3736
      vertex 13.1849 17.9337 16.3736
      vertex 13.3178 17.8708 16.5201
    endloop
  endfacet
  facet normal 0.782983 0.279737 0.555595
    outer loop
      vertex 13.9387 16.9924 17.0712
      vertex 13.8631 16.9611 17.1935
      vertex 13.9029 16.8497 17.1935
    endloop
  endfacet
  facet normal 0.382492 0 0.923959
    outer loop
      vertex 13.2553 16.5 17.7123
      vertex 13.3913 -16.5 17.656
      vertex 13.3913 16.5 17.656
    endloop
  endfacet
  facet normal 0.382492 0 0.923959
    outer loop
      vertex 13.3913 -16.5 17.656
      vertex 13.2553 16.5 17.7123
      vertex 13.2553 -16.5 17.7123
    endloop
  endfacet
  facet normal -0.524381 0.475058 0.706643
    outer loop
      vertex -13.5359 17.2859 17.3073
      vertex -13.6091 17.2051 17.3073
      vertex -13.5287 17.139 17.4114
    endloop
  endfacet
  facet normal -0.188348 0.750121 0.633911
    outer loop
      vertex -12.985 17.6817 17.1935
      vertex -13.0997 17.6529 17.1935
      vertex -12.9668 17.5901 17.3073
    endloop
  endfacet
  facet normal -0.322441 0.901039 0.290105
    outer loop
      vertex -13.16 17.8515 16.8053
      vertex -13.3068 17.8443 16.6645
      vertex -13.2905 17.8048 16.8053
    endloop
  endfacet
  facet normal -0.242856 0.970062 0.0001082
    outer loop
      vertex -13.0423 17.9694 16.3736
      vertex -13.1854 17.9354 0.00999928
      vertex -13.1849 17.9337 16.3736
    endloop
  endfacet
  facet normal -0.146844 0.98916 0.000110603
    outer loop
      vertex -12.897 17.9928 0.00999928
      vertex -13.0423 17.9694 16.3736
      vertex -12.8968 17.991 16.3736
    endloop
  endfacet
  facet normal -0.242015 0.965324 0.0978698
    outer loop
      vertex -13.0395 17.9553 16.5201
      vertex -13.1849 17.9337 16.3736
      vertex -13.1807 17.9199 16.5201
    endloop
  endfacet
  facet normal 0.595861 -0.803088 0
    outer loop
      vertex 13.5834 -17.7472 0
      vertex 13.7016 -17.6595 0.00999928
      vertex 13.5834 -17.7472 0.00999928
    endloop
  endfacet
  facet normal 0.595861 -0.803088 0
    outer loop
      vertex 13.7016 -17.6595 0.00999928
      vertex 13.5834 -17.7472 0
      vertex 13.7016 -17.6595 0
    endloop
  endfacet
  facet normal -0.504138 0.841374 0.194769
    outer loop
      vertex -13.4359 17.7832 16.6645
      vertex -13.5743 17.7337 16.5201
      vertex -13.5584 17.7098 16.6645
    endloop
  endfacet
  facet normal -0.593239 0.799113 0.0973968
    outer loop
      vertex -13.5824 17.7457 16.3736
      vertex -13.7004 17.6581 16.3736
      vertex -13.6913 17.647 16.5201
    endloop
  endfacet
  facet normal -0.394761 0.835532 0.382165
    outer loop
      vertex -13.2905 17.8048 16.8053
      vertex -13.4158 17.7456 16.8053
      vertex -13.2689 17.7528 16.9413
    endloop
  endfacet
  facet normal -0.311361 0.870076 0.382128
    outer loop
      vertex -13.16 17.8515 16.8053
      vertex -13.2905 17.8048 16.8053
      vertex -13.2689 17.7528 16.9413
    endloop
  endfacet
  facet normal -0.311089 0.870078 0.382346
    outer loop
      vertex -13.16 17.8515 16.8053
      vertex -13.2689 17.7528 16.9413
      vertex -13.1436 17.7976 16.9413
    endloop
  endfacet
  facet normal -0.296989 0.830871 0.470585
    outer loop
      vertex -13.1235 17.7312 17.0712
      vertex -13.2689 17.7528 16.9413
      vertex -13.2424 17.6887 17.0712
    endloop
  endfacet
  facet normal -0.202112 0.806471 0.555658
    outer loop
      vertex -13.001 17.7619 17.0712
      vertex -13.1235 17.7312 17.0712
      vertex -13.0997 17.6529 17.1935
    endloop
  endfacet
  facet normal -0.0430938 0.881103 0.470957
    outer loop
      vertex -12.75 17.856 16.9413
      vertex -12.8829 17.8495 16.9413
      vertex -12.8761 17.7804 17.0712
    endloop
  endfacet
  facet normal -0.0930908 0.627881 0.772722
    outer loop
      vertex -12.8487 17.5025 17.4114
      vertex -12.9465 17.488 17.4114
      vertex -12.8376 17.3892 17.5048
    endloop
  endfacet
  facet normal -0.103766 0.699887 0.706676
    outer loop
      vertex -12.8487 17.5025 17.4114
      vertex -12.9668 17.5901 17.3073
      vertex -12.9465 17.488 17.4114
    endloop
  endfacet
  facet normal -0.24894 0.149364 0.956932
    outer loop
      vertex -13.1702 16.7807 17.7123
      vertex -13.1957 16.7382 17.7123
      vertex -13.0714 16.6718 17.755
    endloop
  endfacet
  facet normal -0.290003 0.014622 0.956914
    outer loop
      vertex -13.1127 16.5357 17.755
      vertex -13.2529 16.5495 17.7123
      vertex -13.1145 16.5 17.755
    endloop
  endfacet
  facet normal -0.023228 0.471304 0.881665
    outer loop
      vertex -12.75 17.1413 17.656
      vertex -12.8256 17.2674 17.5866
      vertex -12.8129 17.1382 17.656
    endloop
  endfacet
  facet normal -0.0690444 0.4668 0.881663
    outer loop
      vertex -12.8256 17.2674 17.5866
      vertex -12.8751 17.129 17.656
      vertex -12.8129 17.1382 17.656
    endloop
  endfacet
  facet normal -0.1585 0.444298 0.881747
    outer loop
      vertex -12.9739 17.2379 17.5866
      vertex -13.0451 17.2125 17.5866
      vertex -12.9954 17.0925 17.656
    endloop
  endfacet
  facet normal -0.0926751 0.371473 0.923807
    outer loop
      vertex -12.8751 17.129 17.656
      vertex -12.8967 16.9836 17.7123
      vertex -12.8486 16.9956 17.7123
    endloop
  endfacet
  facet normal -0.382426 0.0185419 0.9238
    outer loop
      vertex -13.2529 16.5495 17.7123
      vertex -13.3913 16.5 17.656
      vertex -13.2553 16.5 17.7123
    endloop
  endfacet
  facet normal -0.0886881 0.0416291 0.995189
    outer loop
      vertex -12.9441 16.6038 17.7838
      vertex -12.9533 16.5842 17.7838
      vertex -12.818 16.5282 17.7982
    endloop
  endfacet
  facet normal -0.213829 0.597823 0.772583
    outer loop
      vertex -13.0424 17.464 17.4114
      vertex -13.1355 17.4307 17.4114
      vertex -13.0094 17.3551 17.5048
    endloop
  endfacet
  facet normal -0.382519 0.0188523 0.923755
    outer loop
      vertex -13.3882 16.5629 17.656
      vertex -13.3913 16.5 17.656
      vertex -13.2529 16.5495 17.7123
    endloop
  endfacet
  facet normal 0.831213 -0 0.555954
    outer loop
      vertex 13.9548 -16.5 17.1935
      vertex 14.0366 16.5 17.0712
      vertex 13.9548 16.5 17.1935
    endloop
  endfacet
  facet normal 0.831213 0 0.555954
    outer loop
      vertex 14.0366 16.5 17.0712
      vertex 13.9548 -16.5 17.1935
      vertex 14.0366 -16.5 17.0712
    endloop
  endfacet
  facet normal 0.914228 -0.135367 0.381921
    outer loop
      vertex 14.1555 -16.6384 16.8053
      vertex 14.0995 -16.6329 16.9413
      vertex 14.1352 -16.7755 16.8053
    endloop
  endfacet
  facet normal 0.103782 -0.699877 0.706684
    outer loop
      vertex 12.9668 -17.5901 17.3073
      vertex 12.8487 -17.5025 17.4114
      vertex 12.8589 -17.6061 17.3073
    endloop
  endfacet
  facet normal 0.519306 -0.573223 0.633828
    outer loop
      vertex 13.5359 -17.2859 17.3073
      vertex 13.4551 -17.3591 17.3073
      vertex 13.5143 -17.4313 17.1935
    endloop
  endfacet
  facet normal 0.597325 -0.214313 0.772834
    outer loop
      vertex 13.6051 -16.7594 17.5048
      vertex 13.5755 -16.8419 17.5048
      vertex 13.6807 -16.8855 17.4114
    endloop
  endfacet
  facet normal 0.634113 -0.0311266 0.772613
    outer loop
      vertex 13.6435 -16.5 17.5048
      vertex 13.6392 -16.5876 17.5048
      vertex 13.7573 -16.5 17.4114
    endloop
  endfacet
  facet normal 0.47109 0.0236791 0.881767
    outer loop
      vertex 13.5174 16.5756 17.5866
      vertex 13.3913 16.5 17.656
      vertex 13.5212 16.5 17.5866
    endloop
  endfacet
  facet normal 0.597823 0.213829 0.772583
    outer loop
      vertex 13.6807 16.8855 17.4114
      vertex 13.6051 16.7594 17.5048
      vertex 13.714 16.7924 17.4114
    endloop
  endfacet
  facet normal 0.0422006 0.287289 0.956914
    outer loop
      vertex 12.7995 17.0029 17.7123
      vertex 12.7857 16.8627 17.755
      vertex 12.8211 16.8575 17.755
    endloop
  endfacet
  facet normal 0.936872 -0.335758 0.0976592
    outer loop
      vertex 14.1837 -16.9349 16.3736
      vertex 14.1208 -17.0678 16.5201
      vertex 14.1341 -17.0733 16.3736
    endloop
  endfacet
  facet normal 0.904139 -0.427238 0.000111903
    outer loop
      vertex 14.1341 -17.0733 16.3736
      vertex 14.0713 -17.2062 16.3736
      vertex 14.0729 -17.2071 0.00999928
    endloop
  endfacet
  facet normal 0.146746 -0.989174 0
    outer loop
      vertex 12.897 -17.9928 0
      vertex 13.0426 -17.9712 0.00999928
      vertex 12.897 -17.9928 0.00999928
    endloop
  endfacet
  facet normal 0.146746 -0.989174 0
    outer loop
      vertex 13.0426 -17.9712 0.00999928
      vertex 12.897 -17.9928 0
      vertex 13.0426 -17.9712 0
    endloop
  endfacet
  facet normal -0.335758 -0.936872 0.0976592
    outer loop
      vertex -13.3178 -17.8708 16.5201
      vertex -13.3233 -17.8841 16.3736
      vertex -13.1849 -17.9337 16.3736
    endloop
  endfacet
  facet normal -0.0487508 -0.993975 0.0981672
    outer loop
      vertex -12.8954 -17.9766 16.5201
      vertex -12.8968 -17.991 16.3736
      vertex -12.75 -17.9982 16.3736
    endloop
  endfacet
  facet normal -0.242856 -0.970062 0.0001082
    outer loop
      vertex -13.1849 -17.9337 16.3736
      vertex -13.1854 -17.9354 0.00999928
      vertex -13.0423 -17.9694 16.3736
    endloop
  endfacet
  facet normal -0.238363 -0.95139 0.195042
    outer loop
      vertex -13.0339 -17.9271 16.6645
      vertex -13.1724 -17.8924 16.6645
      vertex -13.0395 -17.9553 16.5201
    endloop
  endfacet
  facet normal -0.0453501 -0.923008 0.382098
    outer loop
      vertex -12.75 -17.856 16.9413
      vertex -12.8884 -17.9055 16.8053
      vertex -12.75 -17.9123 16.8053
    endloop
  endfacet
  facet normal 0 -0.956962 0.290215
    outer loop
      vertex -12.75 -17.955 16.6645
      vertex 12.75 -17.9123 16.8053
      vertex -12.75 -17.9123 16.8053
    endloop
  endfacet
  facet normal 0 -0.956962 0.290215
    outer loop
      vertex 12.75 -17.9123 16.8053
      vertex -12.75 -17.955 16.6645
      vertex 12.75 -17.955 16.6645
    endloop
  endfacet
  facet normal -0.311361 -0.870076 0.382128
    outer loop
      vertex -13.2689 -17.7528 16.9413
      vertex -13.2905 -17.8048 16.8053
      vertex -13.16 -17.8515 16.8053
    endloop
  endfacet
  facet normal -0.408819 -0.865288 0.290075
    outer loop
      vertex -13.2905 -17.8048 16.8053
      vertex -13.4158 -17.7456 16.8053
      vertex -13.3068 -17.8443 16.6645
    endloop
  endfacet
  facet normal -0.377272 -0.797642 0.470566
    outer loop
      vertex -13.2424 -17.6887 17.0712
      vertex -13.3892 -17.6959 16.9413
      vertex -13.2689 -17.7528 16.9413
    endloop
  endfacet
  facet normal -0.492568 -0.820716 0.289485
    outer loop
      vertex -13.4158 -17.7456 16.8053
      vertex -13.5346 -17.6743 16.8053
      vertex -13.4359 -17.7832 16.6645
    endloop
  endfacet
  facet normal -0.737411 -0.668386 0.0973896
    outer loop
      vertex -13.897 -17.4413 16.5201
      vertex -13.9081 -17.4504 16.3736
      vertex -13.7992 -17.5492 16.5201
    endloop
  endfacet
  facet normal -0.491875 -0.820908 0.29012
    outer loop
      vertex -13.5346 -17.6743 16.8053
      vertex -13.5584 -17.7098 16.6645
      vertex -13.4359 -17.7832 16.6645
    endloop
  endfacet
  facet normal -0.237857 -0.502987 0.83092
    outer loop
      vertex -13.0451 -17.2125 17.5866
      vertex -13.1712 -17.288 17.5048
      vertex -13.0919 -17.3255 17.5048
    endloop
  endfacet
  facet normal -0.202516 -0.806547 0.555399
    outer loop
      vertex -12.985 -17.6817 17.1935
      vertex -13.0997 -17.6529 17.1935
      vertex -13.001 -17.7619 17.0712
    endloop
  endfacet
  facet normal -0.260163 -0.728196 0.63407
    outer loop
      vertex -13.1753 -17.5268 17.3073
      vertex -13.2111 -17.6131 17.1935
      vertex -13.0997 -17.6529 17.1935
    endloop
  endfacet
  facet normal -0.279737 -0.782983 0.555595
    outer loop
      vertex -13.2111 -17.6131 17.1935
      vertex -13.2424 -17.6887 17.0712
      vertex -13.0997 -17.6529 17.1935
    endloop
  endfacet
  facet normal -0.684539 -0.620667 0.382333
    outer loop
      vertex -13.7982 -17.3602 16.9413
      vertex -13.8417 -17.396 16.8053
      vertex -13.7088 -17.4588 16.9413
    endloop
  endfacet
  facet normal -0.6201 -0.684777 0.382828
    outer loop
      vertex -13.7088 -17.4588 16.9413
      vertex -13.7487 -17.4987 16.8053
      vertex -13.646 -17.5917 16.8053
    endloop
  endfacet
  facet normal -0.550408 -0.742318 0.382119
    outer loop
      vertex -13.5033 -17.6275 16.9413
      vertex -13.646 -17.5917 16.8053
      vertex -13.5346 -17.6743 16.8053
    endloop
  endfacet
  facet normal -0.279837 -0.782885 0.555683
    outer loop
      vertex -13.0997 -17.6529 17.1935
      vertex -13.2424 -17.6887 17.0712
      vertex -13.1235 -17.7312 17.0712
    endloop
  endfacet
  facet normal -0.475046 -0.524411 0.706629
    outer loop
      vertex -13.4623 -17.2123 17.4114
      vertex -13.5359 -17.2859 17.3073
      vertex -13.389 -17.2787 17.4114
    endloop
  endfacet
  facet normal -0.460894 -0.621143 0.633844
    outer loop
      vertex -13.4551 -17.3591 17.3073
      vertex -13.5143 -17.4313 17.1935
      vertex -13.3675 -17.4241 17.3073
    endloop
  endfacet
  facet normal -0.0343679 -0.706689 0.706689
    outer loop
      vertex -12.75 -17.5073 17.4114
      vertex -12.8487 -17.5025 17.4114
      vertex -12.75 -17.6114 17.3073
    endloop
  endfacet
  facet normal 0.573163 -0.519511 0.633713
    outer loop
      vertex 13.6813 -17.2643 17.1935
      vertex 13.5359 -17.2859 17.3073
      vertex 13.6019 -17.3519 17.1935
    endloop
  endfacet
  facet normal 0.188348 -0.750121 0.633911
    outer loop
      vertex 13.0997 -17.6529 17.1935
      vertex 12.9668 -17.5901 17.3073
      vertex 12.985 -17.6817 17.1935
    endloop
  endfacet
  facet normal 0.513896 -0.857853 0.000112143
    outer loop
      vertex 13.5824 -17.7457 16.3736
      vertex 13.4562 -17.8213 16.3736
      vertex 13.4571 -17.8229 0.00999928
    endloop
  endfacet
  facet normal 0.0485089 -0.97961 0.194963
    outer loop
      vertex 12.8926 -17.948 16.6645
      vertex 12.75 -17.9838 16.5201
      vertex 12.8954 -17.9766 16.5201
    endloop
  endfacet
  facet normal -0.0480845 -0.979551 0.195367
    outer loop
      vertex -12.75 -17.955 16.6645
      vertex -12.8926 -17.948 16.6645
      vertex -12.75 -17.9838 16.5201
    endloop
  endfacet
  facet normal 0.969982 -0.243175 0.000111157
    outer loop
      vertex 14.2194 -16.7923 16.3736
      vertex 14.1854 -16.9354 0.00999928
      vertex 14.2212 -16.7926 0.00999928
    endloop
  endfacet
  facet normal -0.408819 0.865288 0.290075
    outer loop
      vertex -13.3068 17.8443 16.6645
      vertex -13.4158 17.7456 16.8053
      vertex -13.2905 17.8048 16.8053
    endloop
  endfacet
  facet normal -0.425196 0.899818 0.0976529
    outer loop
      vertex -13.3233 17.8841 16.3736
      vertex -13.4562 17.8213 16.3736
      vertex -13.3178 17.8708 16.5201
    endloop
  endfacet
  facet normal -0.514096 0.857733 0.000110043
    outer loop
      vertex -13.4571 17.8229 0.00999928
      vertex -13.5834 17.7472 0.00999928
      vertex -13.5824 17.7457 16.3736
    endloop
  endfacet
  facet normal -0.513896 0.857853 0.000112143
    outer loop
      vertex -13.4571 17.8229 0.00999928
      vertex -13.5824 17.7457 16.3736
      vertex -13.4562 17.8213 16.3736
    endloop
  endfacet
  facet normal -0.74123 0.671251 0
    outer loop
      vertex -13.9095 17.4516 0
      vertex -13.8107 17.5607 0.00999928
      vertex -13.8107 17.5607 0
    endloop
  endfacet
  facet normal -0.74123 0.671251 0
    outer loop
      vertex -13.8107 17.5607 0.00999928
      vertex -13.9095 17.4516 0
      vertex -13.9095 17.4516 0.00999928
    endloop
  endfacet
  facet normal -0.671251 0.74123 0
    outer loop
      vertex -13.7016 17.6595 0
      vertex -13.8107 17.5607 0.00999928
      vertex -13.7016 17.6595 0.00999928
    endloop
  endfacet
  facet normal -0.671251 0.74123 0
    outer loop
      vertex -13.8107 17.5607 0.00999928
      vertex -13.7016 17.6595 0
      vertex -13.8107 17.5607 0
    endloop
  endfacet
  facet normal -0.74123 0.671251 0.000112214
    outer loop
      vertex -13.8107 17.5607 0.00999928
      vertex -13.9095 17.4516 0.00999928
      vertex -13.8094 17.5594 16.3736
    endloop
  endfacet
  facet normal -0.803088 0.595861 0
    outer loop
      vertex -13.9972 17.3334 0
      vertex -13.9095 17.4516 0.00999928
      vertex -13.9095 17.4516 0
    endloop
  endfacet
  facet normal -0.803088 0.595861 0
    outer loop
      vertex -13.9095 17.4516 0.00999928
      vertex -13.9972 17.3334 0
      vertex -13.9972 17.3334 0.00999928
    endloop
  endfacet
  facet normal -0.0308322 0.633987 0.772729
    outer loop
      vertex -12.75 17.5073 17.4114
      vertex -12.8487 17.5025 17.4114
      vertex -12.8376 17.3892 17.5048
    endloop
  endfacet
  facet normal -0.0311266 0.634113 0.772613
    outer loop
      vertex -12.75 17.5073 17.4114
      vertex -12.8376 17.3892 17.5048
      vertex -12.75 17.3935 17.5048
    endloop
  endfacet
  facet normal -0.171771 0.686368 0.706678
    outer loop
      vertex -12.9668 17.5901 17.3073
      vertex -13.0424 17.464 17.4114
      vertex -12.9465 17.488 17.4114
    endloop
  endfacet
  facet normal -0.154139 0.615914 0.772587
    outer loop
      vertex -12.9465 17.488 17.4114
      vertex -13.0424 17.464 17.4114
      vertex -13.0094 17.3551 17.5048
    endloop
  endfacet
  facet normal -0.214521 0.855989 0.470387
    outer loop
      vertex -13.0145 17.8299 16.9413
      vertex -13.1235 17.7312 17.0712
      vertex -13.001 17.7619 17.0712
    endloop
  endfacet
  facet normal -0.279837 0.782885 0.555683
    outer loop
      vertex -13.1235 17.7312 17.0712
      vertex -13.2424 17.6887 17.0712
      vertex -13.0997 17.6529 17.1935
    endloop
  endfacet
  facet normal -0.969982 0.243175 0
    outer loop
      vertex -14.2212 16.7926 0
      vertex -14.1854 16.9354 0.00999928
      vertex -14.1854 16.9354 0
    endloop
  endfacet
  facet normal -0.969982 0.243175 0
    outer loop
      vertex -14.1854 16.9354 0.00999928
      vertex -14.2212 16.7926 0
      vertex -14.2212 16.7926 0.00999928
    endloop
  endfacet
  facet normal -0.979551 0.0480845 0.195367
    outer loop
      vertex -14.198 16.6426 16.6645
      vertex -14.2338 16.5 16.5201
      vertex -14.205 16.5 16.6645
    endloop
  endfacet
  facet normal -0.984474 0.145519 0.098158
    outer loop
      vertex -14.2053 16.7895 16.5201
      vertex -14.241 16.6468 16.3736
      vertex -14.2266 16.6454 16.5201
    endloop
  endfacet
  facet normal -0.881103 0.0430938 0.470957
    outer loop
      vertex -14.0995 16.6329 16.9413
      vertex -14.106 16.5 16.9413
      vertex -14.0304 16.6261 17.0712
    endloop
  endfacet
  facet normal -0.936872 0.335758 0.0976592
    outer loop
      vertex -14.1341 17.0733 16.3736
      vertex -14.1837 16.9349 16.3736
      vertex -14.1208 17.0678 16.5201
    endloop
  endfacet
  facet normal -0.899818 0.425196 0.0976529
    outer loop
      vertex -14.0713 17.2062 16.3736
      vertex -14.1341 17.0733 16.3736
      vertex -14.1208 17.0678 16.5201
    endloop
  endfacet
  facet normal -0.923008 0.0453501 0.382098
    outer loop
      vertex -14.1555 16.6384 16.8053
      vertex -14.1623 16.5 16.8053
      vertex -14.106 16.5 16.9413
    endloop
  endfacet
  facet normal -0.872819 0.129994 0.470413
    outer loop
      vertex -14.0799 16.7645 16.9413
      vertex -14.0995 16.6329 16.9413
      vertex -14.0119 16.751 17.0712
    endloop
  endfacet
  facet normal -0.822619 0.121845 0.555385
    outer loop
      vertex -14.0119 16.751 17.0712
      vertex -14.0304 16.6261 17.0712
      vertex -13.9317 16.735 17.1935
    endloop
  endfacet
  facet normal -0.426561 0.470014 0.772744
    outer loop
      vertex -13.3169 17.1907 17.5048
      vertex -13.4623 17.2123 17.4114
      vertex -13.3818 17.1318 17.5048
    endloop
  endfacet
  facet normal -0.355997 0.751393 0.555585
    outer loop
      vertex -13.2424 17.6887 17.0712
      vertex -13.3179 17.5625 17.1935
      vertex -13.2111 17.6131 17.1935
    endloop
  endfacet
  facet normal -0.61591 0.558257 0.555881
    outer loop
      vertex -13.6598 17.4098 17.0712
      vertex -13.6813 17.2643 17.1935
      vertex -13.6019 17.3519 17.1935
    endloop
  endfacet
  facet normal -0.923437 0.330713 0.19466
    outer loop
      vertex -14.1208 17.0678 16.5201
      vertex -14.1699 16.9307 16.5201
      vertex -14.0943 17.0568 16.6645
    endloop
  endfacet
  facet normal -0.901022 0.322464 0.29013
    outer loop
      vertex -14.0943 17.0568 16.6645
      vertex -14.1424 16.9224 16.6645
      vertex -14.1015 16.91 16.8053
    endloop
  endfacet
  facet normal -0.855933 0.214149 0.470657
    outer loop
      vertex -14.0476 16.8936 16.9413
      vertex -14.0799 16.7645 16.9413
      vertex -13.9812 16.8735 17.0712
    endloop
  endfacet
  facet normal -0.830543 0.0407888 0.555458
    outer loop
      vertex -13.949 16.6181 17.1935
      vertex -14.0304 16.6261 17.0712
      vertex -13.9548 16.5 17.1935
    endloop
  endfacet
  facet normal -0.550159 0.081223 0.831101
    outer loop
      vertex -13.6264 16.6743 17.5048
      vertex -13.6392 16.5876 17.5048
      vertex -13.5174 16.5756 17.5866
    endloop
  endfacet
  facet normal -0.628127 0.0927338 0.772565
    outer loop
      vertex -13.6264 16.6743 17.5048
      vertex -13.738 16.6965 17.4114
      vertex -13.6392 16.5876 17.5048
    endloop
  endfacet
  facet normal -0.113459 0.765139 0.63379
    outer loop
      vertex -12.8681 17.699 17.1935
      vertex -12.9668 17.5901 17.3073
      vertex -12.8589 17.6061 17.3073
    endloop
  endfacet
  facet normal -0.0379427 0.772592 0.633768
    outer loop
      vertex -12.75 17.7048 17.1935
      vertex -12.8681 17.699 17.1935
      vertex -12.8589 17.6061 17.3073
    endloop
  endfacet
  facet normal -0.193782 -0.0284651 0.980632
    outer loop
      vertex -12.9659 -16.5429 17.7838
      vertex -13.1127 -16.5357 17.755
      vertex -13.1075 -16.5711 17.755
    endloop
  endfacet
  facet normal 0.0503895 -0.0839825 0.995192
    outer loop
      vertex 12.8723 -16.683 17.7838
      vertex 12.7909 -16.5612 17.7982
      vertex 12.8538 -16.6941 17.7838
    endloop
  endfacet
  facet normal -0.249045 -0.149264 0.956921
    outer loop
      vertex -13.0714 -16.6718 17.755
      vertex -13.1702 -16.7807 17.7123
      vertex -13.053 -16.7025 17.755
    endloop
  endfacet
  facet normal 0.0325897 -0.0923376 0.995194
    outer loop
      vertex 12.7782 -16.568 17.7982
      vertex 12.7714 -16.5704 17.7982
      vertex 12.8139 -16.7106 17.7838
    endloop
  endfacet
  facet normal -0.201677 -0.426596 0.88167
    outer loop
      vertex -13.0523 -17.0656 17.656
      vertex -13.1135 -17.1801 17.5866
      vertex -12.9954 -17.0925 17.656
    endloop
  endfacet
  facet normal -0.128975 -0.360666 0.923735
    outer loop
      vertex -12.9434 -16.9669 17.7123
      vertex -12.9954 -17.0925 17.656
      vertex -12.8967 -16.9836 17.7123
    endloop
  endfacet
  facet normal 0 -0.195594 0.980685
    outer loop
      vertex -12.75 -16.7201 17.7838
      vertex 12.75 -16.8645 17.755
      vertex 12.75 -16.7201 17.7838
    endloop
  endfacet
  facet normal 0 -0.195594 0.980685
    outer loop
      vertex 12.75 -16.8645 17.755
      vertex -12.75 -16.7201 17.7838
      vertex -12.75 -16.8645 17.755
    endloop
  endfacet
  facet normal -0.0926751 -0.371473 0.923807
    outer loop
      vertex -12.8486 -16.9956 17.7123
      vertex -12.8967 -16.9836 17.7123
      vertex -12.8751 -17.129 17.656
    endloop
  endfacet
  facet normal -0.0279339 -0.555737 0.830888
    outer loop
      vertex -12.75 -17.2712 17.5866
      vertex -12.8256 -17.2674 17.5866
      vertex -12.75 -17.3935 17.5048
    endloop
  endfacet
  facet normal -0.0236791 -0.47109 0.881767
    outer loop
      vertex -12.75 -17.1413 17.656
      vertex -12.8256 -17.2674 17.5866
      vertex -12.75 -17.2712 17.5866
    endloop
  endfacet
  facet normal -0.214521 -0.855989 0.470387
    outer loop
      vertex -13.001 -17.7619 17.0712
      vertex -13.1235 -17.7312 17.0712
      vertex -13.0145 -17.8299 16.9413
    endloop
  endfacet
  facet normal -0.114644 -0.457828 0.881618
    outer loop
      vertex -12.9362 -17.1137 17.656
      vertex -12.9739 -17.2379 17.5866
      vertex -12.8751 -17.129 17.656
    endloop
  endfacet
  facet normal -0.0343941 -0.706701 0.706676
    outer loop
      vertex -12.8487 -17.5025 17.4114
      vertex -12.8589 -17.6061 17.3073
      vertex -12.75 -17.6114 17.3073
    endloop
  endfacet
  facet normal -0.1585 -0.444298 0.881747
    outer loop
      vertex -12.9954 -17.0925 17.656
      vertex -13.0451 -17.2125 17.5866
      vertex -12.9739 -17.2379 17.5866
    endloop
  endfacet
  facet normal -0.121734 -0.822586 0.555457
    outer loop
      vertex -12.8681 -17.699 17.1935
      vertex -12.985 -17.6817 17.1935
      vertex -12.8761 -17.7804 17.0712
    endloop
  endfacet
  facet normal -0.113459 -0.765139 0.63379
    outer loop
      vertex -12.8589 -17.6061 17.3073
      vertex -12.9668 -17.5901 17.3073
      vertex -12.8681 -17.699 17.1935
    endloop
  endfacet
  facet normal 0.0489209 -0.998803 0
    outer loop
      vertex 12.75 -18 0
      vertex 12.897 -17.9928 0.00999928
      vertex 12.75 -18 0.00999928
    endloop
  endfacet
  facet normal 0.0489209 -0.998803 0
    outer loop
      vertex 12.897 -17.9928 0.00999928
      vertex 12.75 -18 0
      vertex 12.897 -17.9928 0
    endloop
  endfacet
  facet normal 0.224247 -0.896293 0.382586
    outer loop
      vertex 13.1436 -17.7976 16.9413
      vertex 13.0145 -17.8299 16.9413
      vertex 13.0255 -17.8852 16.8053
    endloop
  endfacet
  facet normal 0.6988 -0.331079 0.634086
    outer loop
      vertex 13.8631 -16.9611 17.1935
      vertex 13.7768 -16.9253 17.3073
      vertex 13.8125 -17.0679 17.1935
    endloop
  endfacet
  facet normal 0.397709 -0.663557 0.633655
    outer loop
      vertex 13.3675 -17.4241 17.3073
      vertex 13.2739 -17.4802 17.3073
      vertex 13.3179 -17.5625 17.1935
    endloop
  endfacet
  facet normal 0.904125 -0.427269 0
    outer loop
      vertex 14.0729 -17.2071 0.00999928
      vertex 14.1358 -17.074 0
      vertex 14.1358 -17.074 0.00999928
    endloop
  endfacet
  facet normal 0.904125 -0.427269 0
    outer loop
      vertex 14.1358 -17.074 0
      vertex 14.0729 -17.2071 0.00999928
      vertex 14.0729 -17.2071 0
    endloop
  endfacet
  facet normal 0.642741 -0.709092 0.289953
    outer loop
      vertex 13.7487 -17.4987 16.8053
      vertex 13.6731 -17.6248 16.6645
      vertex 13.7789 -17.5289 16.6645
    endloop
  endfacet
  facet normal 0.65873 -0.726732 0.194771
    outer loop
      vertex 13.7789 -17.5289 16.6645
      vertex 13.6731 -17.6248 16.6645
      vertex 13.7992 -17.5492 16.5201
    endloop
  endfacet
  facet normal 0.726732 -0.65873 0.194771
    outer loop
      vertex 13.8748 -17.4231 16.6645
      vertex 13.7789 -17.5289 16.6645
      vertex 13.7992 -17.5492 16.5201
    endloop
  endfacet
  facet normal -0.913838 -0.136104 0.382591
    outer loop
      vertex -14.0995 -16.6329 16.9413
      vertex -14.1352 -16.7755 16.8053
      vertex -14.0799 -16.7645 16.9413
    endloop
  endfacet
  facet normal -0.782885 -0.279837 0.555683
    outer loop
      vertex -13.9029 -16.8497 17.1935
      vertex -13.9812 -16.8735 17.0712
      vertex -13.9387 -16.9924 17.0712
    endloop
  endfacet
  facet normal -0.524381 -0.475058 0.706643
    outer loop
      vertex -13.5287 -17.139 17.4114
      vertex -13.6091 -17.2051 17.3073
      vertex -13.5359 -17.2859 17.3073
    endloop
  endfacet
  facet normal -0.524411 -0.475046 0.706629
    outer loop
      vertex -13.5287 -17.139 17.4114
      vertex -13.5359 -17.2859 17.3073
      vertex -13.4623 -17.2123 17.4114
    endloop
  endfacet
  facet normal -0.806471 -0.202112 0.555658
    outer loop
      vertex -13.9029 -16.8497 17.1935
      vertex -14.0119 -16.751 17.0712
      vertex -13.9812 -16.8735 17.0712
    endloop
  endfacet
  facet normal -0.639943 -0.302448 0.706398
    outer loop
      vertex -13.6807 -16.8855 17.4114
      vertex -13.7768 -16.9253 17.3073
      vertex -13.7302 -17.0239 17.3073
    endloop
  endfacet
  facet normal -0.772988 0 0.634421
    outer loop
      vertex -13.9548 -16.5 17.1935
      vertex -13.8614 16.5 17.3073
      vertex -13.9548 16.5 17.1935
    endloop
  endfacet
  facet normal -0.772988 0 0.634421
    outer loop
      vertex -13.8614 16.5 17.3073
      vertex -13.9548 -16.5 17.1935
      vertex -13.8614 -16.5 17.3073
    endloop
  endfacet
  facet normal -0.97027 -0.14342 0.194954
    outer loop
      vertex -14.198 -16.6426 16.6645
      vertex -14.2266 -16.6454 16.5201
      vertex -14.2053 -16.7895 16.5201
    endloop
  endfacet
  facet normal -0.97961 -0.0485089 0.194963
    outer loop
      vertex -14.198 -16.6426 16.6645
      vertex -14.2338 -16.5 16.5201
      vertex -14.2266 -16.6454 16.5201
    endloop
  endfacet
  facet normal -0.904139 -0.427238 0.000111903
    outer loop
      vertex -14.0713 -17.2062 16.3736
      vertex -14.1341 -17.0733 16.3736
      vertex -14.0729 -17.2071 0.00999928
    endloop
  endfacet
  facet normal -0.726732 -0.65873 0.194771
    outer loop
      vertex -13.7789 -17.5289 16.6645
      vertex -13.8748 -17.4231 16.6645
      vertex -13.7992 -17.5492 16.5201
    endloop
  endfacet
  facet normal -0.956962 0 0.290215
    outer loop
      vertex -14.205 -16.5 16.6645
      vertex -14.1623 16.5 16.8053
      vertex -14.205 16.5 16.6645
    endloop
  endfacet
  facet normal -0.956962 0 0.290215
    outer loop
      vertex -14.1623 16.5 16.8053
      vertex -14.205 -16.5 16.6645
      vertex -14.1623 -16.5 16.8053
    endloop
  endfacet
  facet normal -0.149264 -0.249045 0.956921
    outer loop
      vertex -12.9525 -16.803 17.755
      vertex -13.0307 -16.9202 17.7123
      vertex -12.9218 -16.8214 17.755
    endloop
  endfacet
  facet normal 0.116755 -0.157318 0.980622
    outer loop
      vertex 12.9812 -16.7817 17.755
      vertex 12.8723 -16.683 17.7838
      vertex 12.9525 -16.803 17.755
    endloop
  endfacet
  facet normal -0.131515 0.145121 0.980634
    outer loop
      vertex -12.8896 16.6701 17.7838
      vertex -12.9812 16.7817 17.755
      vertex -12.9056 16.6556 17.7838
    endloop
  endfacet
  facet normal 0.096898 0.0141025 0.995194
    outer loop
      vertex 12.9659 16.5429 17.7838
      vertex 12.8232 16.5072 17.7982
      vertex 12.969 16.5216 17.7838
    endloop
  endfacet
  facet normal -0.328412 0.197047 0.923752
    outer loop
      vertex -13.1702 16.7807 17.7123
      vertex -13.2832 16.8563 17.656
      vertex -13.1957 16.7382 17.7123
    endloop
  endfacet
  facet normal -0.0970531 0.0134796 0.995188
    outer loop
      vertex -12.8222 16.5144 17.7982
      vertex -12.9659 16.5429 17.7838
      vertex -12.8232 16.5072 17.7982
    endloop
  endfacet
  facet normal 0.184269 -0.0662642 0.98064
    outer loop
      vertex 12.9606 -16.5639 17.7838
      vertex 12.9533 -16.5842 17.7838
      vertex 13.0988 -16.6058 17.755
    endloop
  endfacet
  facet normal 0.0970531 -0.0134796 0.995188
    outer loop
      vertex 12.8232 -16.5072 17.7982
      vertex 12.8222 -16.5144 17.7982
      vertex 12.9659 -16.5429 17.7838
    endloop
  endfacet
  facet normal -0.0785259 0.058554 0.995191
    outer loop
      vertex -12.9201 16.6396 17.7838
      vertex -12.933 16.6223 17.7838
      vertex -12.8112 16.5409 17.7982
    endloop
  endfacet
  facet normal -0.0141025 -0.096898 0.995194
    outer loop
      vertex -12.7572 -16.5732 17.7982
      vertex -12.7929 -16.7159 17.7838
      vertex -12.7716 -16.719 17.7838
    endloop
  endfacet
  facet normal 0.114644 0.457828 0.881618
    outer loop
      vertex 12.9739 17.2379 17.5866
      vertex 12.8751 17.129 17.656
      vertex 12.9362 17.1137 17.656
    endloop
  endfacet
  facet normal -0.371506 -0.0930285 0.923758
    outer loop
      vertex -13.2336 -16.6467 17.7123
      vertex -13.379 -16.6251 17.656
      vertex -13.3637 -16.6862 17.656
    endloop
  endfacet
  facet normal -0.195584 -0.00986139 0.980637
    outer loop
      vertex -12.9701 -16.5 17.7838
      vertex -13.1145 -16.5 17.755
      vertex -13.1127 -16.5357 17.755
    endloop
  endfacet
  facet normal -0.633987 -0.0308322 0.772729
    outer loop
      vertex -13.6392 -16.5876 17.5048
      vertex -13.7573 -16.5 17.4114
      vertex -13.7525 -16.5987 17.4114
    endloop
  endfacet
  facet normal -0.699877 -0.103782 0.706684
    outer loop
      vertex -13.7525 -16.5987 17.4114
      vertex -13.8561 -16.6089 17.3073
      vertex -13.8401 -16.7168 17.3073
    endloop
  endfacet
  facet normal -0.539273 -0.135002 0.831239
    outer loop
      vertex -13.5063 -16.6504 17.5866
      vertex -13.6051 -16.7594 17.5048
      vertex -13.4879 -16.7239 17.5866
    endloop
  endfacet
  facet normal -0.555468 -0.0272661 0.831091
    outer loop
      vertex -13.5174 -16.5756 17.5866
      vertex -13.6435 -16.5 17.5048
      vertex -13.6392 -16.5876 17.5048
    endloop
  endfacet
  facet normal -0.349787 0.316741 0.88166
    outer loop
      vertex -13.2953 17.0453 17.5866
      vertex -13.3461 16.9892 17.5866
      vertex -13.2035 16.9535 17.656
    endloop
  endfacet
  facet normal -0.772592 0.0379427 0.633768
    outer loop
      vertex -13.949 16.6181 17.1935
      vertex -13.9548 16.5 17.1935
      vertex -13.8561 16.6089 17.3073
    endloop
  endfacet
  facet normal -0.502681 -0.238112 0.831032
    outer loop
      vertex -13.4625 -16.7951 17.5866
      vertex -13.538 -16.9212 17.5048
      vertex -13.4301 -16.8635 17.5866
    endloop
  endfacet
  facet normal -0.193771 -0.0282014 0.980641
    outer loop
      vertex -12.969 -16.5216 17.7838
      vertex -13.1127 -16.5357 17.755
      vertex -12.9659 -16.5429 17.7838
    endloop
  endfacet
  facet normal -0.378698 -0.0563033 0.923806
    outer loop
      vertex -13.2529 -16.5495 17.7123
      vertex -13.379 -16.6251 17.656
      vertex -13.2456 -16.5986 17.7123
    endloop
  endfacet
  facet normal -0.4668 -0.0690444 0.881663
    outer loop
      vertex -13.3882 -16.5629 17.656
      vertex -13.5174 -16.5756 17.5866
      vertex -13.379 -16.6251 17.656
    endloop
  endfacet
  facet normal -0.477139 -0.285522 0.831153
    outer loop
      vertex -13.3912 -16.9284 17.5866
      vertex -13.538 -16.9212 17.5048
      vertex -13.493 -16.9964 17.5048
    endloop
  endfacet
  facet normal -0.42631 -0.201936 0.881749
    outer loop
      vertex -13.3425 -16.7454 17.656
      vertex -13.4625 -16.7951 17.5866
      vertex -13.4301 -16.8635 17.5866
    endloop
  endfacet
  facet normal -0.446596 -0.331274 0.831149
    outer loop
      vertex -13.3912 -16.9284 17.5866
      vertex -13.4407 -17.0669 17.5048
      vertex -13.3461 -16.9892 17.5866
    endloop
  endfacet
  facet normal -0.349787 -0.316741 0.88166
    outer loop
      vertex -13.2035 -16.9535 17.656
      vertex -13.3461 -16.9892 17.5866
      vertex -13.2953 -17.0453 17.5866
    endloop
  endfacet
  facet normal -0.378323 -0.509977 0.772525
    outer loop
      vertex -13.2464 -17.243 17.5048
      vertex -13.3169 -17.1907 17.5048
      vertex -13.3096 -17.3376 17.4114
    endloop
  endfacet
  facet normal -0.281081 -0.37893 0.881706
    outer loop
      vertex -13.1063 -17.0332 17.656
      vertex -13.2392 -17.0961 17.5866
      vertex -13.1784 -17.1412 17.5866
    endloop
  endfacet
  facet normal -0.194963 -0.215272 0.956895
    outer loop
      vertex -13.0077 -16.7577 17.755
      vertex -13.1073 -16.8573 17.7123
      vertex -12.9812 -16.7817 17.755
    endloop
  endfacet
  facet normal -0.349579 -0.317322 0.881533
    outer loop
      vertex -13.2458 -16.9069 17.656
      vertex -13.3461 -16.9892 17.5866
      vertex -13.2035 -16.9535 17.656
    endloop
  endfacet
  facet normal -0.336939 -0.941527 0
    outer loop
      vertex -13.324 -17.8858 0
      vertex -13.1854 -17.9354 0.00999928
      vertex -13.324 -17.8858 0.00999928
    endloop
  endfacet
  facet normal -0.336939 -0.941527 -0
    outer loop
      vertex -13.1854 -17.9354 0.00999928
      vertex -13.324 -17.8858 0
      vertex -13.1854 -17.9354 0
    endloop
  endfacet
  facet normal -0.427238 -0.904139 0.000111903
    outer loop
      vertex -13.4562 -17.8213 16.3736
      vertex -13.4571 -17.8229 0.00999928
      vertex -13.3233 -17.8841 16.3736
    endloop
  endfacet
  facet normal -0 0.195594 0.980685
    outer loop
      vertex -12.75 16.8645 17.755
      vertex 12.75 16.7201 17.7838
      vertex 12.75 16.8645 17.755
    endloop
  endfacet
  facet normal 0 0.195594 0.980685
    outer loop
      vertex 12.75 16.7201 17.7838
      vertex -12.75 16.8645 17.755
      vertex -12.75 16.7201 17.7838
    endloop
  endfacet
  facet normal 0.0427226 0.287354 0.956871
    outer loop
      vertex 12.8486 16.9956 17.7123
      vertex 12.7995 17.0029 17.7123
      vertex 12.8211 16.8575 17.755
    endloop
  endfacet
  facet normal 0.0272661 0.555468 0.831091
    outer loop
      vertex 12.8376 17.3892 17.5048
      vertex 12.75 17.3935 17.5048
      vertex 12.8256 17.2674 17.5866
    endloop
  endfacet
  facet normal 0.0236791 0.47109 0.881767
    outer loop
      vertex 12.75 17.2712 17.5866
      vertex 12.75 17.1413 17.656
      vertex 12.8256 17.2674 17.5866
    endloop
  endfacet
  facet normal 0.33737 0.941372 0.000108107
    outer loop
      vertex 13.1854 17.9354 0.00999928
      vertex 13.1849 17.9337 16.3736
      vertex 13.3233 17.8841 16.3736
    endloop
  endfacet
  facet normal 0.243175 0.969982 0.000111157
    outer loop
      vertex 13.0426 17.9712 0.00999928
      vertex 13.0423 17.9694 16.3736
      vertex 13.1854 17.9354 0.00999928
    endloop
  endfacet
  facet normal 0.573705 0.271451 0.772772
    outer loop
      vertex 13.6384 16.9749 17.4114
      vertex 13.538 16.9212 17.5048
      vertex 13.6807 16.8855 17.4114
    endloop
  endfacet
  facet normal 0.706689 0.0343679 0.706689
    outer loop
      vertex 13.8614 16.5 17.3073
      vertex 13.7525 16.5987 17.4114
      vertex 13.7573 16.5 17.4114
    endloop
  endfacet
  facet normal 0.993998 0.0492213 0.0977035
    outer loop
      vertex 14.2482 16.5 16.3736
      vertex 14.2266 16.6454 16.5201
      vertex 14.2338 16.5 16.5201
    endloop
  endfacet
  facet normal 0.772592 -0.0379427 0.633768
    outer loop
      vertex 13.9548 -16.5 17.1935
      vertex 13.8561 -16.6089 17.3073
      vertex 13.949 -16.6181 17.1935
    endloop
  endfacet
  facet normal 0.998799 0.0489874 0.000110467
    outer loop
      vertex 14.2428 16.647 0.00999928
      vertex 14.241 16.6468 16.3736
      vertex 14.2482 16.5 16.3736
    endloop
  endfacet
  facet normal 0.989174 0.146746 0.0001115
    outer loop
      vertex 14.2212 16.7926 0.00999928
      vertex 14.2194 16.7923 16.3736
      vertex 14.2428 16.647 0.00999928
    endloop
  endfacet
  facet normal 0.857853 0.513896 0.000112143
    outer loop
      vertex 14.0729 17.2071 0.00999928
      vertex 13.9957 17.3324 16.3736
      vertex 14.0713 17.2062 16.3736
    endloop
  endfacet
  facet normal 0.803088 0.595861 0
    outer loop
      vertex 13.9972 17.3334 0.00999928
      vertex 13.9095 17.4516 0
      vertex 13.9095 17.4516 0.00999928
    endloop
  endfacet
  facet normal 0.803088 0.595861 0
    outer loop
      vertex 13.9095 17.4516 0
      vertex 13.9972 17.3334 0.00999928
      vertex 13.9972 17.3334 0
    endloop
  endfacet
  facet normal 0.317322 0.349579 0.881533
    outer loop
      vertex 13.2392 17.0961 17.5866
      vertex 13.1569 16.9958 17.656
      vertex 13.2035 16.9535 17.656
    endloop
  endfacet
  facet normal 0.713751 0.426844 0.555305
    outer loop
      vertex 13.8198 17.2148 17.0712
      vertex 13.7518 17.1694 17.1935
      vertex 13.8125 17.0679 17.1935
    endloop
  endfacet
  facet normal 0.914228 0.135367 0.381921
    outer loop
      vertex 14.1352 16.7755 16.8053
      vertex 14.0995 16.6329 16.9413
      vertex 14.1555 16.6384 16.8053
    endloop
  endfacet
  facet normal 0.936926 0.335544 0.0978762
    outer loop
      vertex 14.1837 16.9349 16.3736
      vertex 14.1208 17.0678 16.5201
      vertex 14.1699 16.9307 16.5201
    endloop
  endfacet
  facet normal 0.283444 0.257184 0.923859
    outer loop
      vertex 13.2458 16.9069 17.656
      vertex 13.1073 16.8573 17.7123
      vertex 13.1406 16.8206 17.7123
    endloop
  endfacet
  facet normal 0.25726 0.283412 0.923848
    outer loop
      vertex 13.1569 16.9958 17.656
      vertex 13.1073 16.8573 17.7123
      vertex 13.2035 16.9535 17.656
    endloop
  endfacet
  facet normal -0.591923 0.65412 0.470907
    outer loop
      vertex -13.6102 17.5482 16.9413
      vertex -13.6598 17.4098 17.0712
      vertex -13.5662 17.4945 17.0712
    endloop
  endfacet
  facet normal -0.377421 0.797477 0.470726
    outer loop
      vertex -13.2424 17.6887 17.0712
      vertex -13.3892 17.6959 16.9413
      vertex -13.3565 17.6347 17.0712
    endloop
  endfacet
  facet normal -0.573163 0.519511 0.633713
    outer loop
      vertex -13.6019 17.3519 17.1935
      vertex -13.6813 17.2643 17.1935
      vertex -13.5359 17.2859 17.3073
    endloop
  endfacet
  facet normal -0.427312 0.713065 0.555826
    outer loop
      vertex -13.3565 17.6347 17.0712
      vertex -13.4648 17.5698 17.0712
      vertex -13.3179 17.5625 17.1935
    endloop
  endfacet
  facet normal -0.243175 0.969982 0
    outer loop
      vertex -13.0426 17.9712 0
      vertex -13.1854 17.9354 0.00999928
      vertex -13.0426 17.9712 0.00999928
    endloop
  endfacet
  facet normal -0.243175 0.969982 0
    outer loop
      vertex -13.1854 17.9354 0.00999928
      vertex -13.0426 17.9712 0
      vertex -13.1854 17.9354 0
    endloop
  endfacet
  facet normal -0.726732 0.65873 0.194771
    outer loop
      vertex -13.7992 17.5492 16.5201
      vertex -13.8748 17.4231 16.6645
      vertex -13.7789 17.5289 16.6645
    endloop
  endfacet
  facet normal -0.709092 0.642741 0.289953
    outer loop
      vertex -13.7789 17.5289 16.6645
      vertex -13.8748 17.4231 16.6645
      vertex -13.7487 17.4987 16.8053
    endloop
  endfacet
  facet normal -0.658719 0.726746 0.194754
    outer loop
      vertex -13.6913 17.647 16.5201
      vertex -13.7992 17.5492 16.5201
      vertex -13.6731 17.6248 16.6645
    endloop
  endfacet
  facet normal -0.492568 0.820716 0.289485
    outer loop
      vertex -13.4359 17.7832 16.6645
      vertex -13.5346 17.6743 16.8053
      vertex -13.4158 17.7456 16.8053
    endloop
  endfacet
  facet normal -0.202516 0.806547 0.555399
    outer loop
      vertex -13.001 17.7619 17.0712
      vertex -13.0997 17.6529 17.1935
      vertex -12.985 17.6817 17.1935
    endloop
  endfacet
  facet normal -0.121845 0.822619 0.555385
    outer loop
      vertex -12.8761 17.7804 17.0712
      vertex -13.001 17.7619 17.0712
      vertex -12.985 17.6817 17.1935
    endloop
  endfacet
  facet normal -0.214149 0.855933 0.470657
    outer loop
      vertex -13.0145 17.8299 16.9413
      vertex -13.1436 17.7976 16.9413
      vertex -13.1235 17.7312 17.0712
    endloop
  endfacet
  facet normal -0.140178 0.946721 0.289946
    outer loop
      vertex -12.8926 17.948 16.6645
      vertex -13.0255 17.8852 16.8053
      vertex -12.8884 17.9055 16.8053
    endloop
  endfacet
  facet normal -0.135367 0.914228 0.381921
    outer loop
      vertex -12.8884 17.9055 16.8053
      vertex -13.0255 17.8852 16.8053
      vertex -12.8829 17.8495 16.9413
    endloop
  endfacet
  facet normal -0.0451474 0.923091 0.381922
    outer loop
      vertex -12.75 17.856 16.9413
      vertex -12.8884 17.9055 16.8053
      vertex -12.8829 17.8495 16.9413
    endloop
  endfacet
  facet normal -0.0927338 0.628127 0.772565
    outer loop
      vertex -12.8376 17.3892 17.5048
      vertex -12.9465 17.488 17.4114
      vertex -12.9243 17.3764 17.5048
    endloop
  endfacet
  facet normal -0.154161 0.615919 0.772579
    outer loop
      vertex -12.9465 17.488 17.4114
      vertex -13.0094 17.3551 17.5048
      vertex -12.9243 17.3764 17.5048
    endloop
  endfacet
  facet normal -0.189966 0.0476283 0.980635
    outer loop
      vertex -13.0988 16.6058 17.755
      vertex -13.1075 16.5711 17.755
      vertex -12.9659 16.5429 17.7838
    endloop
  endfacet
  facet normal -0.128975 0.360666 0.923735
    outer loop
      vertex -12.8967 16.9836 17.7123
      vertex -12.9954 17.0925 17.656
      vertex -12.9434 16.9669 17.7123
    endloop
  endfacet
  facet normal -0.0977845 0.273445 0.956904
    outer loop
      vertex -12.8967 16.9836 17.7123
      vertex -12.9434 16.9669 17.7123
      vertex -12.8558 16.8488 17.755
    endloop
  endfacet
  facet normal -0.081223 0.550159 0.831101
    outer loop
      vertex -12.8376 17.3892 17.5048
      vertex -12.9243 17.3764 17.5048
      vertex -12.8256 17.2674 17.5866
    endloop
  endfacet
  facet normal -0.159118 0.444329 0.88162
    outer loop
      vertex -12.9739 17.2379 17.5866
      vertex -12.9954 17.0925 17.656
      vertex -12.9362 17.1137 17.656
    endloop
  endfacet
  facet normal -0.290186 0.0140696 0.956867
    outer loop
      vertex -13.2529 16.5495 17.7123
      vertex -13.2553 16.5 17.7123
      vertex -13.1145 16.5 17.755
    endloop
  endfacet
  facet normal -0.172995 0.233193 0.956919
    outer loop
      vertex -13.0307 16.9202 17.7123
      vertex -13.0706 16.8906 17.7123
      vertex -12.9812 16.7817 17.755
    endloop
  endfacet
  facet normal -0.316741 0.349787 0.88166
    outer loop
      vertex -13.2392 17.0961 17.5866
      vertex -13.2953 17.0453 17.5866
      vertex -13.2035 16.9535 17.656
    endloop
  endfacet
  facet normal -0.271451 0.573705 0.772772
    outer loop
      vertex -13.1355 17.4307 17.4114
      vertex -13.2249 17.3884 17.4114
      vertex -13.1712 17.288 17.5048
    endloop
  endfacet
  facet normal -0.36394 0.606806 0.706636
    outer loop
      vertex -13.2249 17.3884 17.4114
      vertex -13.3675 17.4241 17.3073
      vertex -13.3096 17.3376 17.4114
    endloop
  endfacet
  facet normal 0.639943 -0.302448 0.706398
    outer loop
      vertex 13.7768 -16.9253 17.3073
      vertex 13.6807 -16.8855 17.4114
      vertex 13.7302 -17.0239 17.3073
    endloop
  endfacet
  facet normal 0.328412 0.197047 0.923752
    outer loop
      vertex 13.2832 16.8563 17.656
      vertex 13.1702 16.7807 17.7123
      vertex 13.1957 16.7382 17.7123
    endloop
  endfacet
  facet normal 0.0926751 -0.371473 0.923807
    outer loop
      vertex 12.8967 -16.9836 17.7123
      vertex 12.8486 -16.9956 17.7123
      vertex 12.8751 -17.129 17.656
    endloop
  endfacet
  facet normal 0.0726008 -0.0657945 0.995189
    outer loop
      vertex 12.9201 -16.6396 17.7838
      vertex 12.8069 -16.5467 17.7982
      vertex 12.9056 -16.6556 17.7838
    endloop
  endfacet
  facet normal 0.360666 -0.128975 0.923735
    outer loop
      vertex 13.2336 -16.6467 17.7123
      vertex 13.2169 -16.6934 17.7123
      vertex 13.3425 -16.7454 17.656
    endloop
  endfacet
  facet normal -0.00543448 -0.0978206 0.995189
    outer loop
      vertex -12.75 -16.5736 17.7982
      vertex -12.7572 -16.5732 17.7982
      vertex -12.75 -16.7201 17.7838
    endloop
  endfacet
  facet normal 0.00986139 -0.195584 0.980637
    outer loop
      vertex 12.75 -16.7201 17.7838
      vertex 12.75 -16.8645 17.755
      vertex 12.7857 -16.8627 17.755
    endloop
  endfacet
  facet normal 0.197047 -0.328412 0.923752
    outer loop
      vertex 13.0307 -16.9202 17.7123
      vertex 12.9882 -16.9457 17.7123
      vertex 13.1063 -17.0332 17.656
    endloop
  endfacet
  facet normal 0.555737 0.0279339 0.830888
    outer loop
      vertex 13.6435 16.5 17.5048
      vertex 13.5174 16.5756 17.5866
      vertex 13.5212 16.5 17.5866
    endloop
  endfacet
  facet normal 0.634113 0.0311266 0.772613
    outer loop
      vertex 13.7573 16.5 17.4114
      vertex 13.6392 16.5876 17.5048
      vertex 13.6435 16.5 17.5048
    endloop
  endfacet
  facet normal 0.287289 0.0422006 0.956914
    outer loop
      vertex 13.2529 16.5495 17.7123
      vertex 13.1075 16.5711 17.755
      vertex 13.1127 16.5357 17.755
    endloop
  endfacet
  facet normal 0.444329 0.159118 0.88162
    outer loop
      vertex 13.4879 16.7239 17.5866
      vertex 13.3425 16.7454 17.656
      vertex 13.3637 16.6862 17.656
    endloop
  endfacet
  facet normal 0.195594 0 0.980685
    outer loop
      vertex 12.9701 16.5 17.7838
      vertex 13.1145 -16.5 17.755
      vertex 13.1145 16.5 17.755
    endloop
  endfacet
  facet normal 0.195594 0 0.980685
    outer loop
      vertex 13.1145 -16.5 17.755
      vertex 12.9701 16.5 17.7838
      vertex 12.9701 -16.5 17.7838
    endloop
  endfacet
  facet normal 0.555468 0.0272661 0.831091
    outer loop
      vertex 13.6392 16.5876 17.5048
      vertex 13.5174 16.5756 17.5866
      vertex 13.6435 16.5 17.5048
    endloop
  endfacet
  facet normal 0.550159 0.081223 0.831101
    outer loop
      vertex 13.6264 16.6743 17.5048
      vertex 13.5174 16.5756 17.5866
      vertex 13.6392 16.5876 17.5048
    endloop
  endfacet
  facet normal -0.0978206 0.00543448 0.995189
    outer loop
      vertex -12.8232 16.5072 17.7982
      vertex -12.9701 16.5 17.7838
      vertex -12.8236 16.5 17.7982
    endloop
  endfacet
  facet normal -0.0787081 0.0583526 0.995188
    outer loop
      vertex -12.8069 16.5467 17.7982
      vertex -12.9201 16.6396 17.7838
      vertex -12.8112 16.5409 17.7982
    endloop
  endfacet
  facet normal 0.886804 -0.419143 0.194674
    outer loop
      vertex 14.0943 -17.0568 16.6645
      vertex 14.0586 -17.1994 16.5201
      vertex 14.1208 -17.0678 16.5201
    endloop
  endfacet
  facet normal 0.658719 0.726746 0.194754
    outer loop
      vertex 13.6913 17.647 16.5201
      vertex 13.6731 17.6248 16.6645
      vertex 13.7992 17.5492 16.5201
    endloop
  endfacet
  facet normal 0.951381 -0.238519 0.194894
    outer loop
      vertex 14.2053 -16.7895 16.5201
      vertex 14.1424 -16.9224 16.6645
      vertex 14.1699 -16.9307 16.5201
    endloop
  endfacet
  facet normal 0.941372 -0.33737 0.000108107
    outer loop
      vertex 14.1837 -16.9349 16.3736
      vertex 14.1341 -17.0733 16.3736
      vertex 14.1854 -16.9354 0.00999928
    endloop
  endfacet
  facet normal 0.742138 -0.550529 0.382294
    outer loop
      vertex 13.8775 -17.2533 16.9413
      vertex 13.7982 -17.3602 16.9413
      vertex 13.8417 -17.396 16.8053
    endloop
  endfacet
  facet normal 0.936926 -0.335544 0.0978762
    outer loop
      vertex 14.1699 -16.9307 16.5201
      vertex 14.1208 -17.0678 16.5201
      vertex 14.1837 -16.9349 16.3736
    endloop
  endfacet
  facet normal 0.984443 -0.146144 0.0975416
    outer loop
      vertex 14.241 -16.6468 16.3736
      vertex 14.2053 -16.7895 16.5201
      vertex 14.2194 -16.7923 16.3736
    endloop
  endfacet
  facet normal 0.998803 -0.0489209 0
    outer loop
      vertex 14.2428 -16.647 0.00999928
      vertex 14.25 -16.5 0
      vertex 14.25 -16.5 0.00999928
    endloop
  endfacet
  facet normal 0.998803 -0.0489209 0
    outer loop
      vertex 14.25 -16.5 0
      vertex 14.2428 -16.647 0.00999928
      vertex 14.2428 -16.647 0
    endloop
  endfacet
  facet normal 0.427269 -0.904125 0
    outer loop
      vertex 13.324 -17.8858 0
      vertex 13.4571 -17.8229 0.00999928
      vertex 13.324 -17.8858 0.00999928
    endloop
  endfacet
  facet normal 0.427269 -0.904125 0
    outer loop
      vertex 13.4571 -17.8229 0.00999928
      vertex 13.324 -17.8858 0
      vertex 13.4571 -17.8229 0
    endloop
  endfacet
  facet normal -0.322464 -0.901022 0.29013
    outer loop
      vertex -13.16 -17.8515 16.8053
      vertex -13.3068 -17.8443 16.6645
      vertex -13.1724 -17.8924 16.6645
    endloop
  endfacet
  facet normal -0.569779 -0.768866 0.290167
    outer loop
      vertex -13.5346 -17.6743 16.8053
      vertex -13.6731 -17.6248 16.6645
      vertex -13.5584 -17.7098 16.6645
    endloop
  endfacet
  facet normal -0.243175 -0.969982 0
    outer loop
      vertex -13.1854 -17.9354 0
      vertex -13.0426 -17.9712 0.00999928
      vertex -13.1854 -17.9354 0.00999928
    endloop
  endfacet
  facet normal -0.243175 -0.969982 -0
    outer loop
      vertex -13.0426 -17.9712 0.00999928
      vertex -13.1854 -17.9354 0
      vertex -13.0426 -17.9712 0
    endloop
  endfacet
  facet normal -0.0492213 -0.993998 0.0977035
    outer loop
      vertex -12.75 -17.9838 16.5201
      vertex -12.8954 -17.9766 16.5201
      vertex -12.75 -17.9982 16.3736
    endloop
  endfacet
  facet normal -0.14351 -0.970238 0.195044
    outer loop
      vertex -13.0339 -17.9271 16.6645
      vertex -13.0395 -17.9553 16.5201
      vertex -12.8926 -17.948 16.6645
    endloop
  endfacet
  facet normal -0.202112 -0.806471 0.555658
    outer loop
      vertex -13.0997 -17.6529 17.1935
      vertex -13.1235 -17.7312 17.0712
      vertex -13.001 -17.7619 17.0712
    endloop
  endfacet
  facet normal -0.23259 -0.92829 0.290136
    outer loop
      vertex -13.16 -17.8515 16.8053
      vertex -13.1724 -17.8924 16.6645
      vertex -13.0255 -17.8852 16.8053
    endloop
  endfacet
  facet normal -0.0469234 -0.955896 0.289934
    outer loop
      vertex -12.8884 -17.9055 16.8053
      vertex -12.8926 -17.948 16.6645
      vertex -12.75 -17.955 16.6645
    endloop
  endfacet
  facet normal -0.0451474 -0.923091 0.381922
    outer loop
      vertex -12.8829 -17.8495 16.9413
      vertex -12.8884 -17.9055 16.8053
      vertex -12.75 -17.856 16.9413
    endloop
  endfacet
  facet normal 0 -0.882014 0.471222
    outer loop
      vertex -12.75 -17.856 16.9413
      vertex 12.75 -17.7866 17.0712
      vertex -12.75 -17.7866 17.0712
    endloop
  endfacet
  facet normal 0 -0.882014 0.471222
    outer loop
      vertex 12.75 -17.7866 17.0712
      vertex -12.75 -17.856 16.9413
      vertex 12.75 -17.856 16.9413
    endloop
  endfacet
  facet normal 0 -0.980685 0.195594
    outer loop
      vertex -12.75 -17.9838 16.5201
      vertex 12.75 -17.955 16.6645
      vertex -12.75 -17.955 16.6645
    endloop
  endfacet
  facet normal 0 -0.980685 0.195594
    outer loop
      vertex 12.75 -17.955 16.6645
      vertex -12.75 -17.9838 16.5201
      vertex 12.75 -17.9838 16.5201
    endloop
  endfacet
  facet normal -0.0469665 -0.955905 0.289895
    outer loop
      vertex -12.75 -17.9123 16.8053
      vertex -12.8884 -17.9055 16.8053
      vertex -12.75 -17.955 16.6645
    endloop
  endfacet
  facet normal -0.232577 -0.928298 0.290123
    outer loop
      vertex -13.0255 -17.8852 16.8053
      vertex -13.1724 -17.8924 16.6645
      vertex -13.0339 -17.9271 16.6645
    endloop
  endfacet
  facet normal -0.421648 -0.568252 0.706613
    outer loop
      vertex -13.389 -17.2787 17.4114
      vertex -13.4551 -17.3591 17.3073
      vertex -13.3675 -17.4241 17.3073
    endloop
  endfacet
  facet normal -0.684777 -0.6201 0.382828
    outer loop
      vertex -13.7088 -17.4588 16.9413
      vertex -13.8417 -17.396 16.8053
      vertex -13.7487 -17.4987 16.8053
    endloop
  endfacet
  facet normal -0.409467 -0.865176 0.289495
    outer loop
      vertex -13.4158 -17.7456 16.8053
      vertex -13.4359 -17.7832 16.6645
      vertex -13.3068 -17.8443 16.6645
    endloop
  endfacet
  facet normal -0.394761 -0.835532 0.382165
    outer loop
      vertex -13.2689 -17.7528 16.9413
      vertex -13.4158 -17.7456 16.8053
      vertex -13.2905 -17.8048 16.8053
    endloop
  endfacet
  facet normal -0.853744 -0.511435 0.0977496
    outer loop
      vertex -14.0586 -17.1994 16.5201
      vertex -14.0713 -17.2062 16.3736
      vertex -13.9957 -17.3324 16.3736
    endloop
  endfacet
  facet normal -0.667994 -0.737703 0.097871
    outer loop
      vertex -13.7992 -17.5492 16.5201
      vertex -13.8094 -17.5594 16.3736
      vertex -13.7004 -17.6581 16.3736
    endloop
  endfacet
  facet normal -0.595861 -0.803088 0.00011003
    outer loop
      vertex -13.5824 -17.7457 16.3736
      vertex -13.7016 -17.6595 0.00999928
      vertex -13.5834 -17.7472 0.00999928
    endloop
  endfacet
  facet normal -0.593239 -0.799113 0.0973968
    outer loop
      vertex -13.6913 -17.647 16.5201
      vertex -13.7004 -17.6581 16.3736
      vertex -13.5824 -17.7457 16.3736
    endloop
  endfacet
  facet normal -0.188348 -0.750121 0.633911
    outer loop
      vertex -12.9668 -17.5901 17.3073
      vertex -13.0997 -17.6529 17.1935
      vertex -12.985 -17.6817 17.1935
    endloop
  endfacet
  facet normal 0 -0.831213 0.555954
    outer loop
      vertex -12.75 -17.7866 17.0712
      vertex 12.75 -17.7048 17.1935
      vertex -12.75 -17.7048 17.1935
    endloop
  endfacet
  facet normal 0 -0.831213 0.555954
    outer loop
      vertex 12.75 -17.7048 17.1935
      vertex -12.75 -17.7866 17.0712
      vertex 12.75 -17.7866 17.0712
    endloop
  endfacet
  facet normal -0.214149 -0.855933 0.470657
    outer loop
      vertex -13.1235 -17.7312 17.0712
      vertex -13.1436 -17.7976 16.9413
      vertex -13.0145 -17.8299 16.9413
    endloop
  endfacet
  facet normal -0.297051 -0.830815 0.470645
    outer loop
      vertex -13.1235 -17.7312 17.0712
      vertex -13.2689 -17.7528 16.9413
      vertex -13.1436 -17.7976 16.9413
    endloop
  endfacet
  facet normal -0.56994 -0.76866 0.290398
    outer loop
      vertex -13.646 -17.5917 16.8053
      vertex -13.6731 -17.6248 16.6645
      vertex -13.5346 -17.6743 16.8053
    endloop
  endfacet
  facet normal -0.865288 -0.408819 0.290075
    outer loop
      vertex -14.0548 -17.0405 16.8053
      vertex -14.0943 -17.0568 16.6645
      vertex -13.9956 -17.1658 16.8053
    endloop
  endfacet
  facet normal -0.737703 -0.667994 0.097871
    outer loop
      vertex -13.7992 -17.5492 16.5201
      vertex -13.9081 -17.4504 16.3736
      vertex -13.8094 -17.5594 16.3736
    endloop
  endfacet
  facet normal -0.671216 -0.741262 0.000112642
    outer loop
      vertex -13.7004 -17.6581 16.3736
      vertex -13.8094 -17.5594 16.3736
      vertex -13.7016 -17.6595 0.00999928
    endloop
  endfacet
  facet normal -0.621143 -0.460894 0.633844
    outer loop
      vertex -13.6741 -17.1175 17.3073
      vertex -13.6813 -17.2643 17.1935
      vertex -13.6091 -17.2051 17.3073
    endloop
  endfacet
  facet normal -0.550529 -0.742138 0.382294
    outer loop
      vertex -13.6102 -17.5482 16.9413
      vertex -13.646 -17.5917 16.8053
      vertex -13.5033 -17.6275 16.9413
    endloop
  endfacet
  facet normal -0.355613 -0.751397 0.555826
    outer loop
      vertex -13.3179 -17.5625 17.1935
      vertex -13.3565 -17.6347 17.0712
      vertex -13.2424 -17.6887 17.0712
    endloop
  endfacet
  facet normal -0.525943 -0.708242 0.470932
    outer loop
      vertex -13.5662 -17.4945 17.0712
      vertex -13.6102 -17.5482 16.9413
      vertex -13.4648 -17.5698 17.0712
    endloop
  endfacet
  facet normal -0.395055 -0.83524 0.382499
    outer loop
      vertex -13.3892 -17.6959 16.9413
      vertex -13.4158 -17.7456 16.8053
      vertex -13.2689 -17.7528 16.9413
    endloop
  endfacet
  facet normal -0.475468 -0.792224 0.382507
    outer loop
      vertex -13.3892 -17.6959 16.9413
      vertex -13.5346 -17.6743 16.8053
      vertex -13.4158 -17.7456 16.8053
    endloop
  endfacet
  facet normal -0.495948 -0.667595 0.555295
    outer loop
      vertex -13.4194 -17.5018 17.1935
      vertex -13.5143 -17.4313 17.1935
      vertex -13.4648 -17.5698 17.0712
    endloop
  endfacet
  facet normal -0.363813 -0.607004 0.706531
    outer loop
      vertex -13.2249 -17.3884 17.4114
      vertex -13.3675 -17.4241 17.3073
      vertex -13.2739 -17.4802 17.3073
    endloop
  endfacet
  facet normal -0.373219 -0.412157 0.831164
    outer loop
      vertex -13.2953 -17.0453 17.5866
      vertex -13.3169 -17.1907 17.5048
      vertex -13.2392 -17.0961 17.5866
    endloop
  endfacet
  facet normal -0.373869 -0.411954 0.830973
    outer loop
      vertex -13.2953 -17.0453 17.5866
      vertex -13.3818 -17.1318 17.5048
      vertex -13.3169 -17.1907 17.5048
    endloop
  endfacet
  facet normal 0.0236791 -0.47109 0.881767
    outer loop
      vertex 12.75 -17.1413 17.656
      vertex 12.75 -17.2712 17.5866
      vertex 12.8256 -17.2674 17.5866
    endloop
  endfacet
  facet normal 0.0279339 -0.555737 0.830888
    outer loop
      vertex 12.75 -17.2712 17.5866
      vertex 12.75 -17.3935 17.5048
      vertex 12.8256 -17.2674 17.5866
    endloop
  endfacet
  facet normal 0.171925 -0.686402 0.706607
    outer loop
      vertex 13.0424 -17.464 17.4114
      vertex 12.9668 -17.5901 17.3073
      vertex 13.0726 -17.5636 17.3073
    endloop
  endfacet
  facet normal 0.285522 -0.477139 0.831153
    outer loop
      vertex 13.1784 -17.1412 17.5866
      vertex 13.1712 -17.288 17.5048
      vertex 13.2464 -17.243 17.5048
    endloop
  endfacet
  facet normal 0.41956 -0.8865 0.19516
    outer loop
      vertex 13.4359 -17.7832 16.6645
      vertex 13.3068 -17.8443 16.6645
      vertex 13.4494 -17.8086 16.5201
    endloop
  endfacet
  facet normal 0.232577 -0.928298 0.290123
    outer loop
      vertex 13.1724 -17.8924 16.6645
      vertex 13.0255 -17.8852 16.8053
      vertex 13.0339 -17.9271 16.6645
    endloop
  endfacet
  facet normal -0.136104 0.913838 0.382591
    outer loop
      vertex -12.8829 17.8495 16.9413
      vertex -13.0255 17.8852 16.8053
      vertex -13.0145 17.8299 16.9413
    endloop
  endfacet
  facet normal -0.241698 0.965437 0.0975387
    outer loop
      vertex -13.0423 17.9694 16.3736
      vertex -13.1849 17.9337 16.3736
      vertex -13.0395 17.9553 16.5201
    endloop
  endfacet
  facet normal -0.511435 0.853744 0.0977496
    outer loop
      vertex -13.4562 17.8213 16.3736
      vertex -13.5824 17.7457 16.3736
      vertex -13.4494 17.8086 16.5201
    endloop
  endfacet
  facet normal -0.41956 0.8865 0.19516
    outer loop
      vertex -13.3068 17.8443 16.6645
      vertex -13.4494 17.8086 16.5201
      vertex -13.4359 17.7832 16.6645
    endloop
  endfacet
  facet normal -0 0.707107 0.707107
    outer loop
      vertex -12.75 17.6114 17.3073
      vertex 12.75 17.5073 17.4114
      vertex 12.75 17.6114 17.3073
    endloop
  endfacet
  facet normal 0 0.707107 0.707107
    outer loop
      vertex 12.75 17.5073 17.4114
      vertex -12.75 17.6114 17.3073
      vertex -12.75 17.5073 17.4114
    endloop
  endfacet
  facet normal -0 0.634421 0.772988
    outer loop
      vertex -12.75 17.5073 17.4114
      vertex 12.75 17.3935 17.5048
      vertex 12.75 17.5073 17.4114
    endloop
  endfacet
  facet normal 0 0.634421 0.772988
    outer loop
      vertex 12.75 17.3935 17.5048
      vertex -12.75 17.5073 17.4114
      vertex -12.75 17.3935 17.5048
    endloop
  endfacet
  facet normal -0.955896 0.0469234 0.289934
    outer loop
      vertex -14.198 16.6426 16.6645
      vertex -14.205 16.5 16.6645
      vertex -14.1555 16.6384 16.8053
    endloop
  endfacet
  facet normal -0.955905 0.0469665 0.289895
    outer loop
      vertex -14.1555 16.6384 16.8053
      vertex -14.205 16.5 16.6645
      vertex -14.1623 16.5 16.8053
    endloop
  endfacet
  facet normal -0.980685 0 0.195594
    outer loop
      vertex -14.2338 -16.5 16.5201
      vertex -14.205 16.5 16.6645
      vertex -14.2338 16.5 16.5201
    endloop
  endfacet
  facet normal -0.980685 0 0.195594
    outer loop
      vertex -14.205 16.5 16.6645
      vertex -14.2338 -16.5 16.5201
      vertex -14.205 -16.5 16.6645
    endloop
  endfacet
  facet normal -0.904125 0.427269 0.000112206
    outer loop
      vertex -14.0729 17.2071 0.00999928
      vertex -14.1358 17.074 0.00999928
      vertex -14.1341 17.0733 16.3736
    endloop
  endfacet
  facet normal -0.904139 0.427238 0.000111903
    outer loop
      vertex -14.0729 17.2071 0.00999928
      vertex -14.1341 17.0733 16.3736
      vertex -14.0713 17.2062 16.3736
    endloop
  endfacet
  facet normal -0.742138 0.550529 0.382294
    outer loop
      vertex -13.8417 17.396 16.8053
      vertex -13.8775 17.2533 16.9413
      vertex -13.7982 17.3602 16.9413
    endloop
  endfacet
  facet normal -0.788052 0.583997 0.194737
    outer loop
      vertex -13.8748 17.4231 16.6645
      vertex -13.9837 17.3243 16.5201
      vertex -13.9598 17.3084 16.6645
    endloop
  endfacet
  facet normal -0.331079 0.6988 0.634086
    outer loop
      vertex -13.2111 17.6131 17.1935
      vertex -13.3179 17.5625 17.1935
      vertex -13.1753 17.5268 17.3073
    endloop
  endfacet
  facet normal -0.330567 0.699441 0.633646
    outer loop
      vertex -13.1753 17.5268 17.3073
      vertex -13.3179 17.5625 17.1935
      vertex -13.2739 17.4802 17.3073
    endloop
  endfacet
  facet normal -0.8865 0.41956 0.19516
    outer loop
      vertex -14.0586 17.1994 16.5201
      vertex -14.0943 17.0568 16.6645
      vertex -14.0332 17.1859 16.6645
    endloop
  endfacet
  facet normal -0.92829 0.23259 0.290136
    outer loop
      vertex -14.1015 16.91 16.8053
      vertex -14.1424 16.9224 16.6645
      vertex -14.1352 16.7755 16.8053
    endloop
  endfacet
  facet normal -0.853468 0.511808 0.0982066
    outer loop
      vertex -13.9957 17.3324 16.3736
      vertex -14.0586 17.1994 16.5201
      vertex -13.9837 17.3243 16.5201
    endloop
  endfacet
  facet normal -0.853744 0.511435 0.0977496
    outer loop
      vertex -13.9957 17.3324 16.3736
      vertex -14.0713 17.2062 16.3736
      vertex -14.0586 17.1994 16.5201
    endloop
  endfacet
  facet normal -0.872633 0.129253 0.470961
    outer loop
      vertex -14.0119 16.751 17.0712
      vertex -14.0995 16.6329 16.9413
      vertex -14.0304 16.6261 17.0712
    endloop
  endfacet
  facet normal -0.881186 0.0433256 0.47078
    outer loop
      vertex -14.0304 16.6261 17.0712
      vertex -14.106 16.5 16.9413
      vertex -14.0366 16.5 17.0712
    endloop
  endfacet
  facet normal -0.66763 0.495784 0.5554
    outer loop
      vertex -13.7445 17.3162 17.0712
      vertex -13.8198 17.2148 17.0712
      vertex -13.6813 17.2643 17.1935
    endloop
  endfacet
  facet normal -0.663557 0.397709 0.633655
    outer loop
      vertex -13.6741 17.1175 17.3073
      vertex -13.8125 17.0679 17.1935
      vertex -13.7302 17.0239 17.3073
    endloop
  endfacet
  facet normal -0.706689 0.0343679 0.706689
    outer loop
      vertex -13.7525 16.5987 17.4114
      vertex -13.8614 16.5 17.3073
      vertex -13.7573 16.5 17.4114
    endloop
  endfacet
  facet normal -0.444298 0.1585 0.881747
    outer loop
      vertex -13.4625 16.7951 17.5866
      vertex -13.4879 16.7239 17.5866
      vertex -13.3425 16.7454 17.656
    endloop
  endfacet
  facet normal -0.0785259 -0.058554 0.995191
    outer loop
      vertex -12.8112 -16.5409 17.7982
      vertex -12.933 -16.6223 17.7838
      vertex -12.9201 -16.6396 17.7838
    endloop
  endfacet
  facet normal 0.0284651 -0.193782 0.980632
    outer loop
      vertex 12.7929 -16.7159 17.7838
      vertex 12.7857 -16.8627 17.755
      vertex 12.8211 -16.8575 17.755
    endloop
  endfacet
  facet normal -0.0978206 -0.00543448 0.995189
    outer loop
      vertex -12.8236 -16.5 17.7982
      vertex -12.9701 -16.5 17.7838
      vertex -12.8232 -16.5072 17.7982
    endloop
  endfacet
  facet normal 0.042149 -0.088377 0.995195
    outer loop
      vertex 12.7847 -16.5649 17.7982
      vertex 12.7782 -16.568 17.7982
      vertex 12.8538 -16.6941 17.7838
    endloop
  endfacet
  facet normal -0.0787081 -0.0583526 0.995188
    outer loop
      vertex -12.8112 -16.5409 17.7982
      vertex -12.9201 -16.6396 17.7838
      vertex -12.8069 -16.5467 17.7982
    endloop
  endfacet
  facet normal 0.083189 -0.177229 0.980648
    outer loop
      vertex 12.8538 -16.6941 17.7838
      vertex 12.8342 -16.7033 17.7838
      vertex 12.8895 -16.8367 17.755
    endloop
  endfacet
  facet normal -0.0839825 -0.0503895 0.995192
    outer loop
      vertex -12.8112 -16.5409 17.7982
      vertex -12.9441 -16.6038 17.7838
      vertex -12.933 -16.6223 17.7838
    endloop
  endfacet
  facet normal 0.00543448 -0.0978206 0.995189
    outer loop
      vertex 12.75 -16.5736 17.7982
      vertex 12.75 -16.7201 17.7838
      vertex 12.7572 -16.5732 17.7982
    endloop
  endfacet
  facet normal -0.167987 -0.100792 0.980623
    outer loop
      vertex -12.9441 -16.6038 17.7838
      vertex -13.053 -16.7025 17.755
      vertex -12.933 -16.6223 17.7838
    endloop
  endfacet
  facet normal -0.242776 -0.404627 0.881667
    outer loop
      vertex -13.1063 -17.0332 17.656
      vertex -13.1135 -17.1801 17.5866
      vertex -13.0523 -17.0656 17.656
    endloop
  endfacet
  facet normal -0.0140696 -0.290186 0.956867
    outer loop
      vertex -12.75 -16.8645 17.755
      vertex -12.7995 -17.0029 17.7123
      vertex -12.75 -17.0053 17.7123
    endloop
  endfacet
  facet normal 0 -0.290215 0.956962
    outer loop
      vertex -12.75 -16.8645 17.755
      vertex 12.75 -17.0053 17.7123
      vertex 12.75 -16.8645 17.755
    endloop
  endfacet
  facet normal 0 -0.290215 0.956962
    outer loop
      vertex 12.75 -17.0053 17.7123
      vertex -12.75 -16.8645 17.755
      vertex -12.75 -17.0053 17.7123
    endloop
  endfacet
  facet normal -0.171925 -0.686402 0.706607
    outer loop
      vertex -13.0424 -17.464 17.4114
      vertex -13.0726 -17.5636 17.3073
      vertex -12.9668 -17.5901 17.3073
    endloop
  endfacet
  facet normal -0.0560342 -0.37884 0.923764
    outer loop
      vertex -12.7995 -17.0029 17.7123
      vertex -12.8751 -17.129 17.656
      vertex -12.8129 -17.1382 17.656
    endloop
  endfacet
  facet normal -0.159118 -0.444329 0.88162
    outer loop
      vertex -12.9362 -17.1137 17.656
      vertex -12.9954 -17.0925 17.656
      vertex -12.9739 -17.2379 17.5866
    endloop
  endfacet
  facet normal -0.201936 -0.42631 0.881749
    outer loop
      vertex -12.9954 -17.0925 17.656
      vertex -13.1135 -17.1801 17.5866
      vertex -13.0451 -17.2125 17.5866
    endloop
  endfacet
  facet normal -0.0927338 -0.628127 0.772565
    outer loop
      vertex -12.9243 -17.3764 17.5048
      vertex -12.9465 -17.488 17.4114
      vertex -12.8376 -17.3892 17.5048
    endloop
  endfacet
  facet normal -0.186786 -0.52359 0.831243
    outer loop
      vertex -12.9739 -17.2379 17.5866
      vertex -13.0451 -17.2125 17.5866
      vertex -13.0094 -17.3551 17.5048
    endloop
  endfacet
  facet normal -0.397709 -0.663557 0.633655
    outer loop
      vertex -13.2739 -17.4802 17.3073
      vertex -13.3675 -17.4241 17.3073
      vertex -13.3179 -17.5625 17.1935
    endloop
  endfacet
  facet normal -0.238383 -0.666471 0.706393
    outer loop
      vertex -13.1355 -17.4307 17.4114
      vertex -13.1753 -17.5268 17.3073
      vertex -13.0424 -17.464 17.4114
    endloop
  endfacet
  facet normal -0.238696 -0.666144 0.706595
    outer loop
      vertex -13.0424 -17.464 17.4114
      vertex -13.1753 -17.5268 17.3073
      vertex -13.0726 -17.5636 17.3073
    endloop
  endfacet
  facet normal -0.260963 -0.728286 0.633638
    outer loop
      vertex -13.0726 -17.5636 17.3073
      vertex -13.1753 -17.5268 17.3073
      vertex -13.0997 -17.6529 17.1935
    endloop
  endfacet
  facet normal -0.171771 -0.686368 0.706678
    outer loop
      vertex -12.9465 -17.488 17.4114
      vertex -13.0424 -17.464 17.4114
      vertex -12.9668 -17.5901 17.3073
    endloop
  endfacet
  facet normal -0.154139 -0.615914 0.772587
    outer loop
      vertex -13.0094 -17.3551 17.5048
      vertex -13.0424 -17.464 17.4114
      vertex -12.9465 -17.488 17.4114
    endloop
  endfacet
  facet normal 0.0308322 -0.633987 0.772729
    outer loop
      vertex 12.8376 -17.3892 17.5048
      vertex 12.75 -17.5073 17.4114
      vertex 12.8487 -17.5025 17.4114
    endloop
  endfacet
  facet normal -0.187966 -0.750444 0.633642
    outer loop
      vertex -13.0726 -17.5636 17.3073
      vertex -13.0997 -17.6529 17.1935
      vertex -12.9668 -17.5901 17.3073
    endloop
  endfacet
  facet normal 0.146844 -0.98916 0.000110603
    outer loop
      vertex 13.0423 -17.9694 16.3736
      vertex 12.8968 -17.991 16.3736
      vertex 12.897 -17.9928 0.00999928
    endloop
  endfacet
  facet normal 0.0489874 -0.998799 0.000110467
    outer loop
      vertex 12.8968 -17.991 16.3736
      vertex 12.75 -17.9982 16.3736
      vertex 12.897 -17.9928 0.00999928
    endloop
  endfacet
  facet normal 0.427269 -0.904125 0.000112206
    outer loop
      vertex 13.4571 -17.8229 0.00999928
      vertex 13.3233 -17.8841 16.3736
      vertex 13.324 -17.8858 0.00999928
    endloop
  endfacet
  facet normal 0.475149 -0.792609 0.382105
    outer loop
      vertex 13.5033 -17.6275 16.9413
      vertex 13.3892 -17.6959 16.9413
      vertex 13.5346 -17.6743 16.8053
    endloop
  endfacet
  facet normal 0.667595 -0.495948 0.555295
    outer loop
      vertex 13.7518 -17.1694 17.1935
      vertex 13.6813 -17.2643 17.1935
      vertex 13.8198 -17.2148 17.0712
    endloop
  endfacet
  facet normal 0.830871 -0.296989 0.470585
    outer loop
      vertex 13.9812 -16.8735 17.0712
      vertex 13.9387 -16.9924 17.0712
      vertex 14.0028 -17.0189 16.9413
    endloop
  endfacet
  facet normal 0.792224 -0.475468 0.382507
    outer loop
      vertex 13.9459 -17.1392 16.9413
      vertex 13.9243 -17.2846 16.8053
      vertex 13.9956 -17.1658 16.8053
    endloop
  endfacet
  facet normal 0.830815 -0.297051 0.470645
    outer loop
      vertex 14.0476 -16.8936 16.9413
      vertex 13.9812 -16.8735 17.0712
      vertex 14.0028 -17.0189 16.9413
    endloop
  endfacet
  facet normal 0.913838 -0.136104 0.382591
    outer loop
      vertex 14.0995 -16.6329 16.9413
      vertex 14.0799 -16.7645 16.9413
      vertex 14.1352 -16.7755 16.8053
    endloop
  endfacet
  facet normal 0.477092 -0.285961 0.831029
    outer loop
      vertex 13.4301 -16.8635 17.5866
      vertex 13.3912 -16.9284 17.5866
      vertex 13.538 -16.9212 17.5048
    endloop
  endfacet
  facet normal 0.550159 -0.081223 0.831101
    outer loop
      vertex 13.6392 -16.5876 17.5048
      vertex 13.5174 -16.5756 17.5866
      vertex 13.6264 -16.6743 17.5048
    endloop
  endfacet
  facet normal 0.33737 -0.941372 0.000108107
    outer loop
      vertex 13.3233 -17.8841 16.3736
      vertex 13.1849 -17.9337 16.3736
      vertex 13.1854 -17.9354 0.00999928
    endloop
  endfacet
  facet normal 0.336939 -0.941527 0.000112228
    outer loop
      vertex 13.3233 -17.8841 16.3736
      vertex 13.1854 -17.9354 0.00999928
      vertex 13.324 -17.8858 0.00999928
    endloop
  endfacet
  facet normal 0.595861 -0.803088 0.00011003
    outer loop
      vertex 13.7016 -17.6595 0.00999928
      vertex 13.5824 -17.7457 16.3736
      vertex 13.5834 -17.7472 0.00999928
    endloop
  endfacet
  facet normal 0.514096 -0.857733 0.000110043
    outer loop
      vertex 13.5824 -17.7457 16.3736
      vertex 13.4571 -17.8229 0.00999928
      vertex 13.5834 -17.7472 0.00999928
    endloop
  endfacet
  facet normal 0.684539 -0.620667 0.382333
    outer loop
      vertex 13.7982 -17.3602 16.9413
      vertex 13.7088 -17.4588 16.9413
      vertex 13.8417 -17.396 16.8053
    endloop
  endfacet
  facet normal 0.737411 -0.668386 0.0973896
    outer loop
      vertex 13.897 -17.4413 16.5201
      vertex 13.7992 -17.5492 16.5201
      vertex 13.9081 -17.4504 16.3736
    endloop
  endfacet
  facet normal 0.592495 -0.79956 0.0982521
    outer loop
      vertex 13.6913 -17.647 16.5201
      vertex 13.5743 -17.7337 16.5201
      vertex 13.5824 -17.7457 16.3736
    endloop
  endfacet
  facet normal 0.596073 -0.80293 0.000112407
    outer loop
      vertex 13.7004 -17.6581 16.3736
      vertex 13.5824 -17.7457 16.3736
      vertex 13.7016 -17.6595 0.00999928
    endloop
  endfacet
  facet normal 0.74123 -0.671251 0.000112214
    outer loop
      vertex 13.9095 -17.4516 0.00999928
      vertex 13.8094 -17.5594 16.3736
      vertex 13.8107 -17.5607 0.00999928
    endloop
  endfacet
  facet normal 0.671251 -0.74123 0.000112214
    outer loop
      vertex 13.8094 -17.5594 16.3736
      vertex 13.7016 -17.6595 0.00999928
      vertex 13.8107 -17.5607 0.00999928
    endloop
  endfacet
  facet normal 0.741262 -0.671216 0.000112642
    outer loop
      vertex 13.9081 -17.4504 16.3736
      vertex 13.8094 -17.5594 16.3736
      vertex 13.9095 -17.4516 0.00999928
    endloop
  endfacet
  facet normal 0.80293 -0.596073 0.000112407
    outer loop
      vertex 13.9957 -17.3324 16.3736
      vertex 13.9081 -17.4504 16.3736
      vertex 13.9095 -17.4516 0.00999928
    endloop
  endfacet
  facet normal -0.872633 -0.129253 0.470961
    outer loop
      vertex -14.0304 -16.6261 17.0712
      vertex -14.0995 -16.6329 16.9413
      vertex -14.0119 -16.751 17.0712
    endloop
  endfacet
  facet normal -0.686402 -0.171925 0.706607
    outer loop
      vertex -13.714 -16.7924 17.4114
      vertex -13.8401 -16.7168 17.3073
      vertex -13.8136 -16.8226 17.3073
    endloop
  endfacet
  facet normal -0.899772 -0.425272 0.0977403
    outer loop
      vertex -14.0586 -17.1994 16.5201
      vertex -14.1208 -17.0678 16.5201
      vertex -14.0713 -17.2062 16.3736
    endloop
  endfacet
  facet normal -0.792224 -0.475468 0.382507
    outer loop
      vertex -13.9459 -17.1392 16.9413
      vertex -13.9956 -17.1658 16.8053
      vertex -13.9243 -17.2846 16.8053
    endloop
  endfacet
  facet normal -0.765064 -0.113222 0.633923
    outer loop
      vertex -13.8401 -16.7168 17.3073
      vertex -13.949 -16.6181 17.1935
      vertex -13.9317 -16.735 17.1935
    endloop
  endfacet
  facet normal -0.855989 -0.214521 0.470387
    outer loop
      vertex -14.0119 -16.751 17.0712
      vertex -14.0799 -16.7645 16.9413
      vertex -13.9812 -16.8735 17.0712
    endloop
  endfacet
  facet normal -0.65412 -0.591923 0.470907
    outer loop
      vertex -13.7445 -17.3162 17.0712
      vertex -13.7982 -17.3602 16.9413
      vertex -13.6598 -17.4098 17.0712
    endloop
  endfacet
  facet normal -0.61591 -0.558257 0.555881
    outer loop
      vertex -13.6019 -17.3519 17.1935
      vertex -13.6813 -17.2643 17.1935
      vertex -13.6598 -17.4098 17.0712
    endloop
  endfacet
  facet normal -0.544885 -0.326061 0.772518
    outer loop
      vertex -13.538 -16.9212 17.5048
      vertex -13.5876 -17.0596 17.4114
      vertex -13.493 -16.9964 17.5048
    endloop
  endfacet
  facet normal -0.573705 -0.271451 0.772772
    outer loop
      vertex -13.538 -16.9212 17.5048
      vertex -13.6807 -16.8855 17.4114
      vertex -13.6384 -16.9749 17.4114
    endloop
  endfacet
  facet normal -0.699441 -0.330567 0.633646
    outer loop
      vertex -13.7768 -16.9253 17.3073
      vertex -13.8125 -17.0679 17.1935
      vertex -13.7302 -17.0239 17.3073
    endloop
  endfacet
  facet normal -0.663557 -0.397709 0.633655
    outer loop
      vertex -13.7302 -17.0239 17.3073
      vertex -13.8125 -17.0679 17.1935
      vertex -13.6741 -17.1175 17.3073
    endloop
  endfacet
  facet normal -0.6988 -0.331079 0.634086
    outer loop
      vertex -13.7768 -16.9253 17.3073
      vertex -13.8631 -16.9611 17.1935
      vertex -13.8125 -17.0679 17.1935
    endloop
  endfacet
  facet normal -0.728286 -0.260963 0.633638
    outer loop
      vertex -13.8136 -16.8226 17.3073
      vertex -13.9029 -16.8497 17.1935
      vertex -13.7768 -16.9253 17.3073
    endloop
  endfacet
  facet normal -0.946721 -0.140178 0.289946
    outer loop
      vertex -14.1555 -16.6384 16.8053
      vertex -14.198 -16.6426 16.6645
      vertex -14.1352 -16.7755 16.8053
    endloop
  endfacet
  facet normal -0.955896 -0.0469234 0.289934
    outer loop
      vertex -14.1555 -16.6384 16.8053
      vertex -14.205 -16.5 16.6645
      vertex -14.198 -16.6426 16.6645
    endloop
  endfacet
  facet normal -0.993975 -0.0487508 0.0981672
    outer loop
      vertex -14.2266 -16.6454 16.5201
      vertex -14.2482 -16.5 16.3736
      vertex -14.241 -16.6468 16.3736
    endloop
  endfacet
  facet normal -0.998799 -0.0489874 0.000110467
    outer loop
      vertex -14.241 -16.6468 16.3736
      vertex -14.2482 -16.5 16.3736
      vertex -14.2428 -16.647 0.00999928
    endloop
  endfacet
  facet normal -0.941527 -0.336939 0.000112228
    outer loop
      vertex -14.1341 -17.0733 16.3736
      vertex -14.1854 -16.9354 0.00999928
      vertex -14.1358 -17.074 0.00999928
    endloop
  endfacet
  facet normal -0.904125 -0.427269 0.000112206
    outer loop
      vertex -14.1341 -17.0733 16.3736
      vertex -14.1358 -17.074 0.00999928
      vertex -14.0729 -17.2071 0.00999928
    endloop
  endfacet
  facet normal -0.129116 -0.36055 0.92376
    outer loop
      vertex -12.8967 -16.9836 17.7123
      vertex -12.9954 -17.0925 17.656
      vertex -12.9362 -17.1137 17.656
    endloop
  endfacet
  facet normal -0.0977845 -0.273445 0.956904
    outer loop
      vertex -12.8558 -16.8488 17.755
      vertex -12.9434 -16.9669 17.7123
      vertex -12.8967 -16.9836 17.7123
    endloop
  endfacet
  facet normal -0.0583526 -0.0787081 0.995188
    outer loop
      vertex -12.7967 -16.5569 17.7982
      vertex -12.8896 -16.6701 17.7838
      vertex -12.7909 -16.5612 17.7982
    endloop
  endfacet
  facet normal -0.28186 -0.0703184 0.956875
    outer loop
      vertex -13.1075 -16.5711 17.755
      vertex -13.2456 -16.5986 17.7123
      vertex -13.2336 -16.6467 17.7123
    endloop
  endfacet
  facet normal -0.083189 0.177229 0.980648
    outer loop
      vertex -12.8342 16.7033 17.7838
      vertex -12.8895 16.8367 17.755
      vertex -12.8538 16.6941 17.7838
    endloop
  endfacet
  facet normal -0.042149 0.088377 0.995195
    outer loop
      vertex -12.7782 16.568 17.7982
      vertex -12.8538 16.6941 17.7838
      vertex -12.7847 16.5649 17.7982
    endloop
  endfacet
  facet normal -0.189835 -0.0479107 0.980646
    outer loop
      vertex -12.9659 -16.5429 17.7838
      vertex -13.0988 -16.6058 17.755
      vertex -12.9606 -16.5639 17.7838
    endloop
  endfacet
  facet normal 0.184284 -0.0661672 0.980643
    outer loop
      vertex 13.0988 -16.6058 17.755
      vertex 12.9533 -16.5842 17.7838
      vertex 13.0867 -16.6395 17.755
    endloop
  endfacet
  facet normal -0.0284651 0.193782 0.980632
    outer loop
      vertex -12.7857 16.8627 17.755
      vertex -12.8211 16.8575 17.755
      vertex -12.7929 16.7159 17.7838
    endloop
  endfacet
  facet normal -0.550159 -0.081223 0.831101
    outer loop
      vertex -13.5174 -16.5756 17.5866
      vertex -13.6392 -16.5876 17.5048
      vertex -13.6264 -16.6743 17.5048
    endloop
  endfacet
  facet normal -0.627881 -0.0930908 0.772722
    outer loop
      vertex -13.6392 -16.5876 17.5048
      vertex -13.7525 -16.5987 17.4114
      vertex -13.738 -16.6965 17.4114
    endloop
  endfacet
  facet normal -0.666471 -0.238383 0.706393
    outer loop
      vertex -13.714 -16.7924 17.4114
      vertex -13.7768 -16.9253 17.3073
      vertex -13.6807 -16.8855 17.4114
    endloop
  endfacet
  facet normal -0.597823 -0.213829 0.772583
    outer loop
      vertex -13.6051 -16.7594 17.5048
      vertex -13.714 -16.7924 17.4114
      vertex -13.6807 -16.8855 17.4114
    endloop
  endfacet
  facet normal -0.457848 -0.114618 0.881611
    outer loop
      vertex -13.379 -16.6251 17.656
      vertex -13.5063 -16.6504 17.5866
      vertex -13.4879 -16.7239 17.5866
    endloop
  endfacet
  facet normal -0.634113 -0.0311266 0.772613
    outer loop
      vertex -13.6435 -16.5 17.5048
      vertex -13.7573 -16.5 17.4114
      vertex -13.6392 -16.5876 17.5048
    endloop
  endfacet
  facet normal -0.615914 -0.154139 0.772587
    outer loop
      vertex -13.6051 -16.7594 17.5048
      vertex -13.738 -16.6965 17.4114
      vertex -13.714 -16.7924 17.4114
    endloop
  endfacet
  facet normal -0.53929 -0.134981 0.831232
    outer loop
      vertex -13.5063 -16.6504 17.5866
      vertex -13.6264 -16.6743 17.5048
      vertex -13.6051 -16.7594 17.5048
    endloop
  endfacet
  facet normal -0.4668 0.0690444 0.881663
    outer loop
      vertex -13.379 16.6251 17.656
      vertex -13.5174 16.5756 17.5866
      vertex -13.3882 16.5629 17.656
    endloop
  endfacet
  facet normal -0.471304 0.023228 0.881665
    outer loop
      vertex -13.3882 16.5629 17.656
      vertex -13.5174 16.5756 17.5866
      vertex -13.3913 16.5 17.656
    endloop
  endfacet
  facet normal -0.573705 0.271451 0.772772
    outer loop
      vertex -13.6384 16.9749 17.4114
      vertex -13.6807 16.8855 17.4114
      vertex -13.538 16.9212 17.5048
    endloop
  endfacet
  facet normal -0.53929 0.134981 0.831232
    outer loop
      vertex -13.6051 16.7594 17.5048
      vertex -13.6264 16.6743 17.5048
      vertex -13.5063 16.6504 17.5866
    endloop
  endfacet
  facet normal -0.426596 -0.201677 0.88167
    outer loop
      vertex -13.3425 -16.7454 17.656
      vertex -13.4301 -16.8635 17.5866
      vertex -13.3156 -16.8023 17.656
    endloop
  endfacet
  facet normal -0.404627 -0.242776 0.881667
    outer loop
      vertex -13.3156 -16.8023 17.656
      vertex -13.4301 -16.8635 17.5866
      vertex -13.2832 -16.8563 17.656
    endloop
  endfacet
  facet normal -0.466859 -0.0692799 0.881614
    outer loop
      vertex -13.379 -16.6251 17.656
      vertex -13.5174 -16.5756 17.5866
      vertex -13.5063 -16.6504 17.5866
    endloop
  endfacet
  facet normal -0.471304 -0.023228 0.881665
    outer loop
      vertex -13.3913 -16.5 17.656
      vertex -13.5174 -16.5756 17.5866
      vertex -13.3882 -16.5629 17.656
    endloop
  endfacet
  facet normal -0.446573 -0.331287 0.831157
    outer loop
      vertex -13.3912 -16.9284 17.5866
      vertex -13.493 -16.9964 17.5048
      vertex -13.4407 -17.0669 17.5048
    endloop
  endfacet
  facet normal -0.37893 -0.281081 0.881706
    outer loop
      vertex -13.2832 -16.8563 17.656
      vertex -13.3912 -16.9284 17.5866
      vertex -13.3461 -16.9892 17.5866
    endloop
  endfacet
  facet normal -0.285522 -0.477139 0.831153
    outer loop
      vertex -13.1784 -17.1412 17.5866
      vertex -13.2464 -17.243 17.5048
      vertex -13.1712 -17.288 17.5048
    endloop
  endfacet
  facet normal -0.285961 -0.477092 0.831029
    outer loop
      vertex -13.1135 -17.1801 17.5866
      vertex -13.1784 -17.1412 17.5866
      vertex -13.1712 -17.288 17.5048
    endloop
  endfacet
  facet normal -0.346229 -0.163841 0.923732
    outer loop
      vertex -13.2169 -16.6934 17.7123
      vertex -13.3425 -16.7454 17.656
      vertex -13.1957 -16.7382 17.7123
    endloop
  endfacet
  facet normal -0.328412 -0.197047 0.923752
    outer loop
      vertex -13.1957 -16.7382 17.7123
      vertex -13.3156 -16.8023 17.656
      vertex -13.2832 -16.8563 17.656
    endloop
  endfacet
  facet normal -0.317322 -0.349579 0.881533
    outer loop
      vertex -13.2035 -16.9535 17.656
      vertex -13.2392 -17.0961 17.5866
      vertex -13.1569 -16.9958 17.656
    endloop
  endfacet
  facet normal -0.280633 -0.37968 0.881526
    outer loop
      vertex -13.1569 -16.9958 17.656
      vertex -13.2392 -17.0961 17.5866
      vertex -13.1063 -17.0332 17.656
    endloop
  endfacet
  facet normal -0.427269 -0.904125 0
    outer loop
      vertex -13.4571 -17.8229 0
      vertex -13.324 -17.8858 0.00999928
      vertex -13.4571 -17.8229 0.00999928
    endloop
  endfacet
  facet normal -0.427269 -0.904125 -0
    outer loop
      vertex -13.324 -17.8858 0.00999928
      vertex -13.4571 -17.8229 0
      vertex -13.324 -17.8858 0
    endloop
  endfacet
  facet normal 0.103766 0.699887 0.706676
    outer loop
      vertex 12.9668 17.5901 17.3073
      vertex 12.8487 17.5025 17.4114
      vertex 12.9465 17.488 17.4114
    endloop
  endfacet
  facet normal 0.0453501 0.923008 0.382098
    outer loop
      vertex 12.75 17.9123 16.8053
      vertex 12.75 17.856 16.9413
      vertex 12.8884 17.9055 16.8053
    endloop
  endfacet
  facet normal 0.0343941 0.706701 0.706676
    outer loop
      vertex 12.8589 17.6061 17.3073
      vertex 12.75 17.6114 17.3073
      vertex 12.8487 17.5025 17.4114
    endloop
  endfacet
  facet normal 0.113222 0.765064 0.633923
    outer loop
      vertex 12.985 17.6817 17.1935
      vertex 12.8681 17.699 17.1935
      vertex 12.9668 17.5901 17.3073
    endloop
  endfacet
  facet normal 0.121734 0.822586 0.555457
    outer loop
      vertex 12.8761 17.7804 17.0712
      vertex 12.8681 17.699 17.1935
      vertex 12.985 17.6817 17.1935
    endloop
  endfacet
  facet normal 0.331079 0.6988 0.634086
    outer loop
      vertex 13.2111 17.6131 17.1935
      vertex 13.1753 17.5268 17.3073
      vertex 13.3179 17.5625 17.1935
    endloop
  endfacet
  facet normal 0.0839825 0.0503895 0.995192
    outer loop
      vertex 12.933 16.6223 17.7838
      vertex 12.8112 16.5409 17.7982
      vertex 12.9441 16.6038 17.7838
    endloop
  endfacet
  facet normal -0 0.382492 0.923959
    outer loop
      vertex -12.75 17.1413 17.656
      vertex 12.75 17.0053 17.7123
      vertex 12.75 17.1413 17.656
    endloop
  endfacet
  facet normal 0 0.382492 0.923959
    outer loop
      vertex 12.75 17.0053 17.7123
      vertex -12.75 17.1413 17.656
      vertex -12.75 17.0053 17.7123
    endloop
  endfacet
  facet normal 0.0308322 0.633987 0.772729
    outer loop
      vertex 12.8487 17.5025 17.4114
      vertex 12.75 17.5073 17.4114
      vertex 12.8376 17.3892 17.5048
    endloop
  endfacet
  facet normal 0.0311266 0.634113 0.772613
    outer loop
      vertex 12.75 17.5073 17.4114
      vertex 12.75 17.3935 17.5048
      vertex 12.8376 17.3892 17.5048
    endloop
  endfacet
  facet normal 0.0140696 0.290186 0.956867
    outer loop
      vertex 12.75 17.0053 17.7123
      vertex 12.75 16.8645 17.755
      vertex 12.7995 17.0029 17.7123
    endloop
  endfacet
  facet normal 0.0185419 0.382426 0.9238
    outer loop
      vertex 12.75 17.1413 17.656
      vertex 12.75 17.0053 17.7123
      vertex 12.7995 17.0029 17.7123
    endloop
  endfacet
  facet normal 0.326061 0.544885 0.772518
    outer loop
      vertex 13.3096 17.3376 17.4114
      vertex 13.1712 17.288 17.5048
      vertex 13.2464 17.243 17.5048
    endloop
  endfacet
  facet normal 0.708242 0.525943 0.470932
    outer loop
      vertex 13.7982 17.3602 16.9413
      vertex 13.7445 17.3162 17.0712
      vertex 13.8198 17.2148 17.0712
    endloop
  endfacet
  facet normal 0.0407888 0.830543 0.555458
    outer loop
      vertex 12.8761 17.7804 17.0712
      vertex 12.75 17.7048 17.1935
      vertex 12.8681 17.699 17.1935
    endloop
  endfacet
  facet normal 0.146844 0.98916 0.000110603
    outer loop
      vertex 12.897 17.9928 0.00999928
      vertex 12.8968 17.991 16.3736
      vertex 13.0423 17.9694 16.3736
    endloop
  endfacet
  facet normal 0.14351 0.970238 0.195044
    outer loop
      vertex 13.0395 17.9553 16.5201
      vertex 12.8926 17.948 16.6645
      vertex 13.0339 17.9271 16.6645
    endloop
  endfacet
  facet normal 0.61591 0.558257 0.555881
    outer loop
      vertex 13.6598 17.4098 17.0712
      vertex 13.6019 17.3519 17.1935
      vertex 13.6813 17.2643 17.1935
    endloop
  endfacet
  facet normal 0.872633 0.129253 0.470961
    outer loop
      vertex 14.0995 16.6329 16.9413
      vertex 14.0119 16.751 17.0712
      vertex 14.0304 16.6261 17.0712
    endloop
  endfacet
  facet normal 0.699887 0.103766 0.706676
    outer loop
      vertex 13.8401 16.7168 17.3073
      vertex 13.738 16.6965 17.4114
      vertex 13.7525 16.5987 17.4114
    endloop
  endfacet
  facet normal 0.686368 0.171771 0.706678
    outer loop
      vertex 13.8401 16.7168 17.3073
      vertex 13.714 16.7924 17.4114
      vertex 13.738 16.6965 17.4114
    endloop
  endfacet
  facet normal 0.633987 0.0308322 0.772729
    outer loop
      vertex 13.7525 16.5987 17.4114
      vertex 13.6392 16.5876 17.5048
      vertex 13.7573 16.5 17.4114
    endloop
  endfacet
  facet normal 0.901022 -0.322464 0.29013
    outer loop
      vertex 14.1015 -16.91 16.8053
      vertex 14.0943 -17.0568 16.6645
      vertex 14.1424 -16.9224 16.6645
    endloop
  endfacet
  facet normal 0.92829 -0.23259 0.290136
    outer loop
      vertex 14.1352 -16.7755 16.8053
      vertex 14.1015 -16.91 16.8053
      vertex 14.1424 -16.9224 16.6645
    endloop
  endfacet
  facet normal 0.965324 0.242015 0.0978698
    outer loop
      vertex 14.1837 16.9349 16.3736
      vertex 14.1699 16.9307 16.5201
      vertex 14.2053 16.7895 16.5201
    endloop
  endfacet
  facet normal 0.970062 0.242856 0.0001082
    outer loop
      vertex 14.1854 16.9354 0.00999928
      vertex 14.1837 16.9349 16.3736
      vertex 14.2194 16.7923 16.3736
    endloop
  endfacet
  facet normal 0.965437 0.241698 0.0975387
    outer loop
      vertex 14.2194 16.7923 16.3736
      vertex 14.1837 16.9349 16.3736
      vertex 14.2053 16.7895 16.5201
    endloop
  endfacet
  facet normal 0.97961 -0.0485089 0.194963
    outer loop
      vertex 14.2338 -16.5 16.5201
      vertex 14.198 -16.6426 16.6645
      vertex 14.2266 -16.6454 16.5201
    endloop
  endfacet
  facet normal 0.857733 0.514096 0
    outer loop
      vertex 14.0729 17.2071 0.00999928
      vertex 13.9972 17.3334 0
      vertex 13.9972 17.3334 0.00999928
    endloop
  endfacet
  facet normal 0.857733 0.514096 0
    outer loop
      vertex 13.9972 17.3334 0
      vertex 14.0729 17.2071 0.00999928
      vertex 14.0729 17.2071 0
    endloop
  endfacet
  facet normal 0.74123 0.671251 0.000112214
    outer loop
      vertex 13.8107 17.5607 0.00999928
      vertex 13.8094 17.5594 16.3736
      vertex 13.9095 17.4516 0.00999928
    endloop
  endfacet
  facet normal 0.671251 0.74123 0.000112214
    outer loop
      vertex 13.8107 17.5607 0.00999928
      vertex 13.7016 17.6595 0.00999928
      vertex 13.8094 17.5594 16.3736
    endloop
  endfacet
  facet normal 0.56827 0.42155 0.706658
    outer loop
      vertex 13.6741 17.1175 17.3073
      vertex 13.5287 17.139 17.4114
      vertex 13.5876 17.0596 17.4114
    endloop
  endfacet
  facet normal 0.396869 0.663628 0.634107
    outer loop
      vertex 13.4194 17.5018 17.1935
      vertex 13.3179 17.5625 17.1935
      vertex 13.3675 17.4241 17.3073
    endloop
  endfacet
  facet normal 0.853744 0.511435 0.0977496
    outer loop
      vertex 14.0713 17.2062 16.3736
      vertex 13.9957 17.3324 16.3736
      vertex 14.0586 17.1994 16.5201
    endloop
  endfacet
  facet normal 0.899818 0.425196 0.0976529
    outer loop
      vertex 14.1341 17.0733 16.3736
      vertex 14.0713 17.2062 16.3736
      vertex 14.1208 17.0678 16.5201
    endloop
  endfacet
  facet normal 0.66763 0.495784 0.5554
    outer loop
      vertex 13.7445 17.3162 17.0712
      vertex 13.6813 17.2643 17.1935
      vertex 13.8198 17.2148 17.0712
    endloop
  endfacet
  facet normal 0.756799 0.45352 0.470717
    outer loop
      vertex 13.9459 17.1392 16.9413
      vertex 13.8198 17.2148 17.0712
      vertex 13.8847 17.1065 17.0712
    endloop
  endfacet
  facet normal 0.52359 0.186786 0.831243
    outer loop
      vertex 13.6051 16.7594 17.5048
      vertex 13.4625 16.7951 17.5866
      vertex 13.4879 16.7239 17.5866
    endloop
  endfacet
  facet normal 0.502987 0.237857 0.83092
    outer loop
      vertex 13.538 16.9212 17.5048
      vertex 13.4625 16.7951 17.5866
      vertex 13.5755 16.8419 17.5048
    endloop
  endfacet
  facet normal 0.523688 0.187893 0.830931
    outer loop
      vertex 13.5755 16.8419 17.5048
      vertex 13.4625 16.7951 17.5866
      vertex 13.6051 16.7594 17.5048
    endloop
  endfacet
  facet normal 0.477139 0.285522 0.831153
    outer loop
      vertex 13.493 16.9964 17.5048
      vertex 13.3912 16.9284 17.5866
      vertex 13.538 16.9212 17.5048
    endloop
  endfacet
  facet normal -0.504409 0.841131 0.195113
    outer loop
      vertex -13.4494 17.8086 16.5201
      vertex -13.5743 17.7337 16.5201
      vertex -13.4359 17.7832 16.6645
    endloop
  endfacet
  facet normal -0.583997 0.788052 0.194737
    outer loop
      vertex -13.5743 17.7337 16.5201
      vertex -13.6731 17.6248 16.6645
      vertex -13.5584 17.7098 16.6645
    endloop
  endfacet
  facet normal -0.751397 0.355613 0.555826
    outer loop
      vertex -13.8847 17.1065 17.0712
      vertex -13.9387 16.9924 17.0712
      vertex -13.8125 17.0679 17.1935
    endloop
  endfacet
  facet normal -0.568252 0.421648 0.706613
    outer loop
      vertex -13.6091 17.2051 17.3073
      vertex -13.6741 17.1175 17.3073
      vertex -13.5287 17.139 17.4114
    endloop
  endfacet
  facet normal -0.65873 0.726732 0.194771
    outer loop
      vertex -13.6731 17.6248 16.6645
      vertex -13.7992 17.5492 16.5201
      vertex -13.7789 17.5289 16.6645
    endloop
  endfacet
  facet normal -0.642741 0.709092 0.289953
    outer loop
      vertex -13.6731 17.6248 16.6645
      vertex -13.7789 17.5289 16.6645
      vertex -13.7487 17.4987 16.8053
    endloop
  endfacet
  facet normal -0.596073 0.80293 0.000112407
    outer loop
      vertex -13.5824 17.7457 16.3736
      vertex -13.7016 17.6595 0.00999928
      vertex -13.7004 17.6581 16.3736
    endloop
  endfacet
  facet normal -0.671216 0.741262 0.000112642
    outer loop
      vertex -13.7016 17.6595 0.00999928
      vertex -13.8094 17.5594 16.3736
      vertex -13.7004 17.6581 16.3736
    endloop
  endfacet
  facet normal -0.23259 0.92829 0.290136
    outer loop
      vertex -13.0255 17.8852 16.8053
      vertex -13.1724 17.8924 16.6645
      vertex -13.16 17.8515 16.8053
    endloop
  endfacet
  facet normal -0.322464 0.901022 0.29013
    outer loop
      vertex -13.1724 17.8924 16.6645
      vertex -13.3068 17.8443 16.6645
      vertex -13.16 17.8515 16.8053
    endloop
  endfacet
  facet normal -0.0188523 0.382519 0.923755
    outer loop
      vertex -12.75 17.1413 17.656
      vertex -12.8129 17.1382 17.656
      vertex -12.7995 17.0029 17.7123
    endloop
  endfacet
  facet normal -0.163841 0.346229 0.923732
    outer loop
      vertex -12.9434 16.9669 17.7123
      vertex -12.9954 17.0925 17.656
      vertex -12.9882 16.9457 17.7123
    endloop
  endfacet
  facet normal -0.0476283 0.189966 0.980635
    outer loop
      vertex -12.8211 16.8575 17.755
      vertex -12.8558 16.8488 17.755
      vertex -12.7929 16.7159 17.7838
    endloop
  endfacet
  facet normal -0.0560342 0.37884 0.923764
    outer loop
      vertex -12.8129 17.1382 17.656
      vertex -12.8751 17.129 17.656
      vertex -12.7995 17.0029 17.7123
    endloop
  endfacet
  facet normal -0.135002 0.539273 0.831239
    outer loop
      vertex -12.9004 17.2563 17.5866
      vertex -13.0094 17.3551 17.5048
      vertex -12.9739 17.2379 17.5866
    endloop
  endfacet
  facet normal -0.426596 0.201677 0.88167
    outer loop
      vertex -13.3156 16.8023 17.656
      vertex -13.4301 16.8635 17.5866
      vertex -13.3425 16.7454 17.656
    endloop
  endfacet
  facet normal -0.149364 0.24894 0.956932
    outer loop
      vertex -12.9882 16.9457 17.7123
      vertex -13.0307 16.9202 17.7123
      vertex -12.9218 16.8214 17.755
    endloop
  endfacet
  facet normal -0.307793 0.227499 0.923855
    outer loop
      vertex -13.2458 16.9069 17.656
      vertex -13.2832 16.8563 17.656
      vertex -13.1406 16.8206 17.7123
    endloop
  endfacet
  facet normal -0.114618 0.457848 0.881611
    outer loop
      vertex -12.9004 17.2563 17.5866
      vertex -12.9739 17.2379 17.5866
      vertex -12.8751 17.129 17.656
    endloop
  endfacet
  facet normal -0.0692799 0.466859 0.881614
    outer loop
      vertex -12.8256 17.2674 17.5866
      vertex -12.9004 17.2563 17.5866
      vertex -12.8751 17.129 17.656
    endloop
  endfacet
  facet normal -0.290215 0 0.956962
    outer loop
      vertex -13.2553 16.5 17.7123
      vertex -13.1145 -16.5 17.755
      vertex -13.1145 16.5 17.755
    endloop
  endfacet
  facet normal -0.290215 0 0.956962
    outer loop
      vertex -13.1145 -16.5 17.755
      vertex -13.2553 16.5 17.7123
      vertex -13.2553 -16.5 17.7123
    endloop
  endfacet
  facet normal -0.228182 0.307583 0.923756
    outer loop
      vertex -13.0307 16.9202 17.7123
      vertex -13.1063 17.0332 17.656
      vertex -13.0706 16.8906 17.7123
    endloop
  endfacet
  facet normal -0.124171 0.262399 0.956937
    outer loop
      vertex -12.9434 16.9669 17.7123
      vertex -12.9882 16.9457 17.7123
      vertex -12.9218 16.8214 17.755
    endloop
  endfacet
  facet normal -0.371506 0.0930285 0.923758
    outer loop
      vertex -13.3637 16.6862 17.656
      vertex -13.379 16.6251 17.656
      vertex -13.2336 16.6467 17.7123
    endloop
  endfacet
  facet normal -0.215035 0.195113 0.956917
    outer loop
      vertex -13.1073 16.8573 17.7123
      vertex -13.1406 16.8206 17.7123
      vertex -13.0317 16.7312 17.755
    endloop
  endfacet
  facet normal -0.149264 0.249045 0.956921
    outer loop
      vertex -12.9218 16.8214 17.755
      vertex -13.0307 16.9202 17.7123
      vertex -12.9525 16.803 17.755
    endloop
  endfacet
  facet normal -0.197047 0.328412 0.923752
    outer loop
      vertex -12.9882 16.9457 17.7123
      vertex -13.1063 17.0332 17.656
      vertex -13.0307 16.9202 17.7123
    endloop
  endfacet
  facet normal -0.326447 0.544292 0.772774
    outer loop
      vertex -13.2249 17.3884 17.4114
      vertex -13.3096 17.3376 17.4114
      vertex -13.1712 17.288 17.5048
    endloop
  endfacet
  facet normal -0.16369 0.346245 0.923753
    outer loop
      vertex -12.9954 17.0925 17.656
      vertex -13.0523 17.0656 17.656
      vertex -12.9882 16.9457 17.7123
    endloop
  endfacet
  facet normal -0.227499 0.307793 0.923855
    outer loop
      vertex -13.1063 17.0332 17.656
      vertex -13.1569 16.9958 17.656
      vertex -13.0706 16.8906 17.7123
    endloop
  endfacet
  facet normal -0.238112 0.502681 0.831032
    outer loop
      vertex -13.0451 17.2125 17.5866
      vertex -13.1712 17.288 17.5048
      vertex -13.1135 17.1801 17.5866
    endloop
  endfacet
  facet normal -0.201936 0.42631 0.881749
    outer loop
      vertex -13.0451 17.2125 17.5866
      vertex -13.1135 17.1801 17.5866
      vertex -12.9954 17.0925 17.656
    endloop
  endfacet
  facet normal -0.378323 0.509977 0.772525
    outer loop
      vertex -13.3096 17.3376 17.4114
      vertex -13.3169 17.1907 17.5048
      vertex -13.2464 17.243 17.5048
    endloop
  endfacet
  facet normal 0.555468 -0.0272661 0.831091
    outer loop
      vertex 13.6435 -16.5 17.5048
      vertex 13.5174 -16.5756 17.5866
      vertex 13.6392 -16.5876 17.5048
    endloop
  endfacet
  facet normal 0.555737 -0.0279339 0.830888
    outer loop
      vertex 13.5212 -16.5 17.5866
      vertex 13.5174 -16.5756 17.5866
      vertex 13.6435 -16.5 17.5048
    endloop
  endfacet
  facet normal 0.360666 0.128975 0.923735
    outer loop
      vertex 13.3425 16.7454 17.656
      vertex 13.2169 16.6934 17.7123
      vertex 13.2336 16.6467 17.7123
    endloop
  endfacet
  facet normal 0.373869 -0.411954 0.830973
    outer loop
      vertex 13.3818 -17.1318 17.5048
      vertex 13.2953 -17.0453 17.5866
      vertex 13.3169 -17.1907 17.5048
    endloop
  endfacet
  facet normal 0.606806 -0.36394 0.706636
    outer loop
      vertex 13.6384 -16.9749 17.4114
      vertex 13.5876 -17.0596 17.4114
      vertex 13.6741 -17.1175 17.3073
    endloop
  endfacet
  facet normal 0.145154 -0.13146 0.980637
    outer loop
      vertex 13.0317 -16.7312 17.755
      vertex 12.9056 -16.6556 17.7838
      vertex 13.0077 -16.7577 17.755
    endloop
  endfacet
  facet normal 0.194963 -0.215272 0.956895
    outer loop
      vertex 13.0077 -16.7577 17.755
      vertex 12.9812 -16.7817 17.755
      vertex 13.1073 -16.8573 17.7123
    endloop
  endfacet
  facet normal -0.0583526 0.0787081 0.995188
    outer loop
      vertex -12.7909 16.5612 17.7982
      vertex -12.8896 16.6701 17.7838
      vertex -12.7967 16.5569 17.7982
    endloop
  endfacet
  facet normal 0.11706 -0.156987 0.980639
    outer loop
      vertex 12.8896 -16.6701 17.7838
      vertex 12.8723 -16.683 17.7838
      vertex 12.9812 -16.7817 17.755
    endloop
  endfacet
  facet normal 0.0563033 -0.378698 0.923806
    outer loop
      vertex 12.8486 -16.9956 17.7123
      vertex 12.7995 -17.0029 17.7123
      vertex 12.8751 -17.129 17.656
    endloop
  endfacet
  facet normal 0.0099591 -0.19556 0.980641
    outer loop
      vertex 12.7716 -16.719 17.7838
      vertex 12.75 -16.7201 17.7838
      vertex 12.7857 -16.8627 17.755
    endloop
  endfacet
  facet normal 0.0787081 -0.0583526 0.995188
    outer loop
      vertex 12.8112 -16.5409 17.7982
      vertex 12.8069 -16.5467 17.7982
      vertex 12.9201 -16.6396 17.7838
    endloop
  endfacet
  facet normal 0.177229 -0.083189 0.980648
    outer loop
      vertex 12.9533 -16.5842 17.7838
      vertex 12.9441 -16.6038 17.7838
      vertex 13.0867 -16.6395 17.755
    endloop
  endfacet
  facet normal 0.411954 0.373869 0.830973
    outer loop
      vertex 13.3818 17.1318 17.5048
      vertex 13.2953 17.0453 17.5866
      vertex 13.4407 17.0669 17.5048
    endloop
  endfacet
  facet normal 0.349787 0.316741 0.88166
    outer loop
      vertex 13.2953 17.0453 17.5866
      vertex 13.2035 16.9535 17.656
      vertex 13.3461 16.9892 17.5866
    endloop
  endfacet
  facet normal 0.273222 0.0981006 0.956936
    outer loop
      vertex 13.2169 16.6934 17.7123
      vertex 13.0867 16.6395 17.755
      vertex 13.0988 16.6058 17.755
    endloop
  endfacet
  facet normal 0.382426 -0.0185419 0.9238
    outer loop
      vertex 13.2553 -16.5 17.7123
      vertex 13.2529 -16.5495 17.7123
      vertex 13.3913 -16.5 17.656
    endloop
  endfacet
  facet normal 0.349579 0.317322 0.881533
    outer loop
      vertex 13.3461 16.9892 17.5866
      vertex 13.2035 16.9535 17.656
      vertex 13.2458 16.9069 17.656
    endloop
  endfacet
  facet normal 0.307583 0.228182 0.923756
    outer loop
      vertex 13.2832 16.8563 17.656
      vertex 13.1406 16.8206 17.7123
      vertex 13.1702 16.7807 17.7123
    endloop
  endfacet
  facet normal 0.346229 0.163841 0.923732
    outer loop
      vertex 13.3425 16.7454 17.656
      vertex 13.1957 16.7382 17.7123
      vertex 13.2169 16.6934 17.7123
    endloop
  endfacet
  facet normal 0.167987 0.100792 0.980623
    outer loop
      vertex 13.053 16.7025 17.755
      vertex 12.933 16.6223 17.7838
      vertex 12.9441 16.6038 17.7838
    endloop
  endfacet
  facet normal 0.290186 -0.0140696 0.956867
    outer loop
      vertex 13.2553 -16.5 17.7123
      vertex 13.1145 -16.5 17.755
      vertex 13.2529 -16.5495 17.7123
    endloop
  endfacet
  facet normal 0.583974 -0.788062 0.19476
    outer loop
      vertex 13.6731 -17.6248 16.6645
      vertex 13.5743 -17.7337 16.5201
      vertex 13.6913 -17.647 16.5201
    endloop
  endfacet
  facet normal 0.667994 -0.737703 0.097871
    outer loop
      vertex 13.7992 -17.5492 16.5201
      vertex 13.7004 -17.6581 16.3736
      vertex 13.8094 -17.5594 16.3736
    endloop
  endfacet
  facet normal 0.923437 -0.330713 0.19466
    outer loop
      vertex 14.1699 -16.9307 16.5201
      vertex 14.0943 -17.0568 16.6645
      vertex 14.1208 -17.0678 16.5201
    endloop
  endfacet
  facet normal 0.965324 -0.242015 0.0978698
    outer loop
      vertex 14.2053 -16.7895 16.5201
      vertex 14.1699 -16.9307 16.5201
      vertex 14.1837 -16.9349 16.3736
    endloop
  endfacet
  facet normal 0.998799 -0.0489874 0.000110467
    outer loop
      vertex 14.2482 -16.5 16.3736
      vertex 14.241 -16.6468 16.3736
      vertex 14.2428 -16.647 0.00999928
    endloop
  endfacet
  facet normal 0.941527 -0.336939 0
    outer loop
      vertex 14.1358 -17.074 0.00999928
      vertex 14.1854 -16.9354 0
      vertex 14.1854 -16.9354 0.00999928
    endloop
  endfacet
  facet normal 0.941527 -0.336939 0
    outer loop
      vertex 14.1854 -16.9354 0
      vertex 14.1358 -17.074 0.00999928
      vertex 14.1358 -17.074 0
    endloop
  endfacet
  facet normal -0.596073 -0.80293 0.000112407
    outer loop
      vertex -13.7004 -17.6581 16.3736
      vertex -13.7016 -17.6595 0.00999928
      vertex -13.5824 -17.7457 16.3736
    endloop
  endfacet
  facet normal -0.242015 -0.965324 0.0978698
    outer loop
      vertex -13.1807 -17.9199 16.5201
      vertex -13.1849 -17.9337 16.3736
      vertex -13.0395 -17.9553 16.5201
    endloop
  endfacet
  facet normal -0.238519 -0.951381 0.194894
    outer loop
      vertex -13.1724 -17.8924 16.6645
      vertex -13.1807 -17.9199 16.5201
      vertex -13.0395 -17.9553 16.5201
    endloop
  endfacet
  facet normal -0.330498 -0.923471 0.194866
    outer loop
      vertex -13.1724 -17.8924 16.6645
      vertex -13.3068 -17.8443 16.6645
      vertex -13.1807 -17.9199 16.5201
    endloop
  endfacet
  facet normal -0.14342 -0.97027 0.194954
    outer loop
      vertex -12.8926 -17.948 16.6645
      vertex -13.0395 -17.9553 16.5201
      vertex -12.8954 -17.9766 16.5201
    endloop
  endfacet
  facet normal -0.145519 -0.984474 0.098158
    outer loop
      vertex -12.8954 -17.9766 16.5201
      vertex -13.0395 -17.9553 16.5201
      vertex -12.8968 -17.991 16.3736
    endloop
  endfacet
  facet normal -0.135367 -0.914228 0.381921
    outer loop
      vertex -12.8829 -17.8495 16.9413
      vertex -13.0255 -17.8852 16.8053
      vertex -12.8884 -17.9055 16.8053
    endloop
  endfacet
  facet normal -0.121845 -0.822619 0.555385
    outer loop
      vertex -12.985 -17.6817 17.1935
      vertex -13.001 -17.7619 17.0712
      vertex -12.8761 -17.7804 17.0712
    endloop
  endfacet
  facet normal -0.224247 -0.896293 0.382586
    outer loop
      vertex -13.0145 -17.8299 16.9413
      vertex -13.1436 -17.7976 16.9413
      vertex -13.0255 -17.8852 16.8053
    endloop
  endfacet
  facet normal -0.224581 -0.896325 0.382316
    outer loop
      vertex -13.1436 -17.7976 16.9413
      vertex -13.16 -17.8515 16.8053
      vertex -13.0255 -17.8852 16.8053
    endloop
  endfacet
  facet normal -0.129994 -0.872819 0.470413
    outer loop
      vertex -13.001 -17.7619 17.0712
      vertex -13.0145 -17.8299 16.9413
      vertex -12.8829 -17.8495 16.9413
    endloop
  endfacet
  facet normal -0.136104 -0.913838 0.382591
    outer loop
      vertex -13.0145 -17.8299 16.9413
      vertex -13.0255 -17.8852 16.8053
      vertex -12.8829 -17.8495 16.9413
    endloop
  endfacet
  facet normal -0.140029 -0.946703 0.290079
    outer loop
      vertex -13.0255 -17.8852 16.8053
      vertex -13.0339 -17.9271 16.6645
      vertex -12.8926 -17.948 16.6645
    endloop
  endfacet
  facet normal -0.140178 -0.946721 0.289946
    outer loop
      vertex -12.8884 -17.9055 16.8053
      vertex -13.0255 -17.8852 16.8053
      vertex -12.8926 -17.948 16.6645
    endloop
  endfacet
  facet normal -0.425272 -0.899772 0.0977403
    outer loop
      vertex -13.4494 -17.8086 16.5201
      vertex -13.4562 -17.8213 16.3736
      vertex -13.3178 -17.8708 16.5201
    endloop
  endfacet
  facet normal -0.419143 -0.886804 0.194674
    outer loop
      vertex -13.3068 -17.8443 16.6645
      vertex -13.4494 -17.8086 16.5201
      vertex -13.3178 -17.8708 16.5201
    endloop
  endfacet
  facet normal -0.658719 -0.726746 0.194754
    outer loop
      vertex -13.6731 -17.6248 16.6645
      vertex -13.7992 -17.5492 16.5201
      vertex -13.6913 -17.647 16.5201
    endloop
  endfacet
  facet normal -0.504138 -0.841374 0.194769
    outer loop
      vertex -13.5584 -17.7098 16.6645
      vertex -13.5743 -17.7337 16.5201
      vertex -13.4359 -17.7832 16.6645
    endloop
  endfacet
  facet normal -0.513896 -0.857853 0.000112143
    outer loop
      vertex -13.4562 -17.8213 16.3736
      vertex -13.5824 -17.7457 16.3736
      vertex -13.4571 -17.8229 0.00999928
    endloop
  endfacet
  facet normal -0.511435 -0.853744 0.0977496
    outer loop
      vertex -13.4494 -17.8086 16.5201
      vertex -13.5824 -17.7457 16.3736
      vertex -13.4562 -17.8213 16.3736
    endloop
  endfacet
  facet normal 0.0272661 -0.555468 0.831091
    outer loop
      vertex 12.8256 -17.2674 17.5866
      vertex 12.75 -17.3935 17.5048
      vertex 12.8376 -17.3892 17.5048
    endloop
  endfacet
  facet normal 0.0430938 -0.881103 0.470957
    outer loop
      vertex 12.8761 -17.7804 17.0712
      vertex 12.75 -17.856 16.9413
      vertex 12.8829 -17.8495 16.9413
    endloop
  endfacet
  facet normal 0.363813 -0.607004 0.706531
    outer loop
      vertex 13.3675 -17.4241 17.3073
      vertex 13.2249 -17.3884 17.4114
      vertex 13.2739 -17.4802 17.3073
    endloop
  endfacet
  facet normal 0.0375936 -0.772442 0.633972
    outer loop
      vertex 12.75 -17.6114 17.3073
      vertex 12.75 -17.7048 17.1935
      vertex 12.8589 -17.6061 17.3073
    endloop
  endfacet
  facet normal -0.941372 -0.33737 0.000108107
    outer loop
      vertex -14.1837 -16.9349 16.3736
      vertex -14.1854 -16.9354 0.00999928
      vertex -14.1341 -17.0733 16.3736
    endloop
  endfacet
  facet normal -0.83524 -0.395055 0.382499
    outer loop
      vertex -13.9459 -17.1392 16.9413
      vertex -14.0028 -17.0189 16.9413
      vertex -13.9956 -17.1658 16.8053
    endloop
  endfacet
  facet normal -0.788062 -0.583974 0.19476
    outer loop
      vertex -13.8748 -17.4231 16.6645
      vertex -13.9837 -17.3243 16.5201
      vertex -13.897 -17.4413 16.5201
    endloop
  endfacet
  facet normal -0.558257 -0.61591 0.555881
    outer loop
      vertex -13.6019 -17.3519 17.1935
      vertex -13.6598 -17.4098 17.0712
      vertex -13.5143 -17.4313 17.1935
    endloop
  endfacet
  facet normal -0.709092 -0.642741 0.289953
    outer loop
      vertex -13.7487 -17.4987 16.8053
      vertex -13.8748 -17.4231 16.6645
      vertex -13.7789 -17.5289 16.6645
    endloop
  endfacet
  facet normal -0.74123 -0.671251 0.000112214
    outer loop
      vertex -13.8094 -17.5594 16.3736
      vertex -13.9095 -17.4516 0.00999928
      vertex -13.8107 -17.5607 0.00999928
    endloop
  endfacet
  facet normal -0.65873 -0.726732 0.194771
    outer loop
      vertex -13.7789 -17.5289 16.6645
      vertex -13.7992 -17.5492 16.5201
      vertex -13.6731 -17.6248 16.6645
    endloop
  endfacet
  facet normal -0.642741 -0.709092 0.289953
    outer loop
      vertex -13.7487 -17.4987 16.8053
      vertex -13.7789 -17.5289 16.6645
      vertex -13.6731 -17.6248 16.6645
    endloop
  endfacet
  facet normal -0.663628 -0.396869 0.634107
    outer loop
      vertex -13.6741 -17.1175 17.3073
      vertex -13.8125 -17.0679 17.1935
      vertex -13.7518 -17.1694 17.1935
    endloop
  endfacet
  facet normal -0.742138 -0.550529 0.382294
    outer loop
      vertex -13.7982 -17.3602 16.9413
      vertex -13.8775 -17.2533 16.9413
      vertex -13.8417 -17.396 16.8053
    endloop
  endfacet
  facet normal -0.495784 -0.66763 0.5554
    outer loop
      vertex -13.5143 -17.4313 17.1935
      vertex -13.5662 -17.4945 17.0712
      vertex -13.4648 -17.5698 17.0712
    endloop
  endfacet
  facet normal -0.620667 -0.684539 0.382333
    outer loop
      vertex -13.6102 -17.5482 16.9413
      vertex -13.7088 -17.4588 16.9413
      vertex -13.646 -17.5917 16.8053
    endloop
  endfacet
  facet normal -0.797477 -0.377421 0.470726
    outer loop
      vertex -13.9387 -16.9924 17.0712
      vertex -13.9459 -17.1392 16.9413
      vertex -13.8847 -17.1065 17.0712
    endloop
  endfacet
  facet normal -0.616595 -0.557966 0.555415
    outer loop
      vertex -13.6813 -17.2643 17.1935
      vertex -13.7445 -17.3162 17.0712
      vertex -13.6598 -17.4098 17.0712
    endloop
  endfacet
  facet normal -0.377421 -0.797477 0.470726
    outer loop
      vertex -13.3565 -17.6347 17.0712
      vertex -13.3892 -17.6959 16.9413
      vertex -13.2424 -17.6887 17.0712
    endloop
  endfacet
  facet normal -0.475149 -0.792609 0.382105
    outer loop
      vertex -13.5033 -17.6275 16.9413
      vertex -13.5346 -17.6743 16.8053
      vertex -13.3892 -17.6959 16.9413
    endloop
  endfacet
  facet normal -0.557966 -0.616595 0.555415
    outer loop
      vertex -13.5143 -17.4313 17.1935
      vertex -13.6598 -17.4098 17.0712
      vertex -13.5662 -17.4945 17.0712
    endloop
  endfacet
  facet normal -0.591923 -0.65412 0.470907
    outer loop
      vertex -13.5662 -17.4945 17.0712
      vertex -13.6598 -17.4098 17.0712
      vertex -13.6102 -17.5482 16.9413
    endloop
  endfacet
  facet normal -0.42155 -0.56827 0.706658
    outer loop
      vertex -13.3096 -17.3376 17.4114
      vertex -13.389 -17.2787 17.4114
      vertex -13.3675 -17.4241 17.3073
    endloop
  endfacet
  facet normal -0.36394 -0.606806 0.706636
    outer loop
      vertex -13.3096 -17.3376 17.4114
      vertex -13.3675 -17.4241 17.3073
      vertex -13.2249 -17.3884 17.4114
    endloop
  endfacet
  facet normal -0.396869 -0.663628 0.634107
    outer loop
      vertex -13.3675 -17.4241 17.3073
      vertex -13.4194 -17.5018 17.1935
      vertex -13.3179 -17.5625 17.1935
    endloop
  endfacet
  facet normal -0.461118 -0.62071 0.634105
    outer loop
      vertex -13.3675 -17.4241 17.3073
      vertex -13.5143 -17.4313 17.1935
      vertex -13.4194 -17.5018 17.1935
    endloop
  endfacet
  facet normal 0.302448 -0.639943 0.706398
    outer loop
      vertex 13.2739 -17.4802 17.3073
      vertex 13.1355 -17.4307 17.4114
      vertex 13.1753 -17.5268 17.3073
    endloop
  endfacet
  facet normal 0.16369 -0.346245 0.923753
    outer loop
      vertex 13.0523 -17.0656 17.656
      vertex 12.9882 -16.9457 17.7123
      vertex 12.9954 -17.0925 17.656
    endloop
  endfacet
  facet normal 0.446573 -0.331287 0.831157
    outer loop
      vertex 13.493 -16.9964 17.5048
      vertex 13.3912 -16.9284 17.5866
      vertex 13.4407 -17.0669 17.5048
    endloop
  endfacet
  facet normal 0.331079 -0.6988 0.634086
    outer loop
      vertex 13.3179 -17.5625 17.1935
      vertex 13.1753 -17.5268 17.3073
      vertex 13.2111 -17.6131 17.1935
    endloop
  endfacet
  facet normal 0.511435 -0.853744 0.0977496
    outer loop
      vertex 13.5824 -17.7457 16.3736
      vertex 13.4494 -17.8086 16.5201
      vertex 13.4562 -17.8213 16.3736
    endloop
  endfacet
  facet normal 0.453668 -0.756777 0.47061
    outer loop
      vertex 13.4648 -17.5698 17.0712
      vertex 13.3892 -17.6959 16.9413
      vertex 13.5033 -17.6275 16.9413
    endloop
  endfacet
  facet normal 0.0451474 -0.923091 0.381922
    outer loop
      vertex 12.8829 -17.8495 16.9413
      vertex 12.75 -17.856 16.9413
      vertex 12.8884 -17.9055 16.8053
    endloop
  endfacet
  facet normal 0.0453501 -0.923008 0.382098
    outer loop
      vertex 12.75 -17.856 16.9413
      vertex 12.75 -17.9123 16.8053
      vertex 12.8884 -17.9055 16.8053
    endloop
  endfacet
  facet normal 0.658719 -0.726746 0.194754
    outer loop
      vertex 13.7992 -17.5492 16.5201
      vertex 13.6731 -17.6248 16.6645
      vertex 13.6913 -17.647 16.5201
    endloop
  endfacet
  facet normal 0.296989 -0.830871 0.470585
    outer loop
      vertex 13.2424 -17.6887 17.0712
      vertex 13.1235 -17.7312 17.0712
      vertex 13.2689 -17.7528 16.9413
    endloop
  endfacet
  facet normal -0.238519 0.951381 0.194894
    outer loop
      vertex -13.0395 17.9553 16.5201
      vertex -13.1807 17.9199 16.5201
      vertex -13.1724 17.8924 16.6645
    endloop
  endfacet
  facet normal -0.14342 0.97027 0.194954
    outer loop
      vertex -12.8954 17.9766 16.5201
      vertex -13.0395 17.9553 16.5201
      vertex -12.8926 17.948 16.6645
    endloop
  endfacet
  facet normal -0.335544 0.936926 0.0978762
    outer loop
      vertex -13.1849 17.9337 16.3736
      vertex -13.3178 17.8708 16.5201
      vertex -13.1807 17.9199 16.5201
    endloop
  endfacet
  facet normal -0.335758 0.936872 0.0976592
    outer loop
      vertex -13.1849 17.9337 16.3736
      vertex -13.3233 17.8841 16.3736
      vertex -13.3178 17.8708 16.5201
    endloop
  endfacet
  facet normal 0.0343679 0.706689 0.706689
    outer loop
      vertex 12.75 17.6114 17.3073
      vertex 12.75 17.5073 17.4114
      vertex 12.8487 17.5025 17.4114
    endloop
  endfacet
  facet normal 0.135002 0.539273 0.831239
    outer loop
      vertex 13.0094 17.3551 17.5048
      vertex 12.9004 17.2563 17.5866
      vertex 12.9739 17.2379 17.5866
    endloop
  endfacet
  facet normal -0.896325 0.224581 0.382316
    outer loop
      vertex -14.1015 16.91 16.8053
      vertex -14.1352 16.7755 16.8053
      vertex -14.0476 16.8936 16.9413
    endloop
  endfacet
  facet normal -0.896293 0.224247 0.382586
    outer loop
      vertex -14.0476 16.8936 16.9413
      vertex -14.1352 16.7755 16.8053
      vertex -14.0799 16.7645 16.9413
    endloop
  endfacet
  facet normal -0.708659 0.525694 0.470584
    outer loop
      vertex -13.7982 17.3602 16.9413
      vertex -13.8775 17.2533 16.9413
      vertex -13.8198 17.2148 17.0712
    endloop
  endfacet
  facet normal -0.65412 0.591923 0.470907
    outer loop
      vertex -13.6598 17.4098 17.0712
      vertex -13.7982 17.3602 16.9413
      vertex -13.7445 17.3162 17.0712
    endloop
  endfacet
  facet normal -0.865176 0.409467 0.289495
    outer loop
      vertex -14.0332 17.1859 16.6645
      vertex -14.0943 17.0568 16.6645
      vertex -13.9956 17.1658 16.8053
    endloop
  endfacet
  facet normal -0.870076 0.311361 0.382128
    outer loop
      vertex -14.0548 17.0405 16.8053
      vertex -14.1015 16.91 16.8053
      vertex -14.0028 17.0189 16.9413
    endloop
  endfacet
  facet normal -0.616595 0.557966 0.555415
    outer loop
      vertex -13.6598 17.4098 17.0712
      vertex -13.7445 17.3162 17.0712
      vertex -13.6813 17.2643 17.1935
    endloop
  endfacet
  facet normal -0.708242 0.525943 0.470932
    outer loop
      vertex -13.7982 17.3602 16.9413
      vertex -13.8198 17.2148 17.0712
      vertex -13.7445 17.3162 17.0712
    endloop
  endfacet
  facet normal -0.45352 0.756799 0.470717
    outer loop
      vertex -13.3892 17.6959 16.9413
      vertex -13.4648 17.5698 17.0712
      vertex -13.3565 17.6347 17.0712
    endloop
  endfacet
  facet normal -0.475468 0.792224 0.382507
    outer loop
      vertex -13.4158 17.7456 16.8053
      vertex -13.5346 17.6743 16.8053
      vertex -13.3892 17.6959 16.9413
    endloop
  endfacet
  facet normal -0.302448 0.639943 0.706398
    outer loop
      vertex -13.1753 17.5268 17.3073
      vertex -13.2739 17.4802 17.3073
      vertex -13.1355 17.4307 17.4114
    endloop
  endfacet
  facet normal -0.279737 0.782983 0.555595
    outer loop
      vertex -13.0997 17.6529 17.1935
      vertex -13.2424 17.6887 17.0712
      vertex -13.2111 17.6131 17.1935
    endloop
  endfacet
  facet normal -0.928298 0.232577 0.290123
    outer loop
      vertex -14.1424 16.9224 16.6645
      vertex -14.1771 16.7839 16.6645
      vertex -14.1352 16.7755 16.8053
    endloop
  endfacet
  facet normal -0.765139 0.113459 0.63379
    outer loop
      vertex -13.8401 16.7168 17.3073
      vertex -13.949 16.6181 17.1935
      vertex -13.8561 16.6089 17.3073
    endloop
  endfacet
  facet normal -0.951381 0.238519 0.194894
    outer loop
      vertex -14.1699 16.9307 16.5201
      vertex -14.2053 16.7895 16.5201
      vertex -14.1424 16.9224 16.6645
    endloop
  endfacet
  facet normal -0.95139 0.238363 0.195042
    outer loop
      vertex -14.1424 16.9224 16.6645
      vertex -14.2053 16.7895 16.5201
      vertex -14.1771 16.7839 16.6645
    endloop
  endfacet
  facet normal -0.822586 0.121734 0.555457
    outer loop
      vertex -13.9317 16.735 17.1935
      vertex -14.0304 16.6261 17.0712
      vertex -13.949 16.6181 17.1935
    endloop
  endfacet
  facet normal -0.855989 0.214521 0.470387
    outer loop
      vertex -13.9812 16.8735 17.0712
      vertex -14.0799 16.7645 16.9413
      vertex -14.0119 16.751 17.0712
    endloop
  endfacet
  facet normal -0.633987 0.0308322 0.772729
    outer loop
      vertex -13.7525 16.5987 17.4114
      vertex -13.7573 16.5 17.4114
      vertex -13.6392 16.5876 17.5048
    endloop
  endfacet
  facet normal -0.634113 0.0311266 0.772613
    outer loop
      vertex -13.6392 16.5876 17.5048
      vertex -13.7573 16.5 17.4114
      vertex -13.6435 16.5 17.5048
    endloop
  endfacet
  facet normal -0.197047 -0.328412 0.923752
    outer loop
      vertex -12.9882 -16.9457 17.7123
      vertex -13.1063 -17.0332 17.656
      vertex -13.0523 -17.0656 17.656
    endloop
  endfacet
  facet normal -0.0930285 -0.371506 0.923758
    outer loop
      vertex -12.8967 -16.9836 17.7123
      vertex -12.9362 -17.1137 17.656
      vertex -12.8751 -17.129 17.656
    endloop
  endfacet
  facet normal -0.0690444 -0.4668 0.881663
    outer loop
      vertex -12.8129 -17.1382 17.656
      vertex -12.8751 -17.129 17.656
      vertex -12.8256 -17.2674 17.5866
    endloop
  endfacet
  facet normal -0.023228 -0.471304 0.881665
    outer loop
      vertex -12.8129 -17.1382 17.656
      vertex -12.8256 -17.2674 17.5866
      vertex -12.75 -17.1413 17.656
    endloop
  endfacet
  facet normal -0.0308322 -0.633987 0.772729
    outer loop
      vertex -12.8376 -17.3892 17.5048
      vertex -12.8487 -17.5025 17.4114
      vertex -12.75 -17.5073 17.4114
    endloop
  endfacet
  facet normal -0.0930908 -0.627881 0.772722
    outer loop
      vertex -12.8376 -17.3892 17.5048
      vertex -12.9465 -17.488 17.4114
      vertex -12.8487 -17.5025 17.4114
    endloop
  endfacet
  facet normal -0.238112 -0.502681 0.831032
    outer loop
      vertex -13.1135 -17.1801 17.5866
      vertex -13.1712 -17.288 17.5048
      vertex -13.0451 -17.2125 17.5866
    endloop
  endfacet
  facet normal -0.187893 -0.523688 0.830931
    outer loop
      vertex -13.0451 -17.2125 17.5866
      vertex -13.0919 -17.3255 17.5048
      vertex -13.0094 -17.3551 17.5048
    endloop
  endfacet
  facet normal -0.330567 -0.699441 0.633646
    outer loop
      vertex -13.2739 -17.4802 17.3073
      vertex -13.3179 -17.5625 17.1935
      vertex -13.1753 -17.5268 17.3073
    endloop
  endfacet
  facet normal -0.331079 -0.6988 0.634086
    outer loop
      vertex -13.1753 -17.5268 17.3073
      vertex -13.3179 -17.5625 17.1935
      vertex -13.2111 -17.6131 17.1935
    endloop
  endfacet
  facet normal -0.113222 -0.765064 0.633923
    outer loop
      vertex -12.9668 -17.5901 17.3073
      vertex -12.985 -17.6817 17.1935
      vertex -12.8681 -17.699 17.1935
    endloop
  endfacet
  facet normal -0.103782 -0.699877 0.706684
    outer loop
      vertex -12.8487 -17.5025 17.4114
      vertex -12.9668 -17.5901 17.3073
      vertex -12.8589 -17.6061 17.3073
    endloop
  endfacet
  facet normal 0 -1 0
    outer loop
      vertex -12.75 -18 0.00999928
      vertex 12.75 -18 0.2
      vertex -12.75 -18 0.2
    endloop
  endfacet
  facet normal 0 -1 -0
    outer loop
      vertex 12.75 -18 0.2
      vertex -12.75 -18 0.00999928
      vertex 12.75 -18 0.00999928
    endloop
  endfacet
  facet normal 0 -1 0.000115253
    outer loop
      vertex -12.75 -17.9989 10.3
      vertex 12.75 -17.9982 16.3736
      vertex -12.75 -17.9982 16.3736
    endloop
  endfacet
  facet normal 0 -1 0.000115253
    outer loop
      vertex 12.75 -17.9982 16.3736
      vertex -12.75 -17.9989 10.3
      vertex 12.75 -17.9989 10.3
    endloop
  endfacet
  facet normal 0 -1 0.0001
    outer loop
      vertex -12.75 -17.999 9.5
      vertex -4.75 -17.9993 6.5
      vertex 12.75 -17.999 9.5
    endloop
  endfacet
  facet normal 2.20588e-06 -1 0.000105882
    outer loop
      vertex -12.75 -17.9999 1
      vertex -4.75 -17.9993 6.5
      vertex -12.75 -17.999 9.5
    endloop
  endfacet
  facet normal 0 -1 0.0001
    outer loop
      vertex -4.75 -17.9997 3
      vertex -12.75 -17.9999 1
      vertex 4.75 -17.9997 3
    endloop
  endfacet
  facet normal -3.57143e-06 -1 0.000114286
    outer loop
      vertex -4.75 -17.9993 6.5
      vertex -12.75 -17.9999 1
      vertex -4.75 -17.9997 3
    endloop
  endfacet
  facet normal 0 -1 0.0001
    outer loop
      vertex 4.75 -17.9993 6.5
      vertex 12.75 -17.999 9.5
      vertex -4.75 -17.9993 6.5
    endloop
  endfacet
  facet normal 3.57143e-06 -1 0.000114286
    outer loop
      vertex 12.75 -17.9999 1
      vertex 4.75 -17.9993 6.5
      vertex 4.75 -17.9997 3
    endloop
  endfacet
  facet normal -2.20588e-06 -1 0.000105882
    outer loop
      vertex 4.75 -17.9993 6.5
      vertex 12.75 -17.9999 1
      vertex 12.75 -17.999 9.5
    endloop
  endfacet
  facet normal 0 -1 0.0001
    outer loop
      vertex 12.75 -17.9999 1
      vertex 4.75 -17.9997 3
      vertex -12.75 -17.9999 1
    endloop
  endfacet
  facet normal 0.835532 -0.394761 0.382165
    outer loop
      vertex 14.0028 -17.0189 16.9413
      vertex 13.9956 -17.1658 16.8053
      vertex 14.0548 -17.0405 16.8053
    endloop
  endfacet
  facet normal 0.61591 -0.558257 0.555881
    outer loop
      vertex 13.6813 -17.2643 17.1935
      vertex 13.6019 -17.3519 17.1935
      vertex 13.6598 -17.4098 17.0712
    endloop
  endfacet
  facet normal 0.841131 -0.504409 0.195113
    outer loop
      vertex 14.0332 -17.1859 16.6645
      vertex 13.9837 -17.3243 16.5201
      vertex 14.0586 -17.1994 16.5201
    endloop
  endfacet
  facet normal 0.923471 -0.330498 0.194866
    outer loop
      vertex 14.1424 -16.9224 16.6645
      vertex 14.0943 -17.0568 16.6645
      vertex 14.1699 -16.9307 16.5201
    endloop
  endfacet
  facet normal 0.627881 -0.0930908 0.772722
    outer loop
      vertex 13.7525 -16.5987 17.4114
      vertex 13.6392 -16.5876 17.5048
      vertex 13.738 -16.6965 17.4114
    endloop
  endfacet
  facet normal 0.713065 -0.427312 0.555826
    outer loop
      vertex 13.8847 -17.1065 17.0712
      vertex 13.8125 -17.0679 17.1935
      vertex 13.8198 -17.2148 17.0712
    endloop
  endfacet
  facet normal 0.782885 -0.279837 0.555683
    outer loop
      vertex 13.9812 -16.8735 17.0712
      vertex 13.9029 -16.8497 17.1935
      vertex 13.9387 -16.9924 17.0712
    endloop
  endfacet
  facet normal 0.765139 -0.113459 0.63379
    outer loop
      vertex 13.8561 -16.6089 17.3073
      vertex 13.8401 -16.7168 17.3073
      vertex 13.949 -16.6181 17.1935
    endloop
  endfacet
  facet normal 0.511808 -0.853468 0.0982066
    outer loop
      vertex 13.5743 -17.7337 16.5201
      vertex 13.4494 -17.8086 16.5201
      vertex 13.5824 -17.7457 16.3736
    endloop
  endfacet
  facet normal 0.322441 -0.901039 0.290105
    outer loop
      vertex 13.2905 -17.8048 16.8053
      vertex 13.16 -17.8515 16.8053
      vertex 13.3068 -17.8443 16.6645
    endloop
  endfacet
  facet normal 0.742318 -0.550408 0.382119
    outer loop
      vertex 13.8775 -17.2533 16.9413
      vertex 13.8417 -17.396 16.8053
      vertex 13.9243 -17.2846 16.8053
    endloop
  endfacet
  facet normal 0.653806 -0.592802 0.470237
    outer loop
      vertex 13.7982 -17.3602 16.9413
      vertex 13.6598 -17.4098 17.0712
      vertex 13.7088 -17.4588 16.9413
    endloop
  endfacet
  facet normal 0.737703 -0.667994 0.097871
    outer loop
      vertex 13.9081 -17.4504 16.3736
      vertex 13.7992 -17.5492 16.5201
      vertex 13.8094 -17.5594 16.3736
    endloop
  endfacet
  facet normal 0.788062 -0.583974 0.19476
    outer loop
      vertex 13.9837 -17.3243 16.5201
      vertex 13.8748 -17.4231 16.6645
      vertex 13.897 -17.4413 16.5201
    endloop
  endfacet
  facet normal -0.822586 -0.121734 0.555457
    outer loop
      vertex -13.949 -16.6181 17.1935
      vertex -14.0304 -16.6261 17.0712
      vertex -13.9317 -16.735 17.1935
    endloop
  endfacet
  facet normal -0.83052 -0.0408344 0.555491
    outer loop
      vertex -13.9548 -16.5 17.1935
      vertex -14.0366 -16.5 17.0712
      vertex -14.0304 -16.6261 17.0712
    endloop
  endfacet
  facet normal -0.870078 -0.311089 0.382346
    outer loop
      vertex -14.0476 -16.8936 16.9413
      vertex -14.1015 -16.91 16.8053
      vertex -14.0028 -17.0189 16.9413
    endloop
  endfacet
  facet normal -0.872819 -0.129994 0.470413
    outer loop
      vertex -14.0119 -16.751 17.0712
      vertex -14.0995 -16.6329 16.9413
      vertex -14.0799 -16.7645 16.9413
    endloop
  endfacet
  facet normal -0.830871 -0.296989 0.470585
    outer loop
      vertex -13.9812 -16.8735 17.0712
      vertex -14.0028 -17.0189 16.9413
      vertex -13.9387 -16.9924 17.0712
    endloop
  endfacet
  facet normal -0.797642 -0.377272 0.470566
    outer loop
      vertex -13.9387 -16.9924 17.0712
      vertex -14.0028 -17.0189 16.9413
      vertex -13.9459 -17.1392 16.9413
    endloop
  endfacet
  facet normal -0.870076 -0.311361 0.382128
    outer loop
      vertex -14.0028 -17.0189 16.9413
      vertex -14.1015 -16.91 16.8053
      vertex -14.0548 -17.0405 16.8053
    endloop
  endfacet
  facet normal -0.896293 -0.224247 0.382586
    outer loop
      vertex -14.0799 -16.7645 16.9413
      vertex -14.1352 -16.7755 16.8053
      vertex -14.0476 -16.8936 16.9413
    endloop
  endfacet
  facet normal -0.750121 -0.188348 0.633911
    outer loop
      vertex -13.8401 -16.7168 17.3073
      vertex -13.9317 -16.735 17.1935
      vertex -13.9029 -16.8497 17.1935
    endloop
  endfacet
  facet normal -0.750444 -0.187966 0.633642
    outer loop
      vertex -13.8401 -16.7168 17.3073
      vertex -13.9029 -16.8497 17.1935
      vertex -13.8136 -16.8226 17.3073
    endloop
  endfacet
  facet normal -0.475058 -0.524381 0.706643
    outer loop
      vertex -13.389 -17.2787 17.4114
      vertex -13.5359 -17.2859 17.3073
      vertex -13.4551 -17.3591 17.3073
    endloop
  endfacet
  facet normal -0.519306 -0.573223 0.633828
    outer loop
      vertex -13.4551 -17.3591 17.3073
      vertex -13.5359 -17.2859 17.3073
      vertex -13.5143 -17.4313 17.1935
    endloop
  endfacet
  facet normal -0.62071 -0.461118 0.634105
    outer loop
      vertex -13.6741 -17.1175 17.3073
      vertex -13.7518 -17.1694 17.1935
      vertex -13.6813 -17.2643 17.1935
    endloop
  endfacet
  facet normal -0.708242 -0.525943 0.470932
    outer loop
      vertex -13.7445 -17.3162 17.0712
      vertex -13.8198 -17.2148 17.0712
      vertex -13.7982 -17.3602 16.9413
    endloop
  endfacet
  facet normal -0.426319 -0.470621 0.772508
    outer loop
      vertex -13.3169 -17.1907 17.5048
      vertex -13.4623 -17.2123 17.4114
      vertex -13.389 -17.2787 17.4114
    endloop
  endfacet
  facet normal -0.426561 -0.470014 0.772744
    outer loop
      vertex -13.3818 -17.1318 17.5048
      vertex -13.4623 -17.2123 17.4114
      vertex -13.3169 -17.1907 17.5048
    endloop
  endfacet
  facet normal -0.544292 -0.326447 0.772774
    outer loop
      vertex -13.538 -16.9212 17.5048
      vertex -13.6384 -16.9749 17.4114
      vertex -13.5876 -17.0596 17.4114
    endloop
  endfacet
  facet normal -0.470621 -0.426319 0.772508
    outer loop
      vertex -13.4407 -17.0669 17.5048
      vertex -13.5287 -17.139 17.4114
      vertex -13.4623 -17.2123 17.4114
    endloop
  endfacet
  facet normal -0.56827 -0.42155 0.706658
    outer loop
      vertex -13.5876 -17.0596 17.4114
      vertex -13.6741 -17.1175 17.3073
      vertex -13.5287 -17.139 17.4114
    endloop
  endfacet
  facet normal -0.509979 -0.37831 0.77253
    outer loop
      vertex -13.4407 -17.0669 17.5048
      vertex -13.5876 -17.0596 17.4114
      vertex -13.5287 -17.139 17.4114
    endloop
  endfacet
  facet normal -0.984443 -0.146144 0.0975416
    outer loop
      vertex -14.2053 -16.7895 16.5201
      vertex -14.241 -16.6468 16.3736
      vertex -14.2194 -16.7923 16.3736
    endloop
  endfacet
  facet normal -0.98916 -0.146844 0.000110603
    outer loop
      vertex -14.241 -16.6468 16.3736
      vertex -14.2428 -16.647 0.00999928
      vertex -14.2194 -16.7923 16.3736
    endloop
  endfacet
  facet normal -0.788052 -0.583997 0.194737
    outer loop
      vertex -13.9598 -17.3084 16.6645
      vertex -13.9837 -17.3243 16.5201
      vertex -13.8748 -17.4231 16.6645
    endloop
  endfacet
  facet normal -0.835532 -0.394761 0.382165
    outer loop
      vertex -14.0028 -17.0189 16.9413
      vertex -14.0548 -17.0405 16.8053
      vertex -13.9956 -17.1658 16.8053
    endloop
  endfacet
  facet normal -0.124285 -0.26238 0.956927
    outer loop
      vertex -12.9218 -16.8214 17.755
      vertex -12.9434 -16.9669 17.7123
      vertex -12.8895 -16.8367 17.755
    endloop
  endfacet
  facet normal -0.307583 -0.228182 0.923756
    outer loop
      vertex -13.1702 -16.7807 17.7123
      vertex -13.2832 -16.8563 17.656
      vertex -13.1406 -16.8206 17.7123
    endloop
  endfacet
  facet normal -0.262399 -0.124171 0.956937
    outer loop
      vertex -13.0714 -16.6718 17.755
      vertex -13.2169 -16.6934 17.7123
      vertex -13.1957 -16.7382 17.7123
    endloop
  endfacet
  facet normal -0.283444 -0.257184 0.923859
    outer loop
      vertex -13.1406 -16.8206 17.7123
      vertex -13.2458 -16.9069 17.656
      vertex -13.1073 -16.8573 17.7123
    endloop
  endfacet
  facet normal -0.042149 -0.088377 0.995195
    outer loop
      vertex -12.7847 -16.5649 17.7982
      vertex -12.8538 -16.6941 17.7838
      vertex -12.7782 -16.568 17.7982
    endloop
  endfacet
  facet normal -0.0726008 0.0657945 0.995189
    outer loop
      vertex -12.9056 16.6556 17.7838
      vertex -12.9201 16.6396 17.7838
      vertex -12.8069 16.5467 17.7982
    endloop
  endfacet
  facet normal 0.156987 0.11706 0.980639
    outer loop
      vertex 13.0317 16.7312 17.755
      vertex 12.9201 16.6396 17.7838
      vertex 12.933 16.6223 17.7838
    endloop
  endfacet
  facet normal -0.0921958 -0.0331541 0.995189
    outer loop
      vertex -12.818 -16.5282 17.7982
      vertex -12.9606 -16.5639 17.7838
      vertex -12.9533 -16.5842 17.7838
    endloop
  endfacet
  facet normal -0.0503895 -0.0839825 0.995192
    outer loop
      vertex -12.7909 -16.5612 17.7982
      vertex -12.8723 -16.683 17.7838
      vertex -12.8538 -16.6941 17.7838
    endloop
  endfacet
  facet normal -0.058554 -0.0785259 0.995191
    outer loop
      vertex -12.7909 -16.5612 17.7982
      vertex -12.8896 -16.6701 17.7838
      vertex -12.8723 -16.683 17.7838
    endloop
  endfacet
  facet normal -0.0243996 -0.0948875 0.995189
    outer loop
      vertex -12.7714 -16.5704 17.7982
      vertex -12.7929 -16.7159 17.7838
      vertex -12.7644 -16.5722 17.7982
    endloop
  endfacet
  facet normal 0.0978221 0 0.995204
    outer loop
      vertex 12.8236 16.5 17.7982
      vertex 12.9701 -16.5 17.7838
      vertex 12.9701 16.5 17.7838
    endloop
  endfacet
  facet normal 0.0978221 0 0.995204
    outer loop
      vertex 12.9701 -16.5 17.7838
      vertex 12.8236 16.5 17.7982
      vertex 12.8236 -16.5 17.7982
    endloop
  endfacet
  facet normal -0.287354 -0.0427226 0.956871
    outer loop
      vertex -13.1075 -16.5711 17.755
      vertex -13.2529 -16.5495 17.7123
      vertex -13.2456 -16.5986 17.7123
    endloop
  endfacet
  facet normal -0.184284 -0.0661672 0.980643
    outer loop
      vertex -12.9533 -16.5842 17.7838
      vertex -13.0988 -16.6058 17.755
      vertex -13.0867 -16.6395 17.755
    endloop
  endfacet
  facet normal -0.19556 -0.0099591 0.980641
    outer loop
      vertex -12.9701 -16.5 17.7838
      vertex -13.1127 -16.5357 17.755
      vertex -12.969 -16.5216 17.7838
    endloop
  endfacet
  facet normal 0.0923376 -0.0325897 0.995194
    outer loop
      vertex 12.8204 -16.5214 17.7982
      vertex 12.818 -16.5282 17.7982
      vertex 12.9606 -16.5639 17.7838
    endloop
  endfacet
  facet normal 0.0501784 -0.0840826 0.995195
    outer loop
      vertex 12.7909 -16.5612 17.7982
      vertex 12.7847 -16.5649 17.7982
      vertex 12.8538 -16.6941 17.7838
    endloop
  endfacet
  facet normal -0.0977988 -0.0049805 0.995194
    outer loop
      vertex -12.8232 -16.5072 17.7982
      vertex -12.9701 -16.5 17.7838
      vertex -12.969 -16.5216 17.7838
    endloop
  endfacet
  facet normal 0.0978206 -0.00543448 0.995189
    outer loop
      vertex 12.8236 -16.5 17.7982
      vertex 12.8232 -16.5072 17.7982
      vertex 12.9701 -16.5 17.7838
    endloop
  endfacet
  facet normal -0.145154 0.13146 0.980637
    outer loop
      vertex -13.0077 16.7577 17.755
      vertex -13.0317 16.7312 17.755
      vertex -12.9056 16.6556 17.7838
    endloop
  endfacet
  facet normal -0.195584 0.00986139 0.980637
    outer loop
      vertex -13.1127 16.5357 17.755
      vertex -13.1145 16.5 17.755
      vertex -12.9701 16.5 17.7838
    endloop
  endfacet
  facet normal 0.0970531 0.0134796 0.995188
    outer loop
      vertex 12.9659 16.5429 17.7838
      vertex 12.8222 16.5144 17.7982
      vertex 12.8232 16.5072 17.7982
    endloop
  endfacet
  facet normal -0.0134796 -0.0970531 0.995188
    outer loop
      vertex -12.7644 -16.5722 17.7982
      vertex -12.7929 -16.7159 17.7838
      vertex -12.7572 -16.5732 17.7982
    endloop
  endfacet
  facet normal -0.215272 0.194963 0.956895
    outer loop
      vertex -13.0077 16.7577 17.755
      vertex -13.1073 16.8573 17.7123
      vertex -13.0317 16.7312 17.755
    endloop
  endfacet
  facet normal -0.0657945 0.0726008 0.995189
    outer loop
      vertex -12.8896 16.6701 17.7838
      vertex -12.9056 16.6556 17.7838
      vertex -12.7967 16.5569 17.7982
    endloop
  endfacet
  facet normal -0.378698 0.0563033 0.923806
    outer loop
      vertex -13.2456 16.5986 17.7123
      vertex -13.379 16.6251 17.656
      vertex -13.2529 16.5495 17.7123
    endloop
  endfacet
  facet normal -0.287354 0.0427226 0.956871
    outer loop
      vertex -13.2456 16.5986 17.7123
      vertex -13.2529 16.5495 17.7123
      vertex -13.1075 16.5711 17.755
    endloop
  endfacet
  facet normal -0.444298 -0.1585 0.881747
    outer loop
      vertex -13.3425 -16.7454 17.656
      vertex -13.4879 -16.7239 17.5866
      vertex -13.4625 -16.7951 17.5866
    endloop
  endfacet
  facet normal -0.549909 -0.0816042 0.831228
    outer loop
      vertex -13.5174 -16.5756 17.5866
      vertex -13.6264 -16.6743 17.5048
      vertex -13.5063 -16.6504 17.5866
    endloop
  endfacet
  facet normal -0.597325 -0.214313 0.772834
    outer loop
      vertex -13.6051 -16.7594 17.5048
      vertex -13.6807 -16.8855 17.4114
      vertex -13.5755 -16.8419 17.5048
    endloop
  endfacet
  facet normal -0.523688 -0.187893 0.830931
    outer loop
      vertex -13.4625 -16.7951 17.5866
      vertex -13.6051 -16.7594 17.5048
      vertex -13.5755 -16.8419 17.5048
    endloop
  endfacet
  facet normal -0.262399 0.124171 0.956937
    outer loop
      vertex -13.1957 16.7382 17.7123
      vertex -13.2169 16.6934 17.7123
      vertex -13.0714 16.6718 17.755
    endloop
  endfacet
  facet normal -0.549909 0.0816042 0.831228
    outer loop
      vertex -13.5063 16.6504 17.5866
      vertex -13.6264 16.6743 17.5048
      vertex -13.5174 16.5756 17.5866
    endloop
  endfacet
  facet normal -0.37968 0.280633 0.881526
    outer loop
      vertex -13.2458 16.9069 17.656
      vertex -13.3461 16.9892 17.5866
      vertex -13.2832 16.8563 17.656
    endloop
  endfacet
  facet normal -0.331287 0.446573 0.831157
    outer loop
      vertex -13.2464 17.243 17.5048
      vertex -13.3169 17.1907 17.5048
      vertex -13.1784 17.1412 17.5866
    endloop
  endfacet
  facet normal -0.37884 -0.0560342 0.923764
    outer loop
      vertex -13.2529 -16.5495 17.7123
      vertex -13.3882 -16.5629 17.656
      vertex -13.379 -16.6251 17.656
    endloop
  endfacet
  facet normal -0.382519 -0.0188523 0.923755
    outer loop
      vertex -13.2529 -16.5495 17.7123
      vertex -13.3913 -16.5 17.656
      vertex -13.3882 -16.5629 17.656
    endloop
  endfacet
  facet normal -0.328412 -0.197047 0.923752
    outer loop
      vertex -13.1957 -16.7382 17.7123
      vertex -13.2832 -16.8563 17.656
      vertex -13.1702 -16.7807 17.7123
    endloop
  endfacet
  facet normal -0.16805 -0.100721 0.980619
    outer loop
      vertex -12.9441 -16.6038 17.7838
      vertex -13.0714 -16.6718 17.755
      vertex -13.053 -16.7025 17.755
    endloop
  endfacet
  facet normal -0.283412 -0.25726 0.923848
    outer loop
      vertex -13.1073 -16.8573 17.7123
      vertex -13.2458 -16.9069 17.656
      vertex -13.2035 -16.9535 17.656
    endloop
  endfacet
  facet normal -0.13146 -0.145154 0.980637
    outer loop
      vertex -12.9056 -16.6556 17.7838
      vertex -13.0077 -16.7577 17.755
      vertex -12.9812 -16.7817 17.755
    endloop
  endfacet
  facet normal 0 0.831213 0.555954
    outer loop
      vertex 12.75 17.7866 17.0712
      vertex -12.75 17.7048 17.1935
      vertex 12.75 17.7048 17.1935
    endloop
  endfacet
  facet normal 0 0.831213 0.555954
    outer loop
      vertex -12.75 17.7048 17.1935
      vertex 12.75 17.7866 17.0712
      vertex -12.75 17.7866 17.0712
    endloop
  endfacet
  facet normal 0.923471 0.330498 0.194866
    outer loop
      vertex 14.1699 16.9307 16.5201
      vertex 14.0943 17.0568 16.6645
      vertex 14.1424 16.9224 16.6645
    endloop
  endfacet
  facet normal 0.513896 0.857853 0.000112143
    outer loop
      vertex 13.4571 17.8229 0.00999928
      vertex 13.4562 17.8213 16.3736
      vertex 13.5824 17.7457 16.3736
    endloop
  endfacet
  facet normal 0.014622 0.290003 0.956914
    outer loop
      vertex 12.7995 17.0029 17.7123
      vertex 12.75 16.8645 17.755
      vertex 12.7857 16.8627 17.755
    endloop
  endfacet
  facet normal 0.042149 0.088377 0.995195
    outer loop
      vertex 12.8538 16.6941 17.7838
      vertex 12.7782 16.568 17.7982
      vertex 12.7847 16.5649 17.7982
    endloop
  endfacet
  facet normal 0.0661672 0.184284 0.980643
    outer loop
      vertex 12.8558 16.8488 17.755
      vertex 12.8342 16.7033 17.7838
      vertex 12.8895 16.8367 17.755
    endloop
  endfacet
  facet normal 0.149364 0.24894 0.956932
    outer loop
      vertex 12.9882 16.9457 17.7123
      vertex 12.9218 16.8214 17.755
      vertex 13.0307 16.9202 17.7123
    endloop
  endfacet
  facet normal -0 0.555954 0.831213
    outer loop
      vertex -12.75 17.3935 17.5048
      vertex 12.75 17.2712 17.5866
      vertex 12.75 17.3935 17.5048
    endloop
  endfacet
  facet normal 0 0.555954 0.831213
    outer loop
      vertex 12.75 17.2712 17.5866
      vertex -12.75 17.3935 17.5048
      vertex -12.75 17.2712 17.5866
    endloop
  endfacet
  facet normal 0.1585 0.444298 0.881747
    outer loop
      vertex 13.0451 17.2125 17.5866
      vertex 12.9739 17.2379 17.5866
      vertex 12.9954 17.0925 17.656
    endloop
  endfacet
  facet normal 0.0930908 0.627881 0.772722
    outer loop
      vertex 12.8487 17.5025 17.4114
      vertex 12.8376 17.3892 17.5048
      vertex 12.9465 17.488 17.4114
    endloop
  endfacet
  facet normal 0.237857 0.502987 0.83092
    outer loop
      vertex 13.0919 17.3255 17.5048
      vertex 13.0451 17.2125 17.5866
      vertex 13.1712 17.288 17.5048
    endloop
  endfacet
  facet normal 0.159118 0.444329 0.88162
    outer loop
      vertex 12.9739 17.2379 17.5866
      vertex 12.9362 17.1137 17.656
      vertex 12.9954 17.0925 17.656
    endloop
  endfacet
  facet normal 0.0930285 0.371506 0.923758
    outer loop
      vertex 12.9362 17.1137 17.656
      vertex 12.8751 17.129 17.656
      vertex 12.8967 16.9836 17.7123
    endloop
  endfacet
  facet normal 0.0816042 0.549909 0.831228
    outer loop
      vertex 12.9243 17.3764 17.5048
      vertex 12.8256 17.2674 17.5866
      vertex 12.9004 17.2563 17.5866
    endloop
  endfacet
  facet normal 0.187893 0.523688 0.830931
    outer loop
      vertex 13.0919 17.3255 17.5048
      vertex 13.0094 17.3551 17.5048
      vertex 13.0451 17.2125 17.5866
    endloop
  endfacet
  facet normal 0.285522 0.477139 0.831153
    outer loop
      vertex 13.2464 17.243 17.5048
      vertex 13.1712 17.288 17.5048
      vertex 13.1784 17.1412 17.5866
    endloop
  endfacet
  facet normal 0.0492213 0.993998 0.0977035
    outer loop
      vertex 12.75 17.9982 16.3736
      vertex 12.75 17.9838 16.5201
      vertex 12.8954 17.9766 16.5201
    endloop
  endfacet
  facet normal 0.0469234 0.955896 0.289934
    outer loop
      vertex 12.8926 17.948 16.6645
      vertex 12.75 17.955 16.6645
      vertex 12.8884 17.9055 16.8053
    endloop
  endfacet
  facet normal 0.0469665 0.955905 0.289895
    outer loop
      vertex 12.75 17.955 16.6645
      vertex 12.75 17.9123 16.8053
      vertex 12.8884 17.9055 16.8053
    endloop
  endfacet
  facet normal 0.136104 0.913838 0.382591
    outer loop
      vertex 13.0255 17.8852 16.8053
      vertex 12.8829 17.8495 16.9413
      vertex 13.0145 17.8299 16.9413
    endloop
  endfacet
  facet normal 0.135367 0.914228 0.381921
    outer loop
      vertex 12.8884 17.9055 16.8053
      vertex 12.8829 17.8495 16.9413
      vertex 13.0255 17.8852 16.8053
    endloop
  endfacet
  facet normal 0.322464 0.901022 0.29013
    outer loop
      vertex 13.1724 17.8924 16.6645
      vertex 13.16 17.8515 16.8053
      vertex 13.3068 17.8443 16.6645
    endloop
  endfacet
  facet normal 0.146144 0.984443 0.0975416
    outer loop
      vertex 13.0423 17.9694 16.3736
      vertex 12.8968 17.991 16.3736
      vertex 13.0395 17.9553 16.5201
    endloop
  endfacet
  facet normal 0.145519 0.984474 0.098158
    outer loop
      vertex 12.8968 17.991 16.3736
      vertex 12.8954 17.9766 16.5201
      vertex 13.0395 17.9553 16.5201
    endloop
  endfacet
  facet normal 0.728286 -0.260963 0.633638
    outer loop
      vertex 13.8136 -16.8226 17.3073
      vertex 13.7768 -16.9253 17.3073
      vertex 13.9029 -16.8497 17.1935
    endloop
  endfacet
  facet normal 0.83052 -0.0408344 0.555491
    outer loop
      vertex 14.0366 -16.5 17.0712
      vertex 13.9548 -16.5 17.1935
      vertex 14.0304 -16.6261 17.0712
    endloop
  endfacet
  facet normal 0.63967 0.302663 0.706553
    outer loop
      vertex 13.7302 17.0239 17.3073
      vertex 13.6384 16.9749 17.4114
      vertex 13.6807 16.8855 17.4114
    endloop
  endfacet
  facet normal 0.806547 0.202516 0.555399
    outer loop
      vertex 14.0119 16.751 17.0712
      vertex 13.9029 16.8497 17.1935
      vertex 13.9317 16.735 17.1935
    endloop
  endfacet
  facet normal 0.706701 0.0343941 0.706676
    outer loop
      vertex 13.8561 16.6089 17.3073
      vertex 13.7525 16.5987 17.4114
      vertex 13.8614 16.5 17.3073
    endloop
  endfacet
  facet normal 0.993975 0.0487508 0.0981672
    outer loop
      vertex 14.241 16.6468 16.3736
      vertex 14.2266 16.6454 16.5201
      vertex 14.2482 16.5 16.3736
    endloop
  endfacet
  facet normal 0.615914 0.154139 0.772587
    outer loop
      vertex 13.714 16.7924 17.4114
      vertex 13.6051 16.7594 17.5048
      vertex 13.738 16.6965 17.4114
    endloop
  endfacet
  facet normal 0.615919 0.154161 0.772579
    outer loop
      vertex 13.738 16.6965 17.4114
      vertex 13.6051 16.7594 17.5048
      vertex 13.6264 16.6743 17.5048
    endloop
  endfacet
  facet normal 0.946721 -0.140178 0.289946
    outer loop
      vertex 14.1555 -16.6384 16.8053
      vertex 14.1352 -16.7755 16.8053
      vertex 14.198 -16.6426 16.6645
    endloop
  endfacet
  facet normal 0.901039 -0.322441 0.290105
    outer loop
      vertex 14.1015 -16.91 16.8053
      vertex 14.0548 -17.0405 16.8053
      vertex 14.0943 -17.0568 16.6645
    endloop
  endfacet
  facet normal 0.901022 0.322464 0.29013
    outer loop
      vertex 14.1424 16.9224 16.6645
      vertex 14.0943 17.0568 16.6645
      vertex 14.1015 16.91 16.8053
    endloop
  endfacet
  facet normal 0.956962 -0 0.290215
    outer loop
      vertex 14.1623 -16.5 16.8053
      vertex 14.205 16.5 16.6645
      vertex 14.1623 16.5 16.8053
    endloop
  endfacet
  facet normal 0.956962 0 0.290215
    outer loop
      vertex 14.205 16.5 16.6645
      vertex 14.1623 -16.5 16.8053
      vertex 14.205 -16.5 16.6645
    endloop
  endfacet
  facet normal 0.870078 0.311089 0.382346
    outer loop
      vertex 14.1015 16.91 16.8053
      vertex 14.0028 17.0189 16.9413
      vertex 14.0476 16.8936 16.9413
    endloop
  endfacet
  facet normal 0.881103 0.0430938 0.470957
    outer loop
      vertex 14.0995 16.6329 16.9413
      vertex 14.0304 16.6261 17.0712
      vertex 14.106 16.5 16.9413
    endloop
  endfacet
  facet normal 0.980685 -0 0.195594
    outer loop
      vertex 14.205 -16.5 16.6645
      vertex 14.2338 16.5 16.5201
      vertex 14.205 16.5 16.6645
    endloop
  endfacet
  facet normal 0.980685 0 0.195594
    outer loop
      vertex 14.2338 16.5 16.5201
      vertex 14.205 -16.5 16.6645
      vertex 14.2338 -16.5 16.5201
    endloop
  endfacet
  facet normal 0.984474 -0.145519 0.098158
    outer loop
      vertex 14.2266 -16.6454 16.5201
      vertex 14.2053 -16.7895 16.5201
      vertex 14.241 -16.6468 16.3736
    endloop
  endfacet
  facet normal 0.596073 0.80293 0.000112407
    outer loop
      vertex 13.7016 17.6595 0.00999928
      vertex 13.5824 17.7457 16.3736
      vertex 13.7004 17.6581 16.3736
    endloop
  endfacet
  facet normal 0.330713 0.923437 0.19466
    outer loop
      vertex 13.3178 17.8708 16.5201
      vertex 13.1807 17.9199 16.5201
      vertex 13.3068 17.8443 16.6645
    endloop
  endfacet
  facet normal 0.726746 0.658719 0.194754
    outer loop
      vertex 13.897 17.4413 16.5201
      vertex 13.7992 17.5492 16.5201
      vertex 13.8748 17.4231 16.6645
    endloop
  endfacet
  facet normal 0.80293 0.596073 0.000112407
    outer loop
      vertex 13.9095 17.4516 0.00999928
      vertex 13.9081 17.4504 16.3736
      vertex 13.9957 17.3324 16.3736
    endloop
  endfacet
  facet normal 0.573703 0.271297 0.772828
    outer loop
      vertex 13.6807 16.8855 17.4114
      vertex 13.538 16.9212 17.5048
      vertex 13.5755 16.8419 17.5048
    endloop
  endfacet
  facet normal 0.606806 0.36394 0.706636
    outer loop
      vertex 13.6741 17.1175 17.3073
      vertex 13.5876 17.0596 17.4114
      vertex 13.6384 16.9749 17.4114
    endloop
  endfacet
  facet normal 0.8865 0.41956 0.19516
    outer loop
      vertex 14.0586 17.1994 16.5201
      vertex 14.0332 17.1859 16.6645
      vertex 14.0943 17.0568 16.6645
    endloop
  endfacet
  facet normal 0.477092 0.285961 0.831029
    outer loop
      vertex 13.538 16.9212 17.5048
      vertex 13.3912 16.9284 17.5866
      vertex 13.4301 16.8635 17.5866
    endloop
  endfacet
  facet normal 0.326447 0.544292 0.772774
    outer loop
      vertex 13.2249 17.3884 17.4114
      vertex 13.1712 17.288 17.5048
      vertex 13.3096 17.3376 17.4114
    endloop
  endfacet
  facet normal 0.461118 0.62071 0.634105
    outer loop
      vertex 13.4194 17.5018 17.1935
      vertex 13.3675 17.4241 17.3073
      vertex 13.5143 17.4313 17.1935
    endloop
  endfacet
  facet normal 0.653806 0.592802 0.470237
    outer loop
      vertex 13.7088 17.4588 16.9413
      vertex 13.6598 17.4098 17.0712
      vertex 13.7982 17.3602 16.9413
    endloop
  endfacet
  facet normal 0.593239 0.799113 0.0973968
    outer loop
      vertex 13.7004 17.6581 16.3736
      vertex 13.5824 17.7457 16.3736
      vertex 13.6913 17.647 16.5201
    endloop
  endfacet
  facet normal 0.371473 0.0926751 0.923807
    outer loop
      vertex 13.379 16.6251 17.656
      vertex 13.2336 16.6467 17.7123
      vertex 13.2456 16.5986 17.7123
    endloop
  endfacet
  facet normal 0.36055 0.129116 0.92376
    outer loop
      vertex 13.3425 16.7454 17.656
      vertex 13.2336 16.6467 17.7123
      vertex 13.3637 16.6862 17.656
    endloop
  endfacet
  facet normal -0.525694 0.708659 0.470584
    outer loop
      vertex -13.5033 17.6275 16.9413
      vertex -13.6102 17.5482 16.9413
      vertex -13.4648 17.5698 17.0712
    endloop
  endfacet
  facet normal -0.475149 0.792609 0.382105
    outer loop
      vertex -13.3892 17.6959 16.9413
      vertex -13.5346 17.6743 16.8053
      vertex -13.5033 17.6275 16.9413
    endloop
  endfacet
  facet normal -0.519511 0.573163 0.633713
    outer loop
      vertex -13.5143 17.4313 17.1935
      vertex -13.6019 17.3519 17.1935
      vertex -13.5359 17.2859 17.3073
    endloop
  endfacet
  facet normal -0.558257 0.61591 0.555881
    outer loop
      vertex -13.5143 17.4313 17.1935
      vertex -13.6598 17.4098 17.0712
      vertex -13.6019 17.3519 17.1935
    endloop
  endfacet
  facet normal -0.667595 0.495948 0.555295
    outer loop
      vertex -13.6813 17.2643 17.1935
      vertex -13.8198 17.2148 17.0712
      vertex -13.7518 17.1694 17.1935
    endloop
  endfacet
  facet normal -0.699441 0.330567 0.633646
    outer loop
      vertex -13.7302 17.0239 17.3073
      vertex -13.8125 17.0679 17.1935
      vertex -13.7768 16.9253 17.3073
    endloop
  endfacet
  facet normal -0.583974 0.788062 0.19476
    outer loop
      vertex -13.5743 17.7337 16.5201
      vertex -13.6913 17.647 16.5201
      vertex -13.6731 17.6248 16.6645
    endloop
  endfacet
  facet normal -0.592495 0.79956 0.0982521
    outer loop
      vertex -13.5824 17.7457 16.3736
      vertex -13.6913 17.647 16.5201
      vertex -13.5743 17.7337 16.5201
    endloop
  endfacet
  facet normal -0.014622 0.290003 0.956914
    outer loop
      vertex -12.75 16.8645 17.755
      vertex -12.7995 17.0029 17.7123
      vertex -12.7857 16.8627 17.755
    endloop
  endfacet
  facet normal -0.0140696 0.290186 0.956867
    outer loop
      vertex -12.75 17.0053 17.7123
      vertex -12.7995 17.0029 17.7123
      vertex -12.75 16.8645 17.755
    endloop
  endfacet
  facet normal -0.0661672 0.184284 0.980643
    outer loop
      vertex -12.8558 16.8488 17.755
      vertex -12.8895 16.8367 17.755
      vertex -12.8342 16.7033 17.7838
    endloop
  endfacet
  facet normal -0.0479107 0.189835 0.980646
    outer loop
      vertex -12.7929 16.7159 17.7838
      vertex -12.8558 16.8488 17.755
      vertex -12.8139 16.7106 17.7838
    endloop
  endfacet
  facet normal -0.201677 0.426596 0.88167
    outer loop
      vertex -12.9954 17.0925 17.656
      vertex -13.1135 17.1801 17.5866
      vertex -13.0523 17.0656 17.656
    endloop
  endfacet
  facet normal -0.242776 0.404627 0.881667
    outer loop
      vertex -13.0523 17.0656 17.656
      vertex -13.1135 17.1801 17.5866
      vertex -13.1063 17.0332 17.656
    endloop
  endfacet
  facet normal -0.100721 0.16805 0.980619
    outer loop
      vertex -12.9218 16.8214 17.755
      vertex -12.9525 16.803 17.755
      vertex -12.8538 16.6941 17.7838
    endloop
  endfacet
  facet normal -0.0981006 0.273222 0.956936
    outer loop
      vertex -12.8558 16.8488 17.755
      vertex -12.9434 16.9669 17.7123
      vertex -12.8895 16.8367 17.755
    endloop
  endfacet
  facet normal -0.129116 0.36055 0.92376
    outer loop
      vertex -12.9362 17.1137 17.656
      vertex -12.9954 17.0925 17.656
      vertex -12.8967 16.9836 17.7123
    endloop
  endfacet
  facet normal -0.0930285 0.371506 0.923758
    outer loop
      vertex -12.8751 17.129 17.656
      vertex -12.9362 17.1137 17.656
      vertex -12.8967 16.9836 17.7123
    endloop
  endfacet
  facet normal -0.173051 0.233171 0.956914
    outer loop
      vertex -12.9525 16.803 17.755
      vertex -13.0307 16.9202 17.7123
      vertex -12.9812 16.7817 17.755
    endloop
  endfacet
  facet normal -0.307583 0.228182 0.923756
    outer loop
      vertex -13.1406 16.8206 17.7123
      vertex -13.2832 16.8563 17.656
      vertex -13.1702 16.7807 17.7123
    endloop
  endfacet
  facet normal -0.058554 0.0785259 0.995191
    outer loop
      vertex -12.8723 16.683 17.7838
      vertex -12.8896 16.6701 17.7838
      vertex -12.7909 16.5612 17.7982
    endloop
  endfacet
  facet normal -0.11706 0.156987 0.980639
    outer loop
      vertex -12.8723 16.683 17.7838
      vertex -12.9812 16.7817 17.755
      vertex -12.8896 16.6701 17.7838
    endloop
  endfacet
  facet normal -0.0816042 0.549909 0.831228
    outer loop
      vertex -12.8256 17.2674 17.5866
      vertex -12.9243 17.3764 17.5048
      vertex -12.9004 17.2563 17.5866
    endloop
  endfacet
  facet normal -0.134981 0.53929 0.831232
    outer loop
      vertex -12.9243 17.3764 17.5048
      vertex -13.0094 17.3551 17.5048
      vertex -12.9004 17.2563 17.5866
    endloop
  endfacet
  facet normal -0.26238 0.124285 0.956927
    outer loop
      vertex -13.0714 16.6718 17.755
      vertex -13.2169 16.6934 17.7123
      vertex -13.0867 16.6395 17.755
    endloop
  endfacet
  facet normal -0.195113 0.215035 0.956917
    outer loop
      vertex -13.0706 16.8906 17.7123
      vertex -13.1073 16.8573 17.7123
      vertex -12.9812 16.7817 17.755
    endloop
  endfacet
  facet normal -0.184284 0.0661672 0.980643
    outer loop
      vertex -13.0867 16.6395 17.755
      vertex -13.0988 16.6058 17.755
      vertex -12.9533 16.5842 17.7838
    endloop
  endfacet
  facet normal -0.273222 0.0981006 0.956936
    outer loop
      vertex -13.0867 16.6395 17.755
      vertex -13.2169 16.6934 17.7123
      vertex -13.0988 16.6058 17.755
    endloop
  endfacet
  facet normal -0.317322 0.349579 0.881533
    outer loop
      vertex -13.1569 16.9958 17.656
      vertex -13.2392 17.0961 17.5866
      vertex -13.2035 16.9535 17.656
    endloop
  endfacet
  facet normal -0.283444 0.257184 0.923859
    outer loop
      vertex -13.1073 16.8573 17.7123
      vertex -13.2458 16.9069 17.656
      vertex -13.1406 16.8206 17.7123
    endloop
  endfacet
  facet normal -0.302663 0.63967 0.706553
    outer loop
      vertex -13.1355 17.4307 17.4114
      vertex -13.2739 17.4802 17.3073
      vertex -13.2249 17.3884 17.4114
    endloop
  endfacet
  facet normal -0.331274 0.446596 0.831149
    outer loop
      vertex -13.1784 17.1412 17.5866
      vertex -13.3169 17.1907 17.5048
      vertex -13.2392 17.0961 17.5866
    endloop
  endfacet
  facet normal -0.519306 0.573223 0.633828
    outer loop
      vertex -13.5143 17.4313 17.1935
      vertex -13.5359 17.2859 17.3073
      vertex -13.4551 17.3591 17.3073
    endloop
  endfacet
  facet normal -0.495948 0.667595 0.555295
    outer loop
      vertex -13.4648 17.5698 17.0712
      vertex -13.5143 17.4313 17.1935
      vertex -13.4194 17.5018 17.1935
    endloop
  endfacet
  facet normal -0.573223 0.519306 0.633828
    outer loop
      vertex -13.5359 17.2859 17.3073
      vertex -13.6813 17.2643 17.1935
      vertex -13.6091 17.2051 17.3073
    endloop
  endfacet
  facet normal -0.607004 0.363813 0.706531
    outer loop
      vertex -13.6741 17.1175 17.3073
      vertex -13.7302 17.0239 17.3073
      vertex -13.6384 16.9749 17.4114
    endloop
  endfacet
  facet normal -0.523688 0.187893 0.830931
    outer loop
      vertex -13.5755 16.8419 17.5048
      vertex -13.6051 16.7594 17.5048
      vertex -13.4625 16.7951 17.5866
    endloop
  endfacet
  facet normal -0.411954 0.373869 0.830973
    outer loop
      vertex -13.3818 17.1318 17.5048
      vertex -13.4407 17.0669 17.5048
      vertex -13.2953 17.0453 17.5866
    endloop
  endfacet
  facet normal -0.242547 0.404661 0.881715
    outer loop
      vertex -13.1135 17.1801 17.5866
      vertex -13.1784 17.1412 17.5866
      vertex -13.1063 17.0332 17.656
    endloop
  endfacet
  facet normal -0.326061 0.544885 0.772518
    outer loop
      vertex -13.1712 17.288 17.5048
      vertex -13.3096 17.3376 17.4114
      vertex -13.2464 17.243 17.5048
    endloop
  endfacet
  facet normal 0.555954 0 0.831213
    outer loop
      vertex 13.5212 16.5 17.5866
      vertex 13.6435 -16.5 17.5048
      vertex 13.6435 16.5 17.5048
    endloop
  endfacet
  facet normal 0.555954 0 0.831213
    outer loop
      vertex 13.6435 -16.5 17.5048
      vertex 13.5212 16.5 17.5866
      vertex 13.5212 -16.5 17.5866
    endloop
  endfacet
  facet normal 0.42631 -0.201936 0.881749
    outer loop
      vertex 13.4625 -16.7951 17.5866
      vertex 13.3425 -16.7454 17.656
      vertex 13.4301 -16.8635 17.5866
    endloop
  endfacet
  facet normal 0.706701 -0.0343941 0.706676
    outer loop
      vertex 13.8614 -16.5 17.3073
      vertex 13.7525 -16.5987 17.4114
      vertex 13.8561 -16.6089 17.3073
    endloop
  endfacet
  facet normal 0.52359 -0.186786 0.831243
    outer loop
      vertex 13.4879 -16.7239 17.5866
      vertex 13.4625 -16.7951 17.5866
      vertex 13.6051 -16.7594 17.5048
    endloop
  endfacet
  facet normal 0.382519 -0.0188523 0.923755
    outer loop
      vertex 13.3913 -16.5 17.656
      vertex 13.2529 -16.5495 17.7123
      vertex 13.3882 -16.5629 17.656
    endloop
  endfacet
  facet normal 0.615914 -0.154139 0.772587
    outer loop
      vertex 13.738 -16.6965 17.4114
      vertex 13.6051 -16.7594 17.5048
      vertex 13.714 -16.7924 17.4114
    endloop
  endfacet
  facet normal 0.444298 -0.1585 0.881747
    outer loop
      vertex 13.4879 -16.7239 17.5866
      vertex 13.3425 -16.7454 17.656
      vertex 13.4625 -16.7951 17.5866
    endloop
  endfacet
  facet normal 0.573705 -0.271451 0.772772
    outer loop
      vertex 13.6807 -16.8855 17.4114
      vertex 13.538 -16.9212 17.5048
      vertex 13.6384 -16.9749 17.4114
    endloop
  endfacet
  facet normal 0.446596 -0.331274 0.831149
    outer loop
      vertex 13.3912 -16.9284 17.5866
      vertex 13.3461 -16.9892 17.5866
      vertex 13.4407 -17.0669 17.5048
    endloop
  endfacet
  facet normal 0.307793 -0.227499 0.923855
    outer loop
      vertex 13.2832 -16.8563 17.656
      vertex 13.1406 -16.8206 17.7123
      vertex 13.2458 -16.9069 17.656
    endloop
  endfacet
  facet normal 0.328412 -0.197047 0.923752
    outer loop
      vertex 13.1957 -16.7382 17.7123
      vertex 13.1702 -16.7807 17.7123
      vertex 13.2832 -16.8563 17.656
    endloop
  endfacet
  facet normal -0.0331541 0.0921958 0.995189
    outer loop
      vertex -12.8139 16.7106 17.7838
      vertex -12.8342 16.7033 17.7838
      vertex -12.7782 16.568 17.7982
    endloop
  endfacet
  facet normal -0.096898 0.0141025 0.995194
    outer loop
      vertex -12.9659 16.5429 17.7838
      vertex -12.969 16.5216 17.7838
      vertex -12.8232 16.5072 17.7982
    endloop
  endfacet
  facet normal 0.26238 -0.124285 0.956927
    outer loop
      vertex 13.0867 -16.6395 17.755
      vertex 13.0714 -16.6718 17.755
      vertex 13.2169 -16.6934 17.7123
    endloop
  endfacet
  facet normal -0.0243996 0.0948875 0.995189
    outer loop
      vertex -12.7644 16.5722 17.7982
      vertex -12.7929 16.7159 17.7838
      vertex -12.7714 16.5704 17.7982
    endloop
  endfacet
  facet normal -0.066452 -0.0718766 0.995197
    outer loop
      vertex -12.802 -16.552 17.7982
      vertex -12.9056 -16.6556 17.7838
      vertex -12.7967 -16.5569 17.7982
    endloop
  endfacet
  facet normal 0.0977845 -0.273445 0.956904
    outer loop
      vertex 12.9434 -16.9669 17.7123
      vertex 12.8558 -16.8488 17.755
      vertex 12.8967 -16.9836 17.7123
    endloop
  endfacet
  facet normal 0.195113 -0.215035 0.956917
    outer loop
      vertex 13.1073 -16.8573 17.7123
      vertex 12.9812 -16.7817 17.755
      vertex 13.0706 -16.8906 17.7123
    endloop
  endfacet
  facet normal 0.0140696 -0.290186 0.956867
    outer loop
      vertex 12.75 -16.8645 17.755
      vertex 12.75 -17.0053 17.7123
      vertex 12.7995 -17.0029 17.7123
    endloop
  endfacet
  facet normal 0.0838674 -0.177053 0.980621
    outer loop
      vertex 12.9218 -16.8214 17.755
      vertex 12.8538 -16.6941 17.7838
      vertex 12.8895 -16.8367 17.755
    endloop
  endfacet
  facet normal 0.124171 -0.262399 0.956937
    outer loop
      vertex 12.9882 -16.9457 17.7123
      vertex 12.9218 -16.8214 17.755
      vertex 12.9434 -16.9669 17.7123
    endloop
  endfacet
  facet normal 0.145121 -0.131515 0.980634
    outer loop
      vertex 12.9201 -16.6396 17.7838
      vertex 12.9056 -16.6556 17.7838
      vertex 13.0317 -16.7312 17.755
    endloop
  endfacet
  facet normal 0.283412 -0.25726 0.923848
    outer loop
      vertex 13.2458 -16.9069 17.656
      vertex 13.1073 -16.8573 17.7123
      vertex 13.2035 -16.9535 17.656
    endloop
  endfacet
  facet normal 0.404661 0.242547 0.881715
    outer loop
      vertex 13.3912 16.9284 17.5866
      vertex 13.2832 16.8563 17.656
      vertex 13.4301 16.8635 17.5866
    endloop
  endfacet
  facet normal 0.412157 0.373219 0.831164
    outer loop
      vertex 13.4407 17.0669 17.5048
      vertex 13.2953 17.0453 17.5866
      vertex 13.3461 16.9892 17.5866
    endloop
  endfacet
  facet normal 0.471222 0 0.882014
    outer loop
      vertex 13.3913 16.5 17.656
      vertex 13.5212 -16.5 17.5866
      vertex 13.5212 16.5 17.5866
    endloop
  endfacet
  facet normal 0.471222 0 0.882014
    outer loop
      vertex 13.5212 -16.5 17.5866
      vertex 13.3913 16.5 17.656
      vertex 13.3913 -16.5 17.656
    endloop
  endfacet
  facet normal 0.116755 0.157318 0.980622
    outer loop
      vertex 12.9525 16.803 17.755
      vertex 12.8723 16.683 17.7838
      vertex 12.9812 16.7817 17.755
    endloop
  endfacet
  facet normal 0.4668 0.0690444 0.881663
    outer loop
      vertex 13.5174 16.5756 17.5866
      vertex 13.379 16.6251 17.656
      vertex 13.3882 16.5629 17.656
    endloop
  endfacet
  facet normal 0.24894 0.149364 0.956932
    outer loop
      vertex 13.1702 16.7807 17.7123
      vertex 13.0714 16.6718 17.755
      vertex 13.1957 16.7382 17.7123
    endloop
  endfacet
  facet normal 0.37893 0.281081 0.881706
    outer loop
      vertex 13.3461 16.9892 17.5866
      vertex 13.2832 16.8563 17.656
      vertex 13.3912 16.9284 17.5866
    endloop
  endfacet
  facet normal -0.0282014 -0.193771 0.980641
    outer loop
      vertex -12.7716 -16.719 17.7838
      vertex -12.7929 -16.7159 17.7838
      vertex -12.7857 -16.8627 17.755
    endloop
  endfacet
  facet normal -0.0325897 0.0923376 0.995194
    outer loop
      vertex -12.7714 16.5704 17.7982
      vertex -12.8139 16.7106 17.7838
      vertex -12.7782 16.568 17.7982
    endloop
  endfacet
  facet normal 0.273445 0.0977845 0.956904
    outer loop
      vertex 13.2169 16.6934 17.7123
      vertex 13.0988 16.6058 17.755
      vertex 13.2336 16.6467 17.7123
    endloop
  endfacet
  facet normal 0.189966 -0.0476283 0.980635
    outer loop
      vertex 13.1075 -16.5711 17.755
      vertex 12.9659 -16.5429 17.7838
      vertex 13.0988 -16.6058 17.755
    endloop
  endfacet
  facet normal 0.189835 -0.0479107 0.980646
    outer loop
      vertex 12.9659 -16.5429 17.7838
      vertex 12.9606 -16.5639 17.7838
      vertex 13.0988 -16.6058 17.755
    endloop
  endfacet
  facet normal 0.899772 -0.425272 0.0977403
    outer loop
      vertex 14.1208 -17.0678 16.5201
      vertex 14.0586 -17.1994 16.5201
      vertex 14.0713 -17.2062 16.3736
    endloop
  endfacet
  facet normal 0.899818 -0.425196 0.0976529
    outer loop
      vertex 14.1208 -17.0678 16.5201
      vertex 14.0713 -17.2062 16.3736
      vertex 14.1341 -17.0733 16.3736
    endloop
  endfacet
  facet normal 0.79956 -0.592495 0.0982521
    outer loop
      vertex 13.9837 -17.3243 16.5201
      vertex 13.897 -17.4413 16.5201
      vertex 13.9957 -17.3324 16.3736
    endloop
  endfacet
  facet normal 0.76866 -0.56994 0.290398
    outer loop
      vertex 13.9243 -17.2846 16.8053
      vertex 13.8417 -17.396 16.8053
      vertex 13.8748 -17.4231 16.6645
    endloop
  endfacet
  facet normal 0.965437 -0.241698 0.0975387
    outer loop
      vertex 14.2053 -16.7895 16.5201
      vertex 14.1837 -16.9349 16.3736
      vertex 14.2194 -16.7923 16.3736
    endloop
  endfacet
  facet normal 0.970062 -0.242856 0.0001082
    outer loop
      vertex 14.2194 -16.7923 16.3736
      vertex 14.1837 -16.9349 16.3736
      vertex 14.1854 -16.9354 0.00999928
    endloop
  endfacet
  facet normal -0.0430938 -0.881103 0.470957
    outer loop
      vertex -12.8761 -17.7804 17.0712
      vertex -12.8829 -17.8495 16.9413
      vertex -12.75 -17.856 16.9413
    endloop
  endfacet
  facet normal -0.129253 -0.872633 0.470961
    outer loop
      vertex -12.8761 -17.7804 17.0712
      vertex -13.001 -17.7619 17.0712
      vertex -12.8829 -17.8495 16.9413
    endloop
  endfacet
  facet normal -0.583974 -0.788062 0.19476
    outer loop
      vertex -13.6731 -17.6248 16.6645
      vertex -13.6913 -17.647 16.5201
      vertex -13.5743 -17.7337 16.5201
    endloop
  endfacet
  facet normal -0.583997 -0.788052 0.194737
    outer loop
      vertex -13.5584 -17.7098 16.6645
      vertex -13.6731 -17.6248 16.6645
      vertex -13.5743 -17.7337 16.5201
    endloop
  endfacet
  facet normal 0.129253 -0.872633 0.470961
    outer loop
      vertex 13.001 -17.7619 17.0712
      vertex 12.8761 -17.7804 17.0712
      vertex 12.8829 -17.8495 16.9413
    endloop
  endfacet
  facet normal 0.0433256 -0.881186 0.47078
    outer loop
      vertex 12.75 -17.7866 17.0712
      vertex 12.75 -17.856 16.9413
      vertex 12.8761 -17.7804 17.0712
    endloop
  endfacet
  facet normal 0.113222 -0.765064 0.633923
    outer loop
      vertex 12.9668 -17.5901 17.3073
      vertex 12.8681 -17.699 17.1935
      vertex 12.985 -17.6817 17.1935
    endloop
  endfacet
  facet normal -0.970238 -0.14351 0.195044
    outer loop
      vertex -14.198 -16.6426 16.6645
      vertex -14.2053 -16.7895 16.5201
      vertex -14.1771 -16.7839 16.6645
    endloop
  endfacet
  facet normal -0.928298 -0.232577 0.290123
    outer loop
      vertex -14.1352 -16.7755 16.8053
      vertex -14.1771 -16.7839 16.6645
      vertex -14.1424 -16.9224 16.6645
    endloop
  endfacet
  facet normal -0.80293 -0.596073 0.000112407
    outer loop
      vertex -13.9081 -17.4504 16.3736
      vertex -13.9957 -17.3324 16.3736
      vertex -13.9095 -17.4516 0.00999928
    endloop
  endfacet
  facet normal -0.741262 -0.671216 0.000112642
    outer loop
      vertex -13.9081 -17.4504 16.3736
      vertex -13.9095 -17.4516 0.00999928
      vertex -13.8094 -17.5594 16.3736
    endloop
  endfacet
  facet normal -0.709307 -0.642313 0.290375
    outer loop
      vertex -13.8417 -17.396 16.8053
      vertex -13.8748 -17.4231 16.6645
      vertex -13.7487 -17.4987 16.8053
    endloop
  endfacet
  facet normal -0.76866 -0.56994 0.290398
    outer loop
      vertex -13.8417 -17.396 16.8053
      vertex -13.9243 -17.2846 16.8053
      vertex -13.8748 -17.4231 16.6645
    endloop
  endfacet
  facet normal -0.751397 -0.355613 0.555826
    outer loop
      vertex -13.8125 -17.0679 17.1935
      vertex -13.9387 -16.9924 17.0712
      vertex -13.8847 -17.1065 17.0712
    endloop
  endfacet
  facet normal -0.792609 -0.475149 0.382105
    outer loop
      vertex -13.8775 -17.2533 16.9413
      vertex -13.9459 -17.1392 16.9413
      vertex -13.9243 -17.2846 16.8053
    endloop
  endfacet
  facet normal -0.592802 -0.653806 0.470237
    outer loop
      vertex -13.6598 -17.4098 17.0712
      vertex -13.7088 -17.4588 16.9413
      vertex -13.6102 -17.5482 16.9413
    endloop
  endfacet
  facet normal -0.653806 -0.592802 0.470237
    outer loop
      vertex -13.6598 -17.4098 17.0712
      vertex -13.7982 -17.3602 16.9413
      vertex -13.7088 -17.4588 16.9413
    endloop
  endfacet
  facet normal -0.453668 -0.756777 0.47061
    outer loop
      vertex -13.4648 -17.5698 17.0712
      vertex -13.5033 -17.6275 16.9413
      vertex -13.3892 -17.6959 16.9413
    endloop
  endfacet
  facet normal -0.525694 -0.708659 0.470584
    outer loop
      vertex -13.4648 -17.5698 17.0712
      vertex -13.6102 -17.5482 16.9413
      vertex -13.5033 -17.6275 16.9413
    endloop
  endfacet
  facet normal -0.427312 -0.713065 0.555826
    outer loop
      vertex -13.3179 -17.5625 17.1935
      vertex -13.4648 -17.5698 17.0712
      vertex -13.3565 -17.6347 17.0712
    endloop
  endfacet
  facet normal -0.45352 -0.756799 0.470717
    outer loop
      vertex -13.3565 -17.6347 17.0712
      vertex -13.4648 -17.5698 17.0712
      vertex -13.3892 -17.6959 16.9413
    endloop
  endfacet
  facet normal 0.373219 -0.412157 0.831164
    outer loop
      vertex 13.2953 -17.0453 17.5866
      vertex 13.2392 -17.0961 17.5866
      vertex 13.3169 -17.1907 17.5048
    endloop
  endfacet
  facet normal 0.128975 -0.360666 0.923735
    outer loop
      vertex 12.9434 -16.9669 17.7123
      vertex 12.8967 -16.9836 17.7123
      vertex 12.9954 -17.0925 17.656
    endloop
  endfacet
  facet normal 0.0690444 -0.4668 0.881663
    outer loop
      vertex 12.8751 -17.129 17.656
      vertex 12.8129 -17.1382 17.656
      vertex 12.8256 -17.2674 17.5866
    endloop
  endfacet
  facet normal 0.0560342 -0.37884 0.923764
    outer loop
      vertex 12.8751 -17.129 17.656
      vertex 12.7995 -17.0029 17.7123
      vertex 12.8129 -17.1382 17.656
    endloop
  endfacet
  facet normal 0.65412 -0.591923 0.470907
    outer loop
      vertex 13.7445 -17.3162 17.0712
      vertex 13.6598 -17.4098 17.0712
      vertex 13.7982 -17.3602 16.9413
    endloop
  endfacet
  facet normal 0.708242 -0.525943 0.470932
    outer loop
      vertex 13.8198 -17.2148 17.0712
      vertex 13.7445 -17.3162 17.0712
      vertex 13.7982 -17.3602 16.9413
    endloop
  endfacet
  facet normal 0.470014 -0.426561 0.772744
    outer loop
      vertex 13.4407 -17.0669 17.5048
      vertex 13.3818 -17.1318 17.5048
      vertex 13.4623 -17.2123 17.4114
    endloop
  endfacet
  facet normal 0.121845 -0.822619 0.555385
    outer loop
      vertex 12.985 -17.6817 17.1935
      vertex 12.8761 -17.7804 17.0712
      vertex 13.001 -17.7619 17.0712
    endloop
  endfacet
  facet normal 0.495784 -0.66763 0.5554
    outer loop
      vertex 13.5143 -17.4313 17.1935
      vertex 13.4648 -17.5698 17.0712
      vertex 13.5662 -17.4945 17.0712
    endloop
  endfacet
  facet normal 0.558257 -0.61591 0.555881
    outer loop
      vertex 13.6019 -17.3519 17.1935
      vertex 13.5143 -17.4313 17.1935
      vertex 13.6598 -17.4098 17.0712
    endloop
  endfacet
  facet normal 0.355997 -0.751393 0.555585
    outer loop
      vertex 13.3179 -17.5625 17.1935
      vertex 13.2111 -17.6131 17.1935
      vertex 13.2424 -17.6887 17.0712
    endloop
  endfacet
  facet normal 0.279737 -0.782983 0.555595
    outer loop
      vertex 13.2111 -17.6131 17.1935
      vertex 13.0997 -17.6529 17.1935
      vertex 13.2424 -17.6887 17.0712
    endloop
  endfacet
  facet normal 0.145519 -0.984474 0.098158
    outer loop
      vertex 13.0395 -17.9553 16.5201
      vertex 12.8954 -17.9766 16.5201
      vertex 12.8968 -17.991 16.3736
    endloop
  endfacet
  facet normal 0.146144 -0.984443 0.0975416
    outer loop
      vertex 13.0395 -17.9553 16.5201
      vertex 12.8968 -17.991 16.3736
      vertex 13.0423 -17.9694 16.3736
    endloop
  endfacet
  facet normal 0.592802 -0.653806 0.470237
    outer loop
      vertex 13.6598 -17.4098 17.0712
      vertex 13.6102 -17.5482 16.9413
      vertex 13.7088 -17.4588 16.9413
    endloop
  endfacet
  facet normal 0.6201 -0.684777 0.382828
    outer loop
      vertex 13.7088 -17.4588 16.9413
      vertex 13.646 -17.5917 16.8053
      vertex 13.7487 -17.4987 16.8053
    endloop
  endfacet
  facet normal -0.140029 0.946703 0.290079
    outer loop
      vertex -12.8926 17.948 16.6645
      vertex -13.0339 17.9271 16.6645
      vertex -13.0255 17.8852 16.8053
    endloop
  endfacet
  facet normal -0.14351 0.970238 0.195044
    outer loop
      vertex -12.8926 17.948 16.6645
      vertex -13.0395 17.9553 16.5201
      vertex -13.0339 17.9271 16.6645
    endloop
  endfacet
  facet normal -0.330498 0.923471 0.194866
    outer loop
      vertex -13.1807 17.9199 16.5201
      vertex -13.3068 17.8443 16.6645
      vertex -13.1724 17.8924 16.6645
    endloop
  endfacet
  facet normal -0.330713 0.923437 0.19466
    outer loop
      vertex -13.1807 17.9199 16.5201
      vertex -13.3178 17.8708 16.5201
      vertex -13.3068 17.8443 16.6645
    endloop
  endfacet
  facet normal -0.946703 0.140029 0.290079
    outer loop
      vertex -14.1771 16.7839 16.6645
      vertex -14.198 16.6426 16.6645
      vertex -14.1352 16.7755 16.8053
    endloop
  endfacet
  facet normal -0.946721 0.140178 0.289946
    outer loop
      vertex -14.1352 16.7755 16.8053
      vertex -14.198 16.6426 16.6645
      vertex -14.1555 16.6384 16.8053
    endloop
  endfacet
  facet normal -0.913838 0.136104 0.382591
    outer loop
      vertex -14.0799 16.7645 16.9413
      vertex -14.1352 16.7755 16.8053
      vertex -14.0995 16.6329 16.9413
    endloop
  endfacet
  facet normal -0.914228 0.135367 0.381921
    outer loop
      vertex -14.1352 16.7755 16.8053
      vertex -14.1555 16.6384 16.8053
      vertex -14.0995 16.6329 16.9413
    endloop
  endfacet
  facet normal -0.83524 0.395055 0.382499
    outer loop
      vertex -13.9956 17.1658 16.8053
      vertex -14.0028 17.0189 16.9413
      vertex -13.9459 17.1392 16.9413
    endloop
  endfacet
  facet normal -0.841374 0.504138 0.194769
    outer loop
      vertex -13.9837 17.3243 16.5201
      vertex -14.0332 17.1859 16.6645
      vertex -13.9598 17.3084 16.6645
    endloop
  endfacet
  facet normal -0.684539 0.620667 0.382333
    outer loop
      vertex -13.7088 17.4588 16.9413
      vertex -13.8417 17.396 16.8053
      vertex -13.7982 17.3602 16.9413
    endloop
  endfacet
  facet normal -0.653806 0.592802 0.470237
    outer loop
      vertex -13.7088 17.4588 16.9413
      vertex -13.7982 17.3602 16.9413
      vertex -13.6598 17.4098 17.0712
    endloop
  endfacet
  facet normal -0.260963 0.728286 0.633638
    outer loop
      vertex -13.0997 17.6529 17.1935
      vertex -13.1753 17.5268 17.3073
      vertex -13.0726 17.5636 17.3073
    endloop
  endfacet
  facet normal -0.260163 0.728196 0.63407
    outer loop
      vertex -13.0997 17.6529 17.1935
      vertex -13.2111 17.6131 17.1935
      vertex -13.1753 17.5268 17.3073
    endloop
  endfacet
  facet normal -0.765064 0.113222 0.633923
    outer loop
      vertex -13.9317 16.735 17.1935
      vertex -13.949 16.6181 17.1935
      vertex -13.8401 16.7168 17.3073
    endloop
  endfacet
  facet normal -0.901039 0.322441 0.290105
    outer loop
      vertex -14.0943 17.0568 16.6645
      vertex -14.1015 16.91 16.8053
      vertex -14.0548 17.0405 16.8053
    endloop
  endfacet
  facet normal -0.830871 0.296989 0.470585
    outer loop
      vertex -13.9387 16.9924 17.0712
      vertex -14.0028 17.0189 16.9413
      vertex -13.9812 16.8735 17.0712
    endloop
  endfacet
  facet normal -0.830815 0.297051 0.470645
    outer loop
      vertex -14.0028 17.0189 16.9413
      vertex -14.0476 16.8936 16.9413
      vertex -13.9812 16.8735 17.0712
    endloop
  endfacet
  facet normal -0.544292 0.326447 0.772774
    outer loop
      vertex -13.5876 17.0596 17.4114
      vertex -13.6384 16.9749 17.4114
      vertex -13.538 16.9212 17.5048
    endloop
  endfacet
  facet normal -0.751393 0.355997 0.555585
    outer loop
      vertex -13.8125 17.0679 17.1935
      vertex -13.9387 16.9924 17.0712
      vertex -13.8631 16.9611 17.1935
    endloop
  endfacet
  facet normal -0.597823 0.213829 0.772583
    outer loop
      vertex -13.6807 16.8855 17.4114
      vertex -13.714 16.7924 17.4114
      vertex -13.6051 16.7594 17.5048
    endloop
  endfacet
  facet normal -0.52359 0.186786 0.831243
    outer loop
      vertex -13.4625 16.7951 17.5866
      vertex -13.6051 16.7594 17.5048
      vertex -13.4879 16.7239 17.5866
    endloop
  endfacet
  facet normal -0.0422006 -0.287289 0.956914
    outer loop
      vertex -12.7857 -16.8627 17.755
      vertex -12.8211 -16.8575 17.755
      vertex -12.7995 -17.0029 17.7123
    endloop
  endfacet
  facet normal -0.0284651 -0.193782 0.980632
    outer loop
      vertex -12.7929 -16.7159 17.7838
      vertex -12.8211 -16.8575 17.755
      vertex -12.7857 -16.8627 17.755
    endloop
  endfacet
  facet normal -0.0272661 -0.555468 0.831091
    outer loop
      vertex -12.8256 -17.2674 17.5866
      vertex -12.8376 -17.3892 17.5048
      vertex -12.75 -17.3935 17.5048
    endloop
  endfacet
  facet normal -0.081223 -0.550159 0.831101
    outer loop
      vertex -12.8256 -17.2674 17.5866
      vertex -12.9243 -17.3764 17.5048
      vertex -12.8376 -17.3892 17.5048
    endloop
  endfacet
  facet normal -0.114618 -0.457848 0.881611
    outer loop
      vertex -12.8751 -17.129 17.656
      vertex -12.9739 -17.2379 17.5866
      vertex -12.9004 -17.2563 17.5866
    endloop
  endfacet
  facet normal -0.135002 -0.539273 0.831239
    outer loop
      vertex -12.9739 -17.2379 17.5866
      vertex -13.0094 -17.3551 17.5048
      vertex -12.9004 -17.2563 17.5866
    endloop
  endfacet
  facet normal -0.271297 -0.573703 0.772828
    outer loop
      vertex -13.0919 -17.3255 17.5048
      vertex -13.1712 -17.288 17.5048
      vertex -13.1355 -17.4307 17.4114
    endloop
  endfacet
  facet normal -0.214313 -0.597325 0.772834
    outer loop
      vertex -13.0919 -17.3255 17.5048
      vertex -13.1355 -17.4307 17.4114
      vertex -13.0094 -17.3551 17.5048
    endloop
  endfacet
  facet normal -0.0379427 -0.772592 0.633768
    outer loop
      vertex -12.8589 -17.6061 17.3073
      vertex -12.8681 -17.699 17.1935
      vertex -12.75 -17.7048 17.1935
    endloop
  endfacet
  facet normal -0.0375936 -0.772442 0.633972
    outer loop
      vertex -12.75 -17.6114 17.3073
      vertex -12.8589 -17.6061 17.3073
      vertex -12.75 -17.7048 17.1935
    endloop
  endfacet
  facet normal 0.243175 -0.969982 0
    outer loop
      vertex 13.0426 -17.9712 0
      vertex 13.1854 -17.9354 0.00999928
      vertex 13.0426 -17.9712 0.00999928
    endloop
  endfacet
  facet normal 0.243175 -0.969982 0
    outer loop
      vertex 13.1854 -17.9354 0.00999928
      vertex 13.0426 -17.9712 0
      vertex 13.1854 -17.9354 0
    endloop
  endfacet
  facet normal 0.243175 -0.969982 0.000111157
    outer loop
      vertex 13.1854 -17.9354 0.00999928
      vertex 13.0423 -17.9694 16.3736
      vertex 13.0426 -17.9712 0.00999928
    endloop
  endfacet
  facet normal 0.792609 -0.475149 0.382105
    outer loop
      vertex 13.9459 -17.1392 16.9413
      vertex 13.8775 -17.2533 16.9413
      vertex 13.9243 -17.2846 16.8053
    endloop
  endfacet
  facet normal 0.756777 -0.453668 0.47061
    outer loop
      vertex 13.9459 -17.1392 16.9413
      vertex 13.8198 -17.2148 17.0712
      vertex 13.8775 -17.2533 16.9413
    endloop
  endfacet
  facet normal 0.63967 -0.302663 0.706553
    outer loop
      vertex 13.6807 -16.8855 17.4114
      vertex 13.6384 -16.9749 17.4114
      vertex 13.7302 -17.0239 17.3073
    endloop
  endfacet
  facet normal 0.797477 -0.377421 0.470726
    outer loop
      vertex 13.9387 -16.9924 17.0712
      vertex 13.8847 -17.1065 17.0712
      vertex 13.9459 -17.1392 16.9413
    endloop
  endfacet
  facet normal 0.8865 -0.41956 0.19516
    outer loop
      vertex 14.0943 -17.0568 16.6645
      vertex 14.0332 -17.1859 16.6645
      vertex 14.0586 -17.1994 16.5201
    endloop
  endfacet
  facet normal 0.865176 -0.409467 0.289495
    outer loop
      vertex 14.0943 -17.0568 16.6645
      vertex 13.9956 -17.1658 16.8053
      vertex 14.0332 -17.1859 16.6645
    endloop
  endfacet
  facet normal 0.573703 -0.271297 0.772828
    outer loop
      vertex 13.5755 -16.8419 17.5048
      vertex 13.538 -16.9212 17.5048
      vertex 13.6807 -16.8855 17.4114
    endloop
  endfacet
  facet normal 0.573223 -0.519306 0.633828
    outer loop
      vertex 13.6091 -17.2051 17.3073
      vertex 13.5359 -17.2859 17.3073
      vertex 13.6813 -17.2643 17.1935
    endloop
  endfacet
  facet normal 0.751397 -0.355613 0.555826
    outer loop
      vertex 13.9387 -16.9924 17.0712
      vertex 13.8125 -17.0679 17.1935
      vertex 13.8847 -17.1065 17.0712
    endloop
  endfacet
  facet normal 0.751393 -0.355997 0.555585
    outer loop
      vertex 13.8631 -16.9611 17.1935
      vertex 13.8125 -17.0679 17.1935
      vertex 13.9387 -16.9924 17.0712
    endloop
  endfacet
  facet normal 0.335758 -0.936872 0.0976592
    outer loop
      vertex 13.3178 -17.8708 16.5201
      vertex 13.1849 -17.9337 16.3736
      vertex 13.3233 -17.8841 16.3736
    endloop
  endfacet
  facet normal 0.425272 -0.899772 0.0977403
    outer loop
      vertex 13.4494 -17.8086 16.5201
      vertex 13.3178 -17.8708 16.5201
      vertex 13.4562 -17.8213 16.3736
    endloop
  endfacet
  facet normal 0.684777 -0.6201 0.382828
    outer loop
      vertex 13.8417 -17.396 16.8053
      vertex 13.7088 -17.4588 16.9413
      vertex 13.7487 -17.4987 16.8053
    endloop
  endfacet
  facet normal 0.642313 -0.709307 0.290375
    outer loop
      vertex 13.7487 -17.4987 16.8053
      vertex 13.646 -17.5917 16.8053
      vertex 13.6731 -17.6248 16.6645
    endloop
  endfacet
  facet normal -0.772592 -0.0379427 0.633768
    outer loop
      vertex -13.8561 -16.6089 17.3073
      vertex -13.9548 -16.5 17.1935
      vertex -13.949 -16.6181 17.1935
    endloop
  endfacet
  facet normal -0.830543 -0.0407888 0.555458
    outer loop
      vertex -13.9548 -16.5 17.1935
      vertex -14.0304 -16.6261 17.0712
      vertex -13.949 -16.6181 17.1935
    endloop
  endfacet
  facet normal -0.806547 -0.202516 0.555399
    outer loop
      vertex -13.9317 -16.735 17.1935
      vertex -14.0119 -16.751 17.0712
      vertex -13.9029 -16.8497 17.1935
    endloop
  endfacet
  facet normal -0.822619 -0.121845 0.555385
    outer loop
      vertex -13.9317 -16.735 17.1935
      vertex -14.0304 -16.6261 17.0712
      vertex -14.0119 -16.751 17.0712
    endloop
  endfacet
  facet normal -0.92829 -0.23259 0.290136
    outer loop
      vertex -14.1352 -16.7755 16.8053
      vertex -14.1424 -16.9224 16.6645
      vertex -14.1015 -16.91 16.8053
    endloop
  endfacet
  facet normal -0.901039 -0.322441 0.290105
    outer loop
      vertex -14.0548 -17.0405 16.8053
      vertex -14.1015 -16.91 16.8053
      vertex -14.0943 -17.0568 16.6645
    endloop
  endfacet
  facet normal -0.756799 -0.45352 0.470717
    outer loop
      vertex -13.8847 -17.1065 17.0712
      vertex -13.9459 -17.1392 16.9413
      vertex -13.8198 -17.2148 17.0712
    endloop
  endfacet
  facet normal -0.66763 -0.495784 0.5554
    outer loop
      vertex -13.6813 -17.2643 17.1935
      vertex -13.8198 -17.2148 17.0712
      vertex -13.7445 -17.3162 17.0712
    endloop
  endfacet
  facet normal -0.728196 -0.260163 0.63407
    outer loop
      vertex -13.7768 -16.9253 17.3073
      vertex -13.9029 -16.8497 17.1935
      vertex -13.8631 -16.9611 17.1935
    endloop
  endfacet
  facet normal -0.782983 -0.279737 0.555595
    outer loop
      vertex -13.9029 -16.8497 17.1935
      vertex -13.9387 -16.9924 17.0712
      vertex -13.8631 -16.9611 17.1935
    endloop
  endfacet
  facet normal -0.923471 -0.330498 0.194866
    outer loop
      vertex -14.1424 -16.9224 16.6645
      vertex -14.1699 -16.9307 16.5201
      vertex -14.0943 -17.0568 16.6645
    endloop
  endfacet
  facet normal -0.901022 -0.322464 0.29013
    outer loop
      vertex -14.1015 -16.91 16.8053
      vertex -14.1424 -16.9224 16.6645
      vertex -14.0943 -17.0568 16.6645
    endloop
  endfacet
  facet normal -0.865176 -0.409467 0.289495
    outer loop
      vertex -13.9956 -17.1658 16.8053
      vertex -14.0943 -17.0568 16.6645
      vertex -14.0332 -17.1859 16.6645
    endloop
  endfacet
  facet normal -0.820716 -0.492568 0.289485
    outer loop
      vertex -13.9956 -17.1658 16.8053
      vertex -14.0332 -17.1859 16.6645
      vertex -13.9243 -17.2846 16.8053
    endloop
  endfacet
  facet normal -0.667595 -0.495948 0.555295
    outer loop
      vertex -13.7518 -17.1694 17.1935
      vertex -13.8198 -17.2148 17.0712
      vertex -13.6813 -17.2643 17.1935
    endloop
  endfacet
  facet normal -0.713065 -0.427312 0.555826
    outer loop
      vertex -13.8125 -17.0679 17.1935
      vertex -13.8847 -17.1065 17.0712
      vertex -13.8198 -17.2148 17.0712
    endloop
  endfacet
  facet normal -0.519511 -0.573163 0.633713
    outer loop
      vertex -13.5359 -17.2859 17.3073
      vertex -13.6019 -17.3519 17.1935
      vertex -13.5143 -17.4313 17.1935
    endloop
  endfacet
  facet normal -0.573163 -0.519511 0.633713
    outer loop
      vertex -13.5359 -17.2859 17.3073
      vertex -13.6813 -17.2643 17.1935
      vertex -13.6019 -17.3519 17.1935
    endloop
  endfacet
  facet normal -0.607004 -0.363813 0.706531
    outer loop
      vertex -13.6384 -16.9749 17.4114
      vertex -13.7302 -17.0239 17.3073
      vertex -13.6741 -17.1175 17.3073
    endloop
  endfacet
  facet normal -0.606806 -0.36394 0.706636
    outer loop
      vertex -13.6384 -16.9749 17.4114
      vertex -13.6741 -17.1175 17.3073
      vertex -13.5876 -17.0596 17.4114
    endloop
  endfacet
  facet normal -0.899818 -0.425196 0.0976529
    outer loop
      vertex -14.1208 -17.0678 16.5201
      vertex -14.1341 -17.0733 16.3736
      vertex -14.0713 -17.2062 16.3736
    endloop
  endfacet
  facet normal -0.936872 -0.335758 0.0976592
    outer loop
      vertex -14.1208 -17.0678 16.5201
      vertex -14.1837 -16.9349 16.3736
      vertex -14.1341 -17.0733 16.3736
    endloop
  endfacet
  facet normal -0.0661672 -0.184284 0.980643
    outer loop
      vertex -12.8342 -16.7033 17.7838
      vertex -12.8895 -16.8367 17.755
      vertex -12.8558 -16.8488 17.755
    endloop
  endfacet
  facet normal -0.0427226 -0.287354 0.956871
    outer loop
      vertex -12.8211 -16.8575 17.755
      vertex -12.8486 -16.9956 17.7123
      vertex -12.7995 -17.0029 17.7123
    endloop
  endfacet
  facet normal -0.0839825 0.0503895 0.995192
    outer loop
      vertex -12.933 16.6223 17.7838
      vertex -12.9441 16.6038 17.7838
      vertex -12.8112 16.5409 17.7982
    endloop
  endfacet
  facet normal -0.0840826 0.0501784 0.995195
    outer loop
      vertex -12.8112 16.5409 17.7982
      vertex -12.9441 16.6038 17.7838
      vertex -12.8149 16.5347 17.7982
    endloop
  endfacet
  facet normal -0.189966 -0.0476283 0.980635
    outer loop
      vertex -12.9659 -16.5429 17.7838
      vertex -13.1075 -16.5711 17.755
      vertex -13.0988 -16.6058 17.755
    endloop
  endfacet
  facet normal -0.157318 -0.116755 0.980622
    outer loop
      vertex -12.933 -16.6223 17.7838
      vertex -13.053 -16.7025 17.755
      vertex -13.0317 -16.7312 17.755
    endloop
  endfacet
  facet normal 0.131515 0.145121 0.980634
    outer loop
      vertex 12.9812 16.7817 17.755
      vertex 12.8896 16.6701 17.7838
      vertex 12.9056 16.6556 17.7838
    endloop
  endfacet
  facet normal -0.0949523 0.0239641 0.995193
    outer loop
      vertex -12.9606 16.5639 17.7838
      vertex -12.9659 16.5429 17.7838
      vertex -12.8204 16.5214 17.7982
    endloop
  endfacet
  facet normal 0.0134796 0.0970531 0.995188
    outer loop
      vertex 12.7929 16.7159 17.7838
      vertex 12.7572 16.5732 17.7982
      vertex 12.7644 16.5722 17.7982
    endloop
  endfacet
  facet normal -0.0977988 0.0049805 0.995194
    outer loop
      vertex -12.969 16.5216 17.7838
      vertex -12.9701 16.5 17.7838
      vertex -12.8232 16.5072 17.7982
    endloop
  endfacet
  facet normal -0.100792 -0.167987 0.980623
    outer loop
      vertex -12.8723 -16.683 17.7838
      vertex -12.9525 -16.803 17.755
      vertex -12.8538 -16.6941 17.7838
    endloop
  endfacet
  facet normal -0.100721 -0.16805 0.980619
    outer loop
      vertex -12.8538 -16.6941 17.7838
      vertex -12.9525 -16.803 17.755
      vertex -12.9218 -16.8214 17.755
    endloop
  endfacet
  facet normal -0.0662642 0.184269 0.98064
    outer loop
      vertex -12.8139 16.7106 17.7838
      vertex -12.8558 16.8488 17.755
      vertex -12.8342 16.7033 17.7838
    endloop
  endfacet
  facet normal 0.193782 -0.0284651 0.980632
    outer loop
      vertex 13.1127 -16.5357 17.755
      vertex 12.9659 -16.5429 17.7838
      vertex 13.1075 -16.5711 17.755
    endloop
  endfacet
  facet normal -0.36055 -0.129116 0.92376
    outer loop
      vertex -13.2336 -16.6467 17.7123
      vertex -13.3637 -16.6862 17.656
      vertex -13.3425 -16.7454 17.656
    endloop
  endfacet
  facet normal -0.360666 -0.128975 0.923735
    outer loop
      vertex -13.2336 -16.6467 17.7123
      vertex -13.3425 -16.7454 17.656
      vertex -13.2169 -16.6934 17.7123
    endloop
  endfacet
  facet normal -0.096898 -0.0141025 0.995194
    outer loop
      vertex -12.8232 -16.5072 17.7982
      vertex -12.969 -16.5216 17.7838
      vertex -12.9659 -16.5429 17.7838
    endloop
  endfacet
  facet normal -0.290003 -0.014622 0.956914
    outer loop
      vertex -13.1145 -16.5 17.755
      vertex -13.2529 -16.5495 17.7123
      vertex -13.1127 -16.5357 17.755
    endloop
  endfacet
  facet normal -0.287289 -0.0422006 0.956914
    outer loop
      vertex -13.1127 -16.5357 17.755
      vertex -13.2529 -16.5495 17.7123
      vertex -13.1075 -16.5711 17.755
    endloop
  endfacet
  facet normal -0.0099591 0.19556 0.980641
    outer loop
      vertex -12.75 16.7201 17.7838
      vertex -12.7857 16.8627 17.755
      vertex -12.7716 16.719 17.7838
    endloop
  endfacet
  facet normal -0.0282014 0.193771 0.980641
    outer loop
      vertex -12.7857 16.8627 17.755
      vertex -12.7929 16.7159 17.7838
      vertex -12.7716 16.719 17.7838
    endloop
  endfacet
  facet normal -0.0657945 -0.0726008 0.995189
    outer loop
      vertex -12.7967 -16.5569 17.7982
      vertex -12.9056 -16.6556 17.7838
      vertex -12.8896 -16.6701 17.7838
    endloop
  endfacet
  facet normal 0.189835 0.0479107 0.980646
    outer loop
      vertex 13.0988 16.6058 17.755
      vertex 12.9606 16.5639 17.7838
      vertex 12.9659 16.5429 17.7838
    endloop
  endfacet
  facet normal -0.0416291 0.0886881 0.995189
    outer loop
      vertex -12.8342 16.7033 17.7838
      vertex -12.8538 16.6941 17.7838
      vertex -12.7782 16.568 17.7982
    endloop
  endfacet
  facet normal 0.0785259 0.058554 0.995191
    outer loop
      vertex 12.9201 16.6396 17.7838
      vertex 12.8112 16.5409 17.7982
      vertex 12.933 16.6223 17.7838
    endloop
  endfacet
  facet normal 0.0787081 0.0583526 0.995188
    outer loop
      vertex 12.9201 16.6396 17.7838
      vertex 12.8069 16.5467 17.7982
      vertex 12.8112 16.5409 17.7982
    endloop
  endfacet
  facet normal -0.177229 0.083189 0.980648
    outer loop
      vertex -12.9441 16.6038 17.7838
      vertex -13.0867 16.6395 17.755
      vertex -12.9533 16.5842 17.7838
    endloop
  endfacet
  facet normal -0.0921958 0.0331541 0.995189
    outer loop
      vertex -12.9533 16.5842 17.7838
      vertex -12.9606 16.5639 17.7838
      vertex -12.818 16.5282 17.7982
    endloop
  endfacet
  facet normal 0.0416291 0.0886881 0.995189
    outer loop
      vertex 12.8342 16.7033 17.7838
      vertex 12.7782 16.568 17.7982
      vertex 12.8538 16.6941 17.7838
    endloop
  endfacet
  facet normal -0.156987 0.11706 0.980639
    outer loop
      vertex -12.9201 16.6396 17.7838
      vertex -13.0317 16.7312 17.755
      vertex -12.933 16.6223 17.7838
    endloop
  endfacet
  facet normal -0.145121 0.131515 0.980634
    outer loop
      vertex -12.9056 16.6556 17.7838
      vertex -13.0317 16.7312 17.755
      vertex -12.9201 16.6396 17.7838
    endloop
  endfacet
  facet normal -0.177053 0.0838674 0.980621
    outer loop
      vertex -13.0714 16.6718 17.755
      vertex -13.0867 16.6395 17.755
      vertex -12.9441 16.6038 17.7838
    endloop
  endfacet
  facet normal -0.249045 0.149264 0.956921
    outer loop
      vertex -13.053 16.7025 17.755
      vertex -13.1702 16.7807 17.7123
      vertex -13.0714 16.6718 17.755
    endloop
  endfacet
  facet normal -0.628127 -0.0927338 0.772565
    outer loop
      vertex -13.6392 -16.5876 17.5048
      vertex -13.738 -16.6965 17.4114
      vertex -13.6264 -16.6743 17.5048
    endloop
  endfacet
  facet normal -0.615919 -0.154161 0.772579
    outer loop
      vertex -13.6264 -16.6743 17.5048
      vertex -13.738 -16.6965 17.4114
      vertex -13.6051 -16.7594 17.5048
    endloop
  endfacet
  facet normal -0.360666 0.128975 0.923735
    outer loop
      vertex -13.2169 16.6934 17.7123
      vertex -13.3425 16.7454 17.656
      vertex -13.2336 16.6467 17.7123
    endloop
  endfacet
  facet normal -0.36055 0.129116 0.92376
    outer loop
      vertex -13.3425 16.7454 17.656
      vertex -13.3637 16.6862 17.656
      vertex -13.2336 16.6467 17.7123
    endloop
  endfacet
  facet normal -0.404627 0.242776 0.881667
    outer loop
      vertex -13.2832 16.8563 17.656
      vertex -13.4301 16.8635 17.5866
      vertex -13.3156 16.8023 17.656
    endloop
  endfacet
  facet normal -0.477092 0.285961 0.831029
    outer loop
      vertex -13.3912 16.9284 17.5866
      vertex -13.538 16.9212 17.5048
      vertex -13.4301 16.8635 17.5866
    endloop
  endfacet
  facet normal -0.281081 0.37893 0.881706
    outer loop
      vertex -13.1784 17.1412 17.5866
      vertex -13.2392 17.0961 17.5866
      vertex -13.1063 17.0332 17.656
    endloop
  endfacet
  facet normal -0.373219 0.412157 0.831164
    outer loop
      vertex -13.2392 17.0961 17.5866
      vertex -13.3169 17.1907 17.5048
      vertex -13.2953 17.0453 17.5866
    endloop
  endfacet
  facet normal -0.426319 0.470621 0.772508
    outer loop
      vertex -13.389 17.2787 17.4114
      vertex -13.4623 17.2123 17.4114
      vertex -13.3169 17.1907 17.5048
    endloop
  endfacet
  facet normal -0.470621 0.426319 0.772508
    outer loop
      vertex -13.4623 17.2123 17.4114
      vertex -13.5287 17.139 17.4114
      vertex -13.4407 17.0669 17.5048
    endloop
  endfacet
  facet normal -0.283412 0.25726 0.923848
    outer loop
      vertex -13.2035 16.9535 17.656
      vertex -13.2458 16.9069 17.656
      vertex -13.1073 16.8573 17.7123
    endloop
  endfacet
  facet normal -0.349579 0.317322 0.881533
    outer loop
      vertex -13.2035 16.9535 17.656
      vertex -13.3461 16.9892 17.5866
      vertex -13.2458 16.9069 17.656
    endloop
  endfacet
  facet normal -0.227499 -0.307793 0.923855
    outer loop
      vertex -13.0706 -16.8906 17.7123
      vertex -13.1569 -16.9958 17.656
      vertex -13.1063 -17.0332 17.656
    endloop
  endfacet
  facet normal -0.228182 -0.307583 0.923756
    outer loop
      vertex -13.0706 -16.8906 17.7123
      vertex -13.1063 -17.0332 17.656
      vertex -13.0307 -16.9202 17.7123
    endloop
  endfacet
  facet normal -0.233171 -0.173051 0.956914
    outer loop
      vertex -13.053 -16.7025 17.755
      vertex -13.1702 -16.7807 17.7123
      vertex -13.0317 -16.7312 17.755
    endloop
  endfacet
  facet normal -0.215272 -0.194963 0.956895
    outer loop
      vertex -13.0317 -16.7312 17.755
      vertex -13.1073 -16.8573 17.7123
      vertex -13.0077 -16.7577 17.755
    endloop
  endfacet
  facet normal 0.0433256 0.881186 0.47078
    outer loop
      vertex 12.75 17.856 16.9413
      vertex 12.75 17.7866 17.0712
      vertex 12.8761 17.7804 17.0712
    endloop
  endfacet
  facet normal 0.23259 0.92829 0.290136
    outer loop
      vertex 13.1724 17.8924 16.6645
      vertex 13.0255 17.8852 16.8053
      vertex 13.16 17.8515 16.8053
    endloop
  endfacet
  facet normal 0.172995 0.233193 0.956919
    outer loop
      vertex 13.0307 16.9202 17.7123
      vertex 12.9812 16.7817 17.755
      vertex 13.0706 16.8906 17.7123
    endloop
  endfacet
  facet normal 0.0838674 0.177053 0.980621
    outer loop
      vertex 12.8895 16.8367 17.755
      vertex 12.8538 16.6941 17.7838
      vertex 12.9218 16.8214 17.755
    endloop
  endfacet
  facet normal 0.129116 0.36055 0.92376
    outer loop
      vertex 12.9362 17.1137 17.656
      vertex 12.8967 16.9836 17.7123
      vertex 12.9954 17.0925 17.656
    endloop
  endfacet
  facet normal 0.0692799 0.466859 0.881614
    outer loop
      vertex 12.9004 17.2563 17.5866
      vertex 12.8256 17.2674 17.5866
      vertex 12.8751 17.129 17.656
    endloop
  endfacet
  facet normal 0.00986139 0.195584 0.980637
    outer loop
      vertex 12.75 16.8645 17.755
      vertex 12.75 16.7201 17.7838
      vertex 12.7857 16.8627 17.755
    endloop
  endfacet
  facet normal 0.0099591 0.19556 0.980641
    outer loop
      vertex 12.7857 16.8627 17.755
      vertex 12.75 16.7201 17.7838
      vertex 12.7716 16.719 17.7838
    endloop
  endfacet
  facet normal 0.280633 0.37968 0.881526
    outer loop
      vertex 13.2392 17.0961 17.5866
      vertex 13.1063 17.0332 17.656
      vertex 13.1569 16.9958 17.656
    endloop
  endfacet
  facet normal 0.281081 0.37893 0.881706
    outer loop
      vertex 13.1784 17.1412 17.5866
      vertex 13.1063 17.0332 17.656
      vertex 13.2392 17.0961 17.5866
    endloop
  endfacet
  facet normal 0.124171 0.262399 0.956937
    outer loop
      vertex 12.9434 16.9669 17.7123
      vertex 12.9218 16.8214 17.755
      vertex 12.9882 16.9457 17.7123
    endloop
  endfacet
  facet normal 0.16369 0.346245 0.923753
    outer loop
      vertex 12.9954 17.0925 17.656
      vertex 12.9882 16.9457 17.7123
      vertex 13.0523 17.0656 17.656
    endloop
  endfacet
  facet normal 0.202112 0.806471 0.555658
    outer loop
      vertex 13.1235 17.7312 17.0712
      vertex 13.001 17.7619 17.0712
      vertex 13.0997 17.6529 17.1935
    endloop
  endfacet
  facet normal 0.0927338 0.628127 0.772565
    outer loop
      vertex 12.9465 17.488 17.4114
      vertex 12.8376 17.3892 17.5048
      vertex 12.9243 17.3764 17.5048
    endloop
  endfacet
  facet normal 0.0560342 0.37884 0.923764
    outer loop
      vertex 12.8129 17.1382 17.656
      vertex 12.7995 17.0029 17.7123
      vertex 12.8751 17.129 17.656
    endloop
  endfacet
  facet normal 0.0690444 0.4668 0.881663
    outer loop
      vertex 12.8256 17.2674 17.5866
      vertex 12.8129 17.1382 17.656
      vertex 12.8751 17.129 17.656
    endloop
  endfacet
  facet normal 0.568252 0.421648 0.706613
    outer loop
      vertex 13.6091 17.2051 17.3073
      vertex 13.5287 17.139 17.4114
      vertex 13.6741 17.1175 17.3073
    endloop
  endfacet
  facet normal 0.524411 0.475046 0.706629
    outer loop
      vertex 13.5359 17.2859 17.3073
      vertex 13.4623 17.2123 17.4114
      vertex 13.5287 17.139 17.4114
    endloop
  endfacet
  facet normal 0.187966 0.750444 0.633642
    outer loop
      vertex 13.0997 17.6529 17.1935
      vertex 12.9668 17.5901 17.3073
      vertex 13.0726 17.5636 17.3073
    endloop
  endfacet
  facet normal 0.224247 0.896293 0.382586
    outer loop
      vertex 13.0255 17.8852 16.8053
      vertex 13.0145 17.8299 16.9413
      vertex 13.1436 17.7976 16.9413
    endloop
  endfacet
  facet normal 0.425272 0.899772 0.0977403
    outer loop
      vertex 13.4562 17.8213 16.3736
      vertex 13.3178 17.8708 16.5201
      vertex 13.4494 17.8086 16.5201
    endloop
  endfacet
  facet normal 0.238363 0.95139 0.195042
    outer loop
      vertex 13.0395 17.9553 16.5201
      vertex 13.0339 17.9271 16.6645
      vertex 13.1724 17.8924 16.6645
    endloop
  endfacet
  facet normal 0.242856 0.970062 0.0001082
    outer loop
      vertex 13.1854 17.9354 0.00999928
      vertex 13.0423 17.9694 16.3736
      vertex 13.1849 17.9337 16.3736
    endloop
  endfacet
  facet normal 0.241698 0.965437 0.0975387
    outer loop
      vertex 13.0423 17.9694 16.3736
      vertex 13.0395 17.9553 16.5201
      vertex 13.1849 17.9337 16.3736
    endloop
  endfacet
  facet normal 0.830543 -0.0407888 0.555458
    outer loop
      vertex 13.9548 -16.5 17.1935
      vertex 13.949 -16.6181 17.1935
      vertex 14.0304 -16.6261 17.0712
    endloop
  endfacet
  facet normal 0.765064 -0.113222 0.633923
    outer loop
      vertex 13.949 -16.6181 17.1935
      vertex 13.8401 -16.7168 17.3073
      vertex 13.9317 -16.735 17.1935
    endloop
  endfacet
  facet normal 0.666144 -0.238696 0.706595
    outer loop
      vertex 13.8136 -16.8226 17.3073
      vertex 13.714 -16.7924 17.4114
      vertex 13.7768 -16.9253 17.3073
    endloop
  endfacet
  facet normal 0.750444 -0.187966 0.633642
    outer loop
      vertex 13.8401 -16.7168 17.3073
      vertex 13.8136 -16.8226 17.3073
      vertex 13.9029 -16.8497 17.1935
    endloop
  endfacet
  facet normal 0.830871 0.296989 0.470585
    outer loop
      vertex 14.0028 17.0189 16.9413
      vertex 13.9387 16.9924 17.0712
      vertex 13.9812 16.8735 17.0712
    endloop
  endfacet
  facet normal 0.946721 0.140178 0.289946
    outer loop
      vertex 14.198 16.6426 16.6645
      vertex 14.1352 16.7755 16.8053
      vertex 14.1555 16.6384 16.8053
    endloop
  endfacet
  facet normal 0.708659 0.525694 0.470584
    outer loop
      vertex 13.8775 17.2533 16.9413
      vertex 13.7982 17.3602 16.9413
      vertex 13.8198 17.2148 17.0712
    endloop
  endfacet
  facet normal 0.797477 0.377421 0.470726
    outer loop
      vertex 13.9459 17.1392 16.9413
      vertex 13.8847 17.1065 17.0712
      vertex 13.9387 16.9924 17.0712
    endloop
  endfacet
  facet normal 0.666471 0.238383 0.706393
    outer loop
      vertex 13.7768 16.9253 17.3073
      vertex 13.6807 16.8855 17.4114
      vertex 13.714 16.7924 17.4114
    endloop
  endfacet
  facet normal 0.765064 0.113222 0.633923
    outer loop
      vertex 13.9317 16.735 17.1935
      vertex 13.8401 16.7168 17.3073
      vertex 13.949 16.6181 17.1935
    endloop
  endfacet
  facet normal 0.772442 0.0375936 0.633972
    outer loop
      vertex 13.9548 16.5 17.1935
      vertex 13.8561 16.6089 17.3073
      vertex 13.8614 16.5 17.3073
    endloop
  endfacet
  facet normal 0.772592 0.0379427 0.633768
    outer loop
      vertex 13.949 16.6181 17.1935
      vertex 13.8561 16.6089 17.3073
      vertex 13.9548 16.5 17.1935
    endloop
  endfacet
  facet normal 0.870076 -0.311361 0.382128
    outer loop
      vertex 14.1015 -16.91 16.8053
      vertex 14.0028 -17.0189 16.9413
      vertex 14.0548 -17.0405 16.8053
    endloop
  endfacet
  facet normal 0.870078 -0.311089 0.382346
    outer loop
      vertex 14.0476 -16.8936 16.9413
      vertex 14.0028 -17.0189 16.9413
      vertex 14.1015 -16.91 16.8053
    endloop
  endfacet
  facet normal 0.97027 -0.14342 0.194954
    outer loop
      vertex 14.2266 -16.6454 16.5201
      vertex 14.198 -16.6426 16.6645
      vertex 14.2053 -16.7895 16.5201
    endloop
  endfacet
  facet normal 0.98916 0.146844 0.000110603
    outer loop
      vertex 14.2428 16.647 0.00999928
      vertex 14.2194 16.7923 16.3736
      vertex 14.241 16.6468 16.3736
    endloop
  endfacet
  facet normal 0.792224 0.475468 0.382507
    outer loop
      vertex 13.9956 17.1658 16.8053
      vertex 13.9243 17.2846 16.8053
      vertex 13.9459 17.1392 16.9413
    endloop
  endfacet
  facet normal 0.822619 0.121845 0.555385
    outer loop
      vertex 14.0119 16.751 17.0712
      vertex 13.9317 16.735 17.1935
      vertex 14.0304 16.6261 17.0712
    endloop
  endfacet
  facet normal 0.822586 0.121734 0.555457
    outer loop
      vertex 14.0304 16.6261 17.0712
      vertex 13.9317 16.735 17.1935
      vertex 13.949 16.6181 17.1935
    endloop
  endfacet
  facet normal 0.83052 0.0408344 0.555491
    outer loop
      vertex 14.0304 16.6261 17.0712
      vertex 13.9548 16.5 17.1935
      vertex 14.0366 16.5 17.0712
    endloop
  endfacet
  facet normal 0.923091 -0.0451474 0.381922
    outer loop
      vertex 14.106 -16.5 16.9413
      vertex 14.0995 -16.6329 16.9413
      vertex 14.1555 -16.6384 16.8053
    endloop
  endfacet
  facet normal 0.923959 -0 0.382492
    outer loop
      vertex 14.106 -16.5 16.9413
      vertex 14.1623 16.5 16.8053
      vertex 14.106 16.5 16.9413
    endloop
  endfacet
  facet normal 0.923959 0 0.382492
    outer loop
      vertex 14.1623 16.5 16.8053
      vertex 14.106 -16.5 16.9413
      vertex 14.1623 -16.5 16.8053
    endloop
  endfacet
  facet normal 0.984443 0.146144 0.0975416
    outer loop
      vertex 14.2194 16.7923 16.3736
      vertex 14.2053 16.7895 16.5201
      vertex 14.241 16.6468 16.3736
    endloop
  endfacet
  facet normal 0.955896 -0.0469234 0.289934
    outer loop
      vertex 14.205 -16.5 16.6645
      vertex 14.1555 -16.6384 16.8053
      vertex 14.198 -16.6426 16.6645
    endloop
  endfacet
  facet normal 0.970238 -0.14351 0.195044
    outer loop
      vertex 14.198 -16.6426 16.6645
      vertex 14.1771 -16.7839 16.6645
      vertex 14.2053 -16.7895 16.5201
    endloop
  endfacet
  facet normal 0.419143 0.886804 0.194674
    outer loop
      vertex 13.3178 17.8708 16.5201
      vertex 13.3068 17.8443 16.6645
      vertex 13.4494 17.8086 16.5201
    endloop
  endfacet
  facet normal 0.495948 0.667595 0.555295
    outer loop
      vertex 13.4648 17.5698 17.0712
      vertex 13.4194 17.5018 17.1935
      vertex 13.5143 17.4313 17.1935
    endloop
  endfacet
  facet normal 0.502681 0.238112 0.831032
    outer loop
      vertex 13.538 16.9212 17.5048
      vertex 13.4301 16.8635 17.5866
      vertex 13.4625 16.7951 17.5866
    endloop
  endfacet
  facet normal 0.597325 0.214313 0.772834
    outer loop
      vertex 13.6807 16.8855 17.4114
      vertex 13.5755 16.8419 17.5048
      vertex 13.6051 16.7594 17.5048
    endloop
  endfacet
  facet normal 0.699441 0.330567 0.633646
    outer loop
      vertex 13.8125 17.0679 17.1935
      vertex 13.7302 17.0239 17.3073
      vertex 13.7768 16.9253 17.3073
    endloop
  endfacet
  facet normal 0.751393 0.355997 0.555585
    outer loop
      vertex 13.9387 16.9924 17.0712
      vertex 13.8125 17.0679 17.1935
      vertex 13.8631 16.9611 17.1935
    endloop
  endfacet
  facet normal 0.544885 0.326061 0.772518
    outer loop
      vertex 13.5876 17.0596 17.4114
      vertex 13.493 16.9964 17.5048
      vertex 13.538 16.9212 17.5048
    endloop
  endfacet
  facet normal 0.544292 0.326447 0.772774
    outer loop
      vertex 13.5876 17.0596 17.4114
      vertex 13.538 16.9212 17.5048
      vertex 13.6384 16.9749 17.4114
    endloop
  endfacet
  facet normal 0.667595 0.495948 0.555295
    outer loop
      vertex 13.8198 17.2148 17.0712
      vertex 13.6813 17.2643 17.1935
      vertex 13.7518 17.1694 17.1935
    endloop
  endfacet
  facet normal 0.788052 0.583997 0.194737
    outer loop
      vertex 13.9837 17.3243 16.5201
      vertex 13.8748 17.4231 16.6645
      vertex 13.9598 17.3084 16.6645
    endloop
  endfacet
  facet normal 0.53929 0.134981 0.831232
    outer loop
      vertex 13.6051 16.7594 17.5048
      vertex 13.5063 16.6504 17.5866
      vertex 13.6264 16.6743 17.5048
    endloop
  endfacet
  facet normal 0.539273 0.135002 0.831239
    outer loop
      vertex 13.6051 16.7594 17.5048
      vertex 13.4879 16.7239 17.5866
      vertex 13.5063 16.6504 17.5866
    endloop
  endfacet
  facet normal 0.42631 0.201936 0.881749
    outer loop
      vertex 13.4301 16.8635 17.5866
      vertex 13.3425 16.7454 17.656
      vertex 13.4625 16.7951 17.5866
    endloop
  endfacet
  facet normal 0.444298 0.1585 0.881747
    outer loop
      vertex 13.4625 16.7951 17.5866
      vertex 13.3425 16.7454 17.656
      vertex 13.4879 16.7239 17.5866
    endloop
  endfacet
  facet normal -0.550529 0.742138 0.382294
    outer loop
      vertex -13.5033 17.6275 16.9413
      vertex -13.646 17.5917 16.8053
      vertex -13.6102 17.5482 16.9413
    endloop
  endfacet
  facet normal -0.620667 0.684539 0.382333
    outer loop
      vertex -13.646 17.5917 16.8053
      vertex -13.7088 17.4588 16.9413
      vertex -13.6102 17.5482 16.9413
    endloop
  endfacet
  facet normal -0.397709 0.663557 0.633655
    outer loop
      vertex -13.3179 17.5625 17.1935
      vertex -13.3675 17.4241 17.3073
      vertex -13.2739 17.4802 17.3073
    endloop
  endfacet
  facet normal -0.396869 0.663628 0.634107
    outer loop
      vertex -13.3179 17.5625 17.1935
      vertex -13.4194 17.5018 17.1935
      vertex -13.3675 17.4241 17.3073
    endloop
  endfacet
  facet normal -0.713751 0.426844 0.555305
    outer loop
      vertex -13.7518 17.1694 17.1935
      vertex -13.8198 17.2148 17.0712
      vertex -13.8125 17.0679 17.1935
    endloop
  endfacet
  facet normal -0.713065 0.427312 0.555826
    outer loop
      vertex -13.8198 17.2148 17.0712
      vertex -13.8847 17.1065 17.0712
      vertex -13.8125 17.0679 17.1935
    endloop
  endfacet
  facet normal -0.0703184 0.28186 0.956875
    outer loop
      vertex -12.8486 16.9956 17.7123
      vertex -12.8967 16.9836 17.7123
      vertex -12.8211 16.8575 17.755
    endloop
  endfacet
  facet normal -0.0427226 0.287354 0.956871
    outer loop
      vertex -12.7995 17.0029 17.7123
      vertex -12.8486 16.9956 17.7123
      vertex -12.8211 16.8575 17.755
    endloop
  endfacet
  facet normal -0.0239641 0.0949523 0.995193
    outer loop
      vertex -12.7929 16.7159 17.7838
      vertex -12.8139 16.7106 17.7838
      vertex -12.7714 16.5704 17.7982
    endloop
  endfacet
  facet normal -0.100792 0.167987 0.980623
    outer loop
      vertex -12.8538 16.6941 17.7838
      vertex -12.9525 16.803 17.755
      vertex -12.8723 16.683 17.7838
    endloop
  endfacet
  facet normal -0.0503895 0.0839825 0.995192
    outer loop
      vertex -12.8538 16.6941 17.7838
      vertex -12.8723 16.683 17.7838
      vertex -12.7909 16.5612 17.7982
    endloop
  endfacet
  facet normal 0.088377 0.042149 0.995195
    outer loop
      vertex 12.9441 16.6038 17.7838
      vertex 12.8149 16.5347 17.7982
      vertex 12.818 16.5282 17.7982
    endloop
  endfacet
  facet normal -0.0840826 -0.0501784 0.995195
    outer loop
      vertex -12.8149 -16.5347 17.7982
      vertex -12.9441 -16.6038 17.7838
      vertex -12.8112 -16.5409 17.7982
    endloop
  endfacet
  facet normal -0.371473 0.0926751 0.923807
    outer loop
      vertex -13.2336 16.6467 17.7123
      vertex -13.379 16.6251 17.656
      vertex -13.2456 16.5986 17.7123
    endloop
  endfacet
  facet normal -0.273445 0.0977845 0.956904
    outer loop
      vertex -13.2169 16.6934 17.7123
      vertex -13.2336 16.6467 17.7123
      vertex -13.0988 16.6058 17.755
    endloop
  endfacet
  facet normal -0.19556 0.0099591 0.980641
    outer loop
      vertex -12.969 16.5216 17.7838
      vertex -13.1127 16.5357 17.755
      vertex -12.9701 16.5 17.7838
    endloop
  endfacet
  facet normal -0.193771 0.0282014 0.980641
    outer loop
      vertex -12.9659 16.5429 17.7838
      vertex -13.1127 16.5357 17.755
      vertex -12.969 16.5216 17.7838
    endloop
  endfacet
  facet normal -0.233193 0.172995 0.956919
    outer loop
      vertex -13.1406 16.8206 17.7123
      vertex -13.1702 16.7807 17.7123
      vertex -13.0317 16.7312 17.755
    endloop
  endfacet
  facet normal -0.194963 0.215272 0.956895
    outer loop
      vertex -12.9812 16.7817 17.755
      vertex -13.1073 16.8573 17.7123
      vertex -13.0077 16.7577 17.755
    endloop
  endfacet
  facet normal -0.475046 0.524411 0.706629
    outer loop
      vertex -13.389 17.2787 17.4114
      vertex -13.5359 17.2859 17.3073
      vertex -13.4623 17.2123 17.4114
    endloop
  endfacet
  facet normal -0.37831 0.509979 0.77253
    outer loop
      vertex -13.3096 17.3376 17.4114
      vertex -13.389 17.2787 17.4114
      vertex -13.3169 17.1907 17.5048
    endloop
  endfacet
  facet normal -0.621143 0.460894 0.633844
    outer loop
      vertex -13.6091 17.2051 17.3073
      vertex -13.6813 17.2643 17.1935
      vertex -13.6741 17.1175 17.3073
    endloop
  endfacet
  facet normal -0.62071 0.461118 0.634105
    outer loop
      vertex -13.6813 17.2643 17.1935
      vertex -13.7518 17.1694 17.1935
      vertex -13.6741 17.1175 17.3073
    endloop
  endfacet
  facet normal -0.502987 0.237857 0.83092
    outer loop
      vertex -13.538 16.9212 17.5048
      vertex -13.5755 16.8419 17.5048
      vertex -13.4625 16.7951 17.5866
    endloop
  endfacet
  facet normal -0.446596 0.331274 0.831149
    outer loop
      vertex -13.3461 16.9892 17.5866
      vertex -13.4407 17.0669 17.5048
      vertex -13.3912 16.9284 17.5866
    endloop
  endfacet
  facet normal -0.271297 0.573703 0.772828
    outer loop
      vertex -13.1355 17.4307 17.4114
      vertex -13.1712 17.288 17.5048
      vertex -13.0919 17.3255 17.5048
    endloop
  endfacet
  facet normal -0.237857 0.502987 0.83092
    outer loop
      vertex -13.0919 17.3255 17.5048
      vertex -13.1712 17.288 17.5048
      vertex -13.0451 17.2125 17.5866
    endloop
  endfacet
  facet normal 0.699887 -0.103766 0.706676
    outer loop
      vertex 13.7525 -16.5987 17.4114
      vertex 13.738 -16.6965 17.4114
      vertex 13.8401 -16.7168 17.3073
    endloop
  endfacet
  facet normal 0.699877 -0.103782 0.706684
    outer loop
      vertex 13.8561 -16.6089 17.3073
      vertex 13.7525 -16.5987 17.4114
      vertex 13.8401 -16.7168 17.3073
    endloop
  endfacet
  facet normal 0.273445 -0.0977845 0.956904
    outer loop
      vertex 13.2336 -16.6467 17.7123
      vertex 13.0988 -16.6058 17.755
      vertex 13.2169 -16.6934 17.7123
    endloop
  endfacet
  facet normal 0.411954 -0.373869 0.830973
    outer loop
      vertex 13.4407 -17.0669 17.5048
      vertex 13.2953 -17.0453 17.5866
      vertex 13.3818 -17.1318 17.5048
    endloop
  endfacet
  facet normal 0.502681 -0.238112 0.831032
    outer loop
      vertex 13.4625 -16.7951 17.5866
      vertex 13.4301 -16.8635 17.5866
      vertex 13.538 -16.9212 17.5048
    endloop
  endfacet
  facet normal 0.523688 -0.187893 0.830931
    outer loop
      vertex 13.6051 -16.7594 17.5048
      vertex 13.4625 -16.7951 17.5866
      vertex 13.5755 -16.8419 17.5048
    endloop
  endfacet
  facet normal 0.37884 -0.0560342 0.923764
    outer loop
      vertex 13.3882 -16.5629 17.656
      vertex 13.2529 -16.5495 17.7123
      vertex 13.379 -16.6251 17.656
    endloop
  endfacet
  facet normal 0.457828 -0.114644 0.881618
    outer loop
      vertex 13.379 -16.6251 17.656
      vertex 13.3637 -16.6862 17.656
      vertex 13.4879 -16.7239 17.5866
    endloop
  endfacet
  facet normal 0.615919 -0.154161 0.772579
    outer loop
      vertex 13.6264 -16.6743 17.5048
      vertex 13.6051 -16.7594 17.5048
      vertex 13.738 -16.6965 17.4114
    endloop
  endfacet
  facet normal 0.628127 -0.0927338 0.772565
    outer loop
      vertex 13.6392 -16.5876 17.5048
      vertex 13.6264 -16.6743 17.5048
      vertex 13.738 -16.6965 17.4114
    endloop
  endfacet
  facet normal 0.502987 -0.237857 0.83092
    outer loop
      vertex 13.5755 -16.8419 17.5048
      vertex 13.4625 -16.7951 17.5866
      vertex 13.538 -16.9212 17.5048
    endloop
  endfacet
  facet normal 0.404661 -0.242547 0.881715
    outer loop
      vertex 13.4301 -16.8635 17.5866
      vertex 13.2832 -16.8563 17.656
      vertex 13.3912 -16.9284 17.5866
    endloop
  endfacet
  facet normal 0.477139 -0.285522 0.831153
    outer loop
      vertex 13.538 -16.9212 17.5048
      vertex 13.3912 -16.9284 17.5866
      vertex 13.493 -16.9964 17.5048
    endloop
  endfacet
  facet normal 0.328412 -0.197047 0.923752
    outer loop
      vertex 13.3156 -16.8023 17.656
      vertex 13.1957 -16.7382 17.7123
      vertex 13.2832 -16.8563 17.656
    endloop
  endfacet
  facet normal 0.00543448 0.0978206 0.995189
    outer loop
      vertex 12.75 16.7201 17.7838
      vertex 12.75 16.5736 17.7982
      vertex 12.7572 16.5732 17.7982
    endloop
  endfacet
  facet normal -0.00543448 0.0978206 0.995189
    outer loop
      vertex -12.75 16.7201 17.7838
      vertex -12.7572 16.5732 17.7982
      vertex -12.75 16.5736 17.7982
    endloop
  endfacet
  facet normal -0.0501784 -0.0840826 0.995195
    outer loop
      vertex -12.7909 -16.5612 17.7982
      vertex -12.8538 -16.6941 17.7838
      vertex -12.7847 -16.5649 17.7982
    endloop
  endfacet
  facet normal 0 -0.382492 0.923959
    outer loop
      vertex -12.75 -17.0053 17.7123
      vertex 12.75 -17.1413 17.656
      vertex 12.75 -17.0053 17.7123
    endloop
  endfacet
  facet normal 0 -0.382492 0.923959
    outer loop
      vertex 12.75 -17.1413 17.656
      vertex -12.75 -17.0053 17.7123
      vertex -12.75 -17.1413 17.656
    endloop
  endfacet
  facet normal 0.0185419 -0.382426 0.9238
    outer loop
      vertex 12.75 -17.0053 17.7123
      vertex 12.75 -17.1413 17.656
      vertex 12.7995 -17.0029 17.7123
    endloop
  endfacet
  facet normal 0.172995 -0.233193 0.956919
    outer loop
      vertex 13.0706 -16.8906 17.7123
      vertex 12.9812 -16.7817 17.755
      vertex 13.0307 -16.9202 17.7123
    endloop
  endfacet
  facet normal 0.227499 -0.307793 0.923855
    outer loop
      vertex 13.1569 -16.9958 17.656
      vertex 13.0706 -16.8906 17.7123
      vertex 13.1063 -17.0332 17.656
    endloop
  endfacet
  facet normal 0.0583526 -0.0787081 0.995188
    outer loop
      vertex 12.7967 -16.5569 17.7982
      vertex 12.7909 -16.5612 17.7982
      vertex 12.8896 -16.6701 17.7838
    endloop
  endfacet
  facet normal 0.058554 -0.0785259 0.995191
    outer loop
      vertex 12.8896 -16.6701 17.7838
      vertex 12.7909 -16.5612 17.7982
      vertex 12.8723 -16.683 17.7838
    endloop
  endfacet
  facet normal 0.0416291 -0.0886881 0.995189
    outer loop
      vertex 12.8538 -16.6941 17.7838
      vertex 12.7782 -16.568 17.7982
      vertex 12.8342 -16.7033 17.7838
    endloop
  endfacet
  facet normal 0.0427226 -0.287354 0.956871
    outer loop
      vertex 12.8211 -16.8575 17.755
      vertex 12.7995 -17.0029 17.7123
      vertex 12.8486 -16.9956 17.7123
    endloop
  endfacet
  facet normal 0.186786 -0.52359 0.831243
    outer loop
      vertex 13.0451 -17.2125 17.5866
      vertex 12.9739 -17.2379 17.5866
      vertex 13.0094 -17.3551 17.5048
    endloop
  endfacet
  facet normal 0.163841 -0.346229 0.923732
    outer loop
      vertex 12.9882 -16.9457 17.7123
      vertex 12.9434 -16.9669 17.7123
      vertex 12.9954 -17.0925 17.656
    endloop
  endfacet
  facet normal 0.088377 -0.042149 0.995195
    outer loop
      vertex 12.818 -16.5282 17.7982
      vertex 12.8149 -16.5347 17.7982
      vertex 12.9441 -16.6038 17.7838
    endloop
  endfacet
  facet normal 0.0840826 -0.0501784 0.995195
    outer loop
      vertex 12.8149 -16.5347 17.7982
      vertex 12.8112 -16.5409 17.7982
      vertex 12.9441 -16.6038 17.7838
    endloop
  endfacet
  facet normal 0.509977 0.378323 0.772525
    outer loop
      vertex 13.5876 17.0596 17.4114
      vertex 13.4407 17.0669 17.5048
      vertex 13.493 16.9964 17.5048
    endloop
  endfacet
  facet normal 0.42155 0.56827 0.706658
    outer loop
      vertex 13.3675 17.4241 17.3073
      vertex 13.3096 17.3376 17.4114
      vertex 13.389 17.2787 17.4114
    endloop
  endfacet
  facet normal 0.283412 0.25726 0.923848
    outer loop
      vertex 13.2035 16.9535 17.656
      vertex 13.1073 16.8573 17.7123
      vertex 13.2458 16.9069 17.656
    endloop
  endfacet
  facet normal 0.227499 0.307793 0.923855
    outer loop
      vertex 13.1063 17.0332 17.656
      vertex 13.0706 16.8906 17.7123
      vertex 13.1569 16.9958 17.656
    endloop
  endfacet
  facet normal 0.0476283 0.189966 0.980635
    outer loop
      vertex 12.8211 16.8575 17.755
      vertex 12.7929 16.7159 17.7838
      vertex 12.8558 16.8488 17.755
    endloop
  endfacet
  facet normal 0.100721 0.16805 0.980619
    outer loop
      vertex 12.9218 16.8214 17.755
      vertex 12.8538 16.6941 17.7838
      vertex 12.9525 16.803 17.755
    endloop
  endfacet
  facet normal 0.471304 0.023228 0.881665
    outer loop
      vertex 13.5174 16.5756 17.5866
      vertex 13.3882 16.5629 17.656
      vertex 13.3913 16.5 17.656
    endloop
  endfacet
  facet normal 0.378698 0.0563033 0.923806
    outer loop
      vertex 13.379 16.6251 17.656
      vertex 13.2456 16.5986 17.7123
      vertex 13.2529 16.5495 17.7123
    endloop
  endfacet
  facet normal 0.249045 0.149264 0.956921
    outer loop
      vertex 13.1702 16.7807 17.7123
      vertex 13.053 16.7025 17.755
      vertex 13.0714 16.6718 17.755
    endloop
  endfacet
  facet normal 0.184284 0.0661672 0.980643
    outer loop
      vertex 13.0867 16.6395 17.755
      vertex 12.9533 16.5842 17.7838
      vertex 13.0988 16.6058 17.755
    endloop
  endfacet
  facet normal 0.307793 0.227499 0.923855
    outer loop
      vertex 13.2458 16.9069 17.656
      vertex 13.1406 16.8206 17.7123
      vertex 13.2832 16.8563 17.656
    endloop
  endfacet
  facet normal 0.37968 0.280633 0.881526
    outer loop
      vertex 13.3461 16.9892 17.5866
      vertex 13.2458 16.9069 17.656
      vertex 13.2832 16.8563 17.656
    endloop
  endfacet
  facet normal 0.446573 0.331287 0.831157
    outer loop
      vertex 13.4407 17.0669 17.5048
      vertex 13.3912 16.9284 17.5866
      vertex 13.493 16.9964 17.5048
    endloop
  endfacet
  facet normal 0.446596 0.331274 0.831149
    outer loop
      vertex 13.4407 17.0669 17.5048
      vertex 13.3461 16.9892 17.5866
      vertex 13.3912 16.9284 17.5866
    endloop
  endfacet
  facet normal 0.290003 0.014622 0.956914
    outer loop
      vertex 13.2529 16.5495 17.7123
      vertex 13.1127 16.5357 17.755
      vertex 13.1145 16.5 17.755
    endloop
  endfacet
  facet normal 0.189966 0.0476283 0.980635
    outer loop
      vertex 13.0988 16.6058 17.755
      vertex 12.9659 16.5429 17.7838
      vertex 13.1075 16.5711 17.755
    endloop
  endfacet
  facet normal 0.195584 -0.00986139 0.980637
    outer loop
      vertex 13.1145 -16.5 17.755
      vertex 12.9701 -16.5 17.7838
      vertex 13.1127 -16.5357 17.755
    endloop
  endfacet
  facet normal 0.0949523 -0.0239641 0.995193
    outer loop
      vertex 12.9659 -16.5429 17.7838
      vertex 12.8204 -16.5214 17.7982
      vertex 12.9606 -16.5639 17.7838
    endloop
  endfacet
  facet normal 0.096898 -0.0141025 0.995194
    outer loop
      vertex 12.969 -16.5216 17.7838
      vertex 12.8232 -16.5072 17.7982
      vertex 12.9659 -16.5429 17.7838
    endloop
  endfacet
  facet normal 0.193771 -0.0282014 0.980641
    outer loop
      vertex 12.969 -16.5216 17.7838
      vertex 12.9659 -16.5429 17.7838
      vertex 13.1127 -16.5357 17.755
    endloop
  endfacet
  facet normal 0.273222 -0.0981006 0.956936
    outer loop
      vertex 13.0988 -16.6058 17.755
      vertex 13.0867 -16.6395 17.755
      vertex 13.2169 -16.6934 17.7123
    endloop
  endfacet
  facet normal 0.281686 -0.0706244 0.956904
    outer loop
      vertex 13.1075 -16.5711 17.755
      vertex 13.0988 -16.6058 17.755
      vertex 13.2336 -16.6467 17.7123
    endloop
  endfacet
  facet normal 0.853468 -0.511808 0.0982066
    outer loop
      vertex 14.0586 -17.1994 16.5201
      vertex 13.9837 -17.3243 16.5201
      vertex 13.9957 -17.3324 16.3736
    endloop
  endfacet
  facet normal 0.726746 -0.658719 0.194754
    outer loop
      vertex 13.8748 -17.4231 16.6645
      vertex 13.7992 -17.5492 16.5201
      vertex 13.897 -17.4413 16.5201
    endloop
  endfacet
  facet normal 0.355613 -0.751397 0.555826
    outer loop
      vertex 13.3179 -17.5625 17.1935
      vertex 13.2424 -17.6887 17.0712
      vertex 13.3565 -17.6347 17.0712
    endloop
  endfacet
  facet normal 0.140029 -0.946703 0.290079
    outer loop
      vertex 13.0255 -17.8852 16.8053
      vertex 12.8926 -17.948 16.6645
      vertex 13.0339 -17.9271 16.6645
    endloop
  endfacet
  facet normal 0.0469665 -0.955905 0.289895
    outer loop
      vertex 12.75 -17.9123 16.8053
      vertex 12.75 -17.955 16.6645
      vertex 12.8884 -17.9055 16.8053
    endloop
  endfacet
  facet normal 0.0469234 -0.955896 0.289934
    outer loop
      vertex 12.8884 -17.9055 16.8053
      vertex 12.75 -17.955 16.6645
      vertex 12.8926 -17.948 16.6645
    endloop
  endfacet
  facet normal 0.213829 -0.597823 0.772583
    outer loop
      vertex 13.1355 -17.4307 17.4114
      vertex 13.0094 -17.3551 17.5048
      vertex 13.0424 -17.464 17.4114
    endloop
  endfacet
  facet normal 0.113459 -0.765139 0.63379
    outer loop
      vertex 12.9668 -17.5901 17.3073
      vertex 12.8589 -17.6061 17.3073
      vertex 12.8681 -17.699 17.1935
    endloop
  endfacet
  facet normal 0 -0.707107 0.707107
    outer loop
      vertex -12.75 -17.5073 17.4114
      vertex 12.75 -17.6114 17.3073
      vertex 12.75 -17.5073 17.4114
    endloop
  endfacet
  facet normal 0 -0.707107 0.707107
    outer loop
      vertex 12.75 -17.6114 17.3073
      vertex -12.75 -17.5073 17.4114
      vertex -12.75 -17.6114 17.3073
    endloop
  endfacet
  facet normal 0.0407888 -0.830543 0.555458
    outer loop
      vertex 12.8681 -17.699 17.1935
      vertex 12.75 -17.7048 17.1935
      vertex 12.8761 -17.7804 17.0712
    endloop
  endfacet
  facet normal 0.121734 -0.822586 0.555457
    outer loop
      vertex 12.985 -17.6817 17.1935
      vertex 12.8681 -17.699 17.1935
      vertex 12.8761 -17.7804 17.0712
    endloop
  endfacet
  facet normal -0.726746 -0.658719 0.194754
    outer loop
      vertex -13.8748 -17.4231 16.6645
      vertex -13.897 -17.4413 16.5201
      vertex -13.7992 -17.5492 16.5201
    endloop
  endfacet
  facet normal -0.768866 -0.569779 0.290167
    outer loop
      vertex -13.9243 -17.2846 16.8053
      vertex -13.9598 -17.3084 16.6645
      vertex -13.8748 -17.4231 16.6645
    endloop
  endfacet
  facet normal 0.280633 -0.37968 0.881526
    outer loop
      vertex 13.1569 -16.9958 17.656
      vertex 13.1063 -17.0332 17.656
      vertex 13.2392 -17.0961 17.5866
    endloop
  endfacet
  facet normal 0.281081 -0.37893 0.881706
    outer loop
      vertex 13.2392 -17.0961 17.5866
      vertex 13.1063 -17.0332 17.656
      vertex 13.1784 -17.1412 17.5866
    endloop
  endfacet
  facet normal 0.154161 -0.615919 0.772579
    outer loop
      vertex 13.0094 -17.3551 17.5048
      vertex 12.9243 -17.3764 17.5048
      vertex 12.9465 -17.488 17.4114
    endloop
  endfacet
  facet normal 0.129116 -0.36055 0.92376
    outer loop
      vertex 12.9954 -17.0925 17.656
      vertex 12.8967 -16.9836 17.7123
      vertex 12.9362 -17.1137 17.656
    endloop
  endfacet
  facet normal 0.0703184 -0.28186 0.956875
    outer loop
      vertex 12.8967 -16.9836 17.7123
      vertex 12.8211 -16.8575 17.755
      vertex 12.8486 -16.9956 17.7123
    endloop
  endfacet
  facet normal 0.0706244 -0.281686 0.956904
    outer loop
      vertex 12.8558 -16.8488 17.755
      vertex 12.8211 -16.8575 17.755
      vertex 12.8967 -16.9836 17.7123
    endloop
  endfacet
  facet normal 0.0188523 -0.382519 0.923755
    outer loop
      vertex 12.7995 -17.0029 17.7123
      vertex 12.75 -17.1413 17.656
      vertex 12.8129 -17.1382 17.656
    endloop
  endfacet
  facet normal 0.023228 -0.471304 0.881665
    outer loop
      vertex 12.8129 -17.1382 17.656
      vertex 12.75 -17.1413 17.656
      vertex 12.8256 -17.2674 17.5866
    endloop
  endfacet
  facet normal 0.66763 -0.495784 0.5554
    outer loop
      vertex 13.8198 -17.2148 17.0712
      vertex 13.6813 -17.2643 17.1935
      vertex 13.7445 -17.3162 17.0712
    endloop
  endfacet
  facet normal 0.616595 -0.557966 0.555415
    outer loop
      vertex 13.6813 -17.2643 17.1935
      vertex 13.6598 -17.4098 17.0712
      vertex 13.7445 -17.3162 17.0712
    endloop
  endfacet
  facet normal 0.62071 -0.461118 0.634105
    outer loop
      vertex 13.7518 -17.1694 17.1935
      vertex 13.6741 -17.1175 17.3073
      vertex 13.6813 -17.2643 17.1935
    endloop
  endfacet
  facet normal 0.509979 -0.37831 0.77253
    outer loop
      vertex 13.5876 -17.0596 17.4114
      vertex 13.4407 -17.0669 17.5048
      vertex 13.5287 -17.139 17.4114
    endloop
  endfacet
  facet normal 0.461118 -0.62071 0.634105
    outer loop
      vertex 13.5143 -17.4313 17.1935
      vertex 13.3675 -17.4241 17.3073
      vertex 13.4194 -17.5018 17.1935
    endloop
  endfacet
  facet normal 0.396869 -0.663628 0.634107
    outer loop
      vertex 13.3675 -17.4241 17.3073
      vertex 13.3179 -17.5625 17.1935
      vertex 13.4194 -17.5018 17.1935
    endloop
  endfacet
  facet normal 0.620667 -0.684539 0.382333
    outer loop
      vertex 13.7088 -17.4588 16.9413
      vertex 13.6102 -17.5482 16.9413
      vertex 13.646 -17.5917 16.8053
    endloop
  endfacet
  facet normal 0.557966 -0.616595 0.555415
    outer loop
      vertex 13.6598 -17.4098 17.0712
      vertex 13.5143 -17.4313 17.1935
      vertex 13.5662 -17.4945 17.0712
    endloop
  endfacet
  facet normal 0.238519 -0.951381 0.194894
    outer loop
      vertex 13.1724 -17.8924 16.6645
      vertex 13.0395 -17.9553 16.5201
      vertex 13.1807 -17.9199 16.5201
    endloop
  endfacet
  facet normal 0.238363 -0.95139 0.195042
    outer loop
      vertex 13.1724 -17.8924 16.6645
      vertex 13.0339 -17.9271 16.6645
      vertex 13.0395 -17.9553 16.5201
    endloop
  endfacet
  facet normal 0.593239 -0.799113 0.0973968
    outer loop
      vertex 13.6913 -17.647 16.5201
      vertex 13.5824 -17.7457 16.3736
      vertex 13.7004 -17.6581 16.3736
    endloop
  endfacet
  facet normal 0.668386 -0.737411 0.0973896
    outer loop
      vertex 13.7992 -17.5492 16.5201
      vertex 13.6913 -17.647 16.5201
      vertex 13.7004 -17.6581 16.3736
    endloop
  endfacet
  facet normal -0.491875 0.820908 0.29012
    outer loop
      vertex -13.4359 17.7832 16.6645
      vertex -13.5584 17.7098 16.6645
      vertex -13.5346 17.6743 16.8053
    endloop
  endfacet
  facet normal -0.409467 0.865176 0.289495
    outer loop
      vertex -13.3068 17.8443 16.6645
      vertex -13.4359 17.7832 16.6645
      vertex -13.4158 17.7456 16.8053
    endloop
  endfacet
  facet normal -0.232577 0.928298 0.290123
    outer loop
      vertex -13.0339 17.9271 16.6645
      vertex -13.1724 17.8924 16.6645
      vertex -13.0255 17.8852 16.8053
    endloop
  endfacet
  facet normal -0.238363 0.95139 0.195042
    outer loop
      vertex -13.0395 17.9553 16.5201
      vertex -13.1724 17.8924 16.6645
      vertex -13.0339 17.9271 16.6645
    endloop
  endfacet
  facet normal -0.820908 0.491875 0.29012
    outer loop
      vertex -13.9598 17.3084 16.6645
      vertex -14.0332 17.1859 16.6645
      vertex -13.9243 17.2846 16.8053
    endloop
  endfacet
  facet normal -0.768866 0.569779 0.290167
    outer loop
      vertex -13.8748 17.4231 16.6645
      vertex -13.9598 17.3084 16.6645
      vertex -13.9243 17.2846 16.8053
    endloop
  endfacet
  facet normal -0.6201 0.684777 0.382828
    outer loop
      vertex -13.646 17.5917 16.8053
      vertex -13.7487 17.4987 16.8053
      vertex -13.7088 17.4588 16.9413
    endloop
  endfacet
  facet normal -0.684777 0.6201 0.382828
    outer loop
      vertex -13.7487 17.4987 16.8053
      vertex -13.8417 17.396 16.8053
      vertex -13.7088 17.4588 16.9413
    endloop
  endfacet
  facet normal -0.797642 0.377272 0.470566
    outer loop
      vertex -13.9459 17.1392 16.9413
      vertex -14.0028 17.0189 16.9413
      vertex -13.9387 16.9924 17.0712
    endloop
  endfacet
  facet normal -0.797477 0.377421 0.470726
    outer loop
      vertex -13.8847 17.1065 17.0712
      vertex -13.9459 17.1392 16.9413
      vertex -13.9387 16.9924 17.0712
    endloop
  endfacet
  facet normal -0.750121 0.188348 0.633911
    outer loop
      vertex -13.9029 16.8497 17.1935
      vertex -13.9317 16.735 17.1935
      vertex -13.8401 16.7168 17.3073
    endloop
  endfacet
  facet normal -0.666471 0.238383 0.706393
    outer loop
      vertex -13.6807 16.8855 17.4114
      vertex -13.7768 16.9253 17.3073
      vertex -13.714 16.7924 17.4114
    endloop
  endfacet
  facet normal -0.666144 0.238696 0.706595
    outer loop
      vertex -13.7768 16.9253 17.3073
      vertex -13.8136 16.8226 17.3073
      vertex -13.714 16.7924 17.4114
    endloop
  endfacet
  facet normal -0.686368 0.171771 0.706678
    outer loop
      vertex -13.714 16.7924 17.4114
      vertex -13.8401 16.7168 17.3073
      vertex -13.738 16.6965 17.4114
    endloop
  endfacet
  facet normal -0.457828 0.114644 0.881618
    outer loop
      vertex -13.3637 16.6862 17.656
      vertex -13.4879 16.7239 17.5866
      vertex -13.379 16.6251 17.656
    endloop
  endfacet
  facet normal -0.444329 0.159118 0.88162
    outer loop
      vertex -13.3425 16.7454 17.656
      vertex -13.4879 16.7239 17.5866
      vertex -13.3637 16.6862 17.656
    endloop
  endfacet
  facet normal -0.615919 0.154161 0.772579
    outer loop
      vertex -13.6051 16.7594 17.5048
      vertex -13.738 16.6965 17.4114
      vertex -13.6264 16.6743 17.5048
    endloop
  endfacet
  facet normal -0.615914 0.154139 0.772587
    outer loop
      vertex -13.714 16.7924 17.4114
      vertex -13.738 16.6965 17.4114
      vertex -13.6051 16.7594 17.5048
    endloop
  endfacet
  facet normal -0.0816042 -0.549909 0.831228
    outer loop
      vertex -12.9004 -17.2563 17.5866
      vertex -12.9243 -17.3764 17.5048
      vertex -12.8256 -17.2674 17.5866
    endloop
  endfacet
  facet normal -0.134981 -0.53929 0.831232
    outer loop
      vertex -12.9004 -17.2563 17.5866
      vertex -13.0094 -17.3551 17.5048
      vertex -12.9243 -17.3764 17.5048
    endloop
  endfacet
  facet normal 0.146746 -0.989174 0.0001115
    outer loop
      vertex 13.0423 -17.9694 16.3736
      vertex 12.897 -17.9928 0.00999928
      vertex 13.0426 -17.9712 0.00999928
    endloop
  endfacet
  facet normal 0.699441 -0.330567 0.633646
    outer loop
      vertex 13.7768 -16.9253 17.3073
      vertex 13.7302 -17.0239 17.3073
      vertex 13.8125 -17.0679 17.1935
    endloop
  endfacet
  facet normal 0.663557 -0.397709 0.633655
    outer loop
      vertex 13.7302 -17.0239 17.3073
      vertex 13.6741 -17.1175 17.3073
      vertex 13.8125 -17.0679 17.1935
    endloop
  endfacet
  facet normal 0.797642 -0.377272 0.470566
    outer loop
      vertex 14.0028 -17.0189 16.9413
      vertex 13.9387 -16.9924 17.0712
      vertex 13.9459 -17.1392 16.9413
    endloop
  endfacet
  facet normal 0.83524 -0.395055 0.382499
    outer loop
      vertex 14.0028 -17.0189 16.9413
      vertex 13.9459 -17.1392 16.9413
      vertex 13.9956 -17.1658 16.8053
    endloop
  endfacet
  facet normal 0.855933 -0.214149 0.470657
    outer loop
      vertex 14.0799 -16.7645 16.9413
      vertex 13.9812 -16.8735 17.0712
      vertex 14.0476 -16.8936 16.9413
    endloop
  endfacet
  facet normal 0.855989 -0.214521 0.470387
    outer loop
      vertex 14.0119 -16.751 17.0712
      vertex 13.9812 -16.8735 17.0712
      vertex 14.0799 -16.7645 16.9413
    endloop
  endfacet
  facet normal 0.782983 -0.279737 0.555595
    outer loop
      vertex 13.9029 -16.8497 17.1935
      vertex 13.8631 -16.9611 17.1935
      vertex 13.9387 -16.9924 17.0712
    endloop
  endfacet
  facet normal 0.728196 -0.260163 0.63407
    outer loop
      vertex 13.9029 -16.8497 17.1935
      vertex 13.7768 -16.9253 17.3073
      vertex 13.8631 -16.9611 17.1935
    endloop
  endfacet
  facet normal 0.820908 -0.491875 0.29012
    outer loop
      vertex 14.0332 -17.1859 16.6645
      vertex 13.9243 -17.2846 16.8053
      vertex 13.9598 -17.3084 16.6645
    endloop
  endfacet
  facet normal 0.768866 -0.569779 0.290167
    outer loop
      vertex 13.9243 -17.2846 16.8053
      vertex 13.8748 -17.4231 16.6645
      vertex 13.9598 -17.3084 16.6645
    endloop
  endfacet
  facet normal 0.427238 -0.904139 0.000111903
    outer loop
      vertex 13.4562 -17.8213 16.3736
      vertex 13.3233 -17.8841 16.3736
      vertex 13.4571 -17.8229 0.00999928
    endloop
  endfacet
  facet normal 0.425196 -0.899818 0.0976529
    outer loop
      vertex 13.4562 -17.8213 16.3736
      vertex 13.3178 -17.8708 16.5201
      vertex 13.3233 -17.8841 16.3736
    endloop
  endfacet
  facet normal 0.569779 -0.768866 0.290167
    outer loop
      vertex 13.6731 -17.6248 16.6645
      vertex 13.5346 -17.6743 16.8053
      vertex 13.5584 -17.7098 16.6645
    endloop
  endfacet
  facet normal 0.56994 -0.76866 0.290398
    outer loop
      vertex 13.646 -17.5917 16.8053
      vertex 13.5346 -17.6743 16.8053
      vertex 13.6731 -17.6248 16.6645
    endloop
  endfacet
  facet normal -0.830815 -0.297051 0.470645
    outer loop
      vertex -13.9812 -16.8735 17.0712
      vertex -14.0476 -16.8936 16.9413
      vertex -14.0028 -17.0189 16.9413
    endloop
  endfacet
  facet normal -0.855933 -0.214149 0.470657
    outer loop
      vertex -13.9812 -16.8735 17.0712
      vertex -14.0799 -16.7645 16.9413
      vertex -14.0476 -16.8936 16.9413
    endloop
  endfacet
  facet normal -0.95139 -0.238363 0.195042
    outer loop
      vertex -14.1771 -16.7839 16.6645
      vertex -14.2053 -16.7895 16.5201
      vertex -14.1424 -16.9224 16.6645
    endloop
  endfacet
  facet normal -0.951381 -0.238519 0.194894
    outer loop
      vertex -14.1424 -16.9224 16.6645
      vertex -14.2053 -16.7895 16.5201
      vertex -14.1699 -16.9307 16.5201
    endloop
  endfacet
  facet normal -0.756777 -0.453668 0.47061
    outer loop
      vertex -13.8198 -17.2148 17.0712
      vertex -13.9459 -17.1392 16.9413
      vertex -13.8775 -17.2533 16.9413
    endloop
  endfacet
  facet normal -0.708659 -0.525694 0.470584
    outer loop
      vertex -13.8198 -17.2148 17.0712
      vertex -13.8775 -17.2533 16.9413
      vertex -13.7982 -17.3602 16.9413
    endloop
  endfacet
  facet normal -0.886804 -0.419143 0.194674
    outer loop
      vertex -14.0943 -17.0568 16.6645
      vertex -14.1208 -17.0678 16.5201
      vertex -14.0586 -17.1994 16.5201
    endloop
  endfacet
  facet normal -0.923437 -0.330713 0.19466
    outer loop
      vertex -14.0943 -17.0568 16.6645
      vertex -14.1699 -16.9307 16.5201
      vertex -14.1208 -17.0678 16.5201
    endloop
  endfacet
  facet normal -0.0476283 -0.189966 0.980635
    outer loop
      vertex -12.7929 -16.7159 17.7838
      vertex -12.8558 -16.8488 17.755
      vertex -12.8211 -16.8575 17.755
    endloop
  endfacet
  facet normal -0.0706244 -0.281686 0.956904
    outer loop
      vertex -12.8558 -16.8488 17.755
      vertex -12.8967 -16.9836 17.7123
      vertex -12.8211 -16.8575 17.755
    endloop
  endfacet
  facet normal -0.177229 -0.083189 0.980648
    outer loop
      vertex -12.9533 -16.5842 17.7838
      vertex -13.0867 -16.6395 17.755
      vertex -12.9441 -16.6038 17.7838
    endloop
  endfacet
  facet normal -0.0886881 -0.0416291 0.995189
    outer loop
      vertex -12.818 -16.5282 17.7982
      vertex -12.9533 -16.5842 17.7838
      vertex -12.9441 -16.6038 17.7838
    endloop
  endfacet
  facet normal -0.0049805 0.0977988 0.995194
    outer loop
      vertex -12.75 16.7201 17.7838
      vertex -12.7716 16.719 17.7838
      vertex -12.7572 16.5732 17.7982
    endloop
  endfacet
  facet normal -0.0141025 0.096898 0.995194
    outer loop
      vertex -12.7716 16.719 17.7838
      vertex -12.7929 16.7159 17.7838
      vertex -12.7572 16.5732 17.7982
    endloop
  endfacet
  facet normal 0.0501784 0.0840826 0.995195
    outer loop
      vertex 12.8538 16.6941 17.7838
      vertex 12.7847 16.5649 17.7982
      vertex 12.7909 16.5612 17.7982
    endloop
  endfacet
  facet normal -0.195113 -0.215035 0.956917
    outer loop
      vertex -12.9812 -16.7817 17.755
      vertex -13.1073 -16.8573 17.7123
      vertex -13.0706 -16.8906 17.7123
    endloop
  endfacet
  facet normal -0.0838674 -0.177053 0.980621
    outer loop
      vertex -12.8538 -16.6941 17.7838
      vertex -12.9218 -16.8214 17.755
      vertex -12.8895 -16.8367 17.755
    endloop
  endfacet
  facet normal -0.281686 -0.0706244 0.956904
    outer loop
      vertex -13.1075 -16.5711 17.755
      vertex -13.2336 -16.6467 17.7123
      vertex -13.0988 -16.6058 17.755
    endloop
  endfacet
  facet normal -0.273445 -0.0977845 0.956904
    outer loop
      vertex -13.0988 -16.6058 17.755
      vertex -13.2336 -16.6467 17.7123
      vertex -13.2169 -16.6934 17.7123
    endloop
  endfacet
  facet normal -0.0970531 -0.0134796 0.995188
    outer loop
      vertex -12.8232 -16.5072 17.7982
      vertex -12.9659 -16.5429 17.7838
      vertex -12.8222 -16.5144 17.7982
    endloop
  endfacet
  facet normal -0.0948875 -0.0243996 0.995189
    outer loop
      vertex -12.8222 -16.5144 17.7982
      vertex -12.9659 -16.5429 17.7838
      vertex -12.8204 -16.5214 17.7982
    endloop
  endfacet
  facet normal -0.145121 -0.131515 0.980634
    outer loop
      vertex -12.9201 -16.6396 17.7838
      vertex -13.0317 -16.7312 17.755
      vertex -12.9056 -16.6556 17.7838
    endloop
  endfacet
  facet normal -0.281686 0.0706244 0.956904
    outer loop
      vertex -13.0988 16.6058 17.755
      vertex -13.2336 16.6467 17.7123
      vertex -13.1075 16.5711 17.755
    endloop
  endfacet
  facet normal -0.28186 0.0703184 0.956875
    outer loop
      vertex -13.2336 16.6467 17.7123
      vertex -13.2456 16.5986 17.7123
      vertex -13.1075 16.5711 17.755
    endloop
  endfacet
  facet normal -0.157318 0.116755 0.980622
    outer loop
      vertex -13.0317 16.7312 17.755
      vertex -13.053 16.7025 17.755
      vertex -12.933 16.6223 17.7838
    endloop
  endfacet
  facet normal -0.233171 0.173051 0.956914
    outer loop
      vertex -13.0317 16.7312 17.755
      vertex -13.1702 16.7807 17.7123
      vertex -13.053 16.7025 17.755
    endloop
  endfacet
  facet normal -0.328412 0.197047 0.923752
    outer loop
      vertex -13.2832 16.8563 17.656
      vertex -13.3156 16.8023 17.656
      vertex -13.1957 16.7382 17.7123
    endloop
  endfacet
  facet normal -0.346245 0.16369 0.923753
    outer loop
      vertex -13.3156 16.8023 17.656
      vertex -13.3425 16.7454 17.656
      vertex -13.1957 16.7382 17.7123
    endloop
  endfacet
  facet normal -0.373869 0.411954 0.830973
    outer loop
      vertex -13.3169 17.1907 17.5048
      vertex -13.3818 17.1318 17.5048
      vertex -13.2953 17.0453 17.5866
    endloop
  endfacet
  facet normal -0.470014 0.426561 0.772744
    outer loop
      vertex -13.3818 17.1318 17.5048
      vertex -13.4623 17.2123 17.4114
      vertex -13.4407 17.0669 17.5048
    endloop
  endfacet
  facet normal -0.25726 0.283412 0.923848
    outer loop
      vertex -13.1569 16.9958 17.656
      vertex -13.2035 16.9535 17.656
      vertex -13.1073 16.8573 17.7123
    endloop
  endfacet
  facet normal -0.257184 0.283444 0.923859
    outer loop
      vertex -13.0706 16.8906 17.7123
      vertex -13.1569 16.9958 17.656
      vertex -13.1073 16.8573 17.7123
    endloop
  endfacet
  facet normal -0.285961 0.477092 0.831029
    outer loop
      vertex -13.1712 17.288 17.5048
      vertex -13.1784 17.1412 17.5866
      vertex -13.1135 17.1801 17.5866
    endloop
  endfacet
  facet normal -0.285522 0.477139 0.831153
    outer loop
      vertex -13.1712 17.288 17.5048
      vertex -13.2464 17.243 17.5048
      vertex -13.1784 17.1412 17.5866
    endloop
  endfacet
  facet normal -0.116755 -0.157318 0.980622
    outer loop
      vertex -12.8723 -16.683 17.7838
      vertex -12.9812 -16.7817 17.755
      vertex -12.9525 -16.803 17.755
    endloop
  endfacet
  facet normal -0.307793 -0.227499 0.923855
    outer loop
      vertex -13.1406 -16.8206 17.7123
      vertex -13.2832 -16.8563 17.656
      vertex -13.2458 -16.9069 17.656
    endloop
  endfacet
  facet normal -0.177053 -0.0838674 0.980621
    outer loop
      vertex -12.9441 -16.6038 17.7838
      vertex -13.0867 -16.6395 17.755
      vertex -13.0714 -16.6718 17.755
    endloop
  endfacet
  facet normal -0.26238 -0.124285 0.956927
    outer loop
      vertex -13.0867 -16.6395 17.755
      vertex -13.2169 -16.6934 17.7123
      vertex -13.0714 -16.6718 17.755
    endloop
  endfacet
  facet normal -0.145154 -0.13146 0.980637
    outer loop
      vertex -12.9056 -16.6556 17.7838
      vertex -13.0317 -16.7312 17.755
      vertex -13.0077 -16.7577 17.755
    endloop
  endfacet
  facet normal -0.156987 -0.11706 0.980639
    outer loop
      vertex -12.933 -16.6223 17.7838
      vertex -13.0317 -16.7312 17.755
      vertex -12.9201 -16.6396 17.7838
    endloop
  endfacet
  facet normal 0.213829 0.597823 0.772583
    outer loop
      vertex 13.0424 17.464 17.4114
      vertex 13.0094 17.3551 17.5048
      vertex 13.1355 17.4307 17.4114
    endloop
  endfacet
  facet normal 0.355613 0.751397 0.555826
    outer loop
      vertex 13.3565 17.6347 17.0712
      vertex 13.2424 17.6887 17.0712
      vertex 13.3179 17.5625 17.1935
    endloop
  endfacet
  facet normal 0.0706244 0.281686 0.956904
    outer loop
      vertex 12.8967 16.9836 17.7123
      vertex 12.8211 16.8575 17.755
      vertex 12.8558 16.8488 17.755
    endloop
  endfacet
  facet normal 0.0923376 0.0325897 0.995194
    outer loop
      vertex 12.9606 16.5639 17.7838
      vertex 12.818 16.5282 17.7982
      vertex 12.8204 16.5214 17.7982
    endloop
  endfacet
  facet normal 0.233171 0.173051 0.956914
    outer loop
      vertex 13.1702 16.7807 17.7123
      vertex 13.0317 16.7312 17.755
      vertex 13.053 16.7025 17.755
    endloop
  endfacet
  facet normal 0.157318 0.116755 0.980622
    outer loop
      vertex 13.0317 16.7312 17.755
      vertex 12.933 16.6223 17.7838
      vertex 13.053 16.7025 17.755
    endloop
  endfacet
  facet normal 0.0926751 0.371473 0.923807
    outer loop
      vertex 12.8751 17.129 17.656
      vertex 12.8486 16.9956 17.7123
      vertex 12.8967 16.9836 17.7123
    endloop
  endfacet
  facet normal 0.0563033 0.378698 0.923806
    outer loop
      vertex 12.8751 17.129 17.656
      vertex 12.7995 17.0029 17.7123
      vertex 12.8486 16.9956 17.7123
    endloop
  endfacet
  facet normal 0.378323 0.509977 0.772525
    outer loop
      vertex 13.3096 17.3376 17.4114
      vertex 13.2464 17.243 17.5048
      vertex 13.3169 17.1907 17.5048
    endloop
  endfacet
  facet normal 0.331287 0.446573 0.831157
    outer loop
      vertex 13.2464 17.243 17.5048
      vertex 13.1784 17.1412 17.5866
      vertex 13.3169 17.1907 17.5048
    endloop
  endfacet
  facet normal 0.285961 0.477092 0.831029
    outer loop
      vertex 13.1712 17.288 17.5048
      vertex 13.1135 17.1801 17.5866
      vertex 13.1784 17.1412 17.5866
    endloop
  endfacet
  facet normal 0.242547 0.404661 0.881715
    outer loop
      vertex 13.1135 17.1801 17.5866
      vertex 13.1063 17.0332 17.656
      vertex 13.1784 17.1412 17.5866
    endloop
  endfacet
  facet normal 0.154161 0.615919 0.772579
    outer loop
      vertex 12.9465 17.488 17.4114
      vertex 12.9243 17.3764 17.5048
      vertex 13.0094 17.3551 17.5048
    endloop
  endfacet
  facet normal 0.134981 0.53929 0.831232
    outer loop
      vertex 12.9243 17.3764 17.5048
      vertex 12.9004 17.2563 17.5866
      vertex 13.0094 17.3551 17.5048
    endloop
  endfacet
  facet normal 0.023228 0.471304 0.881665
    outer loop
      vertex 12.8256 17.2674 17.5866
      vertex 12.75 17.1413 17.656
      vertex 12.8129 17.1382 17.656
    endloop
  endfacet
  facet normal 0.0188523 0.382519 0.923755
    outer loop
      vertex 12.8129 17.1382 17.656
      vertex 12.75 17.1413 17.656
      vertex 12.7995 17.0029 17.7123
    endloop
  endfacet
  facet normal 0.36394 0.606806 0.706636
    outer loop
      vertex 13.3675 17.4241 17.3073
      vertex 13.2249 17.3884 17.4114
      vertex 13.3096 17.3376 17.4114
    endloop
  endfacet
  facet normal 0.45352 0.756799 0.470717
    outer loop
      vertex 13.3892 17.6959 16.9413
      vertex 13.3565 17.6347 17.0712
      vertex 13.4648 17.5698 17.0712
    endloop
  endfacet
  facet normal 0.171925 0.686402 0.706607
    outer loop
      vertex 13.0726 17.5636 17.3073
      vertex 12.9668 17.5901 17.3073
      vertex 13.0424 17.464 17.4114
    endloop
  endfacet
  facet normal 0.421648 0.568252 0.706613
    outer loop
      vertex 13.4551 17.3591 17.3073
      vertex 13.3675 17.4241 17.3073
      vertex 13.389 17.2787 17.4114
    endloop
  endfacet
  facet normal 0 0.882014 0.471222
    outer loop
      vertex 12.75 17.856 16.9413
      vertex -12.75 17.7866 17.0712
      vertex 12.75 17.7866 17.0712
    endloop
  endfacet
  facet normal 0 0.882014 0.471222
    outer loop
      vertex -12.75 17.7866 17.0712
      vertex 12.75 17.856 16.9413
      vertex -12.75 17.856 16.9413
    endloop
  endfacet
  facet normal 0.65873 0.726732 0.194771
    outer loop
      vertex 13.7992 17.5492 16.5201
      vertex 13.6731 17.6248 16.6645
      vertex 13.7789 17.5289 16.6645
    endloop
  endfacet
  facet normal 0.492568 0.820716 0.289485
    outer loop
      vertex 13.4359 17.7832 16.6645
      vertex 13.4158 17.7456 16.8053
      vertex 13.5346 17.6743 16.8053
    endloop
  endfacet
  facet normal 0.772988 -0 0.634421
    outer loop
      vertex 13.8614 -16.5 17.3073
      vertex 13.9548 16.5 17.1935
      vertex 13.8614 16.5 17.3073
    endloop
  endfacet
  facet normal 0.772988 0 0.634421
    outer loop
      vertex 13.9548 16.5 17.1935
      vertex 13.8614 -16.5 17.3073
      vertex 13.9548 -16.5 17.1935
    endloop
  endfacet
  facet normal 0.772442 -0.0375936 0.633972
    outer loop
      vertex 13.8614 -16.5 17.3073
      vertex 13.8561 -16.6089 17.3073
      vertex 13.9548 -16.5 17.1935
    endloop
  endfacet
  facet normal 0.686402 -0.171925 0.706607
    outer loop
      vertex 13.8401 -16.7168 17.3073
      vertex 13.714 -16.7924 17.4114
      vertex 13.8136 -16.8226 17.3073
    endloop
  endfacet
  facet normal 0.686368 -0.171771 0.706678
    outer loop
      vertex 13.738 -16.6965 17.4114
      vertex 13.714 -16.7924 17.4114
      vertex 13.8401 -16.7168 17.3073
    endloop
  endfacet
  facet normal 0.750121 -0.188348 0.633911
    outer loop
      vertex 13.9317 -16.735 17.1935
      vertex 13.8401 -16.7168 17.3073
      vertex 13.9029 -16.8497 17.1935
    endloop
  endfacet
  facet normal 0.806547 -0.202516 0.555399
    outer loop
      vertex 13.9317 -16.735 17.1935
      vertex 13.9029 -16.8497 17.1935
      vertex 14.0119 -16.751 17.0712
    endloop
  endfacet
  facet normal 0.713065 0.427312 0.555826
    outer loop
      vertex 13.8198 17.2148 17.0712
      vertex 13.8125 17.0679 17.1935
      vertex 13.8847 17.1065 17.0712
    endloop
  endfacet
  facet normal 0.751397 0.355613 0.555826
    outer loop
      vertex 13.8847 17.1065 17.0712
      vertex 13.8125 17.0679 17.1935
      vertex 13.9387 16.9924 17.0712
    endloop
  endfacet
  facet normal 0.663557 0.397709 0.633655
    outer loop
      vertex 13.8125 17.0679 17.1935
      vertex 13.6741 17.1175 17.3073
      vertex 13.7302 17.0239 17.3073
    endloop
  endfacet
  facet normal 0.607004 0.363813 0.706531
    outer loop
      vertex 13.6741 17.1175 17.3073
      vertex 13.6384 16.9749 17.4114
      vertex 13.7302 17.0239 17.3073
    endloop
  endfacet
  facet normal 0.882014 -0 0.471222
    outer loop
      vertex 14.0366 -16.5 17.0712
      vertex 14.106 16.5 16.9413
      vertex 14.0366 16.5 17.0712
    endloop
  endfacet
  facet normal 0.882014 0 0.471222
    outer loop
      vertex 14.106 16.5 16.9413
      vertex 14.0366 -16.5 17.0712
      vertex 14.106 -16.5 16.9413
    endloop
  endfacet
  facet normal 0.881186 0.0433256 0.47078
    outer loop
      vertex 14.106 16.5 16.9413
      vertex 14.0304 16.6261 17.0712
      vertex 14.0366 16.5 17.0712
    endloop
  endfacet
  facet normal 0.872633 -0.129253 0.470961
    outer loop
      vertex 14.0304 -16.6261 17.0712
      vertex 14.0119 -16.751 17.0712
      vertex 14.0995 -16.6329 16.9413
    endloop
  endfacet
  facet normal 0.881103 -0.0430938 0.470957
    outer loop
      vertex 14.106 -16.5 16.9413
      vertex 14.0304 -16.6261 17.0712
      vertex 14.0995 -16.6329 16.9413
    endloop
  endfacet
  facet normal 0.923091 0.0451474 0.381922
    outer loop
      vertex 14.1555 16.6384 16.8053
      vertex 14.0995 16.6329 16.9413
      vertex 14.106 16.5 16.9413
    endloop
  endfacet
  facet normal 0.923008 0.0453501 0.382098
    outer loop
      vertex 14.1555 16.6384 16.8053
      vertex 14.106 16.5 16.9413
      vertex 14.1623 16.5 16.8053
    endloop
  endfacet
  facet normal 0.97961 0.0485089 0.194963
    outer loop
      vertex 14.2266 16.6454 16.5201
      vertex 14.198 16.6426 16.6645
      vertex 14.2338 16.5 16.5201
    endloop
  endfacet
  facet normal 0.97027 0.14342 0.194954
    outer loop
      vertex 14.2053 16.7895 16.5201
      vertex 14.198 16.6426 16.6645
      vertex 14.2266 16.6454 16.5201
    endloop
  endfacet
  facet normal 0.936872 0.335758 0.0976592
    outer loop
      vertex 14.1341 17.0733 16.3736
      vertex 14.1208 17.0678 16.5201
      vertex 14.1837 16.9349 16.3736
    endloop
  endfacet
  facet normal 0.899772 0.425272 0.0977403
    outer loop
      vertex 14.0713 17.2062 16.3736
      vertex 14.0586 17.1994 16.5201
      vertex 14.1208 17.0678 16.5201
    endloop
  endfacet
  facet normal 0.923437 0.330713 0.19466
    outer loop
      vertex 14.1208 17.0678 16.5201
      vertex 14.0943 17.0568 16.6645
      vertex 14.1699 16.9307 16.5201
    endloop
  endfacet
  facet normal 0.830815 0.297051 0.470645
    outer loop
      vertex 14.0028 17.0189 16.9413
      vertex 13.9812 16.8735 17.0712
      vertex 14.0476 16.8936 16.9413
    endloop
  endfacet
  facet normal 0.946703 -0.140029 0.290079
    outer loop
      vertex 14.198 -16.6426 16.6645
      vertex 14.1352 -16.7755 16.8053
      vertex 14.1771 -16.7839 16.6645
    endloop
  endfacet
  facet normal 0.928298 -0.232577 0.290123
    outer loop
      vertex 14.1771 -16.7839 16.6645
      vertex 14.1352 -16.7755 16.8053
      vertex 14.1424 -16.9224 16.6645
    endloop
  endfacet
  facet normal 0.993975 -0.0487508 0.0981672
    outer loop
      vertex 14.2482 -16.5 16.3736
      vertex 14.2266 -16.6454 16.5201
      vertex 14.241 -16.6468 16.3736
    endloop
  endfacet
  facet normal 0.979551 -0.0480845 0.195367
    outer loop
      vertex 14.205 -16.5 16.6645
      vertex 14.198 -16.6426 16.6645
      vertex 14.2338 -16.5 16.5201
    endloop
  endfacet
  facet normal 0.504138 0.841374 0.194769
    outer loop
      vertex 13.5743 17.7337 16.5201
      vertex 13.4359 17.7832 16.6645
      vertex 13.5584 17.7098 16.6645
    endloop
  endfacet
  facet normal 0.296989 0.830871 0.470585
    outer loop
      vertex 13.2689 17.7528 16.9413
      vertex 13.1235 17.7312 17.0712
      vertex 13.2424 17.6887 17.0712
    endloop
  endfacet
  facet normal 0.525943 0.708242 0.470932
    outer loop
      vertex 13.6102 17.5482 16.9413
      vertex 13.4648 17.5698 17.0712
      vertex 13.5662 17.4945 17.0712
    endloop
  endfacet
  facet normal 0.642313 0.709307 0.290375
    outer loop
      vertex 13.6731 17.6248 16.6645
      vertex 13.646 17.5917 16.8053
      vertex 13.7487 17.4987 16.8053
    endloop
  endfacet
  facet normal 0.737703 0.667994 0.097871
    outer loop
      vertex 13.8094 17.5594 16.3736
      vertex 13.7992 17.5492 16.5201
      vertex 13.9081 17.4504 16.3736
    endloop
  endfacet
  facet normal 0.667994 0.737703 0.097871
    outer loop
      vertex 13.8094 17.5594 16.3736
      vertex 13.7004 17.6581 16.3736
      vertex 13.7992 17.5492 16.5201
    endloop
  endfacet
  facet normal 0.621143 0.460894 0.633844
    outer loop
      vertex 13.6813 17.2643 17.1935
      vertex 13.6091 17.2051 17.3073
      vertex 13.6741 17.1175 17.3073
    endloop
  endfacet
  facet normal 0.573163 0.519511 0.633713
    outer loop
      vertex 13.6019 17.3519 17.1935
      vertex 13.5359 17.2859 17.3073
      vertex 13.6813 17.2643 17.1935
    endloop
  endfacet
  facet normal 0.62071 0.461118 0.634105
    outer loop
      vertex 13.6813 17.2643 17.1935
      vertex 13.6741 17.1175 17.3073
      vertex 13.7518 17.1694 17.1935
    endloop
  endfacet
  facet normal 0.663628 0.396869 0.634107
    outer loop
      vertex 13.7518 17.1694 17.1935
      vertex 13.6741 17.1175 17.3073
      vertex 13.8125 17.0679 17.1935
    endloop
  endfacet
  facet normal 0.466859 0.0692799 0.881614
    outer loop
      vertex 13.5063 16.6504 17.5866
      vertex 13.379 16.6251 17.656
      vertex 13.5174 16.5756 17.5866
    endloop
  endfacet
  facet normal 0.457848 0.114618 0.881611
    outer loop
      vertex 13.4879 16.7239 17.5866
      vertex 13.379 16.6251 17.656
      vertex 13.5063 16.6504 17.5866
    endloop
  endfacet
  facet normal -0.569779 0.768866 0.290167
    outer loop
      vertex -13.5584 17.7098 16.6645
      vertex -13.6731 17.6248 16.6645
      vertex -13.5346 17.6743 16.8053
    endloop
  endfacet
  facet normal -0.56994 0.76866 0.290398
    outer loop
      vertex -13.5346 17.6743 16.8053
      vertex -13.6731 17.6248 16.6645
      vertex -13.646 17.5917 16.8053
    endloop
  endfacet
  facet normal -0.461118 0.62071 0.634105
    outer loop
      vertex -13.4194 17.5018 17.1935
      vertex -13.5143 17.4313 17.1935
      vertex -13.3675 17.4241 17.3073
    endloop
  endfacet
  facet normal -0.426844 0.713751 0.555305
    outer loop
      vertex -13.3179 17.5625 17.1935
      vertex -13.4648 17.5698 17.0712
      vertex -13.4194 17.5018 17.1935
    endloop
  endfacet
  facet normal 0.0948875 -0.0243996 0.995189
    outer loop
      vertex 12.8222 -16.5144 17.7982
      vertex 12.8204 -16.5214 17.7982
      vertex 12.9659 -16.5429 17.7838
    endloop
  endfacet
  facet normal -0.0838674 0.177053 0.980621
    outer loop
      vertex -12.8895 16.8367 17.755
      vertex -12.9218 16.8214 17.755
      vertex -12.8538 16.6941 17.7838
    endloop
  endfacet
  facet normal -0.124285 0.26238 0.956927
    outer loop
      vertex -12.8895 16.8367 17.755
      vertex -12.9434 16.9669 17.7123
      vertex -12.9218 16.8214 17.755
    endloop
  endfacet
  facet normal -0.088377 0.042149 0.995195
    outer loop
      vertex -12.8149 16.5347 17.7982
      vertex -12.9441 16.6038 17.7838
      vertex -12.818 16.5282 17.7982
    endloop
  endfacet
  facet normal -0.475058 0.524381 0.706643
    outer loop
      vertex -13.4551 17.3591 17.3073
      vertex -13.5359 17.2859 17.3073
      vertex -13.389 17.2787 17.4114
    endloop
  endfacet
  facet normal -0.42155 0.56827 0.706658
    outer loop
      vertex -13.3675 17.4241 17.3073
      vertex -13.389 17.2787 17.4114
      vertex -13.3096 17.3376 17.4114
    endloop
  endfacet
  facet normal -0.524411 0.475046 0.706629
    outer loop
      vertex -13.4623 17.2123 17.4114
      vertex -13.5359 17.2859 17.3073
      vertex -13.5287 17.139 17.4114
    endloop
  endfacet
  facet normal -0.509979 0.37831 0.77253
    outer loop
      vertex -13.5287 17.139 17.4114
      vertex -13.5876 17.0596 17.4114
      vertex -13.4407 17.0669 17.5048
    endloop
  endfacet
  facet normal -0.56827 0.42155 0.706658
    outer loop
      vertex -13.5287 17.139 17.4114
      vertex -13.6741 17.1175 17.3073
      vertex -13.5876 17.0596 17.4114
    endloop
  endfacet
  facet normal -0.606806 0.36394 0.706636
    outer loop
      vertex -13.5876 17.0596 17.4114
      vertex -13.6741 17.1175 17.3073
      vertex -13.6384 16.9749 17.4114
    endloop
  endfacet
  facet normal -0.477139 0.285522 0.831153
    outer loop
      vertex -13.493 16.9964 17.5048
      vertex -13.538 16.9212 17.5048
      vertex -13.3912 16.9284 17.5866
    endloop
  endfacet
  facet normal -0.446573 0.331287 0.831157
    outer loop
      vertex -13.4407 17.0669 17.5048
      vertex -13.493 16.9964 17.5048
      vertex -13.3912 16.9284 17.5866
    endloop
  endfacet
  facet normal -0.573703 0.271297 0.772828
    outer loop
      vertex -13.538 16.9212 17.5048
      vertex -13.6807 16.8855 17.4114
      vertex -13.5755 16.8419 17.5048
    endloop
  endfacet
  facet normal -0.597325 0.214313 0.772834
    outer loop
      vertex -13.5755 16.8419 17.5048
      vertex -13.6807 16.8855 17.4114
      vertex -13.6051 16.7594 17.5048
    endloop
  endfacet
  facet normal -0.404661 0.242547 0.881715
    outer loop
      vertex -13.3912 16.9284 17.5866
      vertex -13.4301 16.8635 17.5866
      vertex -13.2832 16.8563 17.656
    endloop
  endfacet
  facet normal -0.37893 0.281081 0.881706
    outer loop
      vertex -13.3461 16.9892 17.5866
      vertex -13.3912 16.9284 17.5866
      vertex -13.2832 16.8563 17.656
    endloop
  endfacet
  facet normal -0.187893 0.523688 0.830931
    outer loop
      vertex -13.0094 17.3551 17.5048
      vertex -13.0919 17.3255 17.5048
      vertex -13.0451 17.2125 17.5866
    endloop
  endfacet
  facet normal -0.214313 0.597325 0.772834
    outer loop
      vertex -13.0094 17.3551 17.5048
      vertex -13.1355 17.4307 17.4114
      vertex -13.0919 17.3255 17.5048
    endloop
  endfacet
  facet normal 0.215272 -0.194963 0.956895
    outer loop
      vertex 13.0317 -16.7312 17.755
      vertex 13.0077 -16.7577 17.755
      vertex 13.1073 -16.8573 17.7123
    endloop
  endfacet
  facet normal 0.346245 -0.16369 0.923753
    outer loop
      vertex 13.3425 -16.7454 17.656
      vertex 13.1957 -16.7382 17.7123
      vertex 13.3156 -16.8023 17.656
    endloop
  endfacet
  facet normal 0.53929 -0.134981 0.831232
    outer loop
      vertex 13.6264 -16.6743 17.5048
      vertex 13.5063 -16.6504 17.5866
      vertex 13.6051 -16.7594 17.5048
    endloop
  endfacet
  facet normal 0.549909 -0.0816042 0.831228
    outer loop
      vertex 13.5174 -16.5756 17.5866
      vertex 13.5063 -16.6504 17.5866
      vertex 13.6264 -16.6743 17.5048
    endloop
  endfacet
  facet normal 0.28186 -0.0703184 0.956875
    outer loop
      vertex 13.2456 -16.5986 17.7123
      vertex 13.1075 -16.5711 17.755
      vertex 13.2336 -16.6467 17.7123
    endloop
  endfacet
  facet normal 0.371473 -0.0926751 0.923807
    outer loop
      vertex 13.2456 -16.5986 17.7123
      vertex 13.2336 -16.6467 17.7123
      vertex 13.379 -16.6251 17.656
    endloop
  endfacet
  facet normal 0.466859 -0.0692799 0.881614
    outer loop
      vertex 13.5174 -16.5756 17.5866
      vertex 13.379 -16.6251 17.656
      vertex 13.5063 -16.6504 17.5866
    endloop
  endfacet
  facet normal 0.539273 -0.135002 0.831239
    outer loop
      vertex 13.5063 -16.6504 17.5866
      vertex 13.4879 -16.7239 17.5866
      vertex 13.6051 -16.7594 17.5048
    endloop
  endfacet
  facet normal 0.283444 -0.257184 0.923859
    outer loop
      vertex 13.1406 -16.8206 17.7123
      vertex 13.1073 -16.8573 17.7123
      vertex 13.2458 -16.9069 17.656
    endloop
  endfacet
  facet normal 0.25726 -0.283412 0.923848
    outer loop
      vertex 13.2035 -16.9535 17.656
      vertex 13.1073 -16.8573 17.7123
      vertex 13.1569 -16.9958 17.656
    endloop
  endfacet
  facet normal 0.37893 -0.281081 0.881706
    outer loop
      vertex 13.3912 -16.9284 17.5866
      vertex 13.2832 -16.8563 17.656
      vertex 13.3461 -16.9892 17.5866
    endloop
  endfacet
  facet normal 0.412157 -0.373219 0.831164
    outer loop
      vertex 13.3461 -16.9892 17.5866
      vertex 13.2953 -17.0453 17.5866
      vertex 13.4407 -17.0669 17.5048
    endloop
  endfacet
  facet normal 0.173051 -0.233171 0.956914
    outer loop
      vertex 12.9812 -16.7817 17.755
      vertex 12.9525 -16.803 17.755
      vertex 13.0307 -16.9202 17.7123
    endloop
  endfacet
  facet normal 0.228182 -0.307583 0.923756
    outer loop
      vertex 13.0706 -16.8906 17.7123
      vertex 13.0307 -16.9202 17.7123
      vertex 13.1063 -17.0332 17.656
    endloop
  endfacet
  facet normal 0.0661672 -0.184284 0.980643
    outer loop
      vertex 12.8895 -16.8367 17.755
      vertex 12.8342 -16.7033 17.7838
      vertex 12.8558 -16.8488 17.755
    endloop
  endfacet
  facet normal 0.0243996 -0.0948875 0.995189
    outer loop
      vertex 12.7714 -16.5704 17.7982
      vertex 12.7644 -16.5722 17.7982
      vertex 12.7929 -16.7159 17.7838
    endloop
  endfacet
  facet normal 0.0981006 -0.273222 0.956936
    outer loop
      vertex 12.8895 -16.8367 17.755
      vertex 12.8558 -16.8488 17.755
      vertex 12.9434 -16.9669 17.7123
    endloop
  endfacet
  facet normal 0.124285 -0.26238 0.956927
    outer loop
      vertex 12.9218 -16.8214 17.755
      vertex 12.8895 -16.8367 17.755
      vertex 12.9434 -16.9669 17.7123
    endloop
  endfacet
  facet normal 0.0785259 -0.058554 0.995191
    outer loop
      vertex 12.933 -16.6223 17.7838
      vertex 12.8112 -16.5409 17.7982
      vertex 12.9201 -16.6396 17.7838
    endloop
  endfacet
  facet normal 0.156987 -0.11706 0.980639
    outer loop
      vertex 12.933 -16.6223 17.7838
      vertex 12.9201 -16.6396 17.7838
      vertex 13.0317 -16.7312 17.755
    endloop
  endfacet
  facet normal 0.0921958 -0.0331541 0.995189
    outer loop
      vertex 12.9606 -16.5639 17.7838
      vertex 12.818 -16.5282 17.7982
      vertex 12.9533 -16.5842 17.7838
    endloop
  endfacet
  facet normal 0.0886881 -0.0416291 0.995189
    outer loop
      vertex 12.9533 -16.5842 17.7838
      vertex 12.818 -16.5282 17.7982
      vertex 12.9441 -16.6038 17.7838
    endloop
  endfacet
  facet normal 0.083189 0.177229 0.980648
    outer loop
      vertex 12.8895 16.8367 17.755
      vertex 12.8342 16.7033 17.7838
      vertex 12.8538 16.6941 17.7838
    endloop
  endfacet
  facet normal 0.0503895 0.0839825 0.995192
    outer loop
      vertex 12.8538 16.6941 17.7838
      vertex 12.7909 16.5612 17.7982
      vertex 12.8723 16.683 17.7838
    endloop
  endfacet
  facet normal 0.163841 0.346229 0.923732
    outer loop
      vertex 12.9954 17.0925 17.656
      vertex 12.9434 16.9669 17.7123
      vertex 12.9882 16.9457 17.7123
    endloop
  endfacet
  facet normal 0.128975 0.360666 0.923735
    outer loop
      vertex 12.9954 17.0925 17.656
      vertex 12.8967 16.9836 17.7123
      vertex 12.9434 16.9669 17.7123
    endloop
  endfacet
  facet normal 0.287354 0.0427226 0.956871
    outer loop
      vertex 13.2456 16.5986 17.7123
      vertex 13.1075 16.5711 17.755
      vertex 13.2529 16.5495 17.7123
    endloop
  endfacet
  facet normal 0.28186 0.0703184 0.956875
    outer loop
      vertex 13.2336 16.6467 17.7123
      vertex 13.1075 16.5711 17.755
      vertex 13.2456 16.5986 17.7123
    endloop
  endfacet
  facet normal 0.290186 0.0140696 0.956867
    outer loop
      vertex 13.2529 16.5495 17.7123
      vertex 13.1145 16.5 17.755
      vertex 13.2553 16.5 17.7123
    endloop
  endfacet
  facet normal 0.382426 0.0185419 0.9238
    outer loop
      vertex 13.3913 16.5 17.656
      vertex 13.2529 16.5495 17.7123
      vertex 13.2553 16.5 17.7123
    endloop
  endfacet
  facet normal 0.426596 0.201677 0.88167
    outer loop
      vertex 13.4301 16.8635 17.5866
      vertex 13.3156 16.8023 17.656
      vertex 13.3425 16.7454 17.656
    endloop
  endfacet
  facet normal 0.404627 0.242776 0.881667
    outer loop
      vertex 13.4301 16.8635 17.5866
      vertex 13.2832 16.8563 17.656
      vertex 13.3156 16.8023 17.656
    endloop
  endfacet
  facet normal 0.19556 -0.0099591 0.980641
    outer loop
      vertex 12.9701 -16.5 17.7838
      vertex 12.969 -16.5216 17.7838
      vertex 13.1127 -16.5357 17.755
    endloop
  endfacet
  facet normal 0.0977988 -0.0049805 0.995194
    outer loop
      vertex 12.9701 -16.5 17.7838
      vertex 12.8232 -16.5072 17.7982
      vertex 12.969 -16.5216 17.7838
    endloop
  endfacet
  facet normal 0.841374 -0.504138 0.194769
    outer loop
      vertex 14.0332 -17.1859 16.6645
      vertex 13.9598 -17.3084 16.6645
      vertex 13.9837 -17.3243 16.5201
    endloop
  endfacet
  facet normal 0.788052 -0.583997 0.194737
    outer loop
      vertex 13.9598 -17.3084 16.6645
      vertex 13.8748 -17.4231 16.6645
      vertex 13.9837 -17.3243 16.5201
    endloop
  endfacet
  facet normal 0.989174 -0.146746 0.0001115
    outer loop
      vertex 14.2428 -16.647 0.00999928
      vertex 14.2194 -16.7923 16.3736
      vertex 14.2212 -16.7926 0.00999928
    endloop
  endfacet
  facet normal 0.23259 -0.92829 0.290136
    outer loop
      vertex 13.16 -17.8515 16.8053
      vertex 13.0255 -17.8852 16.8053
      vertex 13.1724 -17.8924 16.6645
    endloop
  endfacet
  facet normal 0.136104 -0.913838 0.382591
    outer loop
      vertex 13.0145 -17.8299 16.9413
      vertex 12.8829 -17.8495 16.9413
      vertex 13.0255 -17.8852 16.8053
    endloop
  endfacet
  facet normal 0.242547 -0.404661 0.881715
    outer loop
      vertex 13.1784 -17.1412 17.5866
      vertex 13.1063 -17.0332 17.656
      vertex 13.1135 -17.1801 17.5866
    endloop
  endfacet
  facet normal 0.0311266 -0.634113 0.772613
    outer loop
      vertex 12.75 -17.3935 17.5048
      vertex 12.75 -17.5073 17.4114
      vertex 12.8376 -17.3892 17.5048
    endloop
  endfacet
  facet normal -0.841374 -0.504138 0.194769
    outer loop
      vertex -13.9598 -17.3084 16.6645
      vertex -14.0332 -17.1859 16.6645
      vertex -13.9837 -17.3243 16.5201
    endloop
  endfacet
  facet normal -0.841131 -0.504409 0.195113
    outer loop
      vertex -14.0332 -17.1859 16.6645
      vertex -14.0586 -17.1994 16.5201
      vertex -13.9837 -17.3243 16.5201
    endloop
  endfacet
  facet normal 0.349787 -0.316741 0.88166
    outer loop
      vertex 13.3461 -16.9892 17.5866
      vertex 13.2035 -16.9535 17.656
      vertex 13.2953 -17.0453 17.5866
    endloop
  endfacet
  facet normal 0.331274 -0.446596 0.831149
    outer loop
      vertex 13.2392 -17.0961 17.5866
      vertex 13.1784 -17.1412 17.5866
      vertex 13.3169 -17.1907 17.5048
    endloop
  endfacet
  facet normal 0.201936 -0.42631 0.881749
    outer loop
      vertex 13.1135 -17.1801 17.5866
      vertex 12.9954 -17.0925 17.656
      vertex 13.0451 -17.2125 17.5866
    endloop
  endfacet
  facet normal 0.197047 -0.328412 0.923752
    outer loop
      vertex 13.1063 -17.0332 17.656
      vertex 12.9882 -16.9457 17.7123
      vertex 13.0523 -17.0656 17.656
    endloop
  endfacet
  facet normal 0.0930285 -0.371506 0.923758
    outer loop
      vertex 12.8967 -16.9836 17.7123
      vertex 12.8751 -17.129 17.656
      vertex 12.9362 -17.1137 17.656
    endloop
  endfacet
  facet normal 0.159118 -0.444329 0.88162
    outer loop
      vertex 12.9954 -17.0925 17.656
      vertex 12.9362 -17.1137 17.656
      vertex 12.9739 -17.2379 17.5866
    endloop
  endfacet
  facet normal 0.0479107 -0.189835 0.980646
    outer loop
      vertex 12.8139 -16.7106 17.7838
      vertex 12.7929 -16.7159 17.7838
      vertex 12.8558 -16.8488 17.755
    endloop
  endfacet
  facet normal 0.0422006 -0.287289 0.956914
    outer loop
      vertex 12.8211 -16.8575 17.755
      vertex 12.7857 -16.8627 17.755
      vertex 12.7995 -17.0029 17.7123
    endloop
  endfacet
  facet normal 0.607004 -0.363813 0.706531
    outer loop
      vertex 13.7302 -17.0239 17.3073
      vertex 13.6384 -16.9749 17.4114
      vertex 13.6741 -17.1175 17.3073
    endloop
  endfacet
  facet normal 0.524411 -0.475046 0.706629
    outer loop
      vertex 13.5287 -17.139 17.4114
      vertex 13.4623 -17.2123 17.4114
      vertex 13.5359 -17.2859 17.3073
    endloop
  endfacet
  facet normal 0.470621 -0.426319 0.772508
    outer loop
      vertex 13.5287 -17.139 17.4114
      vertex 13.4407 -17.0669 17.5048
      vertex 13.4623 -17.2123 17.4114
    endloop
  endfacet
  facet normal 0.56827 -0.42155 0.706658
    outer loop
      vertex 13.5876 -17.0596 17.4114
      vertex 13.5287 -17.139 17.4114
      vertex 13.6741 -17.1175 17.3073
    endloop
  endfacet
  facet normal 0.187966 -0.750444 0.633642
    outer loop
      vertex 13.0726 -17.5636 17.3073
      vertex 12.9668 -17.5901 17.3073
      vertex 13.0997 -17.6529 17.1935
    endloop
  endfacet
  facet normal 0.524381 -0.475058 0.706643
    outer loop
      vertex 13.6091 -17.2051 17.3073
      vertex 13.5287 -17.139 17.4114
      vertex 13.5359 -17.2859 17.3073
    endloop
  endfacet
  facet normal 0.509977 -0.378323 0.772525
    outer loop
      vertex 13.493 -16.9964 17.5048
      vertex 13.4407 -17.0669 17.5048
      vertex 13.5876 -17.0596 17.4114
    endloop
  endfacet
  facet normal 0.568252 -0.421648 0.706613
    outer loop
      vertex 13.6741 -17.1175 17.3073
      vertex 13.5287 -17.139 17.4114
      vertex 13.6091 -17.2051 17.3073
    endloop
  endfacet
  facet normal 0.495948 -0.667595 0.555295
    outer loop
      vertex 13.5143 -17.4313 17.1935
      vertex 13.4194 -17.5018 17.1935
      vertex 13.4648 -17.5698 17.0712
    endloop
  endfacet
  facet normal 0.426844 -0.713751 0.555305
    outer loop
      vertex 13.4194 -17.5018 17.1935
      vertex 13.3179 -17.5625 17.1935
      vertex 13.4648 -17.5698 17.0712
    endloop
  endfacet
  facet normal 0.377272 -0.797642 0.470566
    outer loop
      vertex 13.3892 -17.6959 16.9413
      vertex 13.2424 -17.6887 17.0712
      vertex 13.2689 -17.7528 16.9413
    endloop
  endfacet
  facet normal 0.377421 -0.797477 0.470726
    outer loop
      vertex 13.3565 -17.6347 17.0712
      vertex 13.2424 -17.6887 17.0712
      vertex 13.3892 -17.6959 16.9413
    endloop
  endfacet
  facet normal 0.202112 -0.806471 0.555658
    outer loop
      vertex 13.0997 -17.6529 17.1935
      vertex 13.001 -17.7619 17.0712
      vertex 13.1235 -17.7312 17.0712
    endloop
  endfacet
  facet normal 0.475468 -0.792224 0.382507
    outer loop
      vertex 13.5346 -17.6743 16.8053
      vertex 13.3892 -17.6959 16.9413
      vertex 13.4158 -17.7456 16.8053
    endloop
  endfacet
  facet normal 0.242015 -0.965324 0.0978698
    outer loop
      vertex 13.1807 -17.9199 16.5201
      vertex 13.0395 -17.9553 16.5201
      vertex 13.1849 -17.9337 16.3736
    endloop
  endfacet
  facet normal 0.335544 -0.936926 0.0978762
    outer loop
      vertex 13.3178 -17.8708 16.5201
      vertex 13.1807 -17.9199 16.5201
      vertex 13.1849 -17.9337 16.3736
    endloop
  endfacet
  facet normal -0.792609 0.475149 0.382105
    outer loop
      vertex -13.9243 17.2846 16.8053
      vertex -13.9459 17.1392 16.9413
      vertex -13.8775 17.2533 16.9413
    endloop
  endfacet
  facet normal -0.742318 0.550408 0.382119
    outer loop
      vertex -13.8417 17.396 16.8053
      vertex -13.9243 17.2846 16.8053
      vertex -13.8775 17.2533 16.9413
    endloop
  endfacet
  facet normal -0.592802 0.653806 0.470237
    outer loop
      vertex -13.6102 17.5482 16.9413
      vertex -13.7088 17.4588 16.9413
      vertex -13.6598 17.4098 17.0712
    endloop
  endfacet
  facet normal -0.525943 0.708242 0.470932
    outer loop
      vertex -13.4648 17.5698 17.0712
      vertex -13.6102 17.5482 16.9413
      vertex -13.5662 17.4945 17.0712
    endloop
  endfacet
  facet normal -0.835532 0.394761 0.382165
    outer loop
      vertex -13.9956 17.1658 16.8053
      vertex -14.0548 17.0405 16.8053
      vertex -14.0028 17.0189 16.9413
    endloop
  endfacet
  facet normal -0.865288 0.408819 0.290075
    outer loop
      vertex -13.9956 17.1658 16.8053
      vertex -14.0943 17.0568 16.6645
      vertex -14.0548 17.0405 16.8053
    endloop
  endfacet
  facet normal -0.706701 0.0343941 0.706676
    outer loop
      vertex -13.8561 16.6089 17.3073
      vertex -13.8614 16.5 17.3073
      vertex -13.7525 16.5987 17.4114
    endloop
  endfacet
  facet normal -0.699877 0.103782 0.706684
    outer loop
      vertex -13.8401 16.7168 17.3073
      vertex -13.8561 16.6089 17.3073
      vertex -13.7525 16.5987 17.4114
    endloop
  endfacet
  facet normal -0.782983 0.279737 0.555595
    outer loop
      vertex -13.8631 16.9611 17.1935
      vertex -13.9387 16.9924 17.0712
      vertex -13.9029 16.8497 17.1935
    endloop
  endfacet
  facet normal -0.686402 0.171925 0.706607
    outer loop
      vertex -13.8136 16.8226 17.3073
      vertex -13.8401 16.7168 17.3073
      vertex -13.714 16.7924 17.4114
    endloop
  endfacet
  facet normal -0.457848 0.114618 0.881611
    outer loop
      vertex -13.4879 16.7239 17.5866
      vertex -13.5063 16.6504 17.5866
      vertex -13.379 16.6251 17.656
    endloop
  endfacet
  facet normal -0.539273 0.135002 0.831239
    outer loop
      vertex -13.4879 16.7239 17.5866
      vertex -13.6051 16.7594 17.5048
      vertex -13.5063 16.6504 17.5866
    endloop
  endfacet
  facet normal -0.699887 0.103766 0.706676
    outer loop
      vertex -13.738 16.6965 17.4114
      vertex -13.8401 16.7168 17.3073
      vertex -13.7525 16.5987 17.4114
    endloop
  endfacet
  facet normal -0.627881 0.0930908 0.772722
    outer loop
      vertex -13.738 16.6965 17.4114
      vertex -13.7525 16.5987 17.4114
      vertex -13.6392 16.5876 17.5048
    endloop
  endfacet
  facet normal 0.663628 -0.396869 0.634107
    outer loop
      vertex 13.8125 -17.0679 17.1935
      vertex 13.6741 -17.1175 17.3073
      vertex 13.7518 -17.1694 17.1935
    endloop
  endfacet
  facet normal 0.713751 -0.426844 0.555305
    outer loop
      vertex 13.8125 -17.0679 17.1935
      vertex 13.7518 -17.1694 17.1935
      vertex 13.8198 -17.2148 17.0712
    endloop
  endfacet
  facet normal 0.709092 -0.642741 0.289953
    outer loop
      vertex 13.8748 -17.4231 16.6645
      vertex 13.7487 -17.4987 16.8053
      vertex 13.7789 -17.5289 16.6645
    endloop
  endfacet
  facet normal 0.709307 -0.642313 0.290375
    outer loop
      vertex 13.8417 -17.396 16.8053
      vertex 13.7487 -17.4987 16.8053
      vertex 13.8748 -17.4231 16.6645
    endloop
  endfacet
  facet normal 0.491875 -0.820908 0.29012
    outer loop
      vertex 13.5346 -17.6743 16.8053
      vertex 13.4359 -17.7832 16.6645
      vertex 13.5584 -17.7098 16.6645
    endloop
  endfacet
  facet normal 0.525694 -0.708659 0.470584
    outer loop
      vertex 13.6102 -17.5482 16.9413
      vertex 13.4648 -17.5698 17.0712
      vertex 13.5033 -17.6275 16.9413
    endloop
  endfacet
  facet normal -0.0662642 -0.184269 0.98064
    outer loop
      vertex -12.8342 -16.7033 17.7838
      vertex -12.8558 -16.8488 17.755
      vertex -12.8139 -16.7106 17.7838
    endloop
  endfacet
  facet normal -0.0981006 -0.273222 0.956936
    outer loop
      vertex -12.8895 -16.8367 17.755
      vertex -12.9434 -16.9669 17.7123
      vertex -12.8558 -16.8488 17.755
    endloop
  endfacet
  facet normal -0.0479107 -0.189835 0.980646
    outer loop
      vertex -12.8139 -16.7106 17.7838
      vertex -12.8558 -16.8488 17.755
      vertex -12.7929 -16.7159 17.7838
    endloop
  endfacet
  facet normal -0.0331541 -0.0921958 0.995189
    outer loop
      vertex -12.7782 -16.568 17.7982
      vertex -12.8342 -16.7033 17.7838
      vertex -12.8139 -16.7106 17.7838
    endloop
  endfacet
  facet normal -0.0948875 0.0243996 0.995189
    outer loop
      vertex -12.8204 16.5214 17.7982
      vertex -12.9659 16.5429 17.7838
      vertex -12.8222 16.5144 17.7982
    endloop
  endfacet
  facet normal -0.16369 -0.346245 0.923753
    outer loop
      vertex -12.9882 -16.9457 17.7123
      vertex -13.0523 -17.0656 17.656
      vertex -12.9954 -17.0925 17.656
    endloop
  endfacet
  facet normal -0.163841 -0.346229 0.923732
    outer loop
      vertex -12.9882 -16.9457 17.7123
      vertex -12.9954 -17.0925 17.656
      vertex -12.9434 -16.9669 17.7123
    endloop
  endfacet
  facet normal -0.11706 -0.156987 0.980639
    outer loop
      vertex -12.8896 -16.6701 17.7838
      vertex -12.9812 -16.7817 17.755
      vertex -12.8723 -16.683 17.7838
    endloop
  endfacet
  facet normal -0.131515 -0.145121 0.980634
    outer loop
      vertex -12.9056 -16.6556 17.7838
      vertex -12.9812 -16.7817 17.755
      vertex -12.8896 -16.6701 17.7838
    endloop
  endfacet
  facet normal 0.0049805 0.0977988 0.995194
    outer loop
      vertex 12.7716 16.719 17.7838
      vertex 12.75 16.7201 17.7838
      vertex 12.7572 16.5732 17.7982
    endloop
  endfacet
  facet normal -0.287289 0.0422006 0.956914
    outer loop
      vertex -13.1075 16.5711 17.755
      vertex -13.2529 16.5495 17.7123
      vertex -13.1127 16.5357 17.755
    endloop
  endfacet
  facet normal -0.193782 0.0284651 0.980632
    outer loop
      vertex -13.1075 16.5711 17.755
      vertex -13.1127 16.5357 17.755
      vertex -12.9659 16.5429 17.7838
    endloop
  endfacet
  facet normal -0.16805 0.100721 0.980619
    outer loop
      vertex -13.053 16.7025 17.755
      vertex -13.0714 16.6718 17.755
      vertex -12.9441 16.6038 17.7838
    endloop
  endfacet
  facet normal -0.167987 0.100792 0.980623
    outer loop
      vertex -12.933 16.6223 17.7838
      vertex -13.053 16.7025 17.755
      vertex -12.9441 16.6038 17.7838
    endloop
  endfacet
  facet normal -0.215035 -0.195113 0.956917
    outer loop
      vertex -13.0317 -16.7312 17.755
      vertex -13.1406 -16.8206 17.7123
      vertex -13.1073 -16.8573 17.7123
    endloop
  endfacet
  facet normal -0.233193 -0.172995 0.956919
    outer loop
      vertex -13.0317 -16.7312 17.755
      vertex -13.1702 -16.7807 17.7123
      vertex -13.1406 -16.8206 17.7123
    endloop
  endfacet
  facet normal -0.0726008 -0.0657945 0.995189
    outer loop
      vertex -12.8069 -16.5467 17.7982
      vertex -12.9201 -16.6396 17.7838
      vertex -12.9056 -16.6556 17.7838
    endloop
  endfacet
  facet normal 0.0141025 0.096898 0.995194
    outer loop
      vertex 12.7716 16.719 17.7838
      vertex 12.7572 16.5732 17.7982
      vertex 12.7929 16.7159 17.7838
    endloop
  endfacet
  facet normal 0.121845 0.822619 0.555385
    outer loop
      vertex 13.001 17.7619 17.0712
      vertex 12.8761 17.7804 17.0712
      vertex 12.985 17.6817 17.1935
    endloop
  endfacet
  facet normal 0.140178 0.946721 0.289946
    outer loop
      vertex 12.8926 17.948 16.6645
      vertex 12.8884 17.9055 16.8053
      vertex 13.0255 17.8852 16.8053
    endloop
  endfacet
  facet normal 0.260163 0.728196 0.63407
    outer loop
      vertex 13.2111 17.6131 17.1935
      vertex 13.0997 17.6529 17.1935
      vertex 13.1753 17.5268 17.3073
    endloop
  endfacet
  facet normal 0.214521 0.855989 0.470387
    outer loop
      vertex 13.0145 17.8299 16.9413
      vertex 13.001 17.7619 17.0712
      vertex 13.1235 17.7312 17.0712
    endloop
  endfacet
  facet normal 0.0284651 0.193782 0.980632
    outer loop
      vertex 12.8211 16.8575 17.755
      vertex 12.7857 16.8627 17.755
      vertex 12.7929 16.7159 17.7838
    endloop
  endfacet
  facet normal 0.0282014 0.193771 0.980641
    outer loop
      vertex 12.7857 16.8627 17.755
      vertex 12.7716 16.719 17.7838
      vertex 12.7929 16.7159 17.7838
    endloop
  endfacet
  facet normal 0.124285 0.26238 0.956927
    outer loop
      vertex 12.9434 16.9669 17.7123
      vertex 12.8895 16.8367 17.755
      vertex 12.9218 16.8214 17.755
    endloop
  endfacet
  facet normal 0.0479107 0.189835 0.980646
    outer loop
      vertex 12.8558 16.8488 17.755
      vertex 12.7929 16.7159 17.7838
      vertex 12.8139 16.7106 17.7838
    endloop
  endfacet
  facet normal -0.0501784 0.0840826 0.995195
    outer loop
      vertex -12.7847 16.5649 17.7982
      vertex -12.8538 16.6941 17.7838
      vertex -12.7909 16.5612 17.7982
    endloop
  endfacet
  facet normal 0.0921958 0.0331541 0.995189
    outer loop
      vertex 12.9533 16.5842 17.7838
      vertex 12.818 16.5282 17.7982
      vertex 12.9606 16.5639 17.7838
    endloop
  endfacet
  facet normal 0.066452 0.0718766 0.995197
    outer loop
      vertex 12.9056 16.6556 17.7838
      vertex 12.7967 16.5569 17.7982
      vertex 12.802 16.552 17.7982
    endloop
  endfacet
  facet normal 0.228182 0.307583 0.923756
    outer loop
      vertex 13.1063 17.0332 17.656
      vertex 13.0307 16.9202 17.7123
      vertex 13.0706 16.8906 17.7123
    endloop
  endfacet
  facet normal 0.197047 0.328412 0.923752
    outer loop
      vertex 13.1063 17.0332 17.656
      vertex 12.9882 16.9457 17.7123
      vertex 13.0307 16.9202 17.7123
    endloop
  endfacet
  facet normal 0.316741 0.349787 0.88166
    outer loop
      vertex 13.2392 17.0961 17.5866
      vertex 13.2035 16.9535 17.656
      vertex 13.2953 17.0453 17.5866
    endloop
  endfacet
  facet normal 0.331274 0.446596 0.831149
    outer loop
      vertex 13.3169 17.1907 17.5048
      vertex 13.1784 17.1412 17.5866
      vertex 13.2392 17.0961 17.5866
    endloop
  endfacet
  facet normal 0.186786 0.52359 0.831243
    outer loop
      vertex 13.0094 17.3551 17.5048
      vertex 12.9739 17.2379 17.5866
      vertex 13.0451 17.2125 17.5866
    endloop
  endfacet
  facet normal 0.201677 0.426596 0.88167
    outer loop
      vertex 13.1135 17.1801 17.5866
      vertex 12.9954 17.0925 17.656
      vertex 13.0523 17.0656 17.656
    endloop
  endfacet
  facet normal 0.426561 0.470014 0.772744
    outer loop
      vertex 13.4623 17.2123 17.4114
      vertex 13.3169 17.1907 17.5048
      vertex 13.3818 17.1318 17.5048
    endloop
  endfacet
  facet normal 0.426319 0.470621 0.772508
    outer loop
      vertex 13.389 17.2787 17.4114
      vertex 13.3169 17.1907 17.5048
      vertex 13.4623 17.2123 17.4114
    endloop
  endfacet
  facet normal 0.214313 0.597325 0.772834
    outer loop
      vertex 13.1355 17.4307 17.4114
      vertex 13.0094 17.3551 17.5048
      vertex 13.0919 17.3255 17.5048
    endloop
  endfacet
  facet normal 0.271297 0.573703 0.772828
    outer loop
      vertex 13.1355 17.4307 17.4114
      vertex 13.0919 17.3255 17.5048
      vertex 13.1712 17.288 17.5048
    endloop
  endfacet
  facet normal 0.591923 0.65412 0.470907
    outer loop
      vertex 13.6102 17.5482 16.9413
      vertex 13.5662 17.4945 17.0712
      vertex 13.6598 17.4098 17.0712
    endloop
  endfacet
  facet normal 0.550529 0.742138 0.382294
    outer loop
      vertex 13.646 17.5917 16.8053
      vertex 13.5033 17.6275 16.9413
      vertex 13.6102 17.5482 16.9413
    endloop
  endfacet
  facet normal 0.335544 0.936926 0.0978762
    outer loop
      vertex 13.1849 17.9337 16.3736
      vertex 13.1807 17.9199 16.5201
      vertex 13.3178 17.8708 16.5201
    endloop
  endfacet
  facet normal 0.242015 0.965324 0.0978698
    outer loop
      vertex 13.1849 17.9337 16.3736
      vertex 13.0395 17.9553 16.5201
      vertex 13.1807 17.9199 16.5201
    endloop
  endfacet
  facet normal 0.597823 -0.213829 0.772583
    outer loop
      vertex 13.714 -16.7924 17.4114
      vertex 13.6051 -16.7594 17.5048
      vertex 13.6807 -16.8855 17.4114
    endloop
  endfacet
  facet normal 0.666471 -0.238383 0.706393
    outer loop
      vertex 13.714 -16.7924 17.4114
      vertex 13.6807 -16.8855 17.4114
      vertex 13.7768 -16.9253 17.3073
    endloop
  endfacet
  facet normal 0.728286 0.260963 0.633638
    outer loop
      vertex 13.9029 16.8497 17.1935
      vertex 13.7768 16.9253 17.3073
      vertex 13.8136 16.8226 17.3073
    endloop
  endfacet
  facet normal 0.6988 0.331079 0.634086
    outer loop
      vertex 13.8125 17.0679 17.1935
      vertex 13.7768 16.9253 17.3073
      vertex 13.8631 16.9611 17.1935
    endloop
  endfacet
  facet normal 0.822586 -0.121734 0.555457
    outer loop
      vertex 13.949 -16.6181 17.1935
      vertex 13.9317 -16.735 17.1935
      vertex 14.0304 -16.6261 17.0712
    endloop
  endfacet
  facet normal 0.822619 -0.121845 0.555385
    outer loop
      vertex 14.0304 -16.6261 17.0712
      vertex 13.9317 -16.735 17.1935
      vertex 14.0119 -16.751 17.0712
    endloop
  endfacet
  facet normal 0.955905 0.0469665 0.289895
    outer loop
      vertex 14.205 16.5 16.6645
      vertex 14.1555 16.6384 16.8053
      vertex 14.1623 16.5 16.8053
    endloop
  endfacet
  facet normal 0.923008 -0.0453501 0.382098
    outer loop
      vertex 14.1623 -16.5 16.8053
      vertex 14.106 -16.5 16.9413
      vertex 14.1555 -16.6384 16.8053
    endloop
  endfacet
  facet normal 0.955905 -0.0469665 0.289895
    outer loop
      vertex 14.1623 -16.5 16.8053
      vertex 14.1555 -16.6384 16.8053
      vertex 14.205 -16.5 16.6645
    endloop
  endfacet
  facet normal 0.855933 0.214149 0.470657
    outer loop
      vertex 14.0476 16.8936 16.9413
      vertex 13.9812 16.8735 17.0712
      vertex 14.0799 16.7645 16.9413
    endloop
  endfacet
  facet normal 0.946703 0.140029 0.290079
    outer loop
      vertex 14.1771 16.7839 16.6645
      vertex 14.1352 16.7755 16.8053
      vertex 14.198 16.6426 16.6645
    endloop
  endfacet
  facet normal 0.970238 0.14351 0.195044
    outer loop
      vertex 14.2053 16.7895 16.5201
      vertex 14.1771 16.7839 16.6645
      vertex 14.198 16.6426 16.6645
    endloop
  endfacet
  facet normal 0.984474 0.145519 0.098158
    outer loop
      vertex 14.241 16.6468 16.3736
      vertex 14.2053 16.7895 16.5201
      vertex 14.2266 16.6454 16.5201
    endloop
  endfacet
  facet normal 0.955896 0.0469234 0.289934
    outer loop
      vertex 14.198 16.6426 16.6645
      vertex 14.1555 16.6384 16.8053
      vertex 14.205 16.5 16.6645
    endloop
  endfacet
  facet normal 0.979551 0.0480845 0.195367
    outer loop
      vertex 14.2338 16.5 16.5201
      vertex 14.198 16.6426 16.6645
      vertex 14.205 16.5 16.6645
    endloop
  endfacet
  facet normal 0.901039 0.322441 0.290105
    outer loop
      vertex 14.0943 17.0568 16.6645
      vertex 14.0548 17.0405 16.8053
      vertex 14.1015 16.91 16.8053
    endloop
  endfacet
  facet normal 0.95139 0.238363 0.195042
    outer loop
      vertex 14.2053 16.7895 16.5201
      vertex 14.1424 16.9224 16.6645
      vertex 14.1771 16.7839 16.6645
    endloop
  endfacet
  facet normal 0.83524 0.395055 0.382499
    outer loop
      vertex 13.9956 17.1658 16.8053
      vertex 13.9459 17.1392 16.9413
      vertex 14.0028 17.0189 16.9413
    endloop
  endfacet
  facet normal 0.797642 0.377272 0.470566
    outer loop
      vertex 13.9459 17.1392 16.9413
      vertex 13.9387 16.9924 17.0712
      vertex 14.0028 17.0189 16.9413
    endloop
  endfacet
  facet normal 0.855989 0.214521 0.470387
    outer loop
      vertex 14.0799 16.7645 16.9413
      vertex 13.9812 16.8735 17.0712
      vertex 14.0119 16.751 17.0712
    endloop
  endfacet
  facet normal 0.872819 0.129994 0.470413
    outer loop
      vertex 14.0799 16.7645 16.9413
      vertex 14.0119 16.751 17.0712
      vertex 14.0995 16.6329 16.9413
    endloop
  endfacet
  facet normal 0.896293 -0.224247 0.382586
    outer loop
      vertex 14.0799 -16.7645 16.9413
      vertex 14.0476 -16.8936 16.9413
      vertex 14.1352 -16.7755 16.8053
    endloop
  endfacet
  facet normal 0.896325 -0.224581 0.382316
    outer loop
      vertex 14.1352 -16.7755 16.8053
      vertex 14.0476 -16.8936 16.9413
      vertex 14.1015 -16.91 16.8053
    endloop
  endfacet
  facet normal 0.995204 -0 0.0978221
    outer loop
      vertex 14.2338 -16.5 16.5201
      vertex 14.2482 16.5 16.3736
      vertex 14.2338 16.5 16.5201
    endloop
  endfacet
  facet normal 0.995204 0 0.0978221
    outer loop
      vertex 14.2482 16.5 16.3736
      vertex 14.2338 -16.5 16.5201
      vertex 14.2482 -16.5 16.3736
    endloop
  endfacet
  facet normal 0.475468 0.792224 0.382507
    outer loop
      vertex 13.4158 17.7456 16.8053
      vertex 13.3892 17.6959 16.9413
      vertex 13.5346 17.6743 16.8053
    endloop
  endfacet
  facet normal 0.408819 0.865288 0.290075
    outer loop
      vertex 13.3068 17.8443 16.6645
      vertex 13.2905 17.8048 16.8053
      vertex 13.4158 17.7456 16.8053
    endloop
  endfacet
  facet normal 0.65412 0.591923 0.470907
    outer loop
      vertex 13.7982 17.3602 16.9413
      vertex 13.6598 17.4098 17.0712
      vertex 13.7445 17.3162 17.0712
    endloop
  endfacet
  facet normal 0.616595 0.557966 0.555415
    outer loop
      vertex 13.7445 17.3162 17.0712
      vertex 13.6598 17.4098 17.0712
      vertex 13.6813 17.2643 17.1935
    endloop
  endfacet
  facet normal 0.742318 0.550408 0.382119
    outer loop
      vertex 13.9243 17.2846 16.8053
      vertex 13.8417 17.396 16.8053
      vertex 13.8775 17.2533 16.9413
    endloop
  endfacet
  facet normal 0.788062 0.583974 0.19476
    outer loop
      vertex 13.897 17.4413 16.5201
      vertex 13.8748 17.4231 16.6645
      vertex 13.9837 17.3243 16.5201
    endloop
  endfacet
  facet normal 0.525694 0.708659 0.470584
    outer loop
      vertex 13.5033 17.6275 16.9413
      vertex 13.4648 17.5698 17.0712
      vertex 13.6102 17.5482 16.9413
    endloop
  endfacet
  facet normal 0.583974 0.788062 0.19476
    outer loop
      vertex 13.6913 17.647 16.5201
      vertex 13.5743 17.7337 16.5201
      vertex 13.6731 17.6248 16.6645
    endloop
  endfacet
  facet normal 0.642741 0.709092 0.289953
    outer loop
      vertex 13.7789 17.5289 16.6645
      vertex 13.6731 17.6248 16.6645
      vertex 13.7487 17.4987 16.8053
    endloop
  endfacet
  facet normal 0.668386 0.737411 0.0973896
    outer loop
      vertex 13.7004 17.6581 16.3736
      vertex 13.6913 17.647 16.5201
      vertex 13.7992 17.5492 16.5201
    endloop
  endfacet
  facet normal 0.79956 0.592495 0.0982521
    outer loop
      vertex 13.9957 17.3324 16.3736
      vertex 13.897 17.4413 16.5201
      vertex 13.9837 17.3243 16.5201
    endloop
  endfacet
  facet normal 0.799113 0.593239 0.0973968
    outer loop
      vertex 13.9081 17.4504 16.3736
      vertex 13.897 17.4413 16.5201
      vertex 13.9957 17.3324 16.3736
    endloop
  endfacet
  facet normal 0.475058 0.524381 0.706643
    outer loop
      vertex 13.4551 17.3591 17.3073
      vertex 13.389 17.2787 17.4114
      vertex 13.5359 17.2859 17.3073
    endloop
  endfacet
  facet normal 0.460894 0.621143 0.633844
    outer loop
      vertex 13.5143 17.4313 17.1935
      vertex 13.3675 17.4241 17.3073
      vertex 13.4551 17.3591 17.3073
    endloop
  endfacet
  facet normal 0.573223 0.519306 0.633828
    outer loop
      vertex 13.6813 17.2643 17.1935
      vertex 13.5359 17.2859 17.3073
      vertex 13.6091 17.2051 17.3073
    endloop
  endfacet
  facet normal 0.524381 0.475058 0.706643
    outer loop
      vertex 13.5359 17.2859 17.3073
      vertex 13.5287 17.139 17.4114
      vertex 13.6091 17.2051 17.3073
    endloop
  endfacet
  facet normal 0.371506 0.0930285 0.923758
    outer loop
      vertex 13.3637 16.6862 17.656
      vertex 13.2336 16.6467 17.7123
      vertex 13.379 16.6251 17.656
    endloop
  endfacet
  facet normal 0.457828 0.114644 0.881618
    outer loop
      vertex 13.4879 16.7239 17.5866
      vertex 13.3637 16.6862 17.656
      vertex 13.379 16.6251 17.656
    endloop
  endfacet
  facet normal -0.0718766 -0.066452 0.995197
    outer loop
      vertex -12.8069 -16.5467 17.7982
      vertex -12.9056 -16.6556 17.7838
      vertex -12.802 -16.552 17.7982
    endloop
  endfacet
  facet normal -0.421648 0.568252 0.706613
    outer loop
      vertex -13.3675 17.4241 17.3073
      vertex -13.4551 17.3591 17.3073
      vertex -13.389 17.2787 17.4114
    endloop
  endfacet
  facet normal -0.460894 0.621143 0.633844
    outer loop
      vertex -13.3675 17.4241 17.3073
      vertex -13.5143 17.4313 17.1935
      vertex -13.4551 17.3591 17.3073
    endloop
  endfacet
  facet normal -0.509977 0.378323 0.772525
    outer loop
      vertex -13.4407 17.0669 17.5048
      vertex -13.5876 17.0596 17.4114
      vertex -13.493 16.9964 17.5048
    endloop
  endfacet
  facet normal -0.544885 0.326061 0.772518
    outer loop
      vertex -13.493 16.9964 17.5048
      vertex -13.5876 17.0596 17.4114
      vertex -13.538 16.9212 17.5048
    endloop
  endfacet
  facet normal -0.502681 0.238112 0.831032
    outer loop
      vertex -13.4301 16.8635 17.5866
      vertex -13.538 16.9212 17.5048
      vertex -13.4625 16.7951 17.5866
    endloop
  endfacet
  facet normal -0.42631 0.201936 0.881749
    outer loop
      vertex -13.4301 16.8635 17.5866
      vertex -13.4625 16.7951 17.5866
      vertex -13.3425 16.7454 17.656
    endloop
  endfacet
  facet normal 0.262399 -0.124171 0.956937
    outer loop
      vertex 13.2169 -16.6934 17.7123
      vertex 13.0714 -16.6718 17.755
      vertex 13.1957 -16.7382 17.7123
    endloop
  endfacet
  facet normal 0.346229 -0.163841 0.923732
    outer loop
      vertex 13.2169 -16.6934 17.7123
      vertex 13.1957 -16.7382 17.7123
      vertex 13.3425 -16.7454 17.656
    endloop
  endfacet
  facet normal 0.177053 -0.0838674 0.980621
    outer loop
      vertex 13.0867 -16.6395 17.755
      vertex 12.9441 -16.6038 17.7838
      vertex 13.0714 -16.6718 17.755
    endloop
  endfacet
  facet normal 0.16805 -0.100721 0.980619
    outer loop
      vertex 13.0714 -16.6718 17.755
      vertex 12.9441 -16.6038 17.7838
      vertex 13.053 -16.7025 17.755
    endloop
  endfacet
  facet normal 0.233171 -0.173051 0.956914
    outer loop
      vertex 13.053 -16.7025 17.755
      vertex 13.0317 -16.7312 17.755
      vertex 13.1702 -16.7807 17.7123
    endloop
  endfacet
  facet normal 0.233193 -0.172995 0.956919
    outer loop
      vertex 13.1702 -16.7807 17.7123
      vertex 13.0317 -16.7312 17.755
      vertex 13.1406 -16.8206 17.7123
    endloop
  endfacet
  facet normal 0.404627 -0.242776 0.881667
    outer loop
      vertex 13.3156 -16.8023 17.656
      vertex 13.2832 -16.8563 17.656
      vertex 13.4301 -16.8635 17.5866
    endloop
  endfacet
  facet normal 0.426596 -0.201677 0.88167
    outer loop
      vertex 13.3425 -16.7454 17.656
      vertex 13.3156 -16.8023 17.656
      vertex 13.4301 -16.8635 17.5866
    endloop
  endfacet
  facet normal 0.290003 -0.014622 0.956914
    outer loop
      vertex 13.1145 -16.5 17.755
      vertex 13.1127 -16.5357 17.755
      vertex 13.2529 -16.5495 17.7123
    endloop
  endfacet
  facet normal 0.287289 -0.0422006 0.956914
    outer loop
      vertex 13.1127 -16.5357 17.755
      vertex 13.1075 -16.5711 17.755
      vertex 13.2529 -16.5495 17.7123
    endloop
  endfacet
  facet normal 0.457848 -0.114618 0.881611
    outer loop
      vertex 13.5063 -16.6504 17.5866
      vertex 13.379 -16.6251 17.656
      vertex 13.4879 -16.7239 17.5866
    endloop
  endfacet
  facet normal 0.444329 -0.159118 0.88162
    outer loop
      vertex 13.3637 -16.6862 17.656
      vertex 13.3425 -16.7454 17.656
      vertex 13.4879 -16.7239 17.5866
    endloop
  endfacet
  facet normal 0.349579 -0.317322 0.881533
    outer loop
      vertex 13.2458 -16.9069 17.656
      vertex 13.2035 -16.9535 17.656
      vertex 13.3461 -16.9892 17.5866
    endloop
  endfacet
  facet normal 0.37968 -0.280633 0.881526
    outer loop
      vertex 13.2832 -16.8563 17.656
      vertex 13.2458 -16.9069 17.656
      vertex 13.3461 -16.9892 17.5866
    endloop
  endfacet
  facet normal 0.149264 -0.249045 0.956921
    outer loop
      vertex 12.9525 -16.803 17.755
      vertex 12.9218 -16.8214 17.755
      vertex 13.0307 -16.9202 17.7123
    endloop
  endfacet
  facet normal 0.149364 -0.24894 0.956932
    outer loop
      vertex 13.0307 -16.9202 17.7123
      vertex 12.9218 -16.8214 17.755
      vertex 12.9882 -16.9457 17.7123
    endloop
  endfacet
  facet normal 0.0239641 -0.0949523 0.995193
    outer loop
      vertex 12.8139 -16.7106 17.7838
      vertex 12.7714 -16.5704 17.7982
      vertex 12.7929 -16.7159 17.7838
    endloop
  endfacet
  facet normal 0.0476283 -0.189966 0.980635
    outer loop
      vertex 12.8558 -16.8488 17.755
      vertex 12.7929 -16.7159 17.7838
      vertex 12.8211 -16.8575 17.755
    endloop
  endfacet
  facet normal 0.0718766 -0.066452 0.995197
    outer loop
      vertex 12.8069 -16.5467 17.7982
      vertex 12.802 -16.552 17.7982
      vertex 12.9056 -16.6556 17.7838
    endloop
  endfacet
  facet normal 0.066452 -0.0718766 0.995197
    outer loop
      vertex 12.802 -16.552 17.7982
      vertex 12.7967 -16.5569 17.7982
      vertex 12.9056 -16.6556 17.7838
    endloop
  endfacet
  facet normal 0.215035 -0.195113 0.956917
    outer loop
      vertex 13.1406 -16.8206 17.7123
      vertex 13.0317 -16.7312 17.755
      vertex 13.1073 -16.8573 17.7123
    endloop
  endfacet
  facet normal 0.307583 -0.228182 0.923756
    outer loop
      vertex 13.1702 -16.7807 17.7123
      vertex 13.1406 -16.8206 17.7123
      vertex 13.2832 -16.8563 17.656
    endloop
  endfacet
  facet normal 0.167987 -0.100792 0.980623
    outer loop
      vertex 12.9441 -16.6038 17.7838
      vertex 12.933 -16.6223 17.7838
      vertex 13.053 -16.7025 17.755
    endloop
  endfacet
  facet normal 0.0839825 -0.0503895 0.995192
    outer loop
      vertex 12.9441 -16.6038 17.7838
      vertex 12.8112 -16.5409 17.7982
      vertex 12.933 -16.6223 17.7838
    endloop
  endfacet
  facet normal 0.193782 0.0284651 0.980632
    outer loop
      vertex 13.1075 16.5711 17.755
      vertex 12.9659 16.5429 17.7838
      vertex 13.1127 16.5357 17.755
    endloop
  endfacet
  facet normal 0.281686 0.0706244 0.956904
    outer loop
      vertex 13.2336 16.6467 17.7123
      vertex 13.0988 16.6058 17.755
      vertex 13.1075 16.5711 17.755
    endloop
  endfacet
  facet normal 0.19556 0.0099591 0.980641
    outer loop
      vertex 13.1127 16.5357 17.755
      vertex 12.969 16.5216 17.7838
      vertex 12.9701 16.5 17.7838
    endloop
  endfacet
  facet normal 0.195584 0.00986139 0.980637
    outer loop
      vertex 13.1127 16.5357 17.755
      vertex 12.9701 16.5 17.7838
      vertex 13.1145 16.5 17.755
    endloop
  endfacet
  facet normal 0.37884 0.0560342 0.923764
    outer loop
      vertex 13.379 16.6251 17.656
      vertex 13.2529 16.5495 17.7123
      vertex 13.3882 16.5629 17.656
    endloop
  endfacet
  facet normal 0.382519 0.0188523 0.923755
    outer loop
      vertex 13.3882 16.5629 17.656
      vertex 13.2529 16.5495 17.7123
      vertex 13.3913 16.5 17.656
    endloop
  endfacet
  facet normal 0.346245 0.16369 0.923753
    outer loop
      vertex 13.3156 16.8023 17.656
      vertex 13.1957 16.7382 17.7123
      vertex 13.3425 16.7454 17.656
    endloop
  endfacet
  facet normal 0.328412 0.197047 0.923752
    outer loop
      vertex 13.2832 16.8563 17.656
      vertex 13.1957 16.7382 17.7123
      vertex 13.3156 16.8023 17.656
    endloop
  endfacet
  facet normal 0.271297 -0.573703 0.772828
    outer loop
      vertex 13.1712 -17.288 17.5048
      vertex 13.0919 -17.3255 17.5048
      vertex 13.1355 -17.4307 17.4114
    endloop
  endfacet
  facet normal 0.1585 -0.444298 0.881747
    outer loop
      vertex 12.9954 -17.0925 17.656
      vertex 12.9739 -17.2379 17.5866
      vertex 13.0451 -17.2125 17.5866
    endloop
  endfacet
  facet normal 0.081223 -0.550159 0.831101
    outer loop
      vertex 12.9243 -17.3764 17.5048
      vertex 12.8256 -17.2674 17.5866
      vertex 12.8376 -17.3892 17.5048
    endloop
  endfacet
  facet normal 0.330567 -0.699441 0.633646
    outer loop
      vertex 13.2739 -17.4802 17.3073
      vertex 13.1753 -17.5268 17.3073
      vertex 13.3179 -17.5625 17.1935
    endloop
  endfacet
  facet normal -0.79956 -0.592495 0.0982521
    outer loop
      vertex -13.9837 -17.3243 16.5201
      vertex -13.9957 -17.3324 16.3736
      vertex -13.897 -17.4413 16.5201
    endloop
  endfacet
  facet normal -0.799113 -0.593239 0.0973968
    outer loop
      vertex -13.897 -17.4413 16.5201
      vertex -13.9957 -17.3324 16.3736
      vertex -13.9081 -17.4504 16.3736
    endloop
  endfacet
  facet normal 0.316741 -0.349787 0.88166
    outer loop
      vertex 13.2953 -17.0453 17.5866
      vertex 13.2035 -16.9535 17.656
      vertex 13.2392 -17.0961 17.5866
    endloop
  endfacet
  facet normal 0.317322 -0.349579 0.881533
    outer loop
      vertex 13.2035 -16.9535 17.656
      vertex 13.1569 -16.9958 17.656
      vertex 13.2392 -17.0961 17.5866
    endloop
  endfacet
  facet normal 0.475058 -0.524381 0.706643
    outer loop
      vertex 13.5359 -17.2859 17.3073
      vertex 13.389 -17.2787 17.4114
      vertex 13.4551 -17.3591 17.3073
    endloop
  endfacet
  facet normal 0.519511 -0.573163 0.633713
    outer loop
      vertex 13.5359 -17.2859 17.3073
      vertex 13.5143 -17.4313 17.1935
      vertex 13.6019 -17.3519 17.1935
    endloop
  endfacet
  facet normal 0.475046 -0.524411 0.706629
    outer loop
      vertex 13.4623 -17.2123 17.4114
      vertex 13.389 -17.2787 17.4114
      vertex 13.5359 -17.2859 17.3073
    endloop
  endfacet
  facet normal 0.426319 -0.470621 0.772508
    outer loop
      vertex 13.4623 -17.2123 17.4114
      vertex 13.3169 -17.1907 17.5048
      vertex 13.389 -17.2787 17.4114
    endloop
  endfacet
  facet normal 0.544292 -0.326447 0.772774
    outer loop
      vertex 13.6384 -16.9749 17.4114
      vertex 13.538 -16.9212 17.5048
      vertex 13.5876 -17.0596 17.4114
    endloop
  endfacet
  facet normal 0.544885 -0.326061 0.772518
    outer loop
      vertex 13.538 -16.9212 17.5048
      vertex 13.493 -16.9964 17.5048
      vertex 13.5876 -17.0596 17.4114
    endloop
  endfacet
  facet normal 0.525943 -0.708242 0.470932
    outer loop
      vertex 13.5662 -17.4945 17.0712
      vertex 13.4648 -17.5698 17.0712
      vertex 13.6102 -17.5482 16.9413
    endloop
  endfacet
  facet normal 0.591923 -0.65412 0.470907
    outer loop
      vertex 13.6598 -17.4098 17.0712
      vertex 13.5662 -17.4945 17.0712
      vertex 13.6102 -17.5482 16.9413
    endloop
  endfacet
  facet normal 0.214521 -0.855989 0.470387
    outer loop
      vertex 13.1235 -17.7312 17.0712
      vertex 13.001 -17.7619 17.0712
      vertex 13.0145 -17.8299 16.9413
    endloop
  endfacet
  facet normal 0.202516 -0.806547 0.555399
    outer loop
      vertex 13.0997 -17.6529 17.1935
      vertex 12.985 -17.6817 17.1935
      vertex 13.001 -17.7619 17.0712
    endloop
  endfacet
  facet normal -0.557966 0.616595 0.555415
    outer loop
      vertex -13.5662 17.4945 17.0712
      vertex -13.6598 17.4098 17.0712
      vertex -13.5143 17.4313 17.1935
    endloop
  endfacet
  facet normal -0.495784 0.66763 0.5554
    outer loop
      vertex -13.4648 17.5698 17.0712
      vertex -13.5662 17.4945 17.0712
      vertex -13.5143 17.4313 17.1935
    endloop
  endfacet
  facet normal -0.792224 0.475468 0.382507
    outer loop
      vertex -13.9243 17.2846 16.8053
      vertex -13.9956 17.1658 16.8053
      vertex -13.9459 17.1392 16.9413
    endloop
  endfacet
  facet normal -0.820716 0.492568 0.289485
    outer loop
      vertex -13.9243 17.2846 16.8053
      vertex -14.0332 17.1859 16.6645
      vertex -13.9956 17.1658 16.8053
    endloop
  endfacet
  facet normal -0.782885 0.279837 0.555683
    outer loop
      vertex -13.9387 16.9924 17.0712
      vertex -13.9812 16.8735 17.0712
      vertex -13.9029 16.8497 17.1935
    endloop
  endfacet
  facet normal -0.806471 0.202112 0.555658
    outer loop
      vertex -13.9812 16.8735 17.0712
      vertex -14.0119 16.751 17.0712
      vertex -13.9029 16.8497 17.1935
    endloop
  endfacet
  facet normal 0.395055 -0.83524 0.382499
    outer loop
      vertex 13.3892 -17.6959 16.9413
      vertex 13.2689 -17.7528 16.9413
      vertex 13.4158 -17.7456 16.8053
    endloop
  endfacet
  facet normal 0.311361 -0.870076 0.382128
    outer loop
      vertex 13.2689 -17.7528 16.9413
      vertex 13.16 -17.8515 16.8053
      vertex 13.2905 -17.8048 16.8053
    endloop
  endfacet
  facet normal 0.45352 -0.756799 0.470717
    outer loop
      vertex 13.4648 -17.5698 17.0712
      vertex 13.3565 -17.6347 17.0712
      vertex 13.3892 -17.6959 16.9413
    endloop
  endfacet
  facet normal 0.427312 -0.713065 0.555826
    outer loop
      vertex 13.4648 -17.5698 17.0712
      vertex 13.3179 -17.5625 17.1935
      vertex 13.3565 -17.6347 17.0712
    endloop
  endfacet
  facet normal -0.0416291 -0.0886881 0.995189
    outer loop
      vertex -12.7782 -16.568 17.7982
      vertex -12.8538 -16.6941 17.7838
      vertex -12.8342 -16.7033 17.7838
    endloop
  endfacet
  facet normal -0.083189 -0.177229 0.980648
    outer loop
      vertex -12.8538 -16.6941 17.7838
      vertex -12.8895 -16.8367 17.755
      vertex -12.8342 -16.7033 17.7838
    endloop
  endfacet
  facet normal -0.0099591 -0.19556 0.980641
    outer loop
      vertex -12.7716 -16.719 17.7838
      vertex -12.7857 -16.8627 17.755
      vertex -12.75 -16.7201 17.7838
    endloop
  endfacet
  facet normal -0.0049805 -0.0977988 0.995194
    outer loop
      vertex -12.7572 -16.5732 17.7982
      vertex -12.7716 -16.719 17.7838
      vertex -12.75 -16.7201 17.7838
    endloop
  endfacet
  facet normal 0 0 1
    outer loop
      vertex 12.75 16.5736 17.7982
      vertex 12.8236 16.5 17.7982
      vertex 12.8232 16.5072 17.7982
    endloop
  endfacet
  facet normal 0 0 1
    outer loop
      vertex 12.8236 16.5 17.7982
      vertex -12.8236 16.5 17.7982
      vertex 12.8236 -16.5 17.7982
    endloop
  endfacet
  facet normal 0 0 1
    outer loop
      vertex 12.75 16.5736 17.7982
      vertex 12.8232 16.5072 17.7982
      vertex 12.8222 16.5144 17.7982
    endloop
  endfacet
  facet normal 0 0 1
    outer loop
      vertex -12.8236 -16.5 17.7982
      vertex 12.8236 -16.5 17.7982
      vertex -12.8236 16.5 17.7982
    endloop
  endfacet
  facet normal 0 0 1
    outer loop
      vertex 12.75 16.5736 17.7982
      vertex 12.8222 16.5144 17.7982
      vertex 12.8204 16.5214 17.7982
    endloop
  endfacet
  facet normal 0 0 1
    outer loop
      vertex 12.8236 16.5 17.7982
      vertex 12.75 16.5736 17.7982
      vertex -12.8236 16.5 17.7982
    endloop
  endfacet
  facet normal 0 0 1
    outer loop
      vertex 12.75 16.5736 17.7982
      vertex 12.8204 16.5214 17.7982
      vertex 12.818 16.5282 17.7982
    endloop
  endfacet
  facet normal 0 -0 1
    outer loop
      vertex 12.75 -16.5736 17.7982
      vertex 12.8236 -16.5 17.7982
      vertex -12.8236 -16.5 17.7982
    endloop
  endfacet
  facet normal 0 0 1
    outer loop
      vertex 12.75 16.5736 17.7982
      vertex 12.818 16.5282 17.7982
      vertex 12.8149 16.5347 17.7982
    endloop
  endfacet
  facet normal 0 0 1
    outer loop
      vertex 12.8222 -16.5144 17.7982
      vertex 12.75 -16.5736 17.7982
      vertex 12.8204 -16.5214 17.7982
    endloop
  endfacet
  facet normal 0 0 1
    outer loop
      vertex 12.75 16.5736 17.7982
      vertex 12.8149 16.5347 17.7982
      vertex 12.8112 16.5409 17.7982
    endloop
  endfacet
  facet normal 0 0 1
    outer loop
      vertex 12.8204 -16.5214 17.7982
      vertex 12.75 -16.5736 17.7982
      vertex 12.818 -16.5282 17.7982
    endloop
  endfacet
  facet normal 0 0 1
    outer loop
      vertex 12.75 16.5736 17.7982
      vertex 12.8112 16.5409 17.7982
      vertex 12.8069 16.5467 17.7982
    endloop
  endfacet
  facet normal 0 0 1
    outer loop
      vertex 12.818 -16.5282 17.7982
      vertex 12.75 -16.5736 17.7982
      vertex 12.8149 -16.5347 17.7982
    endloop
  endfacet
  facet normal 0 0 1
    outer loop
      vertex 12.75 16.5736 17.7982
      vertex 12.8069 16.5467 17.7982
      vertex 12.802 16.552 17.7982
    endloop
  endfacet
  facet normal 0 0 1
    outer loop
      vertex 12.8149 -16.5347 17.7982
      vertex 12.75 -16.5736 17.7982
      vertex 12.8112 -16.5409 17.7982
    endloop
  endfacet
  facet normal 0 0 1
    outer loop
      vertex 12.75 16.5736 17.7982
      vertex 12.802 16.552 17.7982
      vertex 12.7967 16.5569 17.7982
    endloop
  endfacet
  facet normal 0 0 1
    outer loop
      vertex 12.8112 -16.5409 17.7982
      vertex 12.75 -16.5736 17.7982
      vertex 12.8069 -16.5467 17.7982
    endloop
  endfacet
  facet normal 0 0 1
    outer loop
      vertex 12.75 16.5736 17.7982
      vertex 12.7967 16.5569 17.7982
      vertex 12.7909 16.5612 17.7982
    endloop
  endfacet
  facet normal 0 0 1
    outer loop
      vertex 12.8069 -16.5467 17.7982
      vertex 12.75 -16.5736 17.7982
      vertex 12.802 -16.552 17.7982
    endloop
  endfacet
  facet normal 0 0 1
    outer loop
      vertex 12.75 16.5736 17.7982
      vertex 12.7909 16.5612 17.7982
      vertex 12.7847 16.5649 17.7982
    endloop
  endfacet
  facet normal 0 0 1
    outer loop
      vertex 12.802 -16.552 17.7982
      vertex 12.75 -16.5736 17.7982
      vertex 12.7967 -16.5569 17.7982
    endloop
  endfacet
  facet normal 0 0 1
    outer loop
      vertex 12.75 16.5736 17.7982
      vertex 12.7847 16.5649 17.7982
      vertex 12.7782 16.568 17.7982
    endloop
  endfacet
  facet normal 0 0 1
    outer loop
      vertex 12.7967 -16.5569 17.7982
      vertex 12.75 -16.5736 17.7982
      vertex 12.7909 -16.5612 17.7982
    endloop
  endfacet
  facet normal 0 0 1
    outer loop
      vertex 12.75 16.5736 17.7982
      vertex 12.7782 16.568 17.7982
      vertex 12.7714 16.5704 17.7982
    endloop
  endfacet
  facet normal 0 0 1
    outer loop
      vertex 12.7909 -16.5612 17.7982
      vertex 12.75 -16.5736 17.7982
      vertex 12.7847 -16.5649 17.7982
    endloop
  endfacet
  facet normal 0 0 1
    outer loop
      vertex 12.75 16.5736 17.7982
      vertex 12.7714 16.5704 17.7982
      vertex 12.7644 16.5722 17.7982
    endloop
  endfacet
  facet normal 0 0 1
    outer loop
      vertex 12.7847 -16.5649 17.7982
      vertex 12.75 -16.5736 17.7982
      vertex 12.7782 -16.568 17.7982
    endloop
  endfacet
  facet normal 0 0 1
    outer loop
      vertex 12.75 16.5736 17.7982
      vertex 12.7644 16.5722 17.7982
      vertex 12.7572 16.5732 17.7982
    endloop
  endfacet
  facet normal 0 0 1
    outer loop
      vertex 12.7782 -16.568 17.7982
      vertex 12.75 -16.5736 17.7982
      vertex 12.7714 -16.5704 17.7982
    endloop
  endfacet
  facet normal 0 0 1
    outer loop
      vertex 12.7714 -16.5704 17.7982
      vertex 12.75 -16.5736 17.7982
      vertex 12.7644 -16.5722 17.7982
    endloop
  endfacet
  facet normal 0 0 1
    outer loop
      vertex 12.7644 -16.5722 17.7982
      vertex 12.75 -16.5736 17.7982
      vertex 12.7572 -16.5732 17.7982
    endloop
  endfacet
  facet normal 0 0 1
    outer loop
      vertex -12.8236 16.5 17.7982
      vertex 12.75 16.5736 17.7982
      vertex -12.75 16.5736 17.7982
    endloop
  endfacet
  facet normal 0 0 1
    outer loop
      vertex 12.8236 -16.5 17.7982
      vertex 12.75 -16.5736 17.7982
      vertex 12.8232 -16.5072 17.7982
    endloop
  endfacet
  facet normal 0 0 1
    outer loop
      vertex -12.8236 16.5 17.7982
      vertex -12.75 16.5736 17.7982
      vertex -12.7572 16.5732 17.7982
    endloop
  endfacet
  facet normal 0 0 1
    outer loop
      vertex 12.8232 -16.5072 17.7982
      vertex 12.75 -16.5736 17.7982
      vertex 12.8222 -16.5144 17.7982
    endloop
  endfacet
  facet normal 0 0 1
    outer loop
      vertex -12.8236 16.5 17.7982
      vertex -12.7572 16.5732 17.7982
      vertex -12.7644 16.5722 17.7982
    endloop
  endfacet
  facet normal 0 0 1
    outer loop
      vertex 12.75 -16.5736 17.7982
      vertex -12.8236 -16.5 17.7982
      vertex -12.75 -16.5736 17.7982
    endloop
  endfacet
  facet normal 0 0 1
    outer loop
      vertex -12.8236 16.5 17.7982
      vertex -12.7644 16.5722 17.7982
      vertex -12.7714 16.5704 17.7982
    endloop
  endfacet
  facet normal 0 0 1
    outer loop
      vertex -12.75 -16.5736 17.7982
      vertex -12.8236 -16.5 17.7982
      vertex -12.7572 -16.5732 17.7982
    endloop
  endfacet
  facet normal 0 0 1
    outer loop
      vertex -12.8236 16.5 17.7982
      vertex -12.7714 16.5704 17.7982
      vertex -12.7782 16.568 17.7982
    endloop
  endfacet
  facet normal 0 0 1
    outer loop
      vertex -12.7572 -16.5732 17.7982
      vertex -12.8236 -16.5 17.7982
      vertex -12.7644 -16.5722 17.7982
    endloop
  endfacet
  facet normal 0 0 1
    outer loop
      vertex -12.8236 16.5 17.7982
      vertex -12.7782 16.568 17.7982
      vertex -12.7847 16.5649 17.7982
    endloop
  endfacet
  facet normal 0 0 1
    outer loop
      vertex -12.7644 -16.5722 17.7982
      vertex -12.8236 -16.5 17.7982
      vertex -12.7714 -16.5704 17.7982
    endloop
  endfacet
  facet normal 0 0 1
    outer loop
      vertex -12.8236 16.5 17.7982
      vertex -12.7847 16.5649 17.7982
      vertex -12.7909 16.5612 17.7982
    endloop
  endfacet
  facet normal 0 0 1
    outer loop
      vertex -12.7714 -16.5704 17.7982
      vertex -12.8236 -16.5 17.7982
      vertex -12.7782 -16.568 17.7982
    endloop
  endfacet
  facet normal 0 0 1
    outer loop
      vertex -12.8236 16.5 17.7982
      vertex -12.7909 16.5612 17.7982
      vertex -12.7967 16.5569 17.7982
    endloop
  endfacet
  facet normal 0 0 1
    outer loop
      vertex -12.7782 -16.568 17.7982
      vertex -12.8236 -16.5 17.7982
      vertex -12.7847 -16.5649 17.7982
    endloop
  endfacet
  facet normal 0 0 1
    outer loop
      vertex -12.8236 16.5 17.7982
      vertex -12.7967 16.5569 17.7982
      vertex -12.802 16.552 17.7982
    endloop
  endfacet
  facet normal 0 0 1
    outer loop
      vertex -12.7847 -16.5649 17.7982
      vertex -12.8236 -16.5 17.7982
      vertex -12.7909 -16.5612 17.7982
    endloop
  endfacet
  facet normal 0 0 1
    outer loop
      vertex -12.8236 16.5 17.7982
      vertex -12.802 16.552 17.7982
      vertex -12.8069 16.5467 17.7982
    endloop
  endfacet
  facet normal 0 0 1
    outer loop
      vertex -12.7909 -16.5612 17.7982
      vertex -12.8236 -16.5 17.7982
      vertex -12.7967 -16.5569 17.7982
    endloop
  endfacet
  facet normal 0 0 1
    outer loop
      vertex -12.8236 16.5 17.7982
      vertex -12.8069 16.5467 17.7982
      vertex -12.8112 16.5409 17.7982
    endloop
  endfacet
  facet normal 0 0 1
    outer loop
      vertex -12.7967 -16.5569 17.7982
      vertex -12.8236 -16.5 17.7982
      vertex -12.802 -16.552 17.7982
    endloop
  endfacet
  facet normal 0 0 1
    outer loop
      vertex -12.8236 16.5 17.7982
      vertex -12.8112 16.5409 17.7982
      vertex -12.8149 16.5347 17.7982
    endloop
  endfacet
  facet normal 0 0 1
    outer loop
      vertex -12.802 -16.552 17.7982
      vertex -12.8236 -16.5 17.7982
      vertex -12.8069 -16.5467 17.7982
    endloop
  endfacet
  facet normal 0 0 1
    outer loop
      vertex -12.8236 16.5 17.7982
      vertex -12.8149 16.5347 17.7982
      vertex -12.818 16.5282 17.7982
    endloop
  endfacet
  facet normal 0 0 1
    outer loop
      vertex -12.8069 -16.5467 17.7982
      vertex -12.8236 -16.5 17.7982
      vertex -12.8112 -16.5409 17.7982
    endloop
  endfacet
  facet normal 0 0 1
    outer loop
      vertex -12.8236 16.5 17.7982
      vertex -12.818 16.5282 17.7982
      vertex -12.8204 16.5214 17.7982
    endloop
  endfacet
  facet normal 0 0 1
    outer loop
      vertex -12.8112 -16.5409 17.7982
      vertex -12.8236 -16.5 17.7982
      vertex -12.8149 -16.5347 17.7982
    endloop
  endfacet
  facet normal 0 0 1
    outer loop
      vertex -12.8236 16.5 17.7982
      vertex -12.8204 16.5214 17.7982
      vertex -12.8222 16.5144 17.7982
    endloop
  endfacet
  facet normal 0 0 1
    outer loop
      vertex -12.8149 -16.5347 17.7982
      vertex -12.8236 -16.5 17.7982
      vertex -12.818 -16.5282 17.7982
    endloop
  endfacet
  facet normal 0 0 1
    outer loop
      vertex -12.8236 16.5 17.7982
      vertex -12.8222 16.5144 17.7982
      vertex -12.8232 16.5072 17.7982
    endloop
  endfacet
  facet normal 0 0 1
    outer loop
      vertex -12.818 -16.5282 17.7982
      vertex -12.8236 -16.5 17.7982
      vertex -12.8204 -16.5214 17.7982
    endloop
  endfacet
  facet normal 0 0 1
    outer loop
      vertex -12.8204 -16.5214 17.7982
      vertex -12.8236 -16.5 17.7982
      vertex -12.8222 -16.5144 17.7982
    endloop
  endfacet
  facet normal 0 0 1
    outer loop
      vertex -12.8222 -16.5144 17.7982
      vertex -12.8236 -16.5 17.7982
      vertex -12.8232 -16.5072 17.7982
    endloop
  endfacet
  facet normal 0.0948875 0.0243996 0.995189
    outer loop
      vertex 12.9659 16.5429 17.7838
      vertex 12.8204 16.5214 17.7982
      vertex 12.8222 16.5144 17.7982
    endloop
  endfacet
  facet normal 0.0662642 0.184269 0.98064
    outer loop
      vertex 12.8558 16.8488 17.755
      vertex 12.8139 16.7106 17.7838
      vertex 12.8342 16.7033 17.7838
    endloop
  endfacet
  facet normal -0.149364 -0.24894 0.956932
    outer loop
      vertex -12.9218 -16.8214 17.755
      vertex -13.0307 -16.9202 17.7123
      vertex -12.9882 -16.9457 17.7123
    endloop
  endfacet
  facet normal -0.124171 -0.262399 0.956937
    outer loop
      vertex -12.9218 -16.8214 17.755
      vertex -12.9882 -16.9457 17.7123
      vertex -12.9434 -16.9669 17.7123
    endloop
  endfacet
  facet normal -0.173051 -0.233171 0.956914
    outer loop
      vertex -12.9812 -16.7817 17.755
      vertex -13.0307 -16.9202 17.7123
      vertex -12.9525 -16.803 17.755
    endloop
  endfacet
  facet normal -0.172995 -0.233193 0.956919
    outer loop
      vertex -12.9812 -16.7817 17.755
      vertex -13.0706 -16.8906 17.7123
      vertex -13.0307 -16.9202 17.7123
    endloop
  endfacet
  facet normal -0.184269 0.0662642 0.98064
    outer loop
      vertex -12.9533 16.5842 17.7838
      vertex -13.0988 16.6058 17.755
      vertex -12.9606 16.5639 17.7838
    endloop
  endfacet
  facet normal -0.189835 0.0479107 0.980646
    outer loop
      vertex -12.9606 16.5639 17.7838
      vertex -13.0988 16.6058 17.755
      vertex -12.9659 16.5429 17.7838
    endloop
  endfacet
  facet normal 0.0978206 0.00543448 0.995189
    outer loop
      vertex 12.9701 16.5 17.7838
      vertex 12.8232 16.5072 17.7982
      vertex 12.8236 16.5 17.7982
    endloop
  endfacet
  facet normal 0.311361 0.870076 0.382128
    outer loop
      vertex 13.2905 17.8048 16.8053
      vertex 13.16 17.8515 16.8053
      vertex 13.2689 17.7528 16.9413
    endloop
  endfacet
  facet normal 0.224581 0.896325 0.382316
    outer loop
      vertex 13.16 17.8515 16.8053
      vertex 13.0255 17.8852 16.8053
      vertex 13.1436 17.7976 16.9413
    endloop
  endfacet
  facet normal 0.0451474 0.923091 0.381922
    outer loop
      vertex 12.8884 17.9055 16.8053
      vertex 12.75 17.856 16.9413
      vertex 12.8829 17.8495 16.9413
    endloop
  endfacet
  facet normal 0.0430938 0.881103 0.470957
    outer loop
      vertex 12.8829 17.8495 16.9413
      vertex 12.75 17.856 16.9413
      vertex 12.8761 17.7804 17.0712
    endloop
  endfacet
  facet normal 0.129994 0.872819 0.470413
    outer loop
      vertex 13.0145 17.8299 16.9413
      vertex 12.8829 17.8495 16.9413
      vertex 13.001 17.7619 17.0712
    endloop
  endfacet
  facet normal 0.129253 0.872633 0.470961
    outer loop
      vertex 12.8829 17.8495 16.9413
      vertex 12.8761 17.7804 17.0712
      vertex 13.001 17.7619 17.0712
    endloop
  endfacet
  facet normal 0.113459 0.765139 0.63379
    outer loop
      vertex 12.8681 17.699 17.1935
      vertex 12.8589 17.6061 17.3073
      vertex 12.9668 17.5901 17.3073
    endloop
  endfacet
  facet normal 0.103782 0.699877 0.706684
    outer loop
      vertex 12.8589 17.6061 17.3073
      vertex 12.8487 17.5025 17.4114
      vertex 12.9668 17.5901 17.3073
    endloop
  endfacet
  facet normal 0.0949523 0.0239641 0.995193
    outer loop
      vertex 12.9606 16.5639 17.7838
      vertex 12.8204 16.5214 17.7982
      vertex 12.9659 16.5429 17.7838
    endloop
  endfacet
  facet normal 0.0981006 0.273222 0.956936
    outer loop
      vertex 12.9434 16.9669 17.7123
      vertex 12.8558 16.8488 17.755
      vertex 12.8895 16.8367 17.755
    endloop
  endfacet
  facet normal 0.0977845 0.273445 0.956904
    outer loop
      vertex 12.8967 16.9836 17.7123
      vertex 12.8558 16.8488 17.755
      vertex 12.9434 16.9669 17.7123
    endloop
  endfacet
  facet normal 0.194963 0.215272 0.956895
    outer loop
      vertex 13.1073 16.8573 17.7123
      vertex 12.9812 16.7817 17.755
      vertex 13.0077 16.7577 17.755
    endloop
  endfacet
  facet normal 0.0726008 0.0657945 0.995189
    outer loop
      vertex 12.9056 16.6556 17.7838
      vertex 12.8069 16.5467 17.7982
      vertex 12.9201 16.6396 17.7838
    endloop
  endfacet
  facet normal 0.184269 0.0662642 0.98064
    outer loop
      vertex 13.0988 16.6058 17.755
      vertex 12.9533 16.5842 17.7838
      vertex 12.9606 16.5639 17.7838
    endloop
  endfacet
  facet normal 0.262399 0.124171 0.956937
    outer loop
      vertex 13.1957 16.7382 17.7123
      vertex 13.0714 16.6718 17.755
      vertex 13.2169 16.6934 17.7123
    endloop
  endfacet
  facet normal 0.0840826 0.0501784 0.995195
    outer loop
      vertex 12.9441 16.6038 17.7838
      vertex 12.8112 16.5409 17.7982
      vertex 12.8149 16.5347 17.7982
    endloop
  endfacet
  facet normal 0.100792 0.167987 0.980623
    outer loop
      vertex 12.9525 16.803 17.755
      vertex 12.8538 16.6941 17.7838
      vertex 12.8723 16.683 17.7838
    endloop
  endfacet
  facet normal 0.149264 0.249045 0.956921
    outer loop
      vertex 13.0307 16.9202 17.7123
      vertex 12.9218 16.8214 17.755
      vertex 12.9525 16.803 17.755
    endloop
  endfacet
  facet normal 0.173051 0.233171 0.956914
    outer loop
      vertex 13.0307 16.9202 17.7123
      vertex 12.9525 16.803 17.755
      vertex 12.9812 16.7817 17.755
    endloop
  endfacet
  facet normal 0.201936 0.42631 0.881749
    outer loop
      vertex 13.0451 17.2125 17.5866
      vertex 12.9954 17.0925 17.656
      vertex 13.1135 17.1801 17.5866
    endloop
  endfacet
  facet normal 0.238112 0.502681 0.831032
    outer loop
      vertex 13.1712 17.288 17.5048
      vertex 13.0451 17.2125 17.5866
      vertex 13.1135 17.1801 17.5866
    endloop
  endfacet
  facet normal 0.475046 0.524411 0.706629
    outer loop
      vertex 13.5359 17.2859 17.3073
      vertex 13.389 17.2787 17.4114
      vertex 13.4623 17.2123 17.4114
    endloop
  endfacet
  facet normal 0.37831 0.509979 0.77253
    outer loop
      vertex 13.389 17.2787 17.4114
      vertex 13.3096 17.3376 17.4114
      vertex 13.3169 17.1907 17.5048
    endloop
  endfacet
  facet normal 0.373219 0.412157 0.831164
    outer loop
      vertex 13.3169 17.1907 17.5048
      vertex 13.2392 17.0961 17.5866
      vertex 13.2953 17.0453 17.5866
    endloop
  endfacet
  facet normal 0.373869 0.411954 0.830973
    outer loop
      vertex 13.3169 17.1907 17.5048
      vertex 13.2953 17.0453 17.5866
      vertex 13.3818 17.1318 17.5048
    endloop
  endfacet
  facet normal 0.188348 0.750121 0.633911
    outer loop
      vertex 12.985 17.6817 17.1935
      vertex 12.9668 17.5901 17.3073
      vertex 13.0997 17.6529 17.1935
    endloop
  endfacet
  facet normal 0.271451 0.573705 0.772772
    outer loop
      vertex 13.2249 17.3884 17.4114
      vertex 13.1355 17.4307 17.4114
      vertex 13.1712 17.288 17.5048
    endloop
  endfacet
  facet normal 0.260963 0.728286 0.633638
    outer loop
      vertex 13.0997 17.6529 17.1935
      vertex 13.0726 17.5636 17.3073
      vertex 13.1753 17.5268 17.3073
    endloop
  endfacet
  facet normal 0.355997 0.751393 0.555585
    outer loop
      vertex 13.2424 17.6887 17.0712
      vertex 13.2111 17.6131 17.1935
      vertex 13.3179 17.5625 17.1935
    endloop
  endfacet
  facet normal 0.495784 0.66763 0.5554
    outer loop
      vertex 13.5662 17.4945 17.0712
      vertex 13.4648 17.5698 17.0712
      vertex 13.5143 17.4313 17.1935
    endloop
  endfacet
  facet normal 0.684539 0.620667 0.382333
    outer loop
      vertex 13.8417 17.396 16.8053
      vertex 13.7088 17.4588 16.9413
      vertex 13.7982 17.3602 16.9413
    endloop
  endfacet
  facet normal 0.519306 0.573223 0.633828
    outer loop
      vertex 13.5143 17.4313 17.1935
      vertex 13.4551 17.3591 17.3073
      vertex 13.5359 17.2859 17.3073
    endloop
  endfacet
  facet normal 0.519511 0.573163 0.633713
    outer loop
      vertex 13.6019 17.3519 17.1935
      vertex 13.5143 17.4313 17.1935
      vertex 13.5359 17.2859 17.3073
    endloop
  endfacet
  facet normal 0.330498 0.923471 0.194866
    outer loop
      vertex 13.1807 17.9199 16.5201
      vertex 13.1724 17.8924 16.6645
      vertex 13.3068 17.8443 16.6645
    endloop
  endfacet
  facet normal 0.238519 0.951381 0.194894
    outer loop
      vertex 13.1807 17.9199 16.5201
      vertex 13.0395 17.9553 16.5201
      vertex 13.1724 17.8924 16.6645
    endloop
  endfacet
  facet normal 0.750444 0.187966 0.633642
    outer loop
      vertex 13.9029 16.8497 17.1935
      vertex 13.8136 16.8226 17.3073
      vertex 13.8401 16.7168 17.3073
    endloop
  endfacet
  facet normal 0.750121 0.188348 0.633911
    outer loop
      vertex 13.9029 16.8497 17.1935
      vertex 13.8401 16.7168 17.3073
      vertex 13.9317 16.735 17.1935
    endloop
  endfacet
  facet normal 0.666144 0.238696 0.706595
    outer loop
      vertex 13.7768 16.9253 17.3073
      vertex 13.714 16.7924 17.4114
      vertex 13.8136 16.8226 17.3073
    endloop
  endfacet
  facet normal 0.686402 0.171925 0.706607
    outer loop
      vertex 13.8136 16.8226 17.3073
      vertex 13.714 16.7924 17.4114
      vertex 13.8401 16.7168 17.3073
    endloop
  endfacet
  facet normal 0.886804 0.419143 0.194674
    outer loop
      vertex 14.1208 17.0678 16.5201
      vertex 14.0586 17.1994 16.5201
      vertex 14.0943 17.0568 16.6645
    endloop
  endfacet
  facet normal 0.865176 0.409467 0.289495
    outer loop
      vertex 14.0332 17.1859 16.6645
      vertex 13.9956 17.1658 16.8053
      vertex 14.0943 17.0568 16.6645
    endloop
  endfacet
  facet normal 0.896293 0.224247 0.382586
    outer loop
      vertex 14.1352 16.7755 16.8053
      vertex 14.0476 16.8936 16.9413
      vertex 14.0799 16.7645 16.9413
    endloop
  endfacet
  facet normal 0.913838 0.136104 0.382591
    outer loop
      vertex 14.1352 16.7755 16.8053
      vertex 14.0799 16.7645 16.9413
      vertex 14.0995 16.6329 16.9413
    endloop
  endfacet
  facet normal 0.557966 0.616595 0.555415
    outer loop
      vertex 13.5662 17.4945 17.0712
      vertex 13.5143 17.4313 17.1935
      vertex 13.6598 17.4098 17.0712
    endloop
  endfacet
  facet normal 0.558257 0.61591 0.555881
    outer loop
      vertex 13.6598 17.4098 17.0712
      vertex 13.5143 17.4313 17.1935
      vertex 13.6019 17.3519 17.1935
    endloop
  endfacet
  facet normal 0.768866 0.569779 0.290167
    outer loop
      vertex 13.9598 17.3084 16.6645
      vertex 13.8748 17.4231 16.6645
      vertex 13.9243 17.2846 16.8053
    endloop
  endfacet
  facet normal 0.76866 0.56994 0.290398
    outer loop
      vertex 13.8748 17.4231 16.6645
      vertex 13.8417 17.396 16.8053
      vertex 13.9243 17.2846 16.8053
    endloop
  endfacet
  facet normal 0.592495 0.79956 0.0982521
    outer loop
      vertex 13.5824 17.7457 16.3736
      vertex 13.5743 17.7337 16.5201
      vertex 13.6913 17.647 16.5201
    endloop
  endfacet
  facet normal 0.409467 0.865176 0.289495
    outer loop
      vertex 13.4359 17.7832 16.6645
      vertex 13.3068 17.8443 16.6645
      vertex 13.4158 17.7456 16.8053
    endloop
  endfacet
  facet normal 0.24894 -0.149364 0.956932
    outer loop
      vertex 13.1957 -16.7382 17.7123
      vertex 13.0714 -16.6718 17.755
      vertex 13.1702 -16.7807 17.7123
    endloop
  endfacet
  facet normal 0.249045 -0.149264 0.956921
    outer loop
      vertex 13.0714 -16.6718 17.755
      vertex 13.053 -16.7025 17.755
      vertex 13.1702 -16.7807 17.7123
    endloop
  endfacet
  facet normal 0.378698 -0.0563033 0.923806
    outer loop
      vertex 13.2529 -16.5495 17.7123
      vertex 13.2456 -16.5986 17.7123
      vertex 13.379 -16.6251 17.656
    endloop
  endfacet
  facet normal 0.287354 -0.0427226 0.956871
    outer loop
      vertex 13.2529 -16.5495 17.7123
      vertex 13.1075 -16.5711 17.755
      vertex 13.2456 -16.5986 17.7123
    endloop
  endfacet
  facet normal 0.371506 -0.0930285 0.923758
    outer loop
      vertex 13.379 -16.6251 17.656
      vertex 13.2336 -16.6467 17.7123
      vertex 13.3637 -16.6862 17.656
    endloop
  endfacet
  facet normal 0.36055 -0.129116 0.92376
    outer loop
      vertex 13.3637 -16.6862 17.656
      vertex 13.2336 -16.6467 17.7123
      vertex 13.3425 -16.7454 17.656
    endloop
  endfacet
  facet normal 0.100792 -0.167987 0.980623
    outer loop
      vertex 12.8723 -16.683 17.7838
      vertex 12.8538 -16.6941 17.7838
      vertex 12.9525 -16.803 17.755
    endloop
  endfacet
  facet normal 0.100721 -0.16805 0.980619
    outer loop
      vertex 12.9525 -16.803 17.755
      vertex 12.8538 -16.6941 17.7838
      vertex 12.9218 -16.8214 17.755
    endloop
  endfacet
  facet normal 0.0134796 -0.0970531 0.995188
    outer loop
      vertex 12.7644 -16.5722 17.7982
      vertex 12.7572 -16.5732 17.7982
      vertex 12.7929 -16.7159 17.7838
    endloop
  endfacet
  facet normal 0.0282014 -0.193771 0.980641
    outer loop
      vertex 12.7929 -16.7159 17.7838
      vertex 12.7716 -16.719 17.7838
      vertex 12.7857 -16.8627 17.755
    endloop
  endfacet
  facet normal 0.0331541 -0.0921958 0.995189
    outer loop
      vertex 12.8342 -16.7033 17.7838
      vertex 12.7782 -16.568 17.7982
      vertex 12.8139 -16.7106 17.7838
    endloop
  endfacet
  facet normal 0.0662642 -0.184269 0.98064
    outer loop
      vertex 12.8342 -16.7033 17.7838
      vertex 12.8139 -16.7106 17.7838
      vertex 12.8558 -16.8488 17.755
    endloop
  endfacet
  facet normal 0.131515 -0.145121 0.980634
    outer loop
      vertex 12.9056 -16.6556 17.7838
      vertex 12.8896 -16.6701 17.7838
      vertex 12.9812 -16.7817 17.755
    endloop
  endfacet
  facet normal 0.0657945 -0.0726008 0.995189
    outer loop
      vertex 12.9056 -16.6556 17.7838
      vertex 12.7967 -16.5569 17.7982
      vertex 12.8896 -16.6701 17.7838
    endloop
  endfacet
  facet normal 0.193771 0.0282014 0.980641
    outer loop
      vertex 13.1127 16.5357 17.755
      vertex 12.9659 16.5429 17.7838
      vertex 12.969 16.5216 17.7838
    endloop
  endfacet
  facet normal 0.145121 0.131515 0.980634
    outer loop
      vertex 13.0317 16.7312 17.755
      vertex 12.9056 16.6556 17.7838
      vertex 12.9201 16.6396 17.7838
    endloop
  endfacet
  facet normal 0.260963 -0.728286 0.633638
    outer loop
      vertex 13.1753 -17.5268 17.3073
      vertex 13.0726 -17.5636 17.3073
      vertex 13.0997 -17.6529 17.1935
    endloop
  endfacet
  facet normal 0.135002 -0.539273 0.831239
    outer loop
      vertex 12.9739 -17.2379 17.5866
      vertex 12.9004 -17.2563 17.5866
      vertex 13.0094 -17.3551 17.5048
    endloop
  endfacet
  facet normal 0.36394 -0.606806 0.706636
    outer loop
      vertex 13.3096 -17.3376 17.4114
      vertex 13.2249 -17.3884 17.4114
      vertex 13.3675 -17.4241 17.3073
    endloop
  endfacet
  facet normal 0.242776 -0.404627 0.881667
    outer loop
      vertex 13.1063 -17.0332 17.656
      vertex 13.0523 -17.0656 17.656
      vertex 13.1135 -17.1801 17.5866
    endloop
  endfacet
  facet normal 0.114644 -0.457828 0.881618
    outer loop
      vertex 12.9362 -17.1137 17.656
      vertex 12.8751 -17.129 17.656
      vertex 12.9739 -17.2379 17.5866
    endloop
  endfacet
  facet normal 0.0927338 -0.628127 0.772565
    outer loop
      vertex 12.9243 -17.3764 17.5048
      vertex 12.8376 -17.3892 17.5048
      vertex 12.9465 -17.488 17.4114
    endloop
  endfacet
  facet normal 0.421648 -0.568252 0.706613
    outer loop
      vertex 13.389 -17.2787 17.4114
      vertex 13.3675 -17.4241 17.3073
      vertex 13.4551 -17.3591 17.3073
    endloop
  endfacet
  facet normal 0.460894 -0.621143 0.633844
    outer loop
      vertex 13.4551 -17.3591 17.3073
      vertex 13.3675 -17.4241 17.3073
      vertex 13.5143 -17.4313 17.1935
    endloop
  endfacet
  facet normal 0.279837 -0.782885 0.555683
    outer loop
      vertex 13.2424 -17.6887 17.0712
      vertex 13.0997 -17.6529 17.1935
      vertex 13.1235 -17.7312 17.0712
    endloop
  endfacet
  facet normal 0.129994 -0.872819 0.470413
    outer loop
      vertex 13.001 -17.7619 17.0712
      vertex 12.8829 -17.8495 16.9413
      vertex 13.0145 -17.8299 16.9413
    endloop
  endfacet
  facet normal -0.728286 0.260963 0.633638
    outer loop
      vertex -13.7768 16.9253 17.3073
      vertex -13.9029 16.8497 17.1935
      vertex -13.8136 16.8226 17.3073
    endloop
  endfacet
  facet normal -0.750444 0.187966 0.633642
    outer loop
      vertex -13.8136 16.8226 17.3073
      vertex -13.9029 16.8497 17.1935
      vertex -13.8401 16.7168 17.3073
    endloop
  endfacet
  facet normal -0.728196 0.260163 0.63407
    outer loop
      vertex -13.8631 16.9611 17.1935
      vertex -13.9029 16.8497 17.1935
      vertex -13.7768 16.9253 17.3073
    endloop
  endfacet
  facet normal -0.6988 0.331079 0.634086
    outer loop
      vertex -13.8125 17.0679 17.1935
      vertex -13.8631 16.9611 17.1935
      vertex -13.7768 16.9253 17.3073
    endloop
  endfacet
  facet normal 0.550408 -0.742318 0.382119
    outer loop
      vertex 13.646 -17.5917 16.8053
      vertex 13.5033 -17.6275 16.9413
      vertex 13.5346 -17.6743 16.8053
    endloop
  endfacet
  facet normal 0.550529 -0.742138 0.382294
    outer loop
      vertex 13.6102 -17.5482 16.9413
      vertex 13.5033 -17.6275 16.9413
      vertex 13.646 -17.5917 16.8053
    endloop
  endfacet
  facet normal 0.409467 -0.865176 0.289495
    outer loop
      vertex 13.4158 -17.7456 16.8053
      vertex 13.3068 -17.8443 16.6645
      vertex 13.4359 -17.7832 16.6645
    endloop
  endfacet
  facet normal 0.492568 -0.820716 0.289485
    outer loop
      vertex 13.5346 -17.6743 16.8053
      vertex 13.4158 -17.7456 16.8053
      vertex 13.4359 -17.7832 16.6645
    endloop
  endfacet
  facet normal -0.0239641 -0.0949523 0.995193
    outer loop
      vertex -12.7714 -16.5704 17.7982
      vertex -12.8139 -16.7106 17.7838
      vertex -12.7929 -16.7159 17.7838
    endloop
  endfacet
  facet normal -0.0325897 -0.0923376 0.995194
    outer loop
      vertex -12.7782 -16.568 17.7982
      vertex -12.8139 -16.7106 17.7838
      vertex -12.7714 -16.5704 17.7982
    endloop
  endfacet
  facet normal 0.232577 0.928298 0.290123
    outer loop
      vertex 13.0339 17.9271 16.6645
      vertex 13.0255 17.8852 16.8053
      vertex 13.1724 17.8924 16.6645
    endloop
  endfacet
  facet normal 0.140029 0.946703 0.290079
    outer loop
      vertex 13.0339 17.9271 16.6645
      vertex 12.8926 17.948 16.6645
      vertex 13.0255 17.8852 16.8053
    endloop
  endfacet
  facet normal 0.377421 0.797477 0.470726
    outer loop
      vertex 13.3892 17.6959 16.9413
      vertex 13.2424 17.6887 17.0712
      vertex 13.3565 17.6347 17.0712
    endloop
  endfacet
  facet normal 0.311089 0.870078 0.382346
    outer loop
      vertex 13.16 17.8515 16.8053
      vertex 13.1436 17.7976 16.9413
      vertex 13.2689 17.7528 16.9413
    endloop
  endfacet
  facet normal 0.397709 0.663557 0.633655
    outer loop
      vertex 13.3179 17.5625 17.1935
      vertex 13.2739 17.4802 17.3073
      vertex 13.3675 17.4241 17.3073
    endloop
  endfacet
  facet normal 0.202516 0.806547 0.555399
    outer loop
      vertex 13.001 17.7619 17.0712
      vertex 12.985 17.6817 17.1935
      vertex 13.0997 17.6529 17.1935
    endloop
  endfacet
  facet normal 0.0325897 0.0923376 0.995194
    outer loop
      vertex 12.8139 16.7106 17.7838
      vertex 12.7714 16.5704 17.7982
      vertex 12.7782 16.568 17.7982
    endloop
  endfacet
  facet normal 0.215272 0.194963 0.956895
    outer loop
      vertex 13.1073 16.8573 17.7123
      vertex 13.0077 16.7577 17.755
      vertex 13.0317 16.7312 17.755
    endloop
  endfacet
  facet normal 0.215035 0.195113 0.956917
    outer loop
      vertex 13.1073 16.8573 17.7123
      vertex 13.0317 16.7312 17.755
      vertex 13.1406 16.8206 17.7123
    endloop
  endfacet
  facet normal 0.0718766 0.066452 0.995197
    outer loop
      vertex 12.9056 16.6556 17.7838
      vertex 12.802 16.552 17.7982
      vertex 12.8069 16.5467 17.7982
    endloop
  endfacet
  facet normal 0.0657945 0.0726008 0.995189
    outer loop
      vertex 12.8896 16.6701 17.7838
      vertex 12.7967 16.5569 17.7982
      vertex 12.9056 16.6556 17.7838
    endloop
  endfacet
  facet normal 0.177229 0.083189 0.980648
    outer loop
      vertex 13.0867 16.6395 17.755
      vertex 12.9441 16.6038 17.7838
      vertex 12.9533 16.5842 17.7838
    endloop
  endfacet
  facet normal 0.0886881 0.0416291 0.995189
    outer loop
      vertex 12.9441 16.6038 17.7838
      vertex 12.818 16.5282 17.7982
      vertex 12.9533 16.5842 17.7838
    endloop
  endfacet
  facet normal 0.177053 0.0838674 0.980621
    outer loop
      vertex 13.0714 16.6718 17.755
      vertex 12.9441 16.6038 17.7838
      vertex 13.0867 16.6395 17.755
    endloop
  endfacet
  facet normal 0.26238 0.124285 0.956927
    outer loop
      vertex 13.2169 16.6934 17.7123
      vertex 13.0714 16.6718 17.755
      vertex 13.0867 16.6395 17.755
    endloop
  endfacet
  facet normal 0.0239641 0.0949523 0.995193
    outer loop
      vertex 12.7929 16.7159 17.7838
      vertex 12.7714 16.5704 17.7982
      vertex 12.8139 16.7106 17.7838
    endloop
  endfacet
  facet normal 0.058554 0.0785259 0.995191
    outer loop
      vertex 12.8723 16.683 17.7838
      vertex 12.7909 16.5612 17.7982
      vertex 12.8896 16.6701 17.7838
    endloop
  endfacet
  facet normal 0.11706 0.156987 0.980639
    outer loop
      vertex 12.9812 16.7817 17.755
      vertex 12.8723 16.683 17.7838
      vertex 12.8896 16.6701 17.7838
    endloop
  endfacet
  facet normal 0.470621 0.426319 0.772508
    outer loop
      vertex 13.4623 17.2123 17.4114
      vertex 13.4407 17.0669 17.5048
      vertex 13.5287 17.139 17.4114
    endloop
  endfacet
  facet normal 0.509979 0.37831 0.77253
    outer loop
      vertex 13.5287 17.139 17.4114
      vertex 13.4407 17.0669 17.5048
      vertex 13.5876 17.0596 17.4114
    endloop
  endfacet
  facet normal 0.238696 0.666144 0.706595
    outer loop
      vertex 13.0726 17.5636 17.3073
      vertex 13.0424 17.464 17.4114
      vertex 13.1753 17.5268 17.3073
    endloop
  endfacet
  facet normal 0.238383 0.666471 0.706393
    outer loop
      vertex 13.1753 17.5268 17.3073
      vertex 13.0424 17.464 17.4114
      vertex 13.1355 17.4307 17.4114
    endloop
  endfacet
  facet normal 0.297051 0.830815 0.470645
    outer loop
      vertex 13.1436 17.7976 16.9413
      vertex 13.1235 17.7312 17.0712
      vertex 13.2689 17.7528 16.9413
    endloop
  endfacet
  facet normal 0.377272 0.797642 0.470566
    outer loop
      vertex 13.2689 17.7528 16.9413
      vertex 13.2424 17.6887 17.0712
      vertex 13.3892 17.6959 16.9413
    endloop
  endfacet
  facet normal 0.279737 0.782983 0.555595
    outer loop
      vertex 13.2424 17.6887 17.0712
      vertex 13.0997 17.6529 17.1935
      vertex 13.2111 17.6131 17.1935
    endloop
  endfacet
  facet normal 0.279837 0.782885 0.555683
    outer loop
      vertex 13.1235 17.7312 17.0712
      vertex 13.0997 17.6529 17.1935
      vertex 13.2424 17.6887 17.0712
    endloop
  endfacet
  facet normal 0.475149 0.792609 0.382105
    outer loop
      vertex 13.5346 17.6743 16.8053
      vertex 13.3892 17.6959 16.9413
      vertex 13.5033 17.6275 16.9413
    endloop
  endfacet
  facet normal 0.550408 0.742318 0.382119
    outer loop
      vertex 13.5346 17.6743 16.8053
      vertex 13.5033 17.6275 16.9413
      vertex 13.646 17.5917 16.8053
    endloop
  endfacet
  facet normal 0.427312 0.713065 0.555826
    outer loop
      vertex 13.3565 17.6347 17.0712
      vertex 13.3179 17.5625 17.1935
      vertex 13.4648 17.5698 17.0712
    endloop
  endfacet
  facet normal 0.426844 0.713751 0.555305
    outer loop
      vertex 13.4648 17.5698 17.0712
      vertex 13.3179 17.5625 17.1935
      vertex 13.4194 17.5018 17.1935
    endloop
  endfacet
  facet normal 0.699877 0.103782 0.706684
    outer loop
      vertex 13.8401 16.7168 17.3073
      vertex 13.7525 16.5987 17.4114
      vertex 13.8561 16.6089 17.3073
    endloop
  endfacet
  facet normal 0.765139 0.113459 0.63379
    outer loop
      vertex 13.949 16.6181 17.1935
      vertex 13.8401 16.7168 17.3073
      vertex 13.8561 16.6089 17.3073
    endloop
  endfacet
  facet normal 0.806471 0.202112 0.555658
    outer loop
      vertex 13.9812 16.8735 17.0712
      vertex 13.9029 16.8497 17.1935
      vertex 14.0119 16.751 17.0712
    endloop
  endfacet
  facet normal 0.782885 0.279837 0.555683
    outer loop
      vertex 13.9387 16.9924 17.0712
      vertex 13.9029 16.8497 17.1935
      vertex 13.9812 16.8735 17.0712
    endloop
  endfacet
  facet normal 0.841131 0.504409 0.195113
    outer loop
      vertex 14.0586 17.1994 16.5201
      vertex 13.9837 17.3243 16.5201
      vertex 14.0332 17.1859 16.6645
    endloop
  endfacet
  facet normal 0.841374 0.504138 0.194769
    outer loop
      vertex 13.9837 17.3243 16.5201
      vertex 13.9598 17.3084 16.6645
      vertex 14.0332 17.1859 16.6645
    endloop
  endfacet
  facet normal 0.835532 0.394761 0.382165
    outer loop
      vertex 14.0548 17.0405 16.8053
      vertex 13.9956 17.1658 16.8053
      vertex 14.0028 17.0189 16.9413
    endloop
  endfacet
  facet normal 0.870076 0.311361 0.382128
    outer loop
      vertex 14.0548 17.0405 16.8053
      vertex 14.0028 17.0189 16.9413
      vertex 14.1015 16.91 16.8053
    endloop
  endfacet
  facet normal 0.684777 0.6201 0.382828
    outer loop
      vertex 13.7487 17.4987 16.8053
      vertex 13.7088 17.4588 16.9413
      vertex 13.8417 17.396 16.8053
    endloop
  endfacet
  facet normal 0.6201 0.684777 0.382828
    outer loop
      vertex 13.7487 17.4987 16.8053
      vertex 13.646 17.5917 16.8053
      vertex 13.7088 17.4588 16.9413
    endloop
  endfacet
  facet normal 0.709307 0.642313 0.290375
    outer loop
      vertex 13.8748 17.4231 16.6645
      vertex 13.7487 17.4987 16.8053
      vertex 13.8417 17.396 16.8053
    endloop
  endfacet
  facet normal 0.792609 0.475149 0.382105
    outer loop
      vertex 13.9243 17.2846 16.8053
      vertex 13.8775 17.2533 16.9413
      vertex 13.9459 17.1392 16.9413
    endloop
  endfacet
  facet normal 0.820716 0.492568 0.289485
    outer loop
      vertex 14.0332 17.1859 16.6645
      vertex 13.9243 17.2846 16.8053
      vertex 13.9956 17.1658 16.8053
    endloop
  endfacet
  facet normal 0.820908 0.491875 0.29012
    outer loop
      vertex 13.9598 17.3084 16.6645
      vertex 13.9243 17.2846 16.8053
      vertex 14.0332 17.1859 16.6645
    endloop
  endfacet
  facet normal 0.511808 0.853468 0.0982066
    outer loop
      vertex 13.5824 17.7457 16.3736
      vertex 13.4494 17.8086 16.5201
      vertex 13.5743 17.7337 16.5201
    endloop
  endfacet
  facet normal 0.511435 0.853744 0.0977496
    outer loop
      vertex 13.4562 17.8213 16.3736
      vertex 13.4494 17.8086 16.5201
      vertex 13.5824 17.7457 16.3736
    endloop
  endfacet
  facet normal 0.0141025 -0.096898 0.995194
    outer loop
      vertex 12.7929 -16.7159 17.7838
      vertex 12.7572 -16.5732 17.7982
      vertex 12.7716 -16.719 17.7838
    endloop
  endfacet
  facet normal 0.0049805 -0.0977988 0.995194
    outer loop
      vertex 12.7572 -16.5732 17.7982
      vertex 12.75 -16.7201 17.7838
      vertex 12.7716 -16.719 17.7838
    endloop
  endfacet
  facet normal 0.0930908 -0.627881 0.772722
    outer loop
      vertex 12.9465 -17.488 17.4114
      vertex 12.8376 -17.3892 17.5048
      vertex 12.8487 -17.5025 17.4114
    endloop
  endfacet
  facet normal 0.103766 -0.699887 0.706676
    outer loop
      vertex 12.9465 -17.488 17.4114
      vertex 12.8487 -17.5025 17.4114
      vertex 12.9668 -17.5901 17.3073
    endloop
  endfacet
  facet normal 0.326447 -0.544292 0.772774
    outer loop
      vertex 13.3096 -17.3376 17.4114
      vertex 13.1712 -17.288 17.5048
      vertex 13.2249 -17.3884 17.4114
    endloop
  endfacet
  facet normal 0.326061 -0.544885 0.772518
    outer loop
      vertex 13.2464 -17.243 17.5048
      vertex 13.1712 -17.288 17.5048
      vertex 13.3096 -17.3376 17.4114
    endloop
  endfacet
  facet normal 0.238696 -0.666144 0.706595
    outer loop
      vertex 13.1753 -17.5268 17.3073
      vertex 13.0424 -17.464 17.4114
      vertex 13.0726 -17.5636 17.3073
    endloop
  endfacet
  facet normal 0.238383 -0.666471 0.706393
    outer loop
      vertex 13.1355 -17.4307 17.4114
      vertex 13.0424 -17.464 17.4114
      vertex 13.1753 -17.5268 17.3073
    endloop
  endfacet
  facet normal 0.42155 -0.56827 0.706658
    outer loop
      vertex 13.389 -17.2787 17.4114
      vertex 13.3096 -17.3376 17.4114
      vertex 13.3675 -17.4241 17.3073
    endloop
  endfacet
  facet normal 0.37831 -0.509979 0.77253
    outer loop
      vertex 13.3169 -17.1907 17.5048
      vertex 13.3096 -17.3376 17.4114
      vertex 13.389 -17.2787 17.4114
    endloop
  endfacet
  facet normal 0.114618 -0.457848 0.881611
    outer loop
      vertex 12.9739 -17.2379 17.5866
      vertex 12.8751 -17.129 17.656
      vertex 12.9004 -17.2563 17.5866
    endloop
  endfacet
  facet normal 0.0692799 -0.466859 0.881614
    outer loop
      vertex 12.8751 -17.129 17.656
      vertex 12.8256 -17.2674 17.5866
      vertex 12.9004 -17.2563 17.5866
    endloop
  endfacet
  facet normal 0.135367 -0.914228 0.381921
    outer loop
      vertex 13.0255 -17.8852 16.8053
      vertex 12.8829 -17.8495 16.9413
      vertex 12.8884 -17.9055 16.8053
    endloop
  endfacet
  facet normal 0.140178 -0.946721 0.289946
    outer loop
      vertex 13.0255 -17.8852 16.8053
      vertex 12.8884 -17.9055 16.8053
      vertex 12.8926 -17.948 16.6645
    endloop
  endfacet
  facet normal 0.224581 -0.896325 0.382316
    outer loop
      vertex 13.1436 -17.7976 16.9413
      vertex 13.0255 -17.8852 16.8053
      vertex 13.16 -17.8515 16.8053
    endloop
  endfacet
  facet normal 0.311089 -0.870078 0.382346
    outer loop
      vertex 13.2689 -17.7528 16.9413
      vertex 13.1436 -17.7976 16.9413
      vertex 13.16 -17.8515 16.8053
    endloop
  endfacet
  facet normal 0.504409 -0.841131 0.195113
    outer loop
      vertex 13.5743 -17.7337 16.5201
      vertex 13.4359 -17.7832 16.6645
      vertex 13.4494 -17.8086 16.5201
    endloop
  endfacet
  facet normal 0.504138 -0.841374 0.194769
    outer loop
      vertex 13.5584 -17.7098 16.6645
      vertex 13.4359 -17.7832 16.6645
      vertex 13.5743 -17.7337 16.5201
    endloop
  endfacet
  facet normal 0.408819 -0.865288 0.290075
    outer loop
      vertex 13.4158 -17.7456 16.8053
      vertex 13.2905 -17.8048 16.8053
      vertex 13.3068 -17.8443 16.6645
    endloop
  endfacet
  facet normal 0.394761 -0.835532 0.382165
    outer loop
      vertex 13.4158 -17.7456 16.8053
      vertex 13.2689 -17.7528 16.9413
      vertex 13.2905 -17.8048 16.8053
    endloop
  endfacet
  facet normal 0.395055 0.83524 0.382499
    outer loop
      vertex 13.4158 17.7456 16.8053
      vertex 13.2689 17.7528 16.9413
      vertex 13.3892 17.6959 16.9413
    endloop
  endfacet
  facet normal 0.394761 0.835532 0.382165
    outer loop
      vertex 13.2905 17.8048 16.8053
      vertex 13.2689 17.7528 16.9413
      vertex 13.4158 17.7456 16.8053
    endloop
  endfacet
  facet normal 0.171771 0.686368 0.706678
    outer loop
      vertex 12.9668 17.5901 17.3073
      vertex 12.9465 17.488 17.4114
      vertex 13.0424 17.464 17.4114
    endloop
  endfacet
  facet normal 0.154139 0.615914 0.772587
    outer loop
      vertex 13.0424 17.464 17.4114
      vertex 12.9465 17.488 17.4114
      vertex 13.0094 17.3551 17.5048
    endloop
  endfacet
  facet normal 0.302448 0.639943 0.706398
    outer loop
      vertex 13.1753 17.5268 17.3073
      vertex 13.1355 17.4307 17.4114
      vertex 13.2739 17.4802 17.3073
    endloop
  endfacet
  facet normal 0.330567 0.699441 0.633646
    outer loop
      vertex 13.3179 17.5625 17.1935
      vertex 13.1753 17.5268 17.3073
      vertex 13.2739 17.4802 17.3073
    endloop
  endfacet
  facet normal 0.0331541 0.0921958 0.995189
    outer loop
      vertex 12.8139 16.7106 17.7838
      vertex 12.7782 16.568 17.7982
      vertex 12.8342 16.7033 17.7838
    endloop
  endfacet
  facet normal 0.145154 0.13146 0.980637
    outer loop
      vertex 13.0077 16.7577 17.755
      vertex 12.9056 16.6556 17.7838
      vertex 13.0317 16.7312 17.755
    endloop
  endfacet
  facet normal 0.13146 0.145154 0.980637
    outer loop
      vertex 12.9812 16.7817 17.755
      vertex 12.9056 16.6556 17.7838
      vertex 13.0077 16.7577 17.755
    endloop
  endfacet
  facet normal 0.257184 0.283444 0.923859
    outer loop
      vertex 13.1569 16.9958 17.656
      vertex 13.0706 16.8906 17.7123
      vertex 13.1073 16.8573 17.7123
    endloop
  endfacet
  facet normal 0.195113 0.215035 0.956917
    outer loop
      vertex 13.0706 16.8906 17.7123
      vertex 12.9812 16.7817 17.755
      vertex 13.1073 16.8573 17.7123
    endloop
  endfacet
  facet normal 0.491875 0.820908 0.29012
    outer loop
      vertex 13.5584 17.7098 16.6645
      vertex 13.4359 17.7832 16.6645
      vertex 13.5346 17.6743 16.8053
    endloop
  endfacet
  facet normal 0.56994 0.76866 0.290398
    outer loop
      vertex 13.6731 17.6248 16.6645
      vertex 13.5346 17.6743 16.8053
      vertex 13.646 17.5917 16.8053
    endloop
  endfacet
  facet normal 0.896325 0.224581 0.382316
    outer loop
      vertex 14.1015 16.91 16.8053
      vertex 14.0476 16.8936 16.9413
      vertex 14.1352 16.7755 16.8053
    endloop
  endfacet
  facet normal 0.951381 0.238519 0.194894
    outer loop
      vertex 14.1699 16.9307 16.5201
      vertex 14.1424 16.9224 16.6645
      vertex 14.2053 16.7895 16.5201
    endloop
  endfacet
  facet normal 0.592802 0.653806 0.470237
    outer loop
      vertex 13.7088 17.4588 16.9413
      vertex 13.6102 17.5482 16.9413
      vertex 13.6598 17.4098 17.0712
    endloop
  endfacet
  facet normal 0.620667 0.684539 0.382333
    outer loop
      vertex 13.646 17.5917 16.8053
      vertex 13.6102 17.5482 16.9413
      vertex 13.7088 17.4588 16.9413
    endloop
  endfacet
  facet normal 0.504409 0.841131 0.195113
    outer loop
      vertex 13.4494 17.8086 16.5201
      vertex 13.4359 17.7832 16.6645
      vertex 13.5743 17.7337 16.5201
    endloop
  endfacet
  facet normal 0.41956 0.8865 0.19516
    outer loop
      vertex 13.4494 17.8086 16.5201
      vertex 13.3068 17.8443 16.6645
      vertex 13.4359 17.7832 16.6645
    endloop
  endfacet
  facet normal 0.0343679 -0.706689 0.706689
    outer loop
      vertex 12.75 -17.5073 17.4114
      vertex 12.75 -17.6114 17.3073
      vertex 12.8487 -17.5025 17.4114
    endloop
  endfacet
  facet normal 0.0343941 -0.706701 0.706676
    outer loop
      vertex 12.8487 -17.5025 17.4114
      vertex 12.75 -17.6114 17.3073
      vertex 12.8589 -17.6061 17.3073
    endloop
  endfacet
  facet normal 0.134981 -0.53929 0.831232
    outer loop
      vertex 13.0094 -17.3551 17.5048
      vertex 12.9004 -17.2563 17.5866
      vertex 12.9243 -17.3764 17.5048
    endloop
  endfacet
  facet normal 0.0816042 -0.549909 0.831228
    outer loop
      vertex 12.9004 -17.2563 17.5866
      vertex 12.8256 -17.2674 17.5866
      vertex 12.9243 -17.3764 17.5048
    endloop
  endfacet
  facet normal 0.214313 -0.597325 0.772834
    outer loop
      vertex 13.0919 -17.3255 17.5048
      vertex 13.0094 -17.3551 17.5048
      vertex 13.1355 -17.4307 17.4114
    endloop
  endfacet
  facet normal 0.201677 -0.426596 0.88167
    outer loop
      vertex 13.0523 -17.0656 17.656
      vertex 12.9954 -17.0925 17.656
      vertex 13.1135 -17.1801 17.5866
    endloop
  endfacet
  facet normal 0.154139 -0.615914 0.772587
    outer loop
      vertex 13.0094 -17.3551 17.5048
      vertex 12.9465 -17.488 17.4114
      vertex 13.0424 -17.464 17.4114
    endloop
  endfacet
  facet normal 0.171771 -0.686368 0.706678
    outer loop
      vertex 13.0424 -17.464 17.4114
      vertex 12.9465 -17.488 17.4114
      vertex 12.9668 -17.5901 17.3073
    endloop
  endfacet
  facet normal 0.378323 -0.509977 0.772525
    outer loop
      vertex 13.3169 -17.1907 17.5048
      vertex 13.2464 -17.243 17.5048
      vertex 13.3096 -17.3376 17.4114
    endloop
  endfacet
  facet normal 0.331287 -0.446573 0.831157
    outer loop
      vertex 13.3169 -17.1907 17.5048
      vertex 13.1784 -17.1412 17.5866
      vertex 13.2464 -17.243 17.5048
    endloop
  endfacet
  facet normal 0.271451 -0.573705 0.772772
    outer loop
      vertex 13.1712 -17.288 17.5048
      vertex 13.1355 -17.4307 17.4114
      vertex 13.2249 -17.3884 17.4114
    endloop
  endfacet
  facet normal 0.302663 -0.63967 0.706553
    outer loop
      vertex 13.2249 -17.3884 17.4114
      vertex 13.1355 -17.4307 17.4114
      vertex 13.2739 -17.4802 17.3073
    endloop
  endfacet
  facet normal 0.214149 -0.855933 0.470657
    outer loop
      vertex 13.1235 -17.7312 17.0712
      vertex 13.0145 -17.8299 16.9413
      vertex 13.1436 -17.7976 16.9413
    endloop
  endfacet
  facet normal 0.297051 -0.830815 0.470645
    outer loop
      vertex 13.2689 -17.7528 16.9413
      vertex 13.1235 -17.7312 17.0712
      vertex 13.1436 -17.7976 16.9413
    endloop
  endfacet
  facet normal 0.330713 -0.923437 0.19466
    outer loop
      vertex 13.3068 -17.8443 16.6645
      vertex 13.1807 -17.9199 16.5201
      vertex 13.3178 -17.8708 16.5201
    endloop
  endfacet
  facet normal 0.419143 -0.886804 0.194674
    outer loop
      vertex 13.4494 -17.8086 16.5201
      vertex 13.3068 -17.8443 16.6645
      vertex 13.3178 -17.8708 16.5201
    endloop
  endfacet
  facet normal 0.302663 0.63967 0.706553
    outer loop
      vertex 13.2739 17.4802 17.3073
      vertex 13.1355 17.4307 17.4114
      vertex 13.2249 17.3884 17.4114
    endloop
  endfacet
  facet normal 0.363813 0.607004 0.706531
    outer loop
      vertex 13.2739 17.4802 17.3073
      vertex 13.2249 17.3884 17.4114
      vertex 13.3675 17.4241 17.3073
    endloop
  endfacet
  facet normal 0.709092 0.642741 0.289953
    outer loop
      vertex 13.7789 17.5289 16.6645
      vertex 13.7487 17.4987 16.8053
      vertex 13.8748 17.4231 16.6645
    endloop
  endfacet
  facet normal 0.726732 0.65873 0.194771
    outer loop
      vertex 13.7992 17.5492 16.5201
      vertex 13.7789 17.5289 16.6645
      vertex 13.8748 17.4231 16.6645
    endloop
  endfacet
  facet normal 0.92829 0.23259 0.290136
    outer loop
      vertex 14.1424 16.9224 16.6645
      vertex 14.1015 16.91 16.8053
      vertex 14.1352 16.7755 16.8053
    endloop
  endfacet
  facet normal 0.928298 0.232577 0.290123
    outer loop
      vertex 14.1424 16.9224 16.6645
      vertex 14.1352 16.7755 16.8053
      vertex 14.1771 16.7839 16.6645
    endloop
  endfacet
  facet normal 0.569779 0.768866 0.290167
    outer loop
      vertex 13.5584 17.7098 16.6645
      vertex 13.5346 17.6743 16.8053
      vertex 13.6731 17.6248 16.6645
    endloop
  endfacet
  facet normal 0.583997 0.788052 0.194737
    outer loop
      vertex 13.5743 17.7337 16.5201
      vertex 13.5584 17.7098 16.6645
      vertex 13.6731 17.6248 16.6645
    endloop
  endfacet
  facet normal 0.238112 -0.502681 0.831032
    outer loop
      vertex 13.1135 -17.1801 17.5866
      vertex 13.0451 -17.2125 17.5866
      vertex 13.1712 -17.288 17.5048
    endloop
  endfacet
  facet normal 0.285961 -0.477092 0.831029
    outer loop
      vertex 13.1784 -17.1412 17.5866
      vertex 13.1135 -17.1801 17.5866
      vertex 13.1712 -17.288 17.5048
    endloop
  endfacet
  facet normal 0.237857 -0.502987 0.83092
    outer loop
      vertex 13.1712 -17.288 17.5048
      vertex 13.0451 -17.2125 17.5866
      vertex 13.0919 -17.3255 17.5048
    endloop
  endfacet
  facet normal 0.187893 -0.523688 0.830931
    outer loop
      vertex 13.0451 -17.2125 17.5866
      vertex 13.0094 -17.3551 17.5048
      vertex 13.0919 -17.3255 17.5048
    endloop
  endfacet
  facet normal -1 0 0
    outer loop
      vertex 11 -16.5 3.29
      vertex 11 16.5 16.01
      vertex 11 16.5 3.29
    endloop
  endfacet
  facet normal -1 -0 0
    outer loop
      vertex 11 16.5 16.01
      vertex 11 -16.5 3.29
      vertex 11 -16.5 16.01
    endloop
  endfacet
  facet normal 1 -0 0
    outer loop
      vertex 11 16.5 3.29
      vertex 11 16.51 0
      vertex 11 16.51 3.29
    endloop
  endfacet
  facet normal 1 0 0
    outer loop
      vertex 11 16.51 0
      vertex 11 16.5 3.29
      vertex 11 16.5 0
    endloop
  endfacet
  facet normal 1 -0 0
    outer loop
      vertex 11 -16.51 3.29
      vertex 11 -16.5 3
      vertex 11 -16.5 3.29
    endloop
  endfacet
  facet normal 1 0 0
    outer loop
      vertex 11 -16.51 0
      vertex 11 -16.5 3
      vertex 11 -16.51 3.29
    endloop
  endfacet
  facet normal 1 0 0
    outer loop
      vertex 11 -16.5 3
      vertex 11 -16.51 0
      vertex 11 -16.5 0
    endloop
  endfacet
  facet normal 0 0 -1
    outer loop
      vertex 11 -16.5 16.01
      vertex 9 -1.5 16.01
      vertex 11 16.5 16.01
    endloop
  endfacet
  facet normal 0 0 -1
    outer loop
      vertex 11 -16.5 16.01
      vertex -9 -1.5 16.01
      vertex 9 -1.5 16.01
    endloop
  endfacet
  facet normal 0 0 -1
    outer loop
      vertex -11 16.5 16.01
      vertex -9 -1.5 16.01
      vertex -11 -16.5 16.01
    endloop
  endfacet
  facet normal 0 0 -1
    outer loop
      vertex -11 -16.5 16.01
      vertex -9 -1.5 16.01
      vertex 11 -16.5 16.01
    endloop
  endfacet
  facet normal 0 0 -1
    outer loop
      vertex 9 12.5 16.01
      vertex 11 16.5 16.01
      vertex 9 -1.5 16.01
    endloop
  endfacet
  facet normal 0 0 -1
    outer loop
      vertex -9 12.5 16.01
      vertex 11 16.5 16.01
      vertex 9 12.5 16.01
    endloop
  endfacet
  facet normal 0 0 -1
    outer loop
      vertex -9 12.5 16.01
      vertex -11 16.5 16.01
      vertex 11 16.5 16.01
    endloop
  endfacet
  facet normal 0 0 -1
    outer loop
      vertex -9 -1.5 16.01
      vertex -11 16.5 16.01
      vertex -9 12.5 16.01
    endloop
  endfacet
  facet normal 1 -0 0
    outer loop
      vertex -11 -16.5 16.01
      vertex -11 16.5 3.29
      vertex -11 16.5 16.01
    endloop
  endfacet
  facet normal 1 0 0
    outer loop
      vertex -11 16.5 3.29
      vertex -11 -16.5 16.01
      vertex -11 -16.5 3.29
    endloop
  endfacet
  facet normal -1 0 0
    outer loop
      vertex -11 -16.51 0
      vertex -11 -16.5 3
      vertex -11 -16.5 0
    endloop
  endfacet
  facet normal -1 0 0
    outer loop
      vertex -11 -16.51 3.29
      vertex -11 -16.5 3
      vertex -11 -16.51 0
    endloop
  endfacet
  facet normal -1 0 0
    outer loop
      vertex -11 -16.5 3
      vertex -11 -16.51 3.29
      vertex -11 -16.5 3.29
    endloop
  endfacet
  facet normal -1 0 0
    outer loop
      vertex -11 16.5 0
      vertex -11 16.51 3.29
      vertex -11 16.51 0
    endloop
  endfacet
  facet normal -1 -0 0
    outer loop
      vertex -11 16.51 3.29
      vertex -11 16.5 0
      vertex -11 16.5 3.29
    endloop
  endfacet
  facet normal 0 -1 0
    outer loop
      vertex 4.75 16.5 2
      vertex 4.75 16.5 0
      vertex 5.75 16.5 2
    endloop
  endfacet
  facet normal 0 -1 0
    outer loop
      vertex 3 16.5 10
      vertex 11 16.5 16.01
      vertex -3 16.5 10
    endloop
  endfacet
  facet normal 0 -1 0
    outer loop
      vertex -4.75 16.5 10.4
      vertex -3 16.5 6
      vertex -3 16.5 10
    endloop
  endfacet
  facet normal 0 -1 -0
    outer loop
      vertex -3 16.5 6
      vertex -4.75 16.5 2.01
      vertex 3 16.5 6
    endloop
  endfacet
  facet normal 0 -1 0
    outer loop
      vertex -4.75 16.5 2.01
      vertex -3 16.5 6
      vertex -4.75 16.5 10.4
    endloop
  endfacet
  facet normal 0 -1 0
    outer loop
      vertex -4.75 16.5 10.4
      vertex -11 16.5 16.01
      vertex -5.75 16.5 10.4
    endloop
  endfacet
  facet normal 0 -1 0
    outer loop
      vertex -11 16.5 3.29
      vertex -5.75 16.5 10.4
      vertex -11 16.5 16.01
    endloop
  endfacet
  facet normal 0 -1 0
    outer loop
      vertex -11 16.5 3.29
      vertex -5.75 16.5 2
      vertex -5.75 16.5 10.4
    endloop
  endfacet
  facet normal 0 -1 0
    outer loop
      vertex -11 16.5 0
      vertex -5.75 16.5 2
      vertex -11 16.5 3.29
    endloop
  endfacet
  facet normal 0 -1 0
    outer loop
      vertex -4.75 16.5 0
      vertex -5.75 16.5 2
      vertex -11 16.5 0
    endloop
  endfacet
  facet normal 0 -1 0
    outer loop
      vertex -5.75 16.5 2
      vertex -4.75 16.5 0
      vertex -4.75 16.5 2
    endloop
  endfacet
  facet normal 0 -1 0
    outer loop
      vertex -3 16.5 10
      vertex -11 16.5 16.01
      vertex -4.75 16.5 10.4
    endloop
  endfacet
  facet normal 0 -1 0
    outer loop
      vertex -11 16.5 16.01
      vertex -3 16.5 10
      vertex 11 16.5 16.01
    endloop
  endfacet
  facet normal 0 -1 0
    outer loop
      vertex 5.75 16.5 10.4
      vertex 11 16.5 16.01
      vertex 4.75 16.5 10.4
    endloop
  endfacet
  facet normal 0 -1 0
    outer loop
      vertex 5.75 16.5 10.4
      vertex 11 16.5 3.29
      vertex 11 16.5 16.01
    endloop
  endfacet
  facet normal 0 -1 0
    outer loop
      vertex 5.75 16.5 2
      vertex 11 16.5 3.29
      vertex 5.75 16.5 10.4
    endloop
  endfacet
  facet normal 0 -1 0
    outer loop
      vertex 11 16.5 0
      vertex 5.75 16.5 2
      vertex 4.75 16.5 0
    endloop
  endfacet
  facet normal 0 -1 0
    outer loop
      vertex 5.75 16.5 2
      vertex 11 16.5 0
      vertex 11 16.5 3.29
    endloop
  endfacet
  facet normal 0 -1 0
    outer loop
      vertex 11 16.5 16.01
      vertex 3 16.5 10
      vertex 4.75 16.5 10.4
    endloop
  endfacet
  facet normal 0 -1 0
    outer loop
      vertex 3 16.5 6
      vertex 4.75 16.5 10.4
      vertex 3 16.5 10
    endloop
  endfacet
  facet normal 0 -1 0
    outer loop
      vertex 3 16.5 6
      vertex 4.75 16.5 2.01
      vertex 4.75 16.5 10.4
    endloop
  endfacet
  facet normal 0 -1 0
    outer loop
      vertex 4.75 16.5 2.01
      vertex 3 16.5 6
      vertex -4.75 16.5 2.01
    endloop
  endfacet
  facet normal 0 1 0
    outer loop
      vertex 11 -16.5 16.01
      vertex 4.75 -16.5 6.5
      vertex -11 -16.5 16.01
    endloop
  endfacet
  facet normal 0 1 -0
    outer loop
      vertex 11 -16.5 3.29
      vertex 4.75 -16.5 6.5
      vertex 11 -16.5 16.01
    endloop
  endfacet
  facet normal 0 1 0
    outer loop
      vertex 9 -16.5 3
      vertex 11 -16.5 3.29
      vertex 11 -16.5 3
    endloop
  endfacet
  facet normal 0 1 0
    outer loop
      vertex 11 -16.5 3.29
      vertex 9 -16.5 3
      vertex 4.75 -16.5 6.5
    endloop
  endfacet
  facet normal 0 1 0
    outer loop
      vertex 9 -16.5 3
      vertex 4.75 -16.5 3
      vertex 4.75 -16.5 6.5
    endloop
  endfacet
  facet normal 0 1 -0
    outer loop
      vertex 9 -16.5 0
      vertex 4.75 -16.5 3
      vertex 9 -16.5 3
    endloop
  endfacet
  facet normal 0 1 0
    outer loop
      vertex 4.75 -16.5 3
      vertex 9 -16.5 0
      vertex -4.75 -16.5 3
    endloop
  endfacet
  facet normal 0 1 0
    outer loop
      vertex -9 -16.5 0
      vertex -4.75 -16.5 3
      vertex 9 -16.5 0
    endloop
  endfacet
  facet normal 0 1 0
    outer loop
      vertex -4.75 -16.5 3
      vertex -9 -16.5 0
      vertex -9 -16.5 3
    endloop
  endfacet
  facet normal 0 1 -0
    outer loop
      vertex -4.75 -16.5 6.5
      vertex -11 -16.5 16.01
      vertex 4.75 -16.5 6.5
    endloop
  endfacet
  facet normal 0 1 0
    outer loop
      vertex -4.75 -16.5 6.5
      vertex -11 -16.5 3.29
      vertex -11 -16.5 16.01
    endloop
  endfacet
  facet normal 0 1 0
    outer loop
      vertex -9 -16.5 3
      vertex -4.75 -16.5 6.5
      vertex -4.75 -16.5 3
    endloop
  endfacet
  facet normal 0 1 0
    outer loop
      vertex -4.75 -16.5 6.5
      vertex -9 -16.5 3
      vertex -11 -16.5 3.29
    endloop
  endfacet
  facet normal 0 1 0
    outer loop
      vertex -11 -16.5 3.29
      vertex -9 -16.5 3
      vertex -11 -16.5 3
    endloop
  endfacet
  facet normal 0 -1 0
    outer loop
      vertex -12.15 -16.5 0
      vertex -11 -16.5 3
      vertex -12.15 -16.5 3
    endloop
  endfacet
  facet normal 0 -1 -0
    outer loop
      vertex -11 -16.5 3
      vertex -12.15 -16.5 0
      vertex -11 -16.5 0
    endloop
  endfacet
  facet normal 0 -1 0
    outer loop
      vertex 11 -16.5 0
      vertex 12.15 -16.5 3
      vertex 11 -16.5 3
    endloop
  endfacet
  facet normal 0 -1 -0
    outer loop
      vertex 12.15 -16.5 3
      vertex 11 -16.5 0
      vertex 12.15 -16.5 0
    endloop
  endfacet
  facet normal -1 0 0
    outer loop
      vertex 12.15 -16.5 0
      vertex 12.15 -16.51 0
      vertex 12.15 -16.5 3
    endloop
  endfacet
  facet normal -1 0 0
    outer loop
      vertex 12.15 3.5 0
      vertex 12.15 -5.5 1.4
      vertex 12.15 3.5 1.4
    endloop
  endfacet
  facet normal -1 0 0
    outer loop
      vertex 12.15 -14.5 3
      vertex 12.15 -5.5 1.4
      vertex 12.15 -14.5 0
    endloop
  endfacet
  facet normal -1 0 0
    outer loop
      vertex 12.15 -14.5 0
      vertex 12.15 -5.5 1.4
      vertex 12.15 3.5 0
    endloop
  endfacet
  facet normal -1 0 0
    outer loop
      vertex 12.15 3.5 2.4
      vertex 12.15 -5.5 2.4
      vertex 12.15 3.5 3
    endloop
  endfacet
  facet normal -1 0 0
    outer loop
      vertex 12.15 5.5 3
      vertex 12.15 16.51 0
      vertex 12.15 5.5 0
    endloop
  endfacet
  facet normal -1 0 0
    outer loop
      vertex 12.15 16.51 0
      vertex 12.15 5.5 3
      vertex 12.15 16.51 3.29
    endloop
  endfacet
  facet normal -1 0 0
    outer loop
      vertex 12.15 3.5 3
      vertex 12.15 16.51 3.29
      vertex 12.15 5.5 3
    endloop
  endfacet
  facet normal -1 0 0
    outer loop
      vertex 12.15 -5.5 1.4
      vertex 12.15 -14.5 3
      vertex 12.15 -5.5 2.4
    endloop
  endfacet
  facet normal -1 0 0
    outer loop
      vertex 12.15 -14.5 3
      vertex 12.15 3.5 3
      vertex 12.15 -5.5 2.4
    endloop
  endfacet
  facet normal -1 0 0
    outer loop
      vertex 12.15 -16.51 3.29
      vertex 12.15 3.5 3
      vertex 12.15 -14.5 3
    endloop
  endfacet
  facet normal -1 0 0
    outer loop
      vertex 12.15 -16.51 3.29
      vertex 12.15 -14.5 3
      vertex 12.15 -16.5 3
    endloop
  endfacet
  facet normal -1 0 0
    outer loop
      vertex 12.15 3.5 3
      vertex 12.15 -16.51 3.29
      vertex 12.15 16.51 3.29
    endloop
  endfacet
  facet normal -1 0 0
    outer loop
      vertex 12.15 -16.51 3.29
      vertex 12.15 -16.5 3
      vertex 12.15 -16.51 0
    endloop
  endfacet
  facet normal 0 0 -1
    outer loop
      vertex 11 -16.5 3.29
      vertex 12.15 -16.51 3.29
      vertex 11 -16.51 3.29
    endloop
  endfacet
  facet normal 0 0 -1
    outer loop
      vertex 12.15 -16.51 3.29
      vertex 11 -16.5 3.29
      vertex 12.15 16.51 3.29
    endloop
  endfacet
  facet normal 0 0 -1
    outer loop
      vertex 11 16.5 3.29
      vertex 12.15 16.51 3.29
      vertex 11 -16.5 3.29
    endloop
  endfacet
  facet normal -0 0 -1
    outer loop
      vertex 12.15 16.51 3.29
      vertex 11 16.5 3.29
      vertex 11 16.51 3.29
    endloop
  endfacet
  facet normal 0 -1 0
    outer loop
      vertex 11 16.51 0
      vertex 12.15 16.51 3.29
      vertex 11 16.51 3.29
    endloop
  endfacet
  facet normal 0 -1 -0
    outer loop
      vertex 12.15 16.51 3.29
      vertex 11 16.51 0
      vertex 12.15 16.51 0
    endloop
  endfacet
  facet normal 0 1 -0
    outer loop
      vertex 12.15 -16.51 0
      vertex 11 -16.51 3.29
      vertex 12.15 -16.51 3.29
    endloop
  endfacet
  facet normal 0 1 0
    outer loop
      vertex 11 -16.51 3.29
      vertex 12.15 -16.51 0
      vertex 11 -16.51 0
    endloop
  endfacet
  facet normal 0 0 -1
    outer loop
      vertex -12.15 -16.51 3.29
      vertex -11 -16.5 3.29
      vertex -11 -16.51 3.29
    endloop
  endfacet
  facet normal -0 0 -1
    outer loop
      vertex -11 -16.5 3.29
      vertex -12.15 -16.51 3.29
      vertex -11 16.5 3.29
    endloop
  endfacet
  facet normal 0 0 -1
    outer loop
      vertex -12.15 16.51 3.29
      vertex -11 16.5 3.29
      vertex -12.15 -16.51 3.29
    endloop
  endfacet
  facet normal 0 0 -1
    outer loop
      vertex -11 16.5 3.29
      vertex -12.15 16.51 3.29
      vertex -11 16.51 3.29
    endloop
  endfacet
  facet normal 1 0 0
    outer loop
      vertex -12.15 16.51 3.29
      vertex -12.15 5.5 3
      vertex -12.15 16.51 0
    endloop
  endfacet
  facet normal 1 0 0
    outer loop
      vertex -12.15 16.51 3.29
      vertex -12.15 3.5 3
      vertex -12.15 5.5 3
    endloop
  endfacet
  facet normal 1 0 0
    outer loop
      vertex -12.15 3.5 3
      vertex -12.15 -5.5 2.4
      vertex -12.15 3.5 2.4
    endloop
  endfacet
  facet normal 1 0 0
    outer loop
      vertex -12.15 -5.5 2.4
      vertex -12.15 -14.5 3
      vertex -12.15 -5.5 1.4
    endloop
  endfacet
  facet normal 1 0 0
    outer loop
      vertex -12.15 3.5 3
      vertex -12.15 -14.5 3
      vertex -12.15 -5.5 2.4
    endloop
  endfacet
  facet normal 1 -0 0
    outer loop
      vertex -12.15 -16.51 3.29
      vertex -12.15 3.5 3
      vertex -12.15 16.51 3.29
    endloop
  endfacet
  facet normal 1 0 0
    outer loop
      vertex -12.15 3.5 3
      vertex -12.15 -16.51 3.29
      vertex -12.15 -14.5 3
    endloop
  endfacet
  facet normal 1 0 0
    outer loop
      vertex -12.15 -14.5 3
      vertex -12.15 -16.51 3.29
      vertex -12.15 -16.5 3
    endloop
  endfacet
  facet normal 1 0 0
    outer loop
      vertex -12.15 -16.51 0
      vertex -12.15 -16.5 3
      vertex -12.15 -16.51 3.29
    endloop
  endfacet
  facet normal 1 0 0
    outer loop
      vertex -12.15 -16.5 3
      vertex -12.15 -16.51 0
      vertex -12.15 -16.5 0
    endloop
  endfacet
  facet normal 1 0 0
    outer loop
      vertex -12.15 16.51 0
      vertex -12.15 5.5 3
      vertex -12.15 5.5 0
    endloop
  endfacet
  facet normal 1 -0 0
    outer loop
      vertex -12.15 -5.5 1.4
      vertex -12.15 3.5 0
      vertex -12.15 3.5 1.4
    endloop
  endfacet
  facet normal 1 0 0
    outer loop
      vertex -12.15 -5.5 1.4
      vertex -12.15 -14.5 0
      vertex -12.15 3.5 0
    endloop
  endfacet
  facet normal 1 0 0
    outer loop
      vertex -12.15 -14.5 0
      vertex -12.15 -5.5 1.4
      vertex -12.15 -14.5 3
    endloop
  endfacet
  facet normal 0 -1 0
    outer loop
      vertex -12.15 16.51 0
      vertex -11 16.51 3.29
      vertex -12.15 16.51 3.29
    endloop
  endfacet
  facet normal 0 -1 -0
    outer loop
      vertex -11 16.51 3.29
      vertex -12.15 16.51 0
      vertex -11 16.51 0
    endloop
  endfacet
  facet normal 0 1 -0
    outer loop
      vertex -11 -16.51 0
      vertex -12.15 -16.51 3.29
      vertex -11 -16.51 3.29
    endloop
  endfacet
  facet normal 0 1 0
    outer loop
      vertex -12.15 -16.51 3.29
      vertex -11 -16.51 0
      vertex -12.15 -16.51 0
    endloop
  endfacet
  facet normal -1 0 0
    outer loop
      vertex 12.55 -5.5 1.4
      vertex 12.55 5.5 2.4
      vertex 12.55 5.5 1.4
    endloop
  endfacet
  facet normal -1 -0 0
    outer loop
      vertex 12.55 5.5 2.4
      vertex 12.55 -5.5 1.4
      vertex 12.55 -5.5 2.4
    endloop
  endfacet
  facet normal 0 0 -1
    outer loop
      vertex 12.55 -5.5 2.4
      vertex 12.5 3.5 2.4
      vertex 12.55 5.5 2.4
    endloop
  endfacet
  facet normal 0 0 -1
    outer loop
      vertex 12.15 -5.5 2.4
      vertex 12.5 3.5 2.4
      vertex 12.55 -5.5 2.4
    endloop
  endfacet
  facet normal -0 0 -1
    outer loop
      vertex 12.5 3.5 2.4
      vertex 12.15 -5.5 2.4
      vertex 12.15 3.5 2.4
    endloop
  endfacet
  facet normal -0 0 -1
    outer loop
      vertex 12.55 5.5 2.4
      vertex 12.5 3.5 2.4
      vertex 12.5 5.5 2.4
    endloop
  endfacet
  facet normal 0 0 1
    outer loop
      vertex 12.5 3.5 1.4
      vertex 12.55 5.5 1.4
      vertex 12.5 5.5 1.4
    endloop
  endfacet
  facet normal 0 0 1
    outer loop
      vertex 12.55 5.5 1.4
      vertex 12.5 3.5 1.4
      vertex 12.55 -5.5 1.4
    endloop
  endfacet
  facet normal -0 0 1
    outer loop
      vertex 12.15 3.5 1.4
      vertex 12.55 -5.5 1.4
      vertex 12.5 3.5 1.4
    endloop
  endfacet
  facet normal 0 0 1
    outer loop
      vertex 12.55 -5.5 1.4
      vertex 12.15 3.5 1.4
      vertex 12.15 -5.5 1.4
    endloop
  endfacet
  facet normal 0 1 -0
    outer loop
      vertex 12.15 5.5 0
      vertex 9 5.5 3
      vertex 12.15 5.5 3
    endloop
  endfacet
  facet normal 0 1 0
    outer loop
      vertex 9 5.5 3
      vertex 12.15 5.5 0
      vertex 9 5.5 0
    endloop
  endfacet
  facet normal 0 -1 0
    outer loop
      vertex 12.5 5.5 1.4
      vertex 12.55 5.5 2.4
      vertex 12.5 5.5 2.4
    endloop
  endfacet
  facet normal 0 -1 -0
    outer loop
      vertex 12.55 5.5 2.4
      vertex 12.5 5.5 1.4
      vertex 12.55 5.5 1.4
    endloop
  endfacet
  facet normal 0 1 -0
    outer loop
      vertex 12.55 -5.5 1.4
      vertex 12.15 -5.5 2.4
      vertex 12.55 -5.5 2.4
    endloop
  endfacet
  facet normal 0 1 0
    outer loop
      vertex 12.15 -5.5 2.4
      vertex 12.55 -5.5 1.4
      vertex 12.15 -5.5 1.4
    endloop
  endfacet
  facet normal 0 0 -1
    outer loop
      vertex -12.15 -5.5 2.4
      vertex -12.5 3.5 2.4
      vertex -12.15 3.5 2.4
    endloop
  endfacet
  facet normal 0 0 -1
    outer loop
      vertex -12.55 -5.5 2.4
      vertex -12.5 3.5 2.4
      vertex -12.15 -5.5 2.4
    endloop
  endfacet
  facet normal 0 0 -1
    outer loop
      vertex -12.55 5.5 2.4
      vertex -12.5 3.5 2.4
      vertex -12.55 -5.5 2.4
    endloop
  endfacet
  facet normal 0 0 -1
    outer loop
      vertex -12.5 3.5 2.4
      vertex -12.55 5.5 2.4
      vertex -12.5 5.5 2.4
    endloop
  endfacet
  facet normal 0 0 1
    outer loop
      vertex -12.5 5.5 1.4
      vertex -12.55 5.5 1.4
      vertex -12.5 3.5 1.4
    endloop
  endfacet
  facet normal -0 0 1
    outer loop
      vertex -12.5 3.5 1.4
      vertex -12.15 -5.5 1.4
      vertex -12.15 3.5 1.4
    endloop
  endfacet
  facet normal 0 0 1
    outer loop
      vertex -12.5 3.5 1.4
      vertex -12.55 -5.5 1.4
      vertex -12.15 -5.5 1.4
    endloop
  endfacet
  facet normal 0 0 1
    outer loop
      vertex -12.55 -5.5 1.4
      vertex -12.5 3.5 1.4
      vertex -12.55 5.5 1.4
    endloop
  endfacet
  facet normal 1 -0 0
    outer loop
      vertex -12.55 -5.5 2.4
      vertex -12.55 5.5 1.4
      vertex -12.55 5.5 2.4
    endloop
  endfacet
  facet normal 1 0 0
    outer loop
      vertex -12.55 5.5 1.4
      vertex -12.55 -5.5 2.4
      vertex -12.55 -5.5 1.4
    endloop
  endfacet
  facet normal 0 1 -0
    outer loop
      vertex -9 5.5 0
      vertex -12.15 5.5 3
      vertex -9 5.5 3
    endloop
  endfacet
  facet normal 0 1 0
    outer loop
      vertex -12.15 5.5 3
      vertex -9 5.5 0
      vertex -12.15 5.5 0
    endloop
  endfacet
  facet normal 0 -1 0
    outer loop
      vertex -12.55 5.5 1.4
      vertex -12.5 5.5 2.4
      vertex -12.55 5.5 2.4
    endloop
  endfacet
  facet normal 0 -1 -0
    outer loop
      vertex -12.5 5.5 2.4
      vertex -12.55 5.5 1.4
      vertex -12.5 5.5 1.4
    endloop
  endfacet
  facet normal 0 1 -0
    outer loop
      vertex -12.15 -5.5 1.4
      vertex -12.55 -5.5 2.4
      vertex -12.15 -5.5 2.4
    endloop
  endfacet
  facet normal 0 1 0
    outer loop
      vertex -12.55 -5.5 2.4
      vertex -12.15 -5.5 1.4
      vertex -12.55 -5.5 1.4
    endloop
  endfacet
  facet normal -1 0 0
    outer loop
      vertex 9 -1.5 16.01
      vertex 9 12.5 16.51
      vertex 9 12.5 16.01
    endloop
  endfacet
  facet normal -1 -0 0
    outer loop
      vertex 9 12.5 16.51
      vertex 9 -1.5 16.01
      vertex 9 -1.5 16.51
    endloop
  endfacet
  facet normal 0 0 -1
    outer loop
      vertex -9 -1.5 16.51
      vertex 9 12.5 16.51
      vertex 9 -1.5 16.51
    endloop
  endfacet
  facet normal -0 0 -1
    outer loop
      vertex 9 12.5 16.51
      vertex -9 -1.5 16.51
      vertex -9 12.5 16.51
    endloop
  endfacet
  facet normal 1 -0 0
    outer loop
      vertex -9 -1.5 16.51
      vertex -9 12.5 16.01
      vertex -9 12.5 16.51
    endloop
  endfacet
  facet normal 1 0 0
    outer loop
      vertex -9 12.5 16.01
      vertex -9 -1.5 16.51
      vertex -9 -1.5 16.01
    endloop
  endfacet
  facet normal 0 -1 0
    outer loop
      vertex -9 12.5 16.01
      vertex 9 12.5 16.51
      vertex -9 12.5 16.51
    endloop
  endfacet
  facet normal 0 -1 -0
    outer loop
      vertex 9 12.5 16.51
      vertex -9 12.5 16.01
      vertex 9 12.5 16.01
    endloop
  endfacet
  facet normal 0 1 -0
    outer loop
      vertex 9 -1.5 16.01
      vertex -9 -1.5 16.51
      vertex 9 -1.5 16.51
    endloop
  endfacet
  facet normal 0 1 0
    outer loop
      vertex -9 -1.5 16.51
      vertex 9 -1.5 16.01
      vertex -9 -1.5 16.01
    endloop
  endfacet
  facet normal 1 -0 0
    outer loop
      vertex 12.5 3.5 2.4
      vertex 12.5 5.5 1.4
      vertex 12.5 5.5 2.4
    endloop
  endfacet
  facet normal 1 0 0
    outer loop
      vertex 12.5 5.5 1.4
      vertex 12.5 3.5 2.4
      vertex 12.5 3.5 1.4
    endloop
  endfacet
  facet normal -0 0 1
    outer loop
      vertex 9 5.5 3
      vertex 12.15 3.5 3
      vertex 12.15 5.5 3
    endloop
  endfacet
  facet normal 0 0 1
    outer loop
      vertex 12.15 3.5 3
      vertex 9 5.5 3
      vertex 9 3.5 3
    endloop
  endfacet
  facet normal -1 0 0
    outer loop
      vertex 9 3.5 0
      vertex 9 5.5 3
      vertex 9 5.5 0
    endloop
  endfacet
  facet normal -1 -0 0
    outer loop
      vertex 9 5.5 3
      vertex 9 3.5 0
      vertex 9 3.5 3
    endloop
  endfacet
  facet normal 0 -1 0
    outer loop
      vertex 9 3.5 3
      vertex 12.15 3.5 2.4
      vertex 12.15 3.5 3
    endloop
  endfacet
  facet normal 0 -1 0
    outer loop
      vertex 12.15 3.5 2.4
      vertex 12.15 3.5 1.4
      vertex 12.5 3.5 2.4
    endloop
  endfacet
  facet normal 0 -1 0
    outer loop
      vertex 9 3.5 3
      vertex 12.15 3.5 1.4
      vertex 12.15 3.5 2.4
    endloop
  endfacet
  facet normal 0 -1 0
    outer loop
      vertex 9 3.5 0
      vertex 12.15 3.5 1.4
      vertex 9 3.5 3
    endloop
  endfacet
  facet normal 0 -1 -0
    outer loop
      vertex 12.15 3.5 1.4
      vertex 9 3.5 0
      vertex 12.15 3.5 0
    endloop
  endfacet
  facet normal 0 -1 -0
    outer loop
      vertex 12.5 3.5 2.4
      vertex 12.15 3.5 1.4
      vertex 12.5 3.5 1.4
    endloop
  endfacet
  facet normal 0 0 1
    outer loop
      vertex 12.15 -14.5 3
      vertex 11 -16.5 3
      vertex 12.15 -16.5 3
    endloop
  endfacet
  facet normal -0 0 1
    outer loop
      vertex 9 -14.5 3
      vertex 11 -16.5 3
      vertex 12.15 -14.5 3
    endloop
  endfacet
  facet normal 0 0 1
    outer loop
      vertex 11 -16.5 3
      vertex 9 -14.5 3
      vertex 9 -16.5 3
    endloop
  endfacet
  facet normal -1 0 0
    outer loop
      vertex 9 -16.5 0
      vertex 9 -14.5 3
      vertex 9 -14.5 0
    endloop
  endfacet
  facet normal -1 -0 0
    outer loop
      vertex 9 -14.5 3
      vertex 9 -16.5 0
      vertex 9 -16.5 3
    endloop
  endfacet
  facet normal 0 1 -0
    outer loop
      vertex 12.15 -14.5 0
      vertex 9 -14.5 3
      vertex 12.15 -14.5 3
    endloop
  endfacet
  facet normal 0 1 0
    outer loop
      vertex 9 -14.5 3
      vertex 12.15 -14.5 0
      vertex 9 -14.5 0
    endloop
  endfacet
  facet normal 1 -0 0
    outer loop
      vertex -9 3.5 3
      vertex -9 5.5 0
      vertex -9 5.5 3
    endloop
  endfacet
  facet normal 1 0 0
    outer loop
      vertex -9 5.5 0
      vertex -9 3.5 3
      vertex -9 3.5 0
    endloop
  endfacet
  facet normal -0 0 1
    outer loop
      vertex -12.15 5.5 3
      vertex -9 3.5 3
      vertex -9 5.5 3
    endloop
  endfacet
  facet normal 0 0 1
    outer loop
      vertex -9 3.5 3
      vertex -12.15 5.5 3
      vertex -12.15 3.5 3
    endloop
  endfacet
  facet normal -1 0 0
    outer loop
      vertex -12.5 3.5 1.4
      vertex -12.5 5.5 2.4
      vertex -12.5 5.5 1.4
    endloop
  endfacet
  facet normal -1 -0 0
    outer loop
      vertex -12.5 5.5 2.4
      vertex -12.5 3.5 1.4
      vertex -12.5 3.5 2.4
    endloop
  endfacet
  facet normal 0 -1 0
    outer loop
      vertex -12.5 3.5 2.4
      vertex -12.5 3.5 1.4
      vertex -12.15 3.5 2.4
    endloop
  endfacet
  facet normal 0 -1 0
    outer loop
      vertex -12.15 3.5 2.4
      vertex -9 3.5 3
      vertex -12.15 3.5 3
    endloop
  endfacet
  facet normal 0 -1 0
    outer loop
      vertex -12.15 3.5 1.4
      vertex -12.15 3.5 2.4
      vertex -12.5 3.5 1.4
    endloop
  endfacet
  facet normal 0 -1 0
    outer loop
      vertex -12.15 3.5 2.4
      vertex -12.15 3.5 1.4
      vertex -9 3.5 3
    endloop
  endfacet
  facet normal 0 -1 0
    outer loop
      vertex -9 3.5 0
      vertex -12.15 3.5 1.4
      vertex -12.15 3.5 0
    endloop
  endfacet
  facet normal 0 -1 0
    outer loop
      vertex -12.15 3.5 1.4
      vertex -9 3.5 0
      vertex -9 3.5 3
    endloop
  endfacet
  facet normal 1 -0 0
    outer loop
      vertex -9 -16.5 3
      vertex -9 -14.5 0
      vertex -9 -14.5 3
    endloop
  endfacet
  facet normal 1 0 0
    outer loop
      vertex -9 -14.5 0
      vertex -9 -16.5 3
      vertex -9 -16.5 0
    endloop
  endfacet
  facet normal 0 0 1
    outer loop
      vertex -9 -14.5 3
      vertex -11 -16.5 3
      vertex -9 -16.5 3
    endloop
  endfacet
  facet normal -0 0 1
    outer loop
      vertex -12.15 -14.5 3
      vertex -11 -16.5 3
      vertex -9 -14.5 3
    endloop
  endfacet
  facet normal 0 0 1
    outer loop
      vertex -11 -16.5 3
      vertex -12.15 -14.5 3
      vertex -12.15 -16.5 3
    endloop
  endfacet
  facet normal 0 1 -0
    outer loop
      vertex -9 -14.5 0
      vertex -12.15 -14.5 3
      vertex -9 -14.5 3
    endloop
  endfacet
  facet normal 0 1 0
    outer loop
      vertex -12.15 -14.5 3
      vertex -9 -14.5 0
      vertex -12.15 -14.5 0
    endloop
  endfacet
  facet normal 1 -0 0
    outer loop
      vertex -4.75 5.5 10.4
      vertex -4.75 16.5 2.01
      vertex -4.75 16.5 10.4
    endloop
  endfacet
  facet normal 1 0 0
    outer loop
      vertex -4.75 16.5 2.01
      vertex -4.75 5.5 10.4
      vertex -4.75 5.5 2.01
    endloop
  endfacet
  facet normal 1 -0 0
    outer loop
      vertex -4.75 5.5 2.01
      vertex -4.75 16.5 2
      vertex -4.75 16.5 2.01
    endloop
  endfacet
  facet normal 1 0 0
    outer loop
      vertex -4.75 16.5 2
      vertex -4.75 5.5 2.01
      vertex -4.75 5.5 2
    endloop
  endfacet
  facet normal 1 -0 0
    outer loop
      vertex -4.75 16.5 2
      vertex -4.75 18 0.00999928
      vertex -4.75 17.9998 2.01
    endloop
  endfacet
  facet normal 1 0 0
    outer loop
      vertex -4.75 16.5 2
      vertex -4.75 17.9998 2.01
      vertex -4.75 16.5 2.01
    endloop
  endfacet
  facet normal 1 0 0
    outer loop
      vertex -4.75 16.5 0
      vertex -4.75 18 0.00999928
      vertex -4.75 16.5 2
    endloop
  endfacet
  facet normal 1 0 0
    outer loop
      vertex -4.75 18 0.00999928
      vertex -4.75 16.5 0
      vertex -4.75 18 0
    endloop
  endfacet
  facet normal 0 0 1
    outer loop
      vertex -4.75 16.5 10.4
      vertex -5.75 16.5 10.4
      vertex -4.75 5.5 10.4
    endloop
  endfacet
  facet normal 0 0 1
    outer loop
      vertex 4.75 5.5 10.4
      vertex 5.75 16.5 10.4
      vertex 4.75 16.5 10.4
    endloop
  endfacet
  facet normal 0 0 1
    outer loop
      vertex 5.75 16.5 10.4
      vertex 4.75 5.5 10.4
      vertex 5.75 4.5 10.4
    endloop
  endfacet
  facet normal -0 0 1
    outer loop
      vertex -4.75 5.5 10.4
      vertex 5.75 4.5 10.4
      vertex 4.75 5.5 10.4
    endloop
  endfacet
  facet normal 0 0 1
    outer loop
      vertex -4.75 5.5 10.4
      vertex -5.75 4.5 10.4
      vertex 5.75 4.5 10.4
    endloop
  endfacet
  facet normal 0 0 1
    outer loop
      vertex -5.75 4.5 10.4
      vertex -4.75 5.5 10.4
      vertex -5.75 16.5 10.4
    endloop
  endfacet
  facet normal 0 0 -1
    outer loop
      vertex 5.75 4.5 2
      vertex 4.75 5.5 2
      vertex 5.75 16.5 2
    endloop
  endfacet
  facet normal 0 0 -1
    outer loop
      vertex 5.75 4.5 2
      vertex -4.75 5.5 2
      vertex 4.75 5.5 2
    endloop
  endfacet
  facet normal 0 0 -1
    outer loop
      vertex -5.75 4.5 2
      vertex -4.75 5.5 2
      vertex 5.75 4.5 2
    endloop
  endfacet
  facet normal 0 0 -1
    outer loop
      vertex -5.75 16.5 2
      vertex -4.75 5.5 2
      vertex -5.75 4.5 2
    endloop
  endfacet
  facet normal 0 0 -1
    outer loop
      vertex -4.75 5.5 2
      vertex -5.75 16.5 2
      vertex -4.75 16.5 2
    endloop
  endfacet
  facet normal -0 0 -1
    outer loop
      vertex 5.75 16.5 2
      vertex 4.75 5.5 2
      vertex 4.75 16.5 2
    endloop
  endfacet
  facet normal -1 0 0
    outer loop
      vertex -5.75 4.5 2
      vertex -5.75 16.5 10.4
      vertex -5.75 16.5 2
    endloop
  endfacet
  facet normal -1 -0 0
    outer loop
      vertex -5.75 16.5 10.4
      vertex -5.75 4.5 2
      vertex -5.75 4.5 10.4
    endloop
  endfacet
  facet normal 0 1 -0
    outer loop
      vertex 4.75 5.5 2.01
      vertex -4.75 5.5 10.4
      vertex 4.75 5.5 10.4
    endloop
  endfacet
  facet normal 0 1 0
    outer loop
      vertex -4.75 5.5 10.4
      vertex 4.75 5.5 2.01
      vertex -4.75 5.5 2.01
    endloop
  endfacet
  facet normal 0 1 -0
    outer loop
      vertex 4.75 5.5 2
      vertex -4.75 5.5 2.01
      vertex 4.75 5.5 2.01
    endloop
  endfacet
  facet normal 0 1 0
    outer loop
      vertex -4.75 5.5 2.01
      vertex 4.75 5.5 2
      vertex -4.75 5.5 2
    endloop
  endfacet
  facet normal 1 -0 0
    outer loop
      vertex 5.75 4.5 10.4
      vertex 5.75 16.5 2
      vertex 5.75 16.5 10.4
    endloop
  endfacet
  facet normal 1 0 0
    outer loop
      vertex 5.75 16.5 2
      vertex 5.75 4.5 10.4
      vertex 5.75 4.5 2
    endloop
  endfacet
  facet normal -1 0 0
    outer loop
      vertex 4.75 5.5 2.01
      vertex 4.75 16.5 10.4
      vertex 4.75 16.5 2.01
    endloop
  endfacet
  facet normal -1 -0 0
    outer loop
      vertex 4.75 16.5 10.4
      vertex 4.75 5.5 2.01
      vertex 4.75 5.5 10.4
    endloop
  endfacet
  facet normal -1 0 0
    outer loop
      vertex 4.75 16.5 0
      vertex 4.75 18 0.00999928
      vertex 4.75 18 0
    endloop
  endfacet
  facet normal -1 0 0
    outer loop
      vertex 4.75 16.5 2
      vertex 4.75 18 0.00999928
      vertex 4.75 16.5 0
    endloop
  endfacet
  facet normal -1 0 0
    outer loop
      vertex 4.75 18 0.00999928
      vertex 4.75 16.5 2
      vertex 4.75 17.9998 2.01
    endloop
  endfacet
  facet normal -1 0 0
    outer loop
      vertex 4.75 16.5 2
      vertex 4.75 16.5 2.01
      vertex 4.75 17.9998 2.01
    endloop
  endfacet
  facet normal -1 0 0
    outer loop
      vertex 4.75 5.5 2
      vertex 4.75 16.5 2.01
      vertex 4.75 16.5 2
    endloop
  endfacet
  facet normal -1 -0 0
    outer loop
      vertex 4.75 16.5 2.01
      vertex 4.75 5.5 2
      vertex 4.75 5.5 2.01
    endloop
  endfacet
  facet normal 0 -1 0
    outer loop
      vertex -5.75 4.5 2
      vertex 5.75 4.5 10.4
      vertex -5.75 4.5 10.4
    endloop
  endfacet
  facet normal 0 -1 -0
    outer loop
      vertex 5.75 4.5 10.4
      vertex -5.75 4.5 2
      vertex 5.75 4.5 2
    endloop
  endfacet
  facet normal -1 0 0
    outer loop
      vertex 3 16.5 6
      vertex 3 17.9989 10
      vertex 3 17.9993 6
    endloop
  endfacet
  facet normal -1 -0 0
    outer loop
      vertex 3 17.9989 10
      vertex 3 16.5 6
      vertex 3 16.5 10
    endloop
  endfacet
  facet normal 0 0 -1
    outer loop
      vertex -3 16.5 10
      vertex 3 17.9989 10
      vertex 3 16.5 10
    endloop
  endfacet
  facet normal -0 0 -1
    outer loop
      vertex 3 17.9989 10
      vertex -3 16.5 10
      vertex -3 17.9989 10
    endloop
  endfacet
  facet normal -0 0 1
    outer loop
      vertex -3 17.9993 6
      vertex 3 16.5 6
      vertex 3 17.9993 6
    endloop
  endfacet
  facet normal 0 0 1
    outer loop
      vertex 3 16.5 6
      vertex -3 17.9993 6
      vertex -3 16.5 6
    endloop
  endfacet
  facet normal 1 -0 0
    outer loop
      vertex -3 16.5 10
      vertex -3 17.9993 6
      vertex -3 17.9989 10
    endloop
  endfacet
  facet normal 1 0 0
    outer loop
      vertex -3 17.9993 6
      vertex -3 16.5 10
      vertex -3 16.5 6
    endloop
  endfacet
  facet normal -1 0 0
    outer loop
      vertex 4.75 -16.5 3
      vertex 4.75 -17.9993 6.5
      vertex 4.75 -16.5 6.5
    endloop
  endfacet
  facet normal -1 0 -0
    outer loop
      vertex 4.75 -17.9993 6.5
      vertex 4.75 -16.5 3
      vertex 4.75 -17.9997 3
    endloop
  endfacet
  facet normal 0 0 -1
    outer loop
      vertex -4.75 -17.9993 6.5
      vertex 4.75 -16.5 6.5
      vertex 4.75 -17.9993 6.5
    endloop
  endfacet
  facet normal -0 0 -1
    outer loop
      vertex 4.75 -16.5 6.5
      vertex -4.75 -17.9993 6.5
      vertex -4.75 -16.5 6.5
    endloop
  endfacet
  facet normal -0 0 1
    outer loop
      vertex -4.75 -16.5 3
      vertex 4.75 -17.9997 3
      vertex 4.75 -16.5 3
    endloop
  endfacet
  facet normal 0 0 1
    outer loop
      vertex 4.75 -17.9997 3
      vertex -4.75 -16.5 3
      vertex -4.75 -17.9997 3
    endloop
  endfacet
  facet normal 1 -0 0
    outer loop
      vertex -4.75 -17.9993 6.5
      vertex -4.75 -16.5 3
      vertex -4.75 -16.5 6.5
    endloop
  endfacet
  facet normal 1 0 0
    outer loop
      vertex -4.75 -16.5 3
      vertex -4.75 -17.9993 6.5
      vertex -4.75 -17.9997 3
    endloop
  endfacet
  facet normal 0 0 -1
    outer loop
      vertex -4.75 16.5 2.01
      vertex 4.75 17.9998 2.01
      vertex 4.75 16.5 2.01
    endloop
  endfacet
  facet normal -0 0 -1
    outer loop
      vertex 4.75 17.9998 2.01
      vertex -4.75 16.5 2.01
      vertex -4.75 17.9998 2.01
    endloop
  endfacet
  facet normal 1 0 0
    outer loop
      vertex 12.75 -17.9989 10.3
      vertex 12.75 -19 9.5
      vertex 12.75 -17.999 9.5
    endloop
  endfacet
  facet normal 1 -0 0
    outer loop
      vertex 12.75 -19.8 10.3
      vertex 12.75 -19 9.5
      vertex 12.75 -17.9989 10.3
    endloop
  endfacet
  facet normal 1 0 0
    outer loop
      vertex 12.75 -19.8 8.7
      vertex 12.75 -19 9.5
      vertex 12.75 -19.8 10.3
    endloop
  endfacet
  facet normal 1 0 0
    outer loop
      vertex 12.75 -19 9.5
      vertex 12.75 -19.8 8.7
      vertex 12.75 -19 8.7
    endloop
  endfacet
  facet normal -0 0 1
    outer loop
      vertex -12.75 -17.9989 10.3
      vertex 12.75 -19.8 10.3
      vertex 12.75 -17.9989 10.3
    endloop
  endfacet
  facet normal 0 0 1
    outer loop
      vertex 12.75 -19.8 10.3
      vertex -12.75 -17.9989 10.3
      vertex -12.75 -19.8 10.3
    endloop
  endfacet
  facet normal 0 0 -1
    outer loop
      vertex -12.75 -19 9.5
      vertex 12.75 -17.999 9.5
      vertex 12.75 -19 9.5
    endloop
  endfacet
  facet normal -0 0 -1
    outer loop
      vertex 12.75 -17.999 9.5
      vertex -12.75 -19 9.5
      vertex -12.75 -17.999 9.5
    endloop
  endfacet
  facet normal -1 0 0
    outer loop
      vertex -12.75 -19 8.7
      vertex -12.75 -19.8 8.7
      vertex -12.75 -19 9.5
    endloop
  endfacet
  facet normal -1 0 0
    outer loop
      vertex -12.75 -19 9.5
      vertex -12.75 -17.9989 10.3
      vertex -12.75 -17.999 9.5
    endloop
  endfacet
  facet normal -1 0 0
    outer loop
      vertex -12.75 -19 9.5
      vertex -12.75 -19.8 10.3
      vertex -12.75 -17.9989 10.3
    endloop
  endfacet
  facet normal -1 0 0
    outer loop
      vertex -12.75 -19.8 10.3
      vertex -12.75 -19 9.5
      vertex -12.75 -19.8 8.7
    endloop
  endfacet
  facet normal 0 -1 0
    outer loop
      vertex -12.75 -19.8 8.7
      vertex 12.75 -19.8 10.3
      vertex -12.75 -19.8 10.3
    endloop
  endfacet
  facet normal 0 -1 -0
    outer loop
      vertex 12.75 -19.8 10.3
      vertex -12.75 -19.8 8.7
      vertex 12.75 -19.8 8.7
    endloop
  endfacet
  facet normal 0 0 -1
    outer loop
      vertex -12.75 -19.8 8.7
      vertex 12.75 -19 8.7
      vertex 12.75 -19.8 8.7
    endloop
  endfacet
  facet normal -0 0 -1
    outer loop
      vertex 12.75 -19 8.7
      vertex -12.75 -19.8 8.7
      vertex -12.75 -19 8.7
    endloop
  endfacet
  facet normal 0 1 -0
    outer loop
      vertex 12.75 -19 8.7
      vertex -12.75 -19 9.5
      vertex 12.75 -19 9.5
    endloop
  endfacet
  facet normal 0 1 0
    outer loop
      vertex -12.75 -19 9.5
      vertex 12.75 -19 8.7
      vertex -12.75 -19 8.7
    endloop
  endfacet
  facet normal 1 0 0
    outer loop
      vertex 12.75 -19 1.8
      vertex 12.75 -19.8 1.8
      vertex 12.75 -19 1
    endloop
  endfacet
  facet normal 1 -0 0
    outer loop
      vertex 12.75 -19 1
      vertex 12.75 -18 0.2
      vertex 12.75 -17.9999 1
    endloop
  endfacet
  facet normal 1 0 0
    outer loop
      vertex 12.75 -19 1
      vertex 12.75 -19.8 0.2
      vertex 12.75 -18 0.2
    endloop
  endfacet
  facet normal 1 0 0
    outer loop
      vertex 12.75 -19.8 0.2
      vertex 12.75 -19 1
      vertex 12.75 -19.8 1.8
    endloop
  endfacet
  facet normal -0 0 1
    outer loop
      vertex -12.75 -17.9999 1
      vertex 12.75 -19 1
      vertex 12.75 -17.9999 1
    endloop
  endfacet
  facet normal 0 0 1
    outer loop
      vertex 12.75 -19 1
      vertex -12.75 -17.9999 1
      vertex -12.75 -19 1
    endloop
  endfacet
  facet normal 0 0 -1
    outer loop
      vertex -12.75 -19.8 0.2
      vertex 12.75 -18 0.2
      vertex 12.75 -19.8 0.2
    endloop
  endfacet
  facet normal -0 0 -1
    outer loop
      vertex 12.75 -18 0.2
      vertex -12.75 -19.8 0.2
      vertex -12.75 -18 0.2
    endloop
  endfacet
  facet normal -1 0 0
    outer loop
      vertex -12.75 -18 0.2
      vertex -12.75 -19 1
      vertex -12.75 -17.9999 1
    endloop
  endfacet
  facet normal -1 0 0
    outer loop
      vertex -12.75 -19.8 0.2
      vertex -12.75 -19 1
      vertex -12.75 -18 0.2
    endloop
  endfacet
  facet normal -1 0 0
    outer loop
      vertex -12.75 -19.8 1.8
      vertex -12.75 -19 1
      vertex -12.75 -19.8 0.2
    endloop
  endfacet
  facet normal -1 0 0
    outer loop
      vertex -12.75 -19 1
      vertex -12.75 -19.8 1.8
      vertex -12.75 -19 1.8
    endloop
  endfacet
  facet normal 0 -1 0
    outer loop
      vertex -12.75 -19.8 0.2
      vertex 12.75 -19.8 1.8
      vertex -12.75 -19.8 1.8
    endloop
  endfacet
  facet normal 0 -1 -0
    outer loop
      vertex 12.75 -19.8 1.8
      vertex -12.75 -19.8 0.2
      vertex 12.75 -19.8 0.2
    endloop
  endfacet
  facet normal -0 0 1
    outer loop
      vertex -12.75 -19 1.8
      vertex 12.75 -19.8 1.8
      vertex 12.75 -19 1.8
    endloop
  endfacet
  facet normal 0 0 1
    outer loop
      vertex 12.75 -19.8 1.8
      vertex -12.75 -19 1.8
      vertex -12.75 -19.8 1.8
    endloop
  endfacet
  facet normal 0 1 -0
    outer loop
      vertex 12.75 -19 1
      vertex -12.75 -19 1.8
      vertex 12.75 -19 1.8
    endloop
  endfacet
  facet normal 0 1 0
    outer loop
      vertex -12.75 -19 1.8
      vertex 12.75 -19 1
      vertex -12.75 -19 1
    endloop
  endfacet
endsolid OpenSCAD_Model
